transport_mode,distance_km,weather,time_of_day,co2_kg
0,13.71,0,15,3.218
0,25.73,0,8,6.107
2,9.62,1,16,0.367
1,13.3,0,23,1.335
2,4.04,0,16,0.173
1,20.52,1,15,2.095
1,6.76,0,18,0.764
3,16.86,0,1,1.02
3,25.75,1,8,1.862
2,13.8,0,13,0.529
4,19.39,0,19,0.033
0,16.32,0,13,4.361
0,28.02,0,5,4.387
0,7.86,1,12,1.005
2,24.64,0,13,1.099
0,9.72,1,0,2.752
1,8.34,0,9,0.654
3,13.29,1,12,0.502
0,17.71,0,8,3.389
3,8.32,1,0,0.587
3,21.45,0,0,0.85
1,14.99,1,5,1.168
4,7.49,0,22,0.012
0,17.06,1,19,5.457
0,6.92,0,19,1.229
4,9.71,1,4,0.016
4,19.87,1,2,0.028
1,27.66,1,8,2.356
1,6.92,1,20,0.655
3,27.29,0,8,1.236
0,21.92,0,16,5.044
1,9.06,0,1,0.971
0,4.65,0,21,1.008
4,23.55,0,0,0.039
4,22.61,0,21,0.016
0,29.21,0,10,5.738
2,14.4,1,19,0.761
3,20.22,0,12,1.336
0,12.16,0,11,1.826
1,23.29,0,18,2.064
2,23.47,0,18,0.875
3,24.69,0,22,0.822
2,2.01,0,3,0.09
2,9.64,0,11,0.248
2,23.96,1,0,0.967
1,29.52,0,20,2.101
3,12.55,1,14,1.027
1,21.61,0,22,1.324
2,23.58,0,14,0.932
2,21.15,0,7,1.013
0,21.74,0,18,3.645
3,14.17,0,1,0.818
4,25.36,1,23,0.036
0,18.19,0,0,4.124
2,28.28,1,20,0.672
3,10.17,0,7,0.456
4,23.91,0,3,0.04
3,11.12,0,21,0.615
0,5.32,0,23,1.373
4,29.24,1,13,0.039
3,0.71,1,1,0.028
4,15.99,1,4,0.025
4,21.8,0,18,0.013
1,12.29,1,16,1.03
1,29.01,1,4,2.891
2,13.47,1,10,0.576
3,20.84,0,19,1.314
1,25.87,1,17,2.336
0,28.33,0,16,4.118
3,7.27,0,19,0.369
0,18.74,0,4,3.21
3,1.91,0,3,0.104
1,22.32,1,3,2.081
1,12.95,1,16,1.044
1,6.23,1,22,0.65
2,1.34,1,7,0.051
1,29.9,1,13,2.712
4,8.94,0,22,0.015
4,10.2,0,8,0.02
0,21.01,0,17,2.963
3,22.24,0,8,0.815
1,13.48,1,0,1.242
1,7.91,1,18,0.731
1,13.97,1,1,1.312
0,7.47,1,22,1.87
1,4.64,0,17,0.443
4,11.7,1,9,0.01
2,13.64,0,21,0.285
0,18.63,1,18,5.405
2,22.53,1,0,0.754
4,2.48,0,12,0.01
1,13.72,1,21,1.218
4,6.7,1,16,0.012
3,8.52,0,4,0.492
4,29.89,1,9,0.028
2,6.11,1,13,0.18
2,17.59,0,0,0.743
3,19.28,1,1,0.749
4,5.77,1,11,0.01
1,21.35,1,3,2.204
3,4.25,0,10,0.261
2,1.49,1,6,0.077
0,25.88,0,12,3.843
0,17.76,1,18,5.212
2,14.83,1,3,0.65
2,22.65,0,6,0.719
1,23.73,0,6,2.357
4,13.79,0,23,0.018
4,23.64,0,1,0.048
2,2.3,0,12,0.087
2,17.46,1,16,0.92
3,25.81,1,8,1.764
3,8.15,1,0,0.527
1,9.18,0,20,0.866
4,16.17,1,12,0.035
4,21.66,1,15,0.026
2,2.35,1,8,0.131
4,20.05,0,16,0.03
1,1.66,0,18,0.186
2,28.6,0,9,1.13
2,7.13,0,12,0.338
2,11.66,1,16,0.585
3,14.31,0,12,0.84
2,17.09,1,0,0.585
0,23.62,0,16,3.607
4,16.38,0,0,0.022
1,16.3,0,20,1.521
4,15.71,0,17,0.01
3,23.28,0,12,1.574
0,24.73,1,5,5.011
0,22.46,1,3,6.038
2,20.17,0,9,0.837
4,21.66,0,11,0.042
1,15.33,1,3,1.436
1,13.67,0,8,1.505
1,18.35,1,21,2.322
0,26.1,0,21,6.154
0,19.12,1,18,5.1
4,19.79,0,9,0.024
2,28.83,0,0,0.608
4,27.18,1,23,0.059
2,7.76,0,10,0.208
0,2.17,0,20,0.349
1,13.41,0,7,1.345
1,16.03,0,9,1.186
0,14.22,0,2,2.095
2,27.27,1,14,0.949
1,11.17,0,23,1.187
1,4.31,1,7,0.48
0,5.12,0,0,0.922
4,12.48,1,12,0.019
4,15.92,0,20,0.01
3,21.61,0,9,1.22
2,3.02,0,19,0.072
2,14.92,0,23,0.681
0,21.57,0,6,3.428
0,26.18,1,14,4.603
2,16.31,1,21,0.718
3,23.97,1,20,1.396
4,17.07,1,0,0.027
2,27.3,0,18,0.778
3,9.01,1,18,0.308
3,17.53,1,2,1.052
4,23.54,1,21,0.02
4,13.6,0,23,0.01
0,9.46,1,22,2.276
2,12.18,1,3,0.542
1,26.64,1,16,2.666
2,7.79,0,9,0.328
2,10.37,0,17,0.261
4,14.12,1,18,0.01
1,5.87,1,5,0.416
1,28.91,0,7,2.117
0,12.29,0,18,2.208
0,16.27,0,20,2.85
2,23.4,0,17,0.979
2,24.33,1,8,1.337
2,26.78,0,22,1.116
2,27.16,0,14,1.091
1,24.98,1,1,2.196
0,0.98,0,20,0.166
1,12.75,0,9,1.449
0,6.16,0,1,1.079
2,7.28,1,19,0.332
2,20.91,0,12,0.847
1,7.6,1,7,0.787
3,20.24,1,7,1.453
2,4.41,1,4,0.113
1,3.44,0,13,0.268
2,25.2,1,21,0.909
3,20.69,0,2,1.443
2,15.84,1,9,0.798
0,27.43,1,9,7.939
1,18.57,0,16,1.591
1,8.76,0,20,0.631
0,23.96,0,14,5.54
2,16.07,0,18,0.66
3,13.27,0,22,0.897
0,15.7,1,22,3.705
1,5.68,0,20,0.469
2,19.76,1,21,1.117
0,4.57,1,8,1.364
3,1.65,1,4,0.118
0,12.92,1,18,2.581
0,29.73,0,14,5.752
4,28.62,1,11,0.02
3,21.36,0,5,1.253
2,14.38,0,8,0.487
3,23.8,1,3,1.535
4,10.9,0,21,0.016
2,6.04,0,6,0.267
0,29.39,0,21,5.677
0,20.85,1,18,6.766
1,13.52,1,22,0.998
2,14.52,0,1,0.639
2,7.81,1,5,0.308
0,1.22,0,13,0.206
3,17.88,0,10,0.68
3,8.07,0,23,0.569
3,19.29,1,13,1.235
2,17.69,1,5,0.926
0,2.36,0,22,0.287
2,28.02,0,4,1.003
0,12.79,1,21,2.914
1,24.08,0,14,1.655
1,8.99,0,3,0.808
0,1.11,0,3,0.189
3,24.78,1,4,0.904
4,29.84,0,11,0.056
4,17.66,0,13,0.03
3,1.73,0,23,0.089
0,28.18,1,17,8.724
2,29.47,0,14,1.526
0,20.95,0,10,3.375
0,18.64,0,0,4.499
3,10.91,0,11,0.645
1,27.7,0,7,2.531
3,13.19,1,9,0.502
1,9.83,1,23,0.763
1,24.08,1,8,2.445
1,26.98,1,23,2.318
0,26.36,1,17,4.397
0,5.19,1,16,1.253
3,4.51,0,0,0.214
2,27.86,0,3,0.8
4,22.01,0,23,0.028
3,20.01,0,22,0.894
4,8.44,1,8,0.016
0,18.09,1,19,4.851
0,24.22,0,20,6.119
1,28.57,1,3,2.435
2,1.48,1,14,0.075
4,15.17,0,15,0.026
4,3.78,0,13,0.01
4,14.11,0,19,0.02
3,20.4,0,13,0.974
2,2.36,0,23,0.07
1,16.27,1,14,1.662
2,18.58,0,10,0.755
3,14.22,1,10,0.499
4,22.87,1,12,0.038
1,4.34,1,6,0.356
1,19.06,0,18,1.516
1,23.25,0,3,1.916
4,12.8,0,2,0.023
1,18.71,1,11,1.791
4,26.9,0,21,0.028
4,12.27,1,17,0.015
0,18.89,1,10,4.623
0,2.48,1,16,0.447
1,22.15,0,7,1.797
3,9.45,0,17,0.396
0,1.55,0,7,0.282
0,6.08,1,20,1.38
2,19.4,1,19,0.554
3,26.44,0,15,1.088
0,14.03,0,6,2.524
4,26.02,1,2,0.051
0,4.45,0,23,0.961
0,13.59,0,18,4.106
1,0.74,1,12,0.076
1,22.02,0,16,2.193
1,3.87,1,13,0.328
3,17.01,1,23,1.316
2,6.35,0,19,0.329
1,24.26,1,4,2.57
3,2.81,1,16,0.117
2,29.25,0,8,0.841
0,4.83,0,2,0.764
3,23.54,0,2,1.26
4,29.77,0,0,0.023
2,2.52,1,10,0.081
3,9.3,1,17,0.556
4,29.89,1,23,0.04
4,2.61,0,15,0.01
3,6.11,0,20,0.395
2,19.62,0,2,0.808
3,18.16,1,12,1.142
4,17.94,0,0,0.034
2,21.68,1,23,0.872
1,26.33,0,11,2.817
1,26.71,1,23,2.698
0,11.28,1,3,2.229
0,2.87,1,13,0.414
4,17.95,1,2,0.022
0,19.08,0,0,3.147
2,18.46,0,0,0.689
0,19.13,0,4,4.118
3,24.91,0,18,1.698
0,8.82,0,0,1.864
2,11.71,0,14,0.319
2,10.73,0,12,0.415
3,6.06,0,15,0.402
0,19.34,1,7,3.653
1,11.31,0,22,1.023
2,16.03,0,5,0.695
1,21.19,1,2,1.946
3,4.73,0,22,0.351
2,13.42,0,21,0.385
4,2.38,0,1,0.01
1,14.95,0,4,1.071
1,24.6,1,23,2.672
0,8.55,0,18,2.029
3,9.3,1,12,0.699
4,2.44,1,5,0.01
3,25.55,1,19,1.212
1,1.91,0,12,0.157
3,16.51,1,8,0.738
4,20.97,0,3,0.036
1,17.4,0,11,1.372
4,11.21,0,6,0.013
2,11.85,1,16,0.354
2,29.35,0,20,0.977
0,4.09,1,21,1.001
2,28.9,0,21,0.813
3,23.31,0,14,1.112
0,26.9,1,16,7.143
1,4.02,0,14,0.336
2,7.81,0,0,0.24
0,11.85,0,5,1.919
2,14.87,0,4,0.525
3,20.02,0,5,0.765
0,29.39,0,14,3.9
1,21.22,1,22,1.566
1,9.04,1,19,1.012
2,16.12,1,21,0.47
0,22.37,1,15,3.297
1,13.91,0,18,1.269
4,25.34,1,16,0.049
1,25.44,1,4,2.616
2,28.83,0,10,0.558
3,7.87,0,14,0.264
4,4.08,1,19,0.01
4,14.16,1,13,0.029
0,18.57,1,6,4.6
4,14.05,1,14,0.011
4,21.8,0,17,0.022
0,25.3,0,12,5.064
0,24.62,0,11,7.474
4,28.61,1,17,0.061
1,24.19,1,22,2.524
0,22.15,1,2,4.48
0,9.68,1,6,1.424
3,9.51,1,12,0.718
2,16.21,1,4,0.831
2,18.27,0,21,0.556
0,17.58,1,3,2.666
2,23.22,0,14,1.115
3,16.85,0,5,1.154
3,15.5,0,9,0.719
0,19.96,0,2,3.469
2,25.84,0,19,0.579
1,10.02,0,19,1.031
0,5.98,1,13,0.906
1,12.81,1,3,1.214
2,29.31,0,23,1.241
1,20.01,1,16,1.745
3,25.73,0,15,0.888
0,28.01,0,5,4.302
2,28.08,0,7,1.05
1,28.33,0,15,2.243
4,20.11,0,13,0.017
4,9.87,0,0,0.01
0,26.9,1,6,4.961
1,2.36,0,11,0.213
2,13.68,1,17,0.735
2,21.01,0,20,0.984
4,10.55,1,8,0.01
2,17.43,1,11,0.93
1,17.55,1,15,2.048
1,29.48,1,4,2.827
2,1.84,0,4,0.067
0,20.02,1,3,3.062
3,4.0,0,11,0.23
1,17.26,1,23,1.258
1,28.55,1,9,3.537
2,25.61,0,5,1.223
1,1.39,1,14,0.097
4,1.35,1,23,0.01
1,19.23,1,5,1.446
4,9.47,0,15,0.015
0,18.39,0,1,3.925
2,19.89,0,22,0.58
2,18.3,0,7,0.628
3,19.11,1,2,1.048
0,25.89,1,18,6.426
3,5.86,0,4,0.316
2,4.36,0,12,0.192
0,6.37,1,6,0.93
2,1.99,1,18,0.085
2,9.77,1,13,0.376
2,16.86,0,5,0.612
2,20.56,0,10,1.0
2,3.97,1,1,0.103
3,2.85,0,6,0.126
3,21.45,0,12,1.089
3,8.99,1,3,0.376
3,14.44,1,21,0.987
0,11.63,0,19,3.249
2,24.19,1,9,0.756
4,4.59,0,2,0.01
2,23.07,1,19,0.958
0,18.32,1,21,4.263
3,7.95,1,15,0.467
2,8.09,1,10,0.416
2,18.0,1,11,0.483
4,23.43,1,20,0.034
4,24.66,0,11,0.044
3,20.23,0,2,0.864
3,3.82,0,12,0.213
1,5.15,0,14,0.529
2,17.2,1,8,0.943
4,10.04,1,4,0.016
3,19.18,1,7,0.984
1,21.1,1,11,2.127
4,14.05,1,10,0.02
4,25.82,0,0,0.034
4,3.51,0,18,0.01
1,26.06,1,4,2.534
2,9.0,1,0,0.339
2,23.7,1,8,1.054
3,11.45,0,12,0.753
2,26.75,0,16,0.938
4,9.12,0,17,0.018
2,16.37,1,5,0.375
0,16.04,0,3,3.737
0,29.36,1,8,7.628
4,22.08,1,4,0.014
1,23.22,1,18,2.978
3,16.11,0,14,0.978
0,4.01,1,21,0.672
1,24.13,0,23,1.907
1,5.15,1,14,0.505
4,26.52,0,12,0.034
3,24.63,0,4,1.87
3,18.25,1,19,0.792
4,13.94,0,0,0.02
4,28.93,0,7,0.054
1,8.67,0,2,0.589
3,21.27,1,21,0.986
3,22.1,0,12,0.767
3,3.38,1,20,0.14
4,21.83,0,19,0.015
4,22.96,1,13,0.035
4,6.51,1,3,0.01
1,25.93,1,14,2.263
2,28.14,1,0,1.361
3,17.62,0,23,0.649
1,18.15,1,3,1.53
0,5.45,0,7,0.953
4,8.04,1,4,0.01
0,8.01,0,23,1.167
2,15.42,1,15,0.361
2,12.93,1,3,0.441
4,18.05,0,8,0.01
1,15.0,1,19,1.899
1,6.63,0,10,0.478
4,19.61,1,0,0.022
0,17.38,0,16,4.164
0,18.03,0,15,2.343
1,28.8,1,3,2.175
0,0.55,0,23,0.137
0,9.04,1,13,2.281
2,29.37,1,2,1.347
1,27.62,1,16,2.446
3,2.49,0,6,0.134
0,27.03,1,5,5.463
0,29.56,1,19,9.399
3,1.1,1,1,0.068
3,25.29,0,18,1.058
2,24.23,0,3,1.094
1,4.66,0,19,0.36
2,6.29,0,4,0.213
4,24.64,0,2,0.023
4,26.52,0,11,0.018
2,26.58,0,11,0.78
0,13.04,0,21,1.854
3,2.56,1,15,0.12
2,0.54,0,7,0.022
0,14.68,1,6,3.752
0,26.01,0,5,6.256
4,17.14,1,2,0.011
0,9.64,1,4,2.259
3,12.31,0,1,0.809
2,12.69,1,0,0.746
0,5.6,1,19,1.714
1,23.9,0,1,2.102
3,22.43,0,4,1.336
2,21.32,0,4,0.851
2,19.57,1,7,0.959
4,7.72,1,13,0.01
3,12.91,0,13,0.839
1,16.06,0,3,1.091
0,20.56,0,21,5.524
1,25.87,0,15,1.699
3,21.81,1,6,1.23
4,10.2,0,23,0.019
3,12.03,1,9,0.431
4,6.82,0,14,0.011
3,9.92,1,2,0.333
0,17.28,0,0,3.387
1,13.43,1,0,1.233
1,10.57,1,8,1.176
3,19.04,0,6,1.036
4,6.55,0,7,0.011
0,8.54,1,19,1.64
3,5.79,0,0,0.245
0,27.85,0,21,4.489
1,23.15,0,16,2.005
3,14.85,0,18,0.97
3,22.14,1,7,0.789
0,2.03,0,13,0.511
0,1.7,0,1,0.386
3,14.71,1,8,0.487
1,9.1,1,13,0.618
1,23.69,1,14,2.262
4,2.68,1,20,0.01
2,5.11,1,9,0.204
4,26.84,1,13,0.048
3,20.98,1,4,1.399
4,11.54,1,5,0.027
1,2.79,1,14,0.293
0,24.41,0,6,3.449
0,2.04,0,13,0.524
1,4.87,1,18,0.417
0,27.83,1,8,7.623
1,7.6,1,14,0.508
4,12.05,1,14,0.019
2,18.64,0,9,0.797
2,16.48,1,21,0.594
2,7.51,1,15,0.315
3,8.35,0,5,0.303
0,15.78,0,12,3.399
0,5.5,0,15,0.895
4,15.67,0,15,0.028
0,14.74,1,5,3.739
2,21.1,0,10,1.095
1,26.38,0,3,2.418
1,15.42,1,11,1.608
3,1.73,0,13,0.107
3,4.47,0,2,0.155
3,27.67,1,7,1.74
4,26.21,1,8,0.057
2,1.27,1,8,0.062
3,15.08,0,4,0.704
1,17.55,1,8,1.488
0,6.48,1,20,1.443
1,5.06,1,0,0.381
3,23.11,0,18,1.382
4,19.88,0,4,0.037
0,16.57,1,18,4.436
4,16.01,0,1,0.027
4,21.72,1,0,0.023
3,8.14,0,23,0.532
0,24.14,0,17,6.229
4,17.47,0,18,0.021
3,14.19,1,5,0.517
3,24.72,0,4,1.782
2,24.56,1,5,1.123
1,17.16,0,1,1.483
3,26.72,0,7,1.187
4,27.38,1,20,0.051
2,11.72,1,15,0.561
2,1.64,0,9,0.035
2,19.46,0,2,0.407
1,6.62,1,21,0.604
3,20.9,0,22,1.21
4,22.29,0,0,0.012
1,7.77,0,15,0.458
0,19.85,1,6,4.13
3,2.99,1,8,0.142
4,9.22,1,6,0.01
3,11.29,0,1,0.604
0,23.04,0,6,4.181
0,29.03,1,17,7.692
4,8.08,1,3,0.012
1,15.54,0,3,1.521
1,23.71,0,2,2.261
2,10.31,0,3,0.417
0,14.47,1,18,4.056
2,16.02,1,20,0.467
0,23.67,1,3,3.575
2,16.96,0,13,0.634
3,17.32,1,22,1.379
0,20.92,1,16,4.307
1,7.36,1,2,0.622
2,9.1,1,19,0.24
2,3.89,1,4,0.149
4,13.55,0,13,0.014
2,25.26,0,12,0.754
4,8.31,0,5,0.01
2,18.56,1,0,1.066
4,16.24,0,20,0.023
4,3.08,1,7,0.01
1,8.76,1,20,0.681
2,19.82,1,19,0.521
0,23.85,1,15,4.751
1,6.67,1,7,0.731
1,28.8,1,15,2.835
3,28.24,1,18,2.006
3,6.5,0,10,0.396
0,21.54,0,4,5.005
4,15.41,0,3,0.028
0,29.27,0,1,6.048
0,20.38,1,6,4.084
1,19.01,0,7,1.904
1,21.5,1,21,2.027
0,28.75,1,5,5.123
3,17.29,0,9,1.106
0,23.68,1,7,6.261
4,19.84,0,4,0.034
1,20.42,0,6,2.035
1,19.13,1,20,1.459
4,29.2,1,4,0.045
2,5.24,1,21,0.202
1,20.33,1,13,1.889
2,17.68,1,16,0.804
2,9.16,0,20,0.398
0,4.02,0,20,0.683
4,3.18,0,17,0.01
0,3.09,1,5,0.635
4,22.92,1,17,0.013
3,17.84,0,16,0.909
4,22.58,1,19,0.027
4,5.32,0,19,0.011
1,27.44,0,20,2.416
3,7.97,0,1,0.329
2,2.09,0,7,0.107
3,18.88,0,21,0.951
3,5.51,1,7,0.388
1,15.37,0,18,1.21
4,0.52,0,18,0.01
4,27.05,0,4,0.032
4,10.04,1,9,0.017
1,28.27,0,9,2.476
4,28.5,0,1,0.02
2,5.12,0,23,0.216
0,20.05,0,8,5.437
3,27.93,0,22,1.074
1,11.65,0,16,1.006
4,24.11,0,9,0.043
0,27.71,1,11,4.343
4,14.53,0,21,0.027
4,18.22,0,14,0.011
0,11.18,0,0,1.485
1,10.07,1,20,0.957
0,28.54,0,5,3.926
0,22.13,1,13,5.533
1,1.0,0,13,0.092
4,5.62,0,7,0.01
0,2.54,0,21,0.54
0,2.84,0,21,0.51
3,21.32,1,2,1.181
4,12.54,1,12,0.017
4,13.86,1,3,0.025
2,13.47,0,2,0.393
0,6.08,1,8,1.367
3,14.38,0,22,0.858
0,28.83,0,7,4.482
2,22.82,0,17,1.044
2,15.46,0,4,0.549
0,17.47,1,7,4.354
0,16.42,1,23,2.407
2,13.72,1,6,0.387
1,10.28,0,7,0.931
3,28.43,0,2,1.004
3,21.04,1,22,1.523
1,24.4,0,19,1.735
4,10.83,0,13,0.017
4,28.31,1,11,0.021
1,10.42,1,10,0.878
4,18.31,0,10,0.031
3,22.22,0,13,1.117
0,19.16,0,17,4.49
2,9.34,1,12,0.237
3,22.98,0,2,0.856
0,24.35,1,17,6.332
2,12.86,0,23,0.495
0,26.47,0,11,6.588
1,28.07,0,14,1.892
1,6.17,1,16,0.519
3,23.12,0,6,1.388
3,17.57,1,6,0.634
0,8.5,0,11,1.48
0,24.45,1,9,4.442
4,14.39,1,12,0.026
1,11.22,1,18,1.182
1,22.06,1,17,2.802
1,10.41,0,16,1.019
0,18.97,0,20,3.539
4,24.34,0,12,0.018
3,22.52,1,4,0.752
1,0.78,0,0,0.059
0,0.55,1,16,0.074
0,17.73,0,13,2.781
2,24.27,0,4,0.692
4,26.85,0,7,0.021
2,24.33,1,13,1.278
3,4.7,0,17,0.22
4,28.13,0,11,0.041
2,12.52,1,9,0.433
1,23.09,0,20,2.306
3,8.26,1,12,0.43
3,12.4,1,21,0.834
1,25.84,0,10,2.49
3,27.66,1,6,1.856
2,27.28,1,16,1.406
0,28.37,0,5,5.759
1,4.43,1,10,0.573
1,2.73,1,1,0.286
1,3.61,0,5,0.26
0,24.11,1,2,6.241
0,7.29,1,11,2.37
0,15.92,1,9,4.466
4,4.22,0,5,0.01
2,26.54,1,18,1.034
1,6.84,0,11,0.752
4,13.3,1,6,0.015
3,12.51,0,14,0.764
0,6.86,1,2,0.943
1,1.41,0,7,0.145
3,9.8,0,3,0.664
3,23.66,0,17,1.024
1,11.22,1,20,1.425
1,13.72,0,7,1.143
3,28.53,0,20,1.769
2,17.24,1,21,0.43
3,8.46,0,13,0.48
4,26.96,1,8,0.04
4,27.63,0,13,0.041
2,11.06,1,3,0.287
0,9.3,0,6,2.145
0,13.0,0,19,2.322
2,23.14,0,5,0.515
4,29.27,0,4,0.061
1,28.03,0,16,2.604
2,15.9,0,13,0.751
3,29.41,0,22,1.922
4,8.63,0,4,0.01
2,19.44,1,23,1.058
2,1.45,0,11,0.054
0,6.79,1,21,1.935
4,5.38,1,20,0.01
1,21.37,1,23,1.993
1,18.45,0,8,1.624
3,1.6,0,14,0.098
3,2.41,1,4,0.148
1,16.94,0,15,1.447
2,7.63,0,10,0.356
1,7.98,1,9,0.69
3,11.72,0,6,0.381
1,20.0,1,13,2.204
1,5.17,0,7,0.307
0,12.06,1,12,2.751
1,1.46,1,22,0.146
4,27.89,1,18,0.037
0,2.37,1,9,0.704
0,13.96,0,0,3.481
0,27.85,0,13,4.592
0,11.18,0,18,2.513
2,1.21,0,14,0.042
0,13.23,1,13,3.035
4,25.47,1,14,0.015
0,17.49,0,7,3.101
3,5.94,0,13,0.377
0,6.83,0,5,1.485
3,2.05,0,7,0.118
3,28.88,1,3,1.993
4,29.91,0,19,0.021
2,1.97,0,16,0.065
4,12.38,1,13,0.027
4,2.66,1,15,0.01
3,17.39,0,10,0.874
0,13.44,0,4,2.597
2,16.68,1,12,0.715
4,29.61,0,22,0.047
0,2.72,1,11,0.762
4,12.96,0,23,0.025
0,15.01,0,23,2.881
2,8.22,0,4,0.392
0,23.4,1,13,6.075
0,29.91,1,8,8.159
4,23.47,1,17,0.027
4,2.17,0,14,0.01
2,16.62,0,0,0.453
4,23.68,0,5,0.038
4,18.05,0,3,0.015
0,21.15,0,7,2.712
1,22.77,1,13,2.054
2,22.8,1,16,1.197
1,25.57,1,16,2.057
0,16.87,1,9,2.715
4,25.78,1,10,0.022
3,15.75,1,7,1.098
2,5.87,1,21,0.236
2,26.31,0,15,0.868
4,12.62,0,13,0.011
3,1.19,1,11,0.075
1,25.07,1,8,1.97
1,8.85,0,21,0.991
2,21.83,0,14,0.569
2,19.99,0,0,0.966
3,8.3,0,15,0.431
0,3.72,0,0,0.776
1,9.47,0,13,0.66
3,6.63,0,16,0.234
0,23.31,0,2,3.635
3,4.04,1,5,0.272
3,3.46,0,18,0.241
0,3.58,1,3,0.69
4,23.9,0,7,0.027
4,29.34,0,0,0.036
4,15.85,0,4,0.016
1,17.56,1,23,1.854
2,28.37,0,14,1.272
3,14.59,0,3,0.665
3,22.39,0,18,0.815
1,13.92,0,5,0.866
3,8.52,1,2,0.545
0,1.48,1,5,0.322
3,2.52,0,4,0.085
0,25.94,1,21,5.248
4,17.74,0,9,0.032
1,1.19,0,4,0.085
3,29.84,0,0,1.492
3,20.46,0,7,1.469
3,15.12,1,1,0.865
4,3.07,0,22,0.01
2,13.7,0,1,0.613
0,28.0,0,21,4.251
3,23.58,1,13,1.002
1,9.8,1,9,1.062
4,26.31,0,11,0.028
3,28.82,0,3,0.872
3,27.11,0,6,1.859
2,6.63,1,9,0.22
0,19.69,0,2,3.398
0,11.42,0,3,2.31
0,21.62,0,7,3.339
0,18.65,0,1,3.891
2,28.17,1,21,1.272
4,26.16,1,18,0.035
4,13.74,0,1,0.027
4,28.22,0,20,0.044
2,23.04,0,15,0.742
2,11.33,1,1,0.469
4,25.09,0,17,0.015
0,15.96,1,8,2.542
1,24.74,1,14,2.33
4,7.3,1,6,0.011
4,20.69,1,9,0.026
0,12.81,0,1,1.852
0,9.87,0,22,2.421
2,29.96,0,12,0.672
4,5.66,1,11,0.011
3,9.92,1,17,0.511
3,29.67,0,14,1.274
0,16.35,1,19,2.968
3,6.95,0,15,0.365
0,27.76,0,1,5.774
2,24.56,0,20,0.597
0,1.16,0,9,0.355
2,9.42,1,19,0.426
2,8.34,0,19,0.317
2,11.93,1,1,0.622
3,15.46,0,11,0.941
3,20.56,1,22,0.803
4,21.38,1,15,0.039
2,14.16,0,2,0.708
0,13.06,1,8,4.28
4,2.57,0,1,0.01
4,15.14,0,22,0.018
2,24.02,0,20,0.956
4,9.77,0,23,0.01
0,13.61,1,22,2.793
2,6.84,0,5,0.179
2,3.45,0,3,0.139
2,11.7,0,20,0.242
2,19.1,1,2,0.603
1,12.31,1,6,1.07
0,29.61,0,1,6.834
2,29.86,0,7,1.153
0,23.8,0,7,4.685
1,27.35,1,21,2.341
3,24.24,0,19,1.034
1,6.4,0,17,0.692
2,14.26,1,21,0.817
4,26.95,1,0,0.037
0,19.58,1,21,4.822
2,26.76,1,15,0.847
2,6.0,0,18,0.269
3,16.33,0,19,0.662
0,9.75,1,21,2.863
0,20.76,0,23,3.752
1,16.15,0,23,1.346
3,21.52,1,9,1.135
1,23.09,0,16,2.078
1,10.03,0,19,0.77
3,19.19,1,5,1.418
4,5.39,0,8,0.01
2,18.03,0,12,0.418
1,19.39,0,2,1.971
4,3.46,0,8,0.01
4,6.4,0,8,0.01
1,29.44,1,20,3.817
2,16.46,1,3,0.738
0,23.06,0,13,5.521
1,9.45,0,5,0.91
3,4.46,1,18,0.294
1,6.12,0,12,0.543
3,17.92,1,0,1.183
1,18.39,0,17,1.468
1,5.55,0,21,0.548
0,7.05,0,18,1.55
0,11.15,1,23,2.21
3,11.2,1,17,0.38
3,21.7,1,19,1.226
1,22.15,1,3,2.193
3,3.93,1,3,0.241
3,1.93,1,10,0.128
3,3.76,1,20,0.28
0,23.36,0,8,3.627
2,29.07,1,12,1.265
3,14.78,1,0,1.051
0,3.67,0,15,0.655
1,13.26,0,1,1.138
0,17.2,0,4,2.471
0,13.5,1,15,2.847
0,18.71,1,21,5.419
0,11.73,1,13,2.008
4,3.43,0,0,0.01
1,21.74,1,6,2.243
3,10.47,1,18,0.485
4,22.69,0,3,0.042
2,18.4,0,11,0.473
0,11.9,1,3,1.791
3,24.04,1,21,0.909
3,28.78,1,0,1.289
3,23.18,0,11,1.292
2,15.96,0,10,0.723
2,3.93,1,21,0.091
1,23.94,0,3,2.508
2,13.3,1,10,0.629
1,15.48,0,21,1.495
0,6.13,1,11,2.069
1,26.89,1,15,1.965
3,20.4,0,1,1.312
1,19.62,0,12,1.643
0,21.19,1,18,5.493
3,12.18,0,14,0.543
4,19.48,0,7,0.011
1,18.75,1,3,1.589
0,26.06,1,18,4.99
1,24.1,1,10,2.355
0,1.93,0,13,0.433
4,7.36,1,6,0.01
1,27.72,1,18,3.479
2,7.4,0,9,0.301
4,15.47,1,11,0.01
3,14.61,1,23,0.753
4,0.67,1,11,0.01
0,4.94,0,12,0.641
2,5.91,0,10,0.294
0,16.25,1,8,2.736
1,8.1,1,21,0.75
2,26.74,0,11,0.951
3,25.17,0,11,0.995
1,21.17,1,12,2.14
2,5.86,0,11,0.28
0,20.97,1,5,3.595
1,21.79,0,10,2.354
4,13.53,0,13,0.021
4,19.27,0,5,0.027
2,20.43,1,18,0.881
0,26.85,0,19,5.274
2,3.7,0,13,0.141
4,10.94,1,18,0.012
3,19.77,1,15,1.102
1,14.25,0,19,1.208
1,29.7,0,16,2.029
4,14.04,0,19,0.026
0,27.05,1,22,6.944
4,9.93,0,23,0.01
3,13.07,0,21,0.589
0,7.94,1,12,1.138
1,24.17,1,6,2.599
0,16.42,0,7,3.229
1,24.41,1,3,1.936
3,20.16,1,15,0.953
2,28.23,1,8,0.876
3,25.06,0,9,0.905
4,16.93,0,1,0.032
0,22.06,1,12,4.701
0,25.97,0,3,5.561
3,3.36,1,19,0.144
3,9.52,0,15,0.423
2,13.94,0,16,0.419
2,1.35,0,9,0.068
2,7.72,1,19,0.411
2,9.15,0,11,0.46
4,24.84,1,3,0.013
0,20.81,1,8,4.642
4,6.09,0,1,0.01
1,14.09,0,5,0.977
1,2.72,1,14,0.265
2,20.27,1,4,0.61
3,23.32,1,12,1.682
4,10.25,1,4,0.02
3,10.95,1,10,0.396
0,22.97,1,5,6.239
3,13.52,1,0,0.488
0,2.55,0,4,0.569
4,8.19,0,18,0.01
4,2.12,0,5,0.01
3,25.5,0,14,1.103
3,20.69,0,5,1.182
3,6.69,1,17,0.372
2,11.67,1,10,0.593
4,26.2,0,15,0.045
3,25.69,0,2,1.235
3,11.63,1,13,0.476
3,7.79,0,20,0.264
3,4.37,0,21,0.169
1,5.42,1,18,0.547
4,27.34,1,20,0.05
3,1.59,1,14,0.082
4,24.77,0,3,0.029
3,18.72,0,19,0.921
2,15.69,1,18,0.55
2,4.19,0,1,0.116
0,27.85,1,20,8.333
0,16.55,1,20,3.306
2,10.31,1,20,0.257
4,7.6,1,8,0.011
3,20.11,0,7,0.892
3,10.24,1,23,0.766
4,27.96,1,15,0.036
3,10.51,1,11,0.428
3,26.05,0,23,1.363
1,4.48,0,15,0.374
4,9.14,1,20,0.017
1,23.53,0,4,2.21
3,19.94,1,22,0.683
0,8.25,0,6,1.891
1,24.07,1,18,2.173
0,23.33,1,15,4.292
3,25.59,1,4,0.994
2,1.16,0,7,0.044
3,29.45,0,13,1.922
3,3.44,0,2,0.188
3,27.73,0,4,0.855
0,16.76,1,20,5.332
0,22.8,0,4,5.401
2,14.01,0,22,0.402
1,28.95,0,18,3.129
3,7.62,1,1,0.401
2,16.22,1,23,0.468
1,29.95,1,9,3.659
1,10.45,1,19,0.84
1,11.61,0,17,0.986
3,15.11,0,10,0.806
4,6.92,0,19,0.01
2,29.89,1,9,1.743
2,2.4,1,6,0.058
4,2.36,0,8,0.01
2,5.58,1,6,0.202
2,15.46,1,18,0.622
0,27.08,1,9,8.418
2,23.85,0,22,0.566
1,25.28,1,1,1.738
2,13.9,0,13,0.584
3,7.32,0,22,0.489
1,26.09,0,6,2.144
2,18.3,0,12,0.383
2,27.21,0,12,0.74
1,20.37,0,1,2.113
1,17.58,1,21,1.689
4,20.53,0,0,0.041
0,2.01,1,15,0.467
2,7.03,0,5,0.291
1,25.76,0,9,2.268
2,18.83,1,8,0.738
0,29.45,0,13,4.909
1,21.18,0,10,2.287
3,17.04,1,22,1.328
2,29.26,0,12,1.531
4,28.09,1,16,0.017
4,25.33,0,19,0.044
1,9.08,1,13,0.915
1,4.54,1,17,0.522
2,24.57,0,8,1.068
1,9.09,0,9,0.684
0,18.51,1,17,3.045
4,1.25,0,10,0.01
3,9.13,0,6,0.596
2,18.27,0,12,0.679
2,5.08,0,18,0.166
3,17.32,1,23,1.04
3,26.81,1,21,1.371
3,4.23,0,13,0.134
0,11.87,0,5,2.097
2,1.15,1,16,0.046
3,27.79,1,2,1.705
1,1.23,1,10,0.094
3,21.71,0,10,1.478
3,7.82,0,13,0.542
4,12.34,0,15,0.023
1,13.28,1,7,1.297
1,12.63,1,20,1.236
1,12.98,1,3,0.978
2,14.08,0,0,0.302
0,10.84,1,4,2.977
1,25.72,0,3,1.769
0,28.21,1,7,5.874
0,8.01,1,15,1.661
1,6.07,1,16,0.519
3,8.96,0,4,0.426
3,18.33,0,13,0.853
1,12.55,1,1,1.187
2,27.5,0,10,0.698
3,1.85,1,22,0.093
4,8.26,0,2,0.01
2,12.35,0,3,0.491
4,1.91,0,8,0.01
4,13.17,1,19,0.017
3,11.3,0,4,0.559
2,23.62,0,2,0.764
2,19.1,1,7,0.879
1,4.9,0,19,0.487
2,1.78,0,5,0.086
2,8.2,1,2,0.32
0,13.1,1,8,3.824
3,27.24,1,11,1.641
1,29.68,0,4,2.688
3,27.33,1,8,1.228
0,2.34,1,8,0.457
3,11.25,0,3,0.769
4,23.44,1,21,0.047
2,7.58,0,20,0.358
1,19.64,0,9,1.694
3,3.74,0,8,0.131
1,8.18,0,9,0.644
3,10.7,0,19,0.393
2,7.31,1,17,0.296
0,2.42,1,1,0.342
3,10.63,1,11,0.521
0,20.87,1,18,5.271
1,2.77,1,12,0.302
1,25.45,1,6,2.372
4,6.79,0,1,0.012
1,11.97,0,21,1.194
1,2.71,1,6,0.23
1,16.03,0,6,1.296
3,11.86,0,21,0.692
0,10.87,0,14,2.593
3,18.86,0,13,0.73
3,11.92,0,13,0.743
0,29.14,1,5,4.8
4,1.89,0,18,0.01
0,19.3,1,2,5.076
2,27.55,0,2,0.661
4,28.79,1,21,0.051
0,7.44,1,17,2.03
4,7.63,1,12,0.016
1,1.02,1,17,0.107
4,7.17,1,11,0.01
2,17.45,1,15,0.893
2,19.87,0,9,0.672
3,22.56,1,13,1.108
3,7.17,0,20,0.305
4,16.35,0,12,0.016
0,7.92,1,14,1.712
4,9.52,1,23,0.013
4,14.91,0,5,0.019
0,24.22,1,11,7.463
0,27.55,1,0,4.694
2,10.16,1,20,0.482
1,5.12,1,20,0.708
3,22.44,0,23,1.049
1,22.24,0,16,1.895
3,12.05,1,8,0.797
1,28.93,0,16,2.508
1,18.22,1,7,1.502
2,15.32,1,13,0.753
2,29.97,1,15,1.215
3,22.46,0,23,0.782
2,26.06,0,5,1.31
1,21.65,1,14,1.676
3,20.03,1,23,1.353
0,11.06,0,9,2.894
2,29.29,1,23,1.012
3,17.2,0,12,0.991
1,9.65,0,11,0.84
4,14.51,0,18,0.031
0,17.02,0,22,2.343
0,21.39,1,18,7.114
4,26.47,0,22,0.027
3,22.01,0,2,1.259
4,18.47,0,11,0.038
2,12.75,1,3,0.351
3,12.99,0,22,0.555
3,19.95,1,13,0.977
4,25.71,0,12,0.035
4,0.85,1,3,0.01
1,11.11,1,16,0.837
3,18.42,0,14,0.821
2,16.27,0,1,0.854
1,9.72,0,9,0.912
4,25.75,0,10,0.038
0,6.41,1,5,1.419
2,21.32,0,10,0.442
1,20.54,1,6,1.619
2,13.78,0,9,0.636
4,8.44,0,0,0.01
2,6.12,0,4,0.157
1,18.12,0,14,1.065
3,5.93,1,13,0.451
4,8.12,1,10,0.01
1,15.01,0,10,1.273
2,16.26,0,20,0.362
2,7.39,1,6,0.3
2,1.44,1,17,0.067
2,5.28,0,22,0.188
4,23.06,1,15,0.023
0,12.53,1,3,2.567
0,28.77,1,1,5.33
1,7.5,1,4,0.534
1,9.03,1,22,1.08
0,22.74,1,12,4.263
0,1.47,0,22,0.293
4,22.42,1,0,0.05
2,26.93,0,12,0.657
4,9.6,0,10,0.01
3,1.39,1,14,0.071
4,18.38,1,11,0.034
4,21.17,1,10,0.027
1,27.52,1,15,1.806
3,24.4,1,3,1.107
0,20.94,0,20,3.941
0,26.38,0,14,3.625
0,29.59,1,8,4.704
1,23.3,1,23,2.188
3,19.62,1,21,1.209
4,15.34,0,5,0.014
4,20.78,1,13,0.029
2,0.92,0,7,0.032
0,13.33,1,12,2.954
1,10.56,1,18,0.856
3,27.05,1,18,1.38
0,22.92,1,0,5.04
3,8.81,0,0,0.641
0,18.13,1,21,3.981
2,19.86,0,23,0.593
1,21.96,1,5,2.175
1,14.65,0,3,0.939
1,21.64,0,6,1.344
2,3.82,0,5,0.081
4,10.21,0,0,0.01
0,3.92,1,8,1.261
1,0.81,0,0,0.054
3,17.27,0,22,0.825
2,27.41,0,12,0.968
2,14.8,0,22,0.498
1,26.57,1,5,2.036
1,24.48,0,2,2.187
0,14.58,0,2,2.877
2,10.61,0,8,0.412
2,20.51,1,11,1.079
1,4.11,0,22,0.27
2,22.65,0,12,1.001
3,26.4,0,20,1.122
1,27.87,1,19,2.851
2,28.68,1,5,1.489
4,25.57,0,8,0.039
4,8.49,0,19,0.01
2,6.89,1,5,0.247
3,1.17,1,14,0.072
1,21.68,1,4,1.455
3,26.48,1,9,2.04
1,14.03,0,1,0.999
4,21.89,1,11,0.028
3,3.59,0,7,0.255
3,11.51,1,12,0.744
3,14.65,1,16,0.829
0,13.6,1,19,2.606
1,28.18,0,21,1.981
3,12.86,1,4,0.863
0,27.78,1,13,4.741
3,26.92,1,5,2.017
3,23.8,1,3,1.137
3,23.0,0,14,0.913
2,15.76,1,15,0.646
0,16.2,1,14,3.749
3,21.27,0,1,0.836
3,17.53,0,19,1.125
2,17.91,1,16,0.839
3,0.77,0,9,0.038
2,29.6,1,7,1.441
1,15.34,0,15,0.957
2,17.49,0,2,0.718
2,4.84,1,12,0.153
1,26.69,1,3,1.879
2,23.4,1,8,0.67
1,11.45,1,7,1.165
2,27.04,1,6,0.809
1,13.65,0,20,1.457
0,28.46,0,9,8.21
0,6.73,0,10,1.2
4,13.63,1,21,0.023
0,6.42,1,6,1.823
1,16.69,1,5,1.434
4,10.55,1,18,0.019
3,28.22,1,15,1.583
0,22.17,0,13,4.477
3,8.18,1,5,0.29
3,1.81,1,18,0.131
2,19.29,0,1,0.882
2,18.42,1,21,0.509
2,28.31,0,13,0.613
4,21.49,0,9,0.04
0,5.08,0,22,0.679
2,5.45,0,13,0.211
1,20.04,0,22,1.302
2,1.71,0,13,0.072
4,22.94,0,3,0.031
3,28.23,1,15,1.735
2,23.86,1,5,0.925
4,28.39,0,22,0.052
2,23.06,0,3,0.984
1,29.2,1,20,3.231
4,18.19,1,5,0.011
0,29.35,0,20,5.083
4,3.6,0,19,0.01
1,15.55,1,10,1.676
2,14.4,0,1,0.578
3,10.18,1,11,0.709
2,18.1,1,16,0.472
3,11.56,0,6,0.771
0,17.29,0,21,3.579
2,3.2,1,6,0.113
4,27.89,1,1,0.043
4,1.24,0,14,0.01
0,14.37,1,16,2.453
2,4.94,0,10,0.191
0,8.26,0,11,2.083
4,10.82,0,20,0.016
1,3.41,1,0,0.353
4,22.31,1,21,0.015
1,3.62,1,14,0.388
2,0.66,1,15,0.019
2,2.75,1,5,0.13
0,1.31,0,5,0.288
1,5.11,0,14,0.411
2,3.23,0,1,0.068
1,13.41,1,11,1.544
3,2.92,0,6,0.113
1,18.21,1,22,2.168
4,0.81,1,12,0.01
2,19.1,0,14,0.669
2,7.27,1,15,0.225
4,25.79,1,23,0.03
3,6.89,0,23,0.271
2,16.54,1,8,0.759
4,3.85,1,2,0.01
2,19.34,0,20,0.611
2,20.83,0,21,0.827
0,8.9,1,12,2.089
2,21.57,1,12,1.19
4,22.38,1,1,0.034
0,17.67,1,15,3.4
1,18.97,0,10,1.496
3,0.76,1,15,0.05
1,3.4,1,14,0.361
1,3.46,0,21,0.435
4,17.04,1,0,0.034
3,14.67,1,4,0.865
0,17.01,1,16,2.447
3,11.83,0,17,0.482
0,21.77,0,10,4.307
1,18.68,0,23,1.551
1,23.04,0,5,2.303
0,9.07,1,8,2.074
0,13.89,0,13,3.217
3,21.15,0,1,0.686
3,7.97,1,6,0.586
1,6.11,1,17,0.623
3,14.37,0,21,0.762
0,1.81,0,6,0.326
3,24.01,1,7,0.848
2,12.16,0,22,0.294
0,21.68,1,18,6.402
3,2.66,0,3,0.172
1,13.0,0,21,1.225
4,12.54,1,14,0.016
2,1.27,1,11,0.055
0,16.92,0,17,2.739
4,23.15,1,8,0.043
3,18.68,0,10,1.282
4,20.7,0,14,0.031
1,25.95,1,6,2.72
1,15.97,1,14,1.405
3,9.09,0,10,0.389
0,17.19,0,10,4.789
0,20.57,0,23,3.509
0,3.95,0,14,0.785
0,7.3,1,8,2.369
0,13.29,1,0,3.253
1,1.83,0,10,0.15
0,13.63,0,13,3.106
4,10.97,0,3,0.013
2,8.43,0,16,0.259
2,6.68,1,0,0.298
1,25.96,1,14,2.849
0,21.95,1,17,6.201
3,6.04,1,23,0.24
0,5.7,1,6,1.155
0,20.55,0,7,2.722
4,4.16,0,6,0.01
4,28.08,1,16,0.025
2,11.15,0,18,0.37
3,14.66,1,7,1.095
0,3.75,1,14,0.805
2,29.78,0,1,1.336
3,20.24,0,17,0.648
3,12.79,1,22,1.0
2,12.24,0,9,0.387
4,27.58,0,10,0.046
2,10.84,0,9,0.475
3,12.95,0,12,0.658
2,8.48,1,11,0.32
2,9.91,1,15,0.471
4,7.28,1,8,0.01
0,8.62,0,15,1.118
0,26.54,1,16,4.0
0,19.86,1,7,3.342
3,27.83,0,3,1.907
4,0.83,0,23,0.01
3,6.18,0,15,0.309
3,16.39,0,18,1.051
0,28.44,0,15,6.335
1,1.98,0,16,0.133
3,9.06,0,13,0.53
1,21.04,1,9,2.38
3,27.59,1,9,1.477
0,1.29,0,23,0.24
1,26.6,1,12,1.842
3,17.76,0,5,0.845
0,16.17,0,20,2.884
3,28.53,0,21,0.932
1,22.05,0,1,2.109
4,9.37,1,22,0.017
1,29.34,1,12,2.58
0,2.76,0,3,0.637
2,4.69,1,21,0.238
2,12.38,1,15,0.544
4,1.98,1,4,0.01
1,8.07,1,23,0.831
1,5.67,1,7,0.564
4,11.93,1,8,0.022
3,14.36,0,20,0.551
0,12.64,1,13,2.176
3,18.58,1,4,1.344
4,15.5,1,14,0.025
2,11.35,1,12,0.503
2,29.89,1,16,1.281
3,1.54,0,4,0.078
4,28.95,1,0,0.034
3,8.53,1,10,0.679
1,11.21,1,18,1.364
3,10.74,1,2,0.421
4,28.64,0,20,0.016
2,8.93,1,18,0.273
3,7.58,1,22,0.244
1,22.16,0,18,2.477
2,8.8,1,3,0.307
0,3.62,0,18,1.041
2,26.59,1,16,0.829
4,2.93,0,16,0.01
1,13.57,1,5,1.381
3,3.5,0,0,0.183
2,17.63,1,0,0.415
3,6.65,0,16,0.215
4,14.72,0,8,0.01
4,19.73,1,17,0.017
2,9.6,0,14,0.266
2,19.06,0,12,0.909
2,25.74,1,0,1.088
3,4.97,0,22,0.146
4,26.91,1,5,0.041
2,24.79,0,7,1.133
1,12.61,0,9,1.47
0,20.5,1,17,3.708
3,4.85,1,7,0.186
1,6.67,1,10,0.649
3,12.39,0,21,0.669
3,0.76,0,16,0.049
4,16.5,1,4,0.038
3,28.95,0,8,1.077
0,10.92,0,16,1.491
2,16.8,1,23,0.483
1,8.42,0,13,0.698
1,1.27,0,13,0.099
3,21.77,0,5,1.565
1,3.73,0,16,0.233
3,20.48,0,21,1.185
2,19.72,0,13,0.707
0,3.61,0,8,0.75
2,12.42,0,12,0.656
3,6.89,1,9,0.286
2,6.01,0,8,0.267
0,2.19,0,11,0.572
0,15.15,0,5,2.013
1,17.39,0,21,1.433
3,7.87,1,3,0.313
4,21.27,0,4,0.026
2,12.97,0,4,0.551
4,23.97,1,6,0.029
1,4.97,1,15,0.375
1,8.26,1,14,0.621
4,23.94,1,8,0.037
2,1.55,1,11,0.049
3,9.45,1,1,0.58
1,6.83,1,18,0.551
0,15.12,1,17,2.725
1,15.32,1,2,1.351
2,16.67,0,22,0.418
4,29.36,1,10,0.024
0,4.12,1,11,0.938
4,14.82,1,8,0.018
0,19.89,1,20,5.366
2,15.18,1,20,0.384
4,11.5,0,21,0.015
3,17.91,0,6,0.821
4,4.76,0,21,0.01
2,11.19,0,11,0.415
2,25.52,0,10,0.943
0,14.63,0,17,2.556
0,20.93,1,6,5.529
1,5.58,1,12,0.612
4,1.8,0,19,0.01
4,9.61,1,14,0.018
0,7.07,0,20,1.623
0,6.77,1,22,1.466
4,0.59,1,9,0.01
3,1.25,1,17,0.097
2,3.23,0,10,0.102
2,14.91,0,3,0.371
2,8.83,0,21,0.38
0,6.5,1,3,1.191
4,28.89,1,23,0.029
4,23.25,0,5,0.02
4,4.87,0,16,0.01
1,7.1,1,0,0.5
0,23.1,0,7,3.746
1,5.8,1,8,0.472
1,11.73,0,7,0.979
0,23.78,0,2,4.931
1,16.1,0,8,1.488
3,21.77,1,3,1.571
4,27.05,0,16,0.055
2,10.85,1,4,0.291
2,26.42,0,23,1.34
0,0.78,0,18,0.197
3,4.65,0,14,0.306
1,6.82,0,23,0.558
0,17.21,0,17,3.243
2,18.64,1,15,0.678
0,17.64,0,7,4.312
3,22.02,0,21,1.152
2,21.98,1,2,0.57
3,17.6,0,16,1.042
2,25.63,1,21,0.709
3,29.04,0,7,1.827
4,17.22,1,7,0.013
0,12.56,0,23,2.249
2,26.17,1,23,1.037
1,27.35,1,2,2.799
0,11.93,0,15,1.873
2,6.56,0,0,0.273
0,25.85,0,21,4.102
4,12.71,0,1,0.013
3,26.07,1,15,0.987
4,2.72,1,14,0.01
3,21.44,1,21,1.14
1,7.03,0,15,0.473
1,26.65,1,10,3.383
0,28.64,1,15,6.543
4,2.3,1,4,0.01
3,12.1,0,9,0.813
1,11.01,0,4,0.827
2,22.21,0,20,1.014
3,19.13,0,10,0.731
4,4.56,0,19,0.01
0,3.56,0,18,0.798
1,6.23,0,2,0.367
0,14.75,1,13,3.821
4,21.84,1,5,0.028
0,23.84,1,0,3.966
3,26.33,1,7,1.735
1,1.12,0,1,0.108
1,5.13,0,17,0.49
1,18.56,1,18,2.115
1,26.05,0,0,1.881
2,11.68,0,8,0.395
2,10.12,1,7,0.267
3,12.9,1,22,0.612
3,22.75,1,5,0.833
0,27.06,0,14,6.355
2,9.42,1,12,0.253
0,7.65,0,11,2.025
2,12.19,1,21,0.431
2,19.34,0,12,0.471
1,16.03,1,4,1.739
4,14.29,0,4,0.014
0,3.35,1,15,0.613
1,4.73,0,23,0.323
3,27.91,1,12,2.068
3,6.3,0,2,0.321
2,11.4,0,5,0.416
3,16.61,1,7,1.374
2,19.59,0,18,1.013
4,18.45,0,14,0.013
4,11.4,0,8,0.02
0,29.39,0,4,6.178
3,15.69,1,12,1.115
4,29.17,1,20,0.04
0,23.98,0,1,5.659
2,24.17,0,15,1.227
4,10.67,1,13,0.023
0,9.04,1,20,2.797
2,12.54,0,3,0.317
0,22.02,1,22,4.72
3,26.82,1,23,1.69
4,6.33,0,21,0.01
4,15.83,1,15,0.016
2,5.9,1,3,0.213
1,26.05,0,6,2.111
1,12.17,0,22,0.926
4,24.69,0,21,0.015
3,20.16,1,21,0.707
2,9.51,0,22,0.5
3,16.51,0,16,1.004
1,13.52,1,20,1.323
3,6.52,1,10,0.41
3,26.75,0,18,1.927
3,22.03,1,11,1.35
1,10.29,1,1,0.913
0,5.76,1,4,0.869
2,9.45,1,23,0.245
0,14.24,0,16,3.546
4,27.83,1,18,0.04
2,12.76,0,18,0.484
2,23.5,1,5,1.1
0,25.51,0,5,6.099
3,11.75,0,11,0.405
3,2.28,1,17,0.16
3,21.07,1,3,1.355
2,29.51,0,16,0.975
4,9.25,1,9,0.011
2,14.74,0,1,0.483
4,8.95,1,21,0.019
4,18.49,0,23,0.011
0,11.38,0,22,1.645
3,17.67,0,21,1.339
4,5.19,1,1,0.01
4,16.37,0,19,0.031
1,26.6,1,13,1.808
4,8.16,0,7,0.015
3,7.72,1,11,0.418
3,7.0,1,4,0.298
4,6.84,0,20,0.01
2,6.9,0,9,0.208
3,19.72,1,0,1.461
2,16.84,0,17,0.635
4,13.54,1,6,0.024
0,14.67,1,8,3.65
4,18.05,0,22,0.027
2,19.52,1,19,0.971
4,18.31,0,2,0.031
2,17.88,1,15,0.558
3,18.23,0,18,0.979
1,5.63,1,23,0.499
1,7.03,1,3,0.51
1,16.1,1,16,1.226
2,23.81,1,9,0.969
3,4.53,0,5,0.218
2,8.93,0,4,0.223
4,10.06,0,21,0.01
3,18.65,0,22,1.172
3,4.93,1,6,0.336
4,21.1,1,17,0.022
0,2.86,1,12,0.644
2,3.07,0,8,0.079
2,17.31,0,6,0.759
2,28.26,0,4,0.664
2,8.85,1,18,0.391
2,21.09,1,6,0.766
1,19.84,1,22,1.875
0,17.14,0,15,2.359
0,26.81,1,9,5.452
3,13.93,1,3,0.753
0,29.32,0,8,4.601
3,11.74,1,10,0.717
3,29.66,1,4,1.144
3,6.88,1,5,0.427
1,9.12,0,5,0.691
4,11.07,1,14,0.01
0,7.47,1,4,1.097
2,2.98,1,5,0.116
1,7.99,0,23,0.585
2,10.75,0,23,0.4
3,16.62,0,14,1.117
4,16.4,1,5,0.012
2,19.84,1,20,0.619
1,14.0,0,11,1.24
3,26.5,1,13,1.45
0,15.4,0,2,2.252
1,25.05,0,17,2.871
3,15.46,1,3,1.036
2,8.3,1,22,0.314
0,27.8,1,0,7.291
0,2.41,0,23,0.359
4,18.99,0,15,0.037
1,4.42,1,9,0.515
3,9.39,0,10,0.615
1,9.96,1,3,0.979
4,3.74,0,10,0.01
4,9.29,0,17,0.01
1,15.1,0,9,1.375
2,4.08,0,15,0.082
2,24.57,1,4,1.175
4,22.6,0,18,0.029
3,10.92,0,20,0.384
0,0.88,0,19,0.202
3,11.1,1,18,0.574
3,3.28,1,7,0.233
3,25.78,0,16,1.208
0,16.26,1,7,2.579
0,7.24,0,19,1.203
1,3.48,1,15,0.244
0,22.63,0,16,5.699
0,19.3,1,22,3.652
2,28.49,1,17,1.554
0,18.87,0,13,3.714
4,16.84,1,7,0.032
1,16.58,0,19,1.447
0,1.61,1,9,0.32
3,16.45,1,19,0.803
2,28.71,0,13,0.737
0,22.1,1,8,6.419
3,19.83,0,17,1.239
2,4.85,0,12,0.194
3,8.39,1,22,0.345
3,8.74,1,23,0.623
1,19.02,1,3,1.713
1,3.64,0,19,0.309
0,23.0,1,17,6.227
1,16.73,0,22,1.033
4,27.33,1,22,0.019
1,16.85,1,2,1.488
0,28.32,1,0,7.023
4,9.52,1,2,0.014
3,21.37,1,21,0.73
4,17.55,1,6,0.013
0,23.2,0,2,5.457
4,13.73,1,15,0.021
0,28.35,1,21,7.698
0,0.53,1,11,0.116
3,12.82,0,17,0.428
0,18.48,0,10,5.33
4,15.81,0,16,0.019
1,5.09,0,10,0.482
1,24.96,1,20,2.229
2,4.58,0,3,0.239
0,21.27,0,22,3.036
4,27.95,0,0,0.046
0,8.12,0,4,1.046
2,21.27,0,4,1.041
0,25.54,1,4,3.298
1,5.94,0,21,0.435
2,25.52,1,8,1.037
2,17.13,0,5,0.634
1,1.32,0,3,0.124
4,27.16,0,4,0.019
2,26.39,1,17,1.296
3,24.78,1,23,1.919
0,28.51,0,7,5.172
1,23.31,1,11,2.751
2,7.98,1,9,0.435
2,4.34,1,10,0.223
3,28.26,1,22,1.915
1,11.58,1,1,0.865
0,17.2,1,7,3.633
2,13.64,1,23,0.452
2,0.53,0,6,0.026
3,4.52,1,21,0.177
1,11.41,0,19,1.249
2,4.92,1,16,0.251
0,2.65,0,15,0.503
4,3.85,0,14,0.01
4,20.08,1,13,0.017
0,8.14,1,21,2.686
2,7.74,0,2,0.243
1,11.77,1,20,1.286
2,5.61,1,14,0.266
0,5.27,1,19,0.896
2,0.98,0,3,0.043
2,18.89,1,6,0.683
3,0.64,1,4,0.044
3,20.5,1,4,0.866
4,0.7,1,2,0.01
4,7.21,0,9,0.014
3,5.48,0,21,0.339
2,1.93,1,11,0.06
0,5.86,0,23,0.871
4,28.48,1,6,0.034
1,18.38,0,18,1.82
2,6.31,0,21,0.31
4,7.78,1,8,0.01
2,10.48,1,10,0.519
3,25.38,1,17,1.818
4,26.26,0,5,0.035
0,5.22,1,17,1.463
4,28.72,1,1,0.055
2,29.8,1,13,1.285
3,22.21,0,10,1.102
4,29.96,1,16,0.058
4,21.34,1,9,0.021
3,8.35,1,0,0.372
1,17.84,0,4,1.809
2,8.69,1,5,0.354
0,1.92,1,19,0.598
4,25.61,1,15,0.046
4,10.21,0,5,0.013
4,7.74,0,23,0.01
2,9.43,0,17,0.321
1,2.21,1,7,0.216
4,26.91,0,2,0.042
1,25.74,0,18,2.252
3,4.22,1,7,0.155
4,9.9,0,2,0.01
1,18.1,1,18,2.035
1,21.71,0,14,1.511
3,26.65,0,19,1.627
2,10.99,1,2,0.556
2,24.41,1,12,1.251
2,24.71,1,9,1.227
3,7.4,0,3,0.314
2,2.3,0,15,0.077
4,24.69,0,0,0.024
0,24.05,0,18,5.592
3,25.86,0,8,0.957
1,17.1,1,9,2.083
0,17.33,1,12,3.186
3,26.87,0,23,1.024
3,8.66,0,13,0.311
4,8.14,0,22,0.01
4,13.46,0,10,0.019
0,13.37,0,20,2.683
3,10.83,0,15,0.712
1,22.62,0,14,1.873
0,16.23,1,22,4.621
3,17.03,1,15,1.36
4,16.39,0,6,0.021
1,17.63,0,16,1.571
1,28.97,0,17,2.448
3,6.98,1,21,0.285
1,27.82,0,4,2.536
4,25.64,0,2,0.046
4,2.73,0,15,0.01
3,7.37,0,2,0.338
2,22.03,0,15,0.804
4,29.65,1,16,0.045
3,22.61,0,19,0.831
3,1.11,1,16,0.079
1,25.33,0,22,2.519
1,8.44,1,16,0.619
3,26.48,0,20,1.299
3,21.3,1,15,0.901
1,17.41,0,5,1.301
4,3.0,0,6,0.01
1,19.82,1,3,1.607
2,19.2,0,1,0.431
1,20.83,0,18,2.406
0,22.68,0,14,6.13
3,17.44,1,22,0.927
0,13.45,1,4,2.789
1,23.57,1,22,2.084
2,19.06,0,10,0.491
4,22.91,0,9,0.021
1,9.12,0,7,0.971
1,23.68,1,19,3.191
4,18.78,1,0,0.014
2,3.16,1,3,0.081
4,12.8,1,12,0.012
1,12.41,0,19,1.347
1,11.71,1,21,1.13
2,19.48,0,7,0.736
3,9.4,1,6,0.444
0,1.15,0,9,0.212
2,2.98,0,7,0.141
2,22.14,1,7,1.047
4,15.03,0,5,0.027
4,24.95,0,0,0.023
3,7.57,0,10,0.278
4,29.84,1,11,0.044
1,5.74,0,14,0.543
0,24.19,0,12,4.032
0,29.31,1,21,7.176
1,19.29,1,6,2.215
2,29.0,0,22,0.809
4,19.89,0,10,0.035
0,8.94,0,8,2.407
4,25.19,0,0,0.02
1,15.69,1,19,1.802
2,11.49,1,15,0.302
0,3.12,0,21,0.766
4,8.82,1,7,0.016
2,18.98,0,12,0.484
3,10.91,0,11,0.722
4,23.65,1,14,0.048
2,17.45,0,19,0.763
1,0.69,1,23,0.069
1,22.01,0,9,2.013
1,4.05,0,11,0.393
3,6.19,1,12,0.329
3,13.74,0,1,0.681
0,24.31,0,19,5.452
3,20.7,0,14,1.151
4,20.27,1,3,0.043
2,13.87,1,11,0.725
2,11.45,1,9,0.308
0,15.98,0,7,2.764
4,25.25,0,23,0.039
2,0.74,0,7,0.024
4,15.67,1,16,0.014
4,4.44,1,1,0.01
2,3.96,1,14,0.232
3,1.86,1,12,0.085
2,21.01,0,4,0.526
4,16.79,0,4,0.029
2,11.48,1,7,0.299
2,11.94,0,17,0.434
4,29.84,0,18,0.026
3,13.92,0,20,0.682
4,5.76,0,11,0.01
2,5.27,0,20,0.208
3,7.44,1,2,0.541
4,8.79,1,22,0.015
3,23.45,1,22,1.913
3,3.19,1,17,0.17
1,28.71,1,5,2.153
3,2.06,1,2,0.11
1,23.82,0,7,1.809
3,2.57,1,3,0.182
1,14.96,1,16,1.005
4,3.78,1,11,0.01
1,4.14,0,18,0.435
0,26.74,0,3,6.434
1,17.77,0,22,1.267
2,26.47,1,16,0.822
4,16.84,0,8,0.025
1,5.07,0,13,0.502
1,6.2,1,9,0.596
1,23.98,0,0,1.922
3,27.31,0,20,1.529
2,13.63,0,6,0.457
4,7.03,0,16,0.014
2,13.5,0,14,0.644
3,1.89,0,6,0.115
2,15.65,0,21,0.601
4,25.72,1,5,0.06
0,20.49,0,16,2.643
1,25.17,1,8,3.008
0,11.91,1,16,1.903
1,28.45,1,20,3.054
1,8.21,0,0,0.749
1,23.84,0,15,1.707
3,27.02,0,12,1.683
3,14.28,0,11,0.597
3,5.14,1,19,0.236
4,6.09,1,20,0.012
4,19.46,0,1,0.014
2,6.99,1,3,0.359
2,10.72,0,11,0.434
2,13.88,1,5,0.648
2,11.17,1,13,0.448
3,26.01,1,2,1.616
2,12.55,1,23,0.405
4,21.73,0,8,0.024
3,27.98,0,13,1.255
0,10.42,0,2,1.431
3,8.19,0,11,0.376
0,23.73,0,13,4.733
4,28.47,1,7,0.034
3,15.26,0,11,0.52
3,7.44,0,21,0.356
4,16.07,1,16,0.013
4,18.34,1,8,0.033
3,10.29,0,20,0.751
0,9.11,0,10,2.213
3,25.78,1,1,0.984
1,14.63,0,10,1.306
2,6.79,1,15,0.38
0,21.77,0,7,3.34
2,15.63,1,21,0.723
4,27.11,1,23,0.016
2,5.77,1,0,0.164
3,18.49,0,12,1.087
3,20.66,1,18,1.098
1,20.6,0,11,2.337
3,7.08,1,2,0.507
0,3.83,0,6,0.963
3,23.56,0,21,0.79
4,29.93,0,19,0.042
2,29.3,0,11,0.893
3,21.27,1,11,0.729
4,8.49,0,4,0.01
2,15.7,1,12,0.868
3,25.68,1,11,1.351
2,21.25,1,15,0.803
1,23.61,1,4,2.214
3,13.42,0,21,0.886
0,9.46,1,3,2.561
3,9.13,1,16,0.368
4,16.07,0,19,0.033
2,5.1,1,9,0.193
3,27.8,0,6,0.889
0,15.67,1,17,2.857
3,18.61,1,17,0.767
0,22.32,0,11,4.876
1,1.79,1,1,0.164
4,4.96,1,15,0.01
4,3.88,1,12,0.01
1,23.41,1,15,2.436
3,7.79,1,11,0.508
4,20.15,0,3,0.023
3,24.99,1,0,1.235
2,0.94,1,23,0.05
0,7.34,0,21,1.577
2,25.52,1,16,1.158
3,26.11,0,9,1.507
3,17.49,0,16,1.219
1,21.51,1,23,1.78
2,28.38,0,17,1.36
0,22.28,1,5,4.264
4,27.09,0,2,0.037
4,22.16,0,6,0.043
2,28.96,0,19,0.863
0,21.01,1,19,7.059
4,10.81,1,5,0.014
4,19.81,1,13,0.015
1,13.03,1,0,1.125
2,17.74,0,5,0.591
3,22.5,1,10,1.162
4,1.32,1,14,0.01
3,3.82,1,13,0.267
1,11.38,1,19,1.041
3,1.78,1,22,0.113
0,5.15,0,7,1.221
0,14.6,1,16,2.432
0,17.04,0,11,4.548
0,20.63,0,0,2.849
0,20.56,1,17,6.342
2,12.93,0,14,0.309
3,12.92,0,7,0.826
4,11.13,0,2,0.01
4,16.06,1,12,0.034
2,13.79,0,14,0.387
0,14.93,1,2,2.216
0,14.28,0,22,2.261
2,22.14,0,15,0.46
3,18.21,1,8,1.257
2,19.44,0,18,0.844
1,26.26,0,22,2.37
2,8.87,0,10,0.379
4,9.09,0,9,0.012
1,7.94,0,22,0.761
0,3.72,1,2,0.864
1,11.02,0,16,1.042
2,11.17,1,13,0.588
3,15.94,1,4,1.073
2,2.15,1,17,0.119
4,13.43,1,22,0.027
3,9.51,0,5,0.649
0,7.31,1,4,1.856
0,6.81,0,8,1.47
2,24.71,1,1,0.679
2,13.0,0,4,0.446
4,8.08,1,16,0.013
4,2.42,0,0,0.01
0,8.57,1,0,1.744
2,23.2,1,2,0.523
1,18.38,0,19,1.35
1,7.5,0,17,0.842
2,14.48,0,9,0.576
0,7.28,1,5,1.814
4,1.66,0,18,0.01
4,22.94,0,13,0.033
0,10.44,0,21,1.841
1,13.9,1,19,1.258
0,8.57,1,15,1.274
1,27.23,0,19,1.899
4,2.67,0,0,0.01
2,18.78,1,16,0.698
0,29.18,1,8,5.576
3,1.33,1,6,0.048
4,21.9,0,11,0.035
2,20.23,1,17,0.696
2,21.23,0,4,0.851
3,4.67,1,10,0.188
0,15.58,0,21,3.705
4,26.88,1,13,0.032
3,2.88,0,10,0.141
2,1.59,1,6,0.073
1,4.13,1,8,0.409
3,16.55,1,17,1.021
2,16.87,0,9,0.5
3,2.99,1,1,0.168
1,10.78,1,4,0.823
0,19.88,1,13,3.529
3,3.49,0,17,0.124
2,9.25,1,17,0.417
0,2.89,0,5,0.528
1,12.02,0,9,0.962
3,3.64,0,2,0.138
3,14.35,1,14,1.068
4,18.02,0,21,0.022
3,23.68,1,5,1.417
0,0.74,0,8,0.218
3,13.34,1,17,0.629
4,28.56,1,21,0.037
4,27.56,1,9,0.031
2,12.43,1,19,0.302
4,0.64,1,15,0.01
2,24.45,0,18,1.078
4,22.66,1,17,0.046
0,7.68,1,1,1.51
3,19.18,1,4,1.428
4,4.86,0,12,0.01
2,9.17,1,10,0.302
2,19.82,0,5,0.865
0,28.84,1,12,5.743
2,26.14,0,3,1.167
0,29.25,1,6,5.333
0,27.98,1,7,5.79
3,23.42,1,8,1.747
1,22.7,0,14,2.142
0,18.31,1,3,3.99
3,9.12,1,2,0.618
0,28.72,1,21,7.776
3,20.16,1,7,1.199
2,2.25,0,23,0.061
4,12.68,0,13,0.021
1,26.87,1,15,2.375
0,6.79,1,8,1.299
4,1.45,1,12,0.01
4,11.43,0,12,0.02
3,20.81,0,2,1.159
1,10.32,1,9,0.926
2,26.43,0,6,1.253
4,11.21,1,1,0.024
3,10.9,0,4,0.668
1,20.91,1,19,2.213
4,16.9,1,9,0.022
1,28.53,1,12,2.388
4,8.15,0,14,0.013
2,10.15,0,21,0.46
0,11.42,1,9,3.594
1,6.7,0,1,0.613
1,0.71,0,13,0.067
1,18.27,1,14,1.575
4,20.68,0,11,0.03
1,29.02,0,14,2.721
2,27.07,0,13,1.076
4,6.38,1,10,0.01
1,9.93,1,1,0.841
2,16.35,0,21,0.495
4,11.62,0,22,0.023
2,3.95,1,17,0.208
0,23.87,0,7,5.773
3,28.64,0,13,1.033
1,16.02,0,22,1.176
2,12.02,0,4,0.272
2,3.05,0,5,0.075
2,26.5,0,12,1.265
1,22.78,1,16,1.551
1,29.17,0,5,2.641
2,6.42,0,11,0.313
2,5.02,0,0,0.171
4,29.43,0,7,0.031
4,23.74,0,6,0.038
1,8.33,0,12,0.83
3,6.95,1,17,0.495
2,15.56,0,15,0.493
1,29.34,0,20,2.728
0,11.26,1,20,1.681
3,24.17,1,6,1.014
2,22.87,0,20,0.512
2,13.92,0,23,0.576
3,14.13,1,11,0.6
2,15.31,0,17,0.694
0,15.35,1,15,2.492
1,1.51,1,8,0.125
3,11.65,0,16,0.569
0,28.5,0,1,3.723
4,12.89,1,11,0.01
4,4.9,1,3,0.01
2,9.32,1,9,0.293
0,25.17,0,22,6.579
3,12.61,0,9,0.917
0,25.69,0,15,4.247
1,29.71,0,2,2.29
3,2.71,1,10,0.206
1,4.97,1,21,0.511
2,16.32,0,7,0.367
2,7.14,1,2,0.342
1,8.14,0,10,0.717
4,29.62,1,12,0.017
3,3.65,1,5,0.234
4,27.68,0,1,0.05
1,5.88,1,5,0.425
3,19.15,0,18,0.794
3,5.62,1,22,0.301
4,15.78,0,21,0.016
0,23.74,1,4,4.258
3,7.45,1,15,0.514
0,3.18,1,13,0.524
3,16.51,0,23,0.639
2,8.97,0,5,0.419
1,25.63,1,12,2.269
4,1.06,0,11,0.01
1,19.21,1,6,1.696
4,25.7,1,2,0.054
4,23.75,1,8,0.02
0,28.04,0,6,5.937
3,20.89,0,0,1.186
3,28.54,0,3,1.348
1,15.61,1,6,1.609
2,26.98,0,16,1.227
3,9.63,0,16,0.575
1,9.92,0,2,0.844
0,15.5,0,20,3.887
3,13.4,0,21,0.6
1,2.29,1,16,0.213
4,26.13,1,21,0.027
2,25.76,1,20,0.889
0,4.34,1,8,1.257
0,9.8,0,11,2.245
2,2.12,1,11,0.112
3,16.91,0,18,0.844
1,16.49,1,23,1.812
2,11.89,1,0,0.678
0,11.93,1,2,2.351
1,21.47,1,3,1.686
1,27.75,1,7,3.221
3,5.61,1,14,0.366
1,23.0,0,22,1.486
1,29.25,0,3,2.023
4,21.67,1,18,0.014
3,28.21,1,0,2.143
4,7.89,1,1,0.011
0,27.86,1,16,5.326
4,8.15,0,16,0.01
4,3.57,0,21,0.01
1,7.5,1,7,0.755
1,17.04,0,20,1.338
1,28.77,1,18,3.236
0,14.62,0,12,2.195
4,26.74,1,8,0.045
1,27.13,1,21,2.565
0,9.4,1,17,2.973
2,3.77,1,3,0.125
1,6.49,0,12,0.515
3,15.69,0,23,0.808
0,25.32,1,21,5.513
2,13.38,0,3,0.416
1,28.07,1,15,2.313
1,8.06,1,12,0.912
4,27.56,0,17,0.026
4,12.68,1,8,0.014
1,25.62,1,23,2.667
0,24.11,1,23,6.205
4,4.05,0,20,0.01
4,11.85,1,15,0.01
1,24.03,0,17,1.878
3,20.19,1,2,0.801
3,10.86,1,13,0.534
1,8.63,1,16,0.876
1,14.66,0,2,1.152
2,6.81,0,13,0.143
4,6.69,0,6,0.01
4,18.76,0,17,0.015
4,20.91,1,16,0.012
0,23.19,0,17,4.107
0,2.69,1,11,0.728
4,21.37,0,21,0.021
4,9.11,0,22,0.01
4,24.99,1,6,0.037
4,19.36,1,10,0.021
3,20.48,0,13,1.44
2,16.09,1,19,0.739
2,1.16,1,10,0.064
0,13.2,1,22,3.584
2,19.38,0,15,0.857
4,9.48,0,5,0.013
3,29.34,1,1,1.804
3,20.92,0,8,1.245
1,5.04,1,16,0.34
3,15.24,0,2,0.94
1,23.65,1,14,2.477
4,14.66,0,2,0.015
3,11.74,0,19,0.738
1,18.84,0,2,1.596
4,29.35,1,21,0.018
4,7.24,1,14,0.014
2,9.27,1,13,0.523
4,11.38,1,1,0.011
0,20.82,0,20,6.334
0,25.09,1,21,4.884
4,3.36,1,0,0.01
0,19.31,0,10,5.51
3,26.19,0,4,1.266
1,26.94,0,22,2.687
0,28.03,1,14,4.813
1,6.79,0,2,0.719
4,14.67,1,23,0.028
1,11.87,1,6,0.768
1,14.88,1,11,1.248
3,25.44,1,4,1.724
3,14.39,1,8,0.732
2,29.75,0,9,1.118
3,26.75,0,4,1.131
1,22.21,1,14,1.963
0,15.18,1,20,4.178
2,26.15,1,6,1.097
0,14.57,0,5,2.007
1,8.86,0,4,0.823
1,2.82,1,15,0.279
2,24.63,0,1,0.669
2,29.97,1,9,1.361
4,1.61,0,6,0.01
3,6.09,0,23,0.211
2,10.84,1,1,0.406
2,17.59,1,9,0.628
0,8.07,0,5,1.849
3,29.53,0,23,1.433
3,1.98,0,11,0.084
1,17.22,1,9,1.597
1,4.31,0,18,0.322
4,19.19,0,2,0.025
1,14.61,1,1,1.42
0,18.93,1,8,4.356
1,16.4,1,6,1.286
0,24.19,0,23,5.3
4,22.99,0,15,0.022
0,13.08,0,9,3.015
2,19.44,1,22,0.591
0,16.16,0,0,2.058
1,5.49,1,7,0.551
0,4.08,0,13,0.716
2,10.7,0,22,0.496
1,8.15,1,19,0.7
1,23.5,1,3,2.353
3,11.77,1,14,0.644
3,13.91,0,21,0.843
2,20.19,1,14,0.952
2,16.31,0,14,0.718
1,4.0,0,17,0.397
2,22.72,1,22,1.014
2,5.98,0,19,0.262
1,7.31,0,2,0.65
1,16.38,1,4,1.572
0,3.25,0,8,0.84
4,15.42,1,5,0.01
3,20.85,0,3,1.38
0,20.97,0,20,5.489
3,18.74,0,20,0.954
4,12.52,0,22,0.01
3,1.57,0,6,0.078
0,3.88,0,8,1.083
1,29.45,0,1,2.601
3,17.75,1,22,0.844
4,20.65,1,12,0.046
3,28.34,1,9,1.307
0,6.35,0,10,1.975
0,19.45,1,20,6.108
0,28.78,0,23,5.668
2,24.42,0,9,1.128
0,4.9,0,6,0.691
0,0.56,1,19,0.112
3,22.12,0,23,1.205
2,17.36,0,18,0.586
3,18.52,0,18,1.278
1,21.17,1,22,2.232
1,0.59,1,22,0.046
2,5.39,1,9,0.244
2,12.27,1,4,0.375
4,12.88,1,5,0.017
1,9.4,1,0,0.904
3,4.99,0,1,0.197
0,22.7,0,12,4.134
3,16.57,1,5,1.19
0,14.51,0,18,2.797
4,23.13,0,8,0.025
0,29.98,1,18,6.554
3,9.91,1,11,0.418
1,23.85,0,10,2.738
0,20.07,0,0,4.263
0,6.58,1,23,1.538
0,25.33,0,17,6.823
3,8.05,1,14,0.31
4,3.39,0,10,0.01
3,5.87,0,5,0.22
0,25.51,0,14,6.876
1,17.84,0,0,1.394
0,9.16,1,3,2.594
4,5.11,1,11,0.01
0,6.24,1,7,1.45
3,25.26,0,5,1.086
2,22.56,1,11,0.786
4,26.71,1,7,0.048
1,6.28,0,11,0.612
3,28.07,0,23,1.108
0,10.74,1,0,2.438
1,9.2,1,20,0.872
0,11.58,0,3,2.232
2,2.39,1,16,0.065
3,15.08,1,1,0.585
3,19.2,0,4,1.113
1,18.27,1,7,1.777
0,28.38,0,14,5.135
4,7.68,0,1,0.015
3,13.96,1,12,0.525
1,16.6,1,14,1.492
1,15.27,0,2,1.084
2,26.24,0,2,0.719
2,1.29,0,15,0.039
1,8.8,1,12,0.721
1,25.24,1,13,2.322
1,3.74,0,5,0.259
2,25.95,0,21,1.007
3,29.03,0,13,0.907
4,6.11,1,16,0.01
2,6.42,1,20,0.327
0,13.61,0,17,2.049
1,4.92,1,4,0.348
0,9.04,1,13,1.387
0,10.73,0,4,1.422
2,29.39,0,4,1.23
2,4.93,1,12,0.277
2,26.14,0,18,0.833
3,3.87,1,15,0.223
1,23.54,0,23,1.925
4,9.25,1,13,0.012
3,8.35,1,9,0.395
0,21.16,1,22,3.572
2,23.13,0,8,0.904
3,21.25,0,2,1.249
3,1.57,0,22,0.109
4,7.98,1,22,0.015
1,19.7,1,21,2.237
2,22.31,1,7,0.888
4,16.73,1,8,0.033
1,4.82,0,11,0.387
2,1.76,0,6,0.081
0,15.17,1,8,2.601
2,5.27,0,17,0.243
3,2.91,1,9,0.198
0,16.95,0,3,2.09
3,1.88,1,3,0.079
3,10.23,0,10,0.493
1,6.68,0,12,0.589
1,26.89,1,19,2.237
0,1.12,0,15,0.217
0,13.15,1,12,3.36
1,1.12,1,20,0.126
4,17.21,0,11,0.023
4,16.11,1,11,0.038
0,16.75,1,14,2.799
2,27.59,1,3,1.475
3,22.39,0,23,1.048
3,12.42,1,21,0.713
1,25.01,0,2,1.843
1,15.79,1,18,1.324
3,17.17,1,8,1.073
4,1.72,1,22,0.01
2,23.64,1,12,0.937
0,18.64,0,21,3.461
2,25.07,1,11,1.225
1,25.26,0,18,2.576
1,26.1,1,15,2.411
4,29.35,1,8,0.051
4,5.13,1,20,0.01
2,24.56,1,9,1.173
3,29.73,0,9,1.15
3,10.89,0,9,0.601
3,29.35,0,19,1.769
1,19.92,1,16,1.708
1,12.96,0,2,1.051
4,24.4,1,3,0.049
4,19.63,0,18,0.026
3,22.65,0,11,0.772
4,17.88,0,3,0.034
3,16.98,0,4,0.726
2,11.33,1,20,0.562
3,3.99,1,20,0.239
0,19.91,1,20,3.919
0,2.49,1,22,0.505
1,23.88,1,1,1.865
0,11.39,0,23,1.899
0,13.29,1,23,3.566
1,4.69,0,17,0.396
4,11.55,0,12,0.017
3,13.93,0,15,0.802
1,5.01,0,21,0.519
0,6.05,1,21,1.865
3,21.34,0,11,1.322
3,9.07,1,16,0.69
1,6.62,1,3,0.509
4,28.53,0,6,0.037
2,15.75,1,22,0.598
4,19.16,0,13,0.034
4,22.04,1,20,0.025
1,26.54,1,0,1.964
3,2.58,1,19,0.096
4,20.76,1,13,0.019
2,7.98,0,14,0.254
1,7.95,1,11,0.872
1,9.66,1,17,1.139
2,23.41,0,5,0.545
3,19.3,1,23,1.261
3,21.32,1,10,1.414
3,29.33,0,3,1.255
1,27.74,1,11,3.074
1,25.86,0,17,2.836
4,12.27,1,18,0.019
3,18.59,1,23,0.886
0,16.47,1,22,2.392
0,19.85,0,10,3.952
0,4.82,0,2,1.036
0,3.22,1,16,0.776
3,8.13,1,14,0.477
4,23.44,0,6,0.018
3,20.45,1,20,1.059
0,1.59,0,19,0.219
0,10.18,1,4,1.627
1,1.93,1,13,0.174
3,26.1,1,6,1.715
2,3.08,0,23,0.09
1,12.91,0,12,0.966
3,28.5,0,11,1.609
0,21.36,0,21,3.691
2,27.48,1,13,1.339
1,4.43,0,4,0.391
3,25.57,1,23,1.921
3,17.61,1,4,0.988
0,16.82,1,20,5.332
4,1.42,1,4,0.01
3,5.94,0,11,0.233
0,19.26,0,16,3.228
2,25.71,0,14,1.282
3,4.78,0,2,0.183
2,14.69,0,2,0.495
4,16.17,1,0,0.031
0,14.5,1,12,2.825
3,4.46,1,5,0.266
2,14.73,1,21,0.725
0,13.21,1,9,4.167
0,3.02,0,3,0.584
4,14.19,0,18,0.019
4,7.0,1,0,0.012
3,28.85,0,21,1.435
0,8.8,1,3,1.246
1,9.89,1,17,1.143
1,21.22,0,5,1.468
1,25.42,0,8,3.076
2,9.44,1,9,0.314
4,26.63,0,4,0.036
3,7.13,0,23,0.413
4,22.99,0,7,0.033
0,7.91,1,14,1.248
4,23.92,1,20,0.04
0,13.69,1,6,3.578
2,10.23,1,23,0.303
1,1.2,0,19,0.106
4,23.77,0,1,0.038
4,26.54,0,22,0.051
2,1.16,0,5,0.048
4,24.2,1,0,0.039
1,8.89,0,21,0.669
2,26.53,0,20,0.743
0,12.85,0,13,1.736
1,11.61,0,4,1.005
2,4.21,0,17,0.191
0,16.84,1,16,3.401
3,0.87,1,19,0.034
4,28.52,0,9,0.056
4,13.7,1,6,0.017
0,7.35,1,1,2.171
3,17.16,1,0,1.067
0,2.34,0,12,0.441
1,27.76,1,5,2.758
1,4.98,0,10,0.513
0,7.96,1,15,1.782
4,11.15,0,1,0.012
2,15.99,0,8,0.496
3,25.48,1,19,0.876
4,6.68,1,18,0.01
3,29.35,0,22,1.318
0,2.04,1,17,0.419
3,28.24,0,13,2.078
1,4.08,0,19,0.432
4,12.76,1,22,0.019
2,0.6,1,14,0.031
3,3.16,0,0,0.159
3,28.52,1,3,2.373
0,29.32,1,12,5.716
2,16.26,0,10,0.439
0,7.83,0,1,1.464
0,7.43,1,9,1.741
4,23.57,0,14,0.037
2,13.05,0,11,0.432
2,6.36,1,19,0.204
4,16.31,1,13,0.016
4,10.4,0,22,0.01
0,29.64,1,17,7.223
4,28.61,0,8,0.054
1,14.93,0,2,1.189
2,27.93,0,19,1.267
3,15.48,1,15,1.21
2,11.23,0,13,0.438
1,4.41,0,5,0.291
4,6.99,0,1,0.013
2,24.62,1,21,1.12
3,27.39,1,21,1.553
3,8.12,0,17,0.394
4,11.5,0,11,0.013
4,26.5,0,18,0.033
1,28.03,0,22,2.192
0,13.88,1,16,3.848
3,20.07,0,12,0.849
0,7.26,0,0,1.865
1,19.25,0,4,1.241
1,22.48,0,5,1.938
1,0.59,0,4,0.041
4,1.6,1,9,0.01
2,29.03,0,5,0.619
4,8.13,1,16,0.01
0,25.08,1,9,5.932
3,17.95,0,18,1.158
3,1.74,1,14,0.121
4,8.01,0,10,0.013
1,2.39,1,3,0.261
0,29.06,1,9,5.982
2,25.93,0,21,0.54
1,5.76,1,18,0.71
3,21.15,1,18,0.908
1,21.74,1,22,2.458
1,7.4,0,5,0.643
3,19.11,0,12,0.788
0,2.81,0,7,0.67
4,27.73,1,5,0.04
0,8.1,0,12,1.665
4,28.67,1,10,0.043
3,5.0,1,9,0.355
3,12.63,0,8,0.541
0,16.85,0,11,5.036
2,1.42,0,13,0.031
3,2.84,0,1,0.121
0,23.69,1,15,5.301
3,22.56,0,2,0.826
3,17.34,1,5,0.884
1,7.53,0,3,0.733
4,7.63,1,20,0.017
1,8.11,1,5,0.706
4,20.47,1,6,0.017
4,7.97,1,17,0.01
3,28.89,1,1,1.711
3,2.88,0,11,0.088
2,19.41,0,11,0.473
2,1.53,1,6,0.059
4,4.33,1,23,0.01
2,18.18,1,17,0.972
1,26.32,0,18,2.724
4,5.51,0,13,0.01
1,5.23,1,8,0.644
3,5.68,1,11,0.333
3,11.24,1,9,0.398
3,23.69,0,14,0.953
4,25.94,0,16,0.027
3,20.7,0,1,0.731
0,16.15,0,10,2.774
3,25.3,1,9,1.417
3,21.54,0,18,0.69
2,26.82,1,6,1.214
0,4.57,0,14,0.617
4,3.87,1,5,0.01
1,26.99,0,22,1.912
4,20.49,1,20,0.049
3,29.01,1,19,1.094
2,28.06,0,6,1.352
1,7.42,1,4,0.824
0,7.49,1,3,1.59
3,14.1,1,12,1.064
2,20.33,1,13,0.988
4,27.78,1,20,0.061
4,25.09,0,13,0.051
3,16.96,1,6,1.081
0,6.34,1,17,1.093
3,7.15,1,22,0.394
1,21.01,0,20,1.896
4,25.65,0,15,0.023
3,1.29,0,7,0.053
4,16.12,1,6,0.025
2,25.48,0,22,1.158
0,5.52,1,12,0.823
1,6.08,1,20,0.521
0,23.1,1,8,3.793
4,20.44,1,8,0.015
0,9.4,0,7,2.093
2,24.69,1,13,0.76
0,19.36,1,9,4.364
4,27.59,1,21,0.058
1,8.45,0,5,0.819
4,1.98,1,0,0.01
4,14.64,0,13,0.03
3,5.29,0,19,0.27
3,18.18,1,15,0.725
3,14.59,1,15,0.619
4,3.63,1,18,0.01
0,1.79,1,19,0.419
2,1.83,0,9,0.05
2,22.7,0,9,0.835
1,15.93,1,3,1.456
3,3.59,1,4,0.146
1,24.42,0,22,1.914
0,27.28,0,17,4.692
4,17.6,0,11,0.012
3,8.09,0,22,0.441
4,14.26,0,14,0.019
4,25.29,0,20,0.019
0,20.43,1,14,3.4
4,17.23,0,16,0.012
2,0.82,1,0,0.027
2,9.02,1,21,0.374
2,6.28,0,4,0.264
4,27.77,0,0,0.039
3,13.58,0,11,0.586
2,27.73,0,18,0.928
4,22.64,1,21,0.014
1,25.25,1,6,2.604
1,28.41,0,17,2.603
1,21.97,1,23,1.89
0,9.01,1,21,1.599
2,25.63,0,0,1.275
3,24.06,1,22,1.574
0,4.55,0,20,1.326
3,13.54,1,19,0.522
2,0.52,1,15,0.019
4,21.89,1,16,0.024
4,23.6,1,0,0.045
3,18.3,0,1,0.819
0,23.68,0,4,5.048
3,8.69,0,21,0.556
0,21.51,0,22,4.51
2,23.29,0,9,0.63
1,28.51,0,9,2.631
0,23.59,1,10,7.389
4,2.7,0,5,0.01
3,21.25,1,22,0.808
3,3.04,1,22,0.255
1,14.43,0,11,1.636
0,20.24,1,10,4.847
1,12.8,0,14,0.936
4,13.4,0,6,0.024
3,27.0,0,21,1.665
2,9.03,1,22,0.301
0,1.33,1,7,0.364
1,15.23,0,15,1.377
3,17.55,0,17,0.785
2,3.31,0,0,0.069
1,27.37,0,20,2.549
2,28.89,0,22,1.099
1,15.79,0,18,1.495
1,26.17,1,8,2.094
2,28.92,1,6,1.337
0,14.48,1,0,2.458
0,27.85,0,1,4.251
4,22.31,0,13,0.025
4,28.8,0,20,0.039
4,15.5,0,5,0.03
3,11.38,0,15,0.553
2,28.52,1,2,1.052
0,16.39,1,2,4.009
0,7.01,0,12,1.848
0,9.04,0,3,1.193
1,9.03,1,23,0.644
4,9.44,1,11,0.01
0,20.25,0,12,3.654
3,24.41,1,11,1.055
3,25.99,0,16,1.835
1,8.92,1,2,0.717
2,10.23,1,8,0.496
1,21.16,0,8,1.769
4,22.11,0,23,0.026
2,6.84,0,15,0.342
2,4.38,0,17,0.226
0,26.32,0,1,5.344
1,13.67,0,7,1.044
4,28.14,0,12,0.025
3,16.14,1,22,1.212
3,14.63,1,11,0.514
4,2.78,0,5,0.01
4,7.64,0,20,0.015
3,2.6,1,15,0.145
2,16.85,0,19,0.502
0,29.13,1,0,5.88
4,13.08,1,0,0.028
4,9.37,0,12,0.01
4,11.26,1,12,0.024
4,25.6,1,12,0.057
0,2.46,0,14,0.459
4,18.26,0,7,0.017
2,10.62,1,18,0.491
2,10.13,0,9,0.283
2,9.84,0,13,0.345
1,10.94,0,6,1.079
2,26.44,0,12,0.646
1,26.02,1,14,2.849
1,6.15,0,8,0.53
0,9.87,1,14,2.301
0,19.51,0,15,5.036
1,22.23,1,10,1.908
2,17.57,1,1,0.519
3,22.39,0,14,1.37
4,4.04,0,11,0.01
3,1.92,1,19,0.106
0,9.67,1,22,1.78
3,27.6,1,12,1.868
3,10.4,1,4,0.822
1,7.1,1,8,0.761
1,12.71,1,21,1.487
3,3.19,1,14,0.193
2,7.57,1,4,0.237
4,19.84,1,17,0.015
2,26.38,0,16,1.106
0,12.23,1,3,3.153
0,18.55,0,4,2.187
4,15.84,0,20,0.023
0,22.74,1,20,3.533
2,2.29,1,0,0.096
4,4.17,1,0,0.01
1,1.82,1,8,0.156
4,9.98,1,14,0.01
0,2.19,0,7,0.299
1,15.35,0,10,1.347
2,10.72,1,8,0.484
4,4.65,0,19,0.01
3,21.59,0,0,0.945
4,27.16,0,9,0.05
0,12.66,0,3,1.807
0,5.73,1,20,0.916
0,6.06,0,5,1.273
2,9.2,1,2,0.289
2,15.89,0,18,0.542
4,24.97,0,0,0.022
3,14.03,0,22,0.721
2,0.63,1,19,0.017
4,28.38,0,8,0.022
4,16.86,1,9,0.032
3,0.55,1,19,0.02
1,23.52,1,18,2.637
1,22.7,1,6,2.123
0,9.36,1,16,2.051
0,17.14,1,6,3.621
3,13.96,0,17,0.483
4,7.79,1,10,0.016
3,19.73,0,0,0.622
2,14.09,1,10,0.415
4,19.43,1,19,0.038
0,19.41,1,16,5.281
3,10.56,1,23,0.638
1,18.07,0,21,1.45
2,2.15,0,21,0.062
4,17.22,0,1,0.033
2,18.21,0,14,0.563
3,24.87,1,12,1.164
3,28.72,1,0,1.581
4,5.41,0,23,0.011
0,7.91,1,23,1.93
0,8.79,1,4,2.506
1,13.01,1,17,1.143
0,1.16,0,3,0.26
0,20.97,0,8,3.912
3,10.3,1,5,0.725
0,20.24,1,1,5.22
0,0.72,0,19,0.198
4,6.56,1,5,0.014
3,7.19,1,7,0.232
4,11.62,0,11,0.01
0,11.04,0,19,3.231
3,20.39,1,11,1.47
1,29.06,1,21,3.353
2,11.77,0,18,0.575
3,9.77,0,11,0.594
2,27.11,0,21,1.111
3,27.2,0,7,1.622
4,10.68,1,15,0.014
3,24.85,1,10,0.819
0,6.06,1,21,0.98
2,26.16,0,1,0.556
2,8.96,0,0,0.411
1,28.3,0,1,2.981
0,5.27,1,11,1.669
0,13.86,1,13,3.174
4,4.89,0,17,0.01
3,24.55,1,23,0.799
2,21.4,1,17,0.82
2,9.62,1,15,0.228
2,0.7,0,19,0.036
0,12.88,1,12,3.089
1,27.68,1,1,2.217
1,8.17,1,18,0.886
0,29.09,1,0,6.461
4,7.57,0,23,0.012
0,2.98,0,15,0.501
3,3.87,0,11,0.197
3,25.8,1,6,1.835
4,3.88,0,20,0.01
2,3.26,1,13,0.086
4,4.26,0,9,0.01
2,28.17,0,23,0.816
4,16.6,1,6,0.036
2,6.13,1,14,0.343
2,13.56,1,11,0.524
4,23.64,1,12,0.029
1,4.91,0,22,0.44
4,13.44,0,3,0.014
3,27.27,0,3,1.166
3,26.86,0,23,1.525
4,6.38,1,5,0.01
4,7.74,0,10,0.012
1,19.67,0,14,1.992
1,0.9,0,3,0.08
0,28.99,0,1,5.569
0,17.02,0,16,3.115
1,10.99,1,0,0.911
4,2.84,0,15,0.01
3,4.79,0,18,0.165
4,4.77,1,9,0.01
0,21.32,0,4,3.396
4,21.55,1,15,0.014
2,18.5,1,5,0.803
2,9.83,1,14,0.476
1,3.99,0,19,0.336
4,29.22,0,6,0.048
3,13.42,0,13,0.556
2,2.57,1,16,0.135
0,4.14,1,10,0.733
1,15.65,0,21,1.475
4,3.77,1,13,0.01
1,24.82,1,22,2.609
2,15.95,1,9,0.816
0,11.49,0,9,1.743
2,4.49,1,13,0.171
2,28.54,1,18,1.088
0,29.46,1,7,5.742
3,19.38,1,22,0.945
4,22.29,0,17,0.036
1,1.35,0,19,0.123
2,22.34,1,19,0.67
3,12.75,0,4,0.381
3,12.03,0,16,0.399
2,19.25,0,17,0.533
4,5.67,0,3,0.01
4,19.92,1,3,0.012
0,4.67,0,2,1.219
4,13.58,0,0,0.012
3,23.99,0,10,0.782
4,18.13,1,1,0.024
3,25.8,0,20,1.089
0,10.34,0,19,1.898
2,15.25,0,16,0.447
1,8.57,1,5,0.729
1,2.73,1,23,0.277
0,17.85,0,21,2.622
0,21.25,1,0,5.697
1,6.57,0,1,0.419
0,6.82,0,3,1.023
4,14.07,1,23,0.014
4,10.54,1,14,0.01
3,29.41,1,14,1.404
4,8.97,0,6,0.01
0,7.0,1,17,1.647
0,20.21,1,13,4.343
0,12.04,0,7,1.715
0,5.27,1,11,1.469
0,5.2,0,5,0.892
1,21.93,1,13,2.287
1,28.38,1,22,2.769
4,1.87,1,19,0.01
4,14.63,1,0,0.029
2,14.08,0,23,0.595
0,19.17,1,1,4.071
2,17.94,1,1,0.889
4,18.34,1,1,0.033
3,14.71,0,17,1.039
2,8.57,1,16,0.357
0,7.11,0,14,1.465
4,29.47,0,9,0.026
2,8.87,1,22,0.251
3,9.49,1,21,0.698
3,0.69,0,9,0.027
4,12.59,1,2,0.02
3,26.43,0,15,1.597
0,13.74,1,15,1.981
3,13.45,0,3,0.429
0,8.08,0,10,1.192
4,18.38,0,21,0.016
0,17.27,1,13,2.996
0,29.4,1,9,6.998
1,25.38,0,0,2.374
3,16.89,1,22,0.835
0,6.83,0,21,1.466
2,25.07,1,11,1.069
0,23.33,1,16,3.574
4,4.26,1,20,0.01
4,24.45,1,13,0.041
3,10.95,1,22,0.531
0,21.84,0,22,4.74
2,19.98,0,18,0.528
0,0.93,0,17,0.231
3,13.25,0,12,0.688
4,8.49,1,1,0.01
0,14.42,1,15,3.625
2,19.46,0,1,0.761
0,14.67,0,10,3.596
1,19.07,0,3,1.429
4,0.94,1,23,0.01
2,12.34,0,3,0.5
2,11.52,0,16,0.528
3,27.64,1,13,1.099
1,7.72,1,22,0.77
0,26.19,0,9,6.658
4,10.14,1,4,0.015
4,3.58,0,20,0.01
1,28.8,0,14,1.999
0,19.28,1,15,5.041
3,21.31,0,0,0.982
4,24.32,0,16,0.024
4,17.79,1,14,0.04
2,16.55,1,10,0.474
4,27.03,0,20,0.032
4,18.56,0,22,0.015
0,5.82,1,13,0.87
4,6.88,1,14,0.01
4,19.82,0,10,0.041
3,17.26,0,2,0.839
1,28.76,1,11,3.061
3,4.59,0,5,0.301
2,29.64,1,19,1.277
3,7.77,0,1,0.512
4,11.92,1,16,0.025
0,2.44,0,6,0.377
3,5.26,1,14,0.285
1,9.18,0,12,0.921
0,26.79,0,0,5.957
4,13.35,1,0,0.023
4,28.65,0,11,0.026
1,10.11,0,10,0.941
3,2.88,1,17,0.131
0,15.71,0,21,4.557
4,24.5,0,20,0.044
2,21.42,1,0,0.601
0,21.12,0,6,4.807
4,18.44,1,16,0.033
0,19.4,0,1,3.339
3,23.07,0,6,1.159
2,16.96,0,3,0.839
3,10.35,1,7,0.586
3,5.92,0,7,0.435
2,10.28,0,9,0.403
2,3.4,0,11,0.121
3,26.99,0,23,0.878
3,23.1,1,7,0.9
2,15.68,0,6,0.545
0,9.42,1,2,2.498
0,1.97,0,22,0.453
1,2.06,1,15,0.207
3,5.6,0,12,0.204
4,15.46,0,13,0.028
3,7.8,1,23,0.471
3,11.86,0,4,0.568
1,11.38,1,22,0.813
2,10.11,0,15,0.267
0,18.66,0,16,2.537
0,22.12,1,8,3.715
2,21.52,1,1,1.233
3,10.56,0,15,0.691
1,1.51,0,12,0.133
4,13.54,0,18,0.014
2,9.75,0,20,0.243
4,3.94,1,19,0.01
4,20.09,1,13,0.022
2,12.62,1,19,0.493
4,21.62,1,10,0.023
4,22.33,1,3,0.021
0,4.83,1,4,1.113
3,10.98,1,4,0.535
4,9.97,1,14,0.019
4,22.07,1,14,0.047
2,23.8,1,19,1.087
0,1.78,1,19,0.503
1,29.83,1,6,2.392
2,27.98,1,16,1.403
3,28.22,0,6,1.439
4,0.84,0,22,0.01
1,12.61,0,14,1.318
0,15.73,0,7,3.106
1,4.44,1,12,0.499
3,9.45,1,11,0.489
4,12.05,0,18,0.012
3,25.23,1,16,1.463
4,27.63,0,14,0.017
1,23.19,1,11,2.704
3,10.18,0,2,0.473
2,19.27,1,18,0.864
1,16.27,0,0,1.225
2,10.15,0,22,0.271
0,18.11,1,15,4.514
3,1.01,1,8,0.045
2,22.5,1,8,1.117
2,20.96,1,16,0.532
1,17.37,1,0,1.464
4,20.36,0,11,0.032
2,9.45,1,7,0.415
3,23.03,0,0,1.549
0,8.29,0,7,1.808
2,13.78,1,19,0.313
0,24.46,1,17,5.284
3,12.87,1,20,0.61
0,2.9,1,2,0.493
0,24.64,1,9,6.082
0,18.04,1,15,4.788
1,5.46,0,22,0.398
0,15.39,0,0,3.008
0,23.15,1,2,6.414
4,28.42,0,20,0.034
1,1.45,0,2,0.103
1,10.0,0,11,1.197
4,22.66,0,23,0.018
1,11.42,1,10,1.016
3,13.4,1,20,0.81
2,3.46,0,9,0.153
1,24.25,1,10,2.186
4,26.49,1,0,0.054
3,23.28,0,7,0.785
1,20.82,0,14,1.906
3,25.95,0,18,1.552
3,6.4,1,7,0.45
4,16.3,1,2,0.016
2,24.93,0,13,1.284
1,17.16,0,11,1.246
1,12.08,0,4,1.106
3,27.0,1,15,0.899
1,21.52,0,3,2.016
2,2.85,1,20,0.145
1,18.55,1,1,1.383
2,21.06,1,22,0.5
4,21.57,1,15,0.012
1,19.78,0,2,1.248
0,11.5,0,8,1.593
4,10.78,0,12,0.01
4,7.16,0,17,0.01
3,9.77,1,10,0.375
0,13.17,0,11,3.352
1,4.47,1,4,0.349
4,22.62,1,5,0.048
1,25.7,1,3,2.317
1,5.28,1,11,0.635
0,28.03,0,1,3.575
4,5.64,0,4,0.01
3,27.79,1,22,1.488
4,1.96,1,11,0.01
2,11.52,0,15,0.498
3,13.44,0,11,0.706
0,26.86,1,4,4.051
0,24.29,0,14,5.744
3,6.96,1,13,0.254
3,14.1,1,13,0.777
1,27.18,1,22,3.012
3,14.62,1,18,0.906
0,6.46,1,1,1.395
1,0.66,0,15,0.065
1,10.64,1,14,0.912
0,22.63,1,13,5.852
1,15.84,0,11,1.316
0,15.85,0,5,3.718
1,4.52,0,16,0.329
4,25.02,1,19,0.038
1,28.55,0,10,2.373
0,2.93,0,14,0.727
3,13.43,1,4,0.956
4,9.6,0,23,0.013
3,10.81,0,10,0.729
1,2.82,0,14,0.268
4,2.91,1,13,0.01
4,18.64,0,6,0.03
1,24.67,1,19,2.216
1,14.98,1,18,1.526
0,11.88,1,8,1.96
4,26.02,1,11,0.019
2,12.7,0,23,0.574
0,15.69,0,7,2.99
2,9.19,1,0,0.238
4,19.55,0,23,0.039
0,9.83,1,5,1.42
2,6.21,0,15,0.195
0,22.31,1,1,5.021
0,23.68,1,12,5.925
1,22.34,1,8,2.283
1,14.65,0,21,1.174
3,29.57,0,14,1.624
1,15.81,0,15,1.044
4,25.73,1,17,0.031
1,20.26,1,6,2.149
3,28.63,1,23,1.558
1,24.48,1,16,1.608
1,6.79,0,2,0.578
3,7.28,1,18,0.523
3,15.88,1,13,0.735
0,20.87,0,23,3.007
3,8.66,0,15,0.438
1,4.67,1,11,0.358
1,4.55,0,0,0.47
1,25.96,1,9,2.887
3,4.72,1,13,0.239
0,26.05,1,20,5.69
2,22.57,1,19,0.576
2,27.14,1,1,1.532
2,20.39,0,5,1.04
2,5.67,1,3,0.286
2,23.8,1,13,0.793
0,11.42,1,19,2.095
1,5.75,1,3,0.396
0,14.53,0,2,3.525
2,9.03,0,4,0.332
3,10.32,1,11,0.771
1,3.6,1,0,0.298
3,11.71,0,21,0.701
2,3.77,0,17,0.174
0,27.37,1,16,4.229
0,16.58,1,4,3.875
2,2.71,1,23,0.099
0,8.6,1,14,1.716
1,24.13,1,0,1.85
1,9.35,1,12,0.882
0,19.14,0,2,4.137
4,1.13,0,1,0.01
2,25.39,1,10,1.345
2,19.91,0,10,0.7
0,21.98,0,7,4.972
2,0.97,0,23,0.039
3,29.25,0,23,1.642
0,15.01,0,23,2.513
1,22.37,1,6,2.057
2,1.93,1,2,0.049
2,20.62,1,16,0.945
4,13.85,1,4,0.014
1,20.22,0,16,1.606
0,8.1,1,10,2.199
1,4.99,0,2,0.413
3,4.7,1,4,0.23
3,13.51,0,15,0.638
3,11.89,1,23,0.693
0,27.12,1,7,4.06
0,25.62,0,22,3.884
1,28.24,0,8,3.467
1,12.82,0,22,1.105
4,23.13,1,4,0.035
1,8.09,1,19,0.865
3,21.16,1,6,1.343
0,13.94,1,2,2.582
3,8.61,1,6,0.326
4,12.23,0,12,0.021
0,22.39,1,20,3.963
4,2.25,1,0,0.01
3,17.81,1,12,0.67
3,24.29,1,4,1.304
2,5.45,1,13,0.216
2,19.62,1,21,0.821
0,21.4,0,23,3.607
3,24.99,0,7,1.314
2,10.27,0,12,0.476
0,24.32,1,22,5.074
0,10.75,1,17,1.812
2,8.19,1,2,0.366
4,5.15,1,14,0.01
4,27.68,0,12,0.048
4,21.97,1,21,0.048
4,6.59,1,20,0.011
4,27.87,0,0,0.016
2,7.96,0,2,0.248
0,5.96,1,11,1.38
2,2.77,1,4,0.121
1,19.71,1,18,1.551
2,20.56,0,3,0.927
4,1.69,1,3,0.01
0,24.13,0,6,2.97
3,17.91,0,12,0.813
2,5.44,0,12,0.242
2,13.53,1,21,0.437
3,12.05,0,15,0.515
3,16.48,1,8,0.62
2,2.94,0,21,0.066
4,28.07,1,20,0.03
0,29.61,1,12,7.017
0,7.8,0,14,1.322
2,18.35,0,10,0.545
1,27.41,0,0,1.76
1,0.68,0,14,0.051
1,1.67,1,20,0.2
1,6.27,0,6,0.405
2,20.4,0,2,0.455
1,20.26,0,0,1.539
4,17.36,1,17,0.037
3,22.03,1,21,1.0
2,19.08,0,19,0.841
3,2.29,1,11,0.106
1,8.66,0,17,0.725
3,24.38,1,11,1.629
0,27.22,1,12,3.763
2,22.14,1,8,0.725
2,15.94,0,3,0.477
1,9.67,0,8,1.041
1,13.73,1,11,1.25
2,3.36,1,22,0.181
3,14.81,1,7,1.053
3,24.23,0,14,0.891
4,15.86,0,0,0.01
3,10.28,0,7,0.589
4,6.86,1,14,0.01
1,12.86,0,6,0.999
0,13.01,1,9,3.903
4,16.02,1,19,0.028
1,19.31,1,19,1.824
0,24.66,1,18,6.951
2,20.14,0,17,0.959
2,10.49,0,9,0.432
0,13.89,1,2,2.957
1,24.88,0,22,1.557
4,13.88,1,0,0.017
3,19.78,1,14,0.656
0,19.6,1,0,5.488
2,0.79,0,12,0.037
2,9.65,1,17,0.264
3,18.62,1,4,1.147
0,12.53,0,21,3.457
2,27.61,0,14,1.021
4,17.94,0,8,0.029
3,19.41,0,11,0.92
4,4.0,0,5,0.01
3,19.26,0,13,0.853
0,29.54,0,20,8.378
4,2.24,0,12,0.01
1,22.24,0,17,1.896
1,22.19,1,20,2.688
4,10.92,0,21,0.013
3,14.65,0,17,0.584
1,28.93,1,13,2.734
0,26.45,0,17,7.499
0,17.48,1,1,3.712
2,20.65,1,8,0.764
4,26.99,0,22,0.054
1,9.7,0,10,0.711
1,29.28,1,17,3.685
0,19.24,0,12,4.488
4,25.22,0,2,0.038
3,2.74,0,18,0.159
2,12.82,1,4,0.373
0,12.04,0,6,1.664
3,7.38,1,17,0.32
4,18.74,0,21,0.029
4,21.93,0,5,0.039
1,6.2,0,8,0.498
2,6.67,1,20,0.359
4,22.05,0,14,0.018
4,16.43,1,3,0.019
1,26.68,0,11,2.657
3,1.85,1,11,0.092
2,23.72,1,6,0.962
0,24.05,0,20,4.385
0,21.38,1,3,3.895
0,2.51,1,7,0.413
3,6.88,0,13,0.408
1,1.48,1,3,0.163
1,15.83,0,2,1.477
3,25.34,0,11,1.537
2,17.97,1,1,0.702
3,26.72,1,10,0.989
1,18.85,1,3,1.299
1,15.6,1,3,1.307
1,14.65,1,14,1.549
4,23.59,0,4,0.032
1,7.84,1,15,0.571
0,9.72,1,19,1.602
2,7.85,0,23,0.26
4,25.92,1,0,0.046
1,24.05,0,8,1.747
2,16.48,1,4,0.381
1,24.74,1,20,2.907
3,20.98,1,2,1.573
0,28.71,1,7,4.694
2,1.06,0,5,0.034
0,4.38,0,8,0.92
1,1.96,1,18,0.162
3,8.54,1,15,0.539
2,1.0,1,8,0.035
0,25.55,0,15,4.072
0,25.38,0,10,4.496
1,11.85,1,10,1.287
1,16.11,0,14,1.424
2,23.76,0,19,0.784
3,24.34,0,21,0.857
0,13.03,1,19,3.208
0,27.92,1,6,5.738
4,2.06,0,22,0.01
0,24.59,0,12,3.439
0,11.73,1,11,1.929
0,16.49,1,18,3.41
1,6.52,0,21,0.615
2,2.2,0,2,0.061
2,24.51,0,15,0.732
3,21.21,0,23,1.429
0,2.94,0,22,0.574
3,3.05,0,6,0.144
2,24.67,1,16,1.369
3,23.16,1,14,0.861
1,5.17,1,7,0.515
0,3.11,0,17,0.705
2,15.24,0,8,0.328
3,12.09,1,8,0.86
3,29.94,0,2,1.693
2,12.61,0,13,0.299
4,11.22,0,17,0.013
2,3.12,1,9,0.162
1,24.27,0,10,2.675
3,6.02,1,16,0.488
2,16.68,1,20,0.413
2,6.95,1,8,0.328
4,25.62,0,6,0.024
3,24.97,1,15,1.22
3,4.8,1,8,0.347
3,12.18,1,14,0.529
0,20.14,0,16,3.634
3,24.17,0,2,1.005
1,7.55,1,14,0.66
4,13.12,1,8,0.025
4,4.21,1,5,0.01
2,12.29,0,0,0.405
0,12.51,1,7,3.447
3,15.08,1,22,0.962
1,27.15,0,18,2.308
2,6.38,0,14,0.176
2,21.27,0,19,0.483
4,7.99,1,9,0.01
4,1.35,1,12,0.01
1,20.98,1,16,1.907
4,13.58,1,13,0.011
2,19.21,0,7,0.983
3,25.0,1,16,1.317
1,2.32,1,13,0.204
1,19.9,0,10,2.117
2,29.1,1,5,1.132
4,19.72,1,19,0.028
2,15.33,0,23,0.692
3,9.98,0,22,0.667
0,2.93,0,17,0.508
3,22.78,1,14,1.276
1,12.57,0,13,0.918
2,16.19,1,20,0.608
1,15.99,0,5,1.048
0,6.63,1,11,1.639
3,13.55,1,9,0.788
4,5.33,0,12,0.01
4,26.64,1,21,0.025
4,14.21,1,10,0.01
2,29.83,1,6,1.291
0,28.39,1,13,5.354
3,26.57,1,5,1.97
1,12.13,1,2,1.108
3,9.36,1,19,0.676
2,26.17,0,2,0.988
3,23.75,0,6,1.052
3,16.59,0,21,0.799
0,1.93,1,8,0.435
4,8.76,0,17,0.015
2,13.65,1,20,0.37
2,14.27,1,21,0.376
1,3.71,1,10,0.356
2,22.8,1,10,0.677
2,11.04,1,15,0.317
2,15.8,1,19,0.61
1,1.38,0,15,0.117
4,28.09,1,17,0.031
1,16.65,0,1,1.569
1,19.73,1,19,2.191
3,3.81,1,1,0.229
2,5.9,1,10,0.148
3,7.18,1,3,0.541
0,27.47,1,8,6.523
1,21.91,0,5,1.447
4,8.55,1,19,0.01
2,5.07,0,14,0.174
1,14.19,1,19,1.314
3,27.37,0,19,1.553
3,11.64,0,22,0.615
1,25.71,1,18,3.475
1,12.91,0,2,0.788
0,8.47,1,13,1.709
4,23.62,0,17,0.049
3,12.83,1,5,0.97
4,26.32,0,19,0.047
1,22.44,0,21,2.395
3,29.32,1,23,1.217
2,18.58,0,11,0.707
3,29.54,0,23,1.455
0,13.09,1,20,3.211
0,23.12,1,16,4.38
2,5.35,0,4,0.224
3,26.92,0,9,1.506
2,10.53,1,6,0.487
4,11.42,0,5,0.011
2,16.47,1,14,0.496
0,16.85,0,12,3.551
1,22.98,0,2,1.951
1,27.16,0,18,2.501
4,11.02,1,6,0.015
4,19.59,0,16,0.014
2,5.66,0,17,0.208
4,21.83,1,5,0.032
2,8.1,1,4,0.435
1,13.36,0,13,1.064
4,17.63,1,16,0.026
3,1.63,0,16,0.104
3,27.17,0,14,0.945
3,17.66,0,7,1.018
4,10.3,1,13,0.01
2,7.82,0,7,0.385
4,14.88,0,22,0.017
2,26.59,0,11,0.66
1,21.0,1,9,2.317
2,21.06,0,2,0.864
0,18.34,0,6,3.55
3,14.29,1,20,0.995
1,16.07,1,1,1.846
0,6.43,0,6,1.142
2,2.02,0,4,0.084
4,14.28,1,6,0.023
0,28.5,0,10,4.146
3,7.73,0,16,0.314
3,6.26,0,20,0.41
2,4.92,0,16,0.175
4,12.6,1,9,0.014
2,25.22,0,10,0.774
4,7.39,1,21,0.01
2,12.01,1,13,0.43
4,4.68,1,0,0.01
2,24.2,1,23,0.891
2,25.13,0,6,0.658
1,17.74,1,21,1.747
2,22.78,1,23,0.529
0,21.85,0,8,3.48
3,6.85,1,10,0.344
4,28.67,0,10,0.032
1,18.14,1,12,1.948
1,22.27,0,14,1.661
4,3.33,1,10,0.01
3,24.03,1,12,1.305
0,1.0,0,17,0.211
2,8.05,0,14,0.285
0,19.07,0,20,5.703
2,22.29,1,20,0.709
1,19.02,1,10,1.975
4,25.21,0,15,0.038
0,6.4,1,21,1.668
1,18.82,1,13,1.53
4,8.11,1,13,0.01
1,29.15,0,16,2.084
3,2.99,1,17,0.121
3,9.09,0,22,0.492
2,18.57,1,4,0.87
0,13.82,1,23,3.719
2,5.44,1,19,0.179
2,5.38,0,21,0.227
4,22.75,1,18,0.05
0,28.83,0,3,6.769
1,17.8,0,16,1.128
2,6.11,0,19,0.183
3,1.11,0,3,0.075
3,29.0,0,2,0.969
0,26.27,0,18,6.963
2,18.21,1,5,0.713
3,21.57,1,11,1.239
3,16.01,1,3,0.837
4,29.72,0,4,0.021
3,9.49,0,17,0.563
1,25.67,1,7,2.023
2,18.04,0,7,0.73
1,26.74,0,21,1.986
2,21.51,1,11,0.635
1,22.56,0,0,1.944
0,26.91,0,8,6.377
0,14.5,1,0,2.753
4,13.79,1,2,0.019
2,13.53,1,15,0.503
3,1.13,0,10,0.054
3,18.44,0,19,0.974
1,14.11,0,19,1.454
3,6.88,1,10,0.344
4,1.83,0,11,0.01
3,5.88,1,21,0.211
2,16.8,0,21,0.5
1,18.49,0,22,1.266
2,28.87,1,8,1.166
1,16.85,0,0,1.13
1,6.56,0,13,0.394
4,16.71,0,22,0.026
1,19.55,1,0,2.348
2,14.72,0,2,0.37
0,19.01,0,17,4.229
2,27.38,0,17,0.616
1,13.54,0,22,1.285
1,1.59,1,12,0.155
3,15.89,1,20,1.03
1,3.12,1,6,0.303
3,6.42,0,3,0.285
4,14.19,1,2,0.012
2,9.26,0,12,0.268
4,18.17,1,11,0.032
2,26.92,1,2,0.68
2,17.81,1,3,0.68
2,9.63,1,22,0.277
4,21.95,0,11,0.046
1,3.0,1,18,0.227
2,17.31,0,15,0.529
2,12.62,0,14,0.583
0,25.04,0,17,5.428
3,11.86,0,16,0.625
0,9.7,1,1,2.032
3,13.11,1,17,0.56
0,28.87,0,17,4.431
1,4.73,1,12,0.35
0,9.85,0,0,2.526
0,26.69,0,14,3.354
4,6.26,1,11,0.01
4,26.2,1,12,0.028
0,24.33,0,17,5.127
2,17.89,1,14,0.737
3,8.61,1,16,0.467
4,29.61,1,23,0.029
2,22.88,0,21,0.936
3,20.56,1,0,1.015
2,12.24,1,16,0.684
3,23.56,1,7,0.96
2,10.3,0,11,0.492
3,9.06,1,0,0.56
2,20.73,0,12,0.484
1,5.22,0,12,0.513
4,27.0,1,11,0.044
3,14.8,0,1,0.731
4,14.56,0,17,0.028
4,16.42,0,7,0.025
3,29.07,1,14,1.174
4,2.73,1,10,0.01
2,12.23,0,4,0.256
3,20.08,1,18,1.434
1,14.67,1,20,1.435
2,17.38,1,2,0.512
0,29.37,0,9,5.923
0,14.22,0,5,3.397
3,28.69,0,19,1.446
2,19.88,1,23,1.099
0,18.85,1,9,4.137
1,20.76,1,20,2.577
1,10.3,1,21,1.142
3,3.27,0,14,0.171
1,3.67,1,12,0.379
2,29.34,0,8,1.299
3,0.84,0,21,0.05
1,14.91,0,7,1.183
0,8.32,1,9,2.33
1,22.31,0,19,1.969
4,8.64,1,6,0.01
0,21.85,1,19,6.901
4,0.81,1,11,0.01
3,21.48,0,13,1.238
3,0.62,0,8,0.028
1,23.87,1,14,1.846
4,26.77,1,12,0.06
4,6.67,1,16,0.01
1,25.82,1,1,2.103
1,19.14,1,22,2.019
3,1.29,1,5,0.078
1,3.68,1,23,0.381
2,22.6,0,23,1.003
1,12.26,0,6,0.938
2,16.39,0,12,0.677
1,11.47,0,3,0.825
0,18.22,0,16,4.328
2,21.37,1,16,0.592
1,26.25,1,4,2.33
3,19.86,1,9,1.011
0,2.77,0,4,0.494
0,16.19,0,19,3.912
0,12.61,1,4,3.591
4,29.82,1,7,0.033
4,12.88,1,16,0.019
2,10.61,1,9,0.444
3,6.58,1,0,0.331
4,2.61,0,17,0.01
3,26.24,0,13,1.497
2,21.6,1,22,0.837
4,8.11,1,17,0.016
0,3.79,1,4,0.988
3,16.02,0,2,0.646
2,4.89,0,9,0.198
0,7.14,1,19,1.934
0,28.61,1,11,6.302
0,10.73,0,4,2.635
1,8.6,0,17,0.996
0,13.57,1,2,3.511
0,6.8,1,23,1.266
2,14.12,1,0,0.783
3,1.96,0,6,0.118
0,22.23,0,4,5.356
4,21.81,0,18,0.023
4,23.84,0,0,0.039
2,11.18,1,19,0.568
3,14.91,1,18,0.623
4,24.52,0,19,0.05
4,7.33,1,8,0.015
2,27.71,1,16,1.325
0,16.5,1,19,4.118
4,1.53,0,3,0.01
2,14.95,0,17,0.386
4,12.39,0,19,0.012
1,22.12,1,22,2.354
1,22.92,1,15,2.423
3,11.72,1,20,0.612
0,18.84,0,9,5.108
1,20.05,0,15,1.397
2,22.31,0,12,0.816
0,6.15,0,18,1.105
4,28.74,1,8,0.06
4,10.77,0,5,0.012
2,25.62,0,18,0.803
2,27.69,0,4,1.014
0,4.92,1,16,0.752
3,6.09,0,11,0.26
2,17.28,1,21,0.818
1,2.7,1,7,0.256
1,18.93,1,4,1.352
1,2.4,1,3,0.18
1,23.84,1,0,2.066
3,7.79,0,8,0.531
2,3.73,1,14,0.134
0,5.99,0,2,0.986
0,14.77,0,13,3.741
2,24.74,0,1,0.916
1,9.83,1,17,0.839
1,10.06,1,11,0.967
0,13.11,0,16,2.425
4,11.22,1,18,0.01
0,12.17,1,7,3.001
2,18.61,0,20,0.817
0,22.24,1,7,5.927
2,14.72,1,18,0.561
2,24.32,0,12,0.505
3,8.56,0,7,0.368
2,22.18,0,1,0.486
4,0.54,0,2,0.01
2,11.04,1,1,0.292
3,23.46,1,9,0.875
0,19.78,1,8,4.814
1,20.4,1,23,1.673
4,6.02,1,10,0.011
0,8.51,0,14,2.086
3,25.56,0,22,0.933
0,14.58,1,21,2.297
3,8.48,1,9,0.406
4,4.92,0,17,0.01
4,21.5,0,19,0.025
1,22.2,1,8,2.333
4,23.56,0,15,0.014
1,6.68,0,23,0.552
0,28.77,0,16,7.042
1,15.61,1,15,1.283
0,0.86,0,3,0.15
2,19.51,1,7,0.992
2,20.57,0,2,0.655
0,6.07,1,18,1.146
2,5.8,0,20,0.14
2,3.24,1,16,0.135
3,16.96,0,2,1.067
3,18.61,0,7,1.17
1,13.8,1,4,1.147
2,29.32,0,6,1.037
4,5.8,0,4,0.01
2,17.75,1,15,0.599
2,16.38,0,22,0.418
0,16.91,0,16,2.997
3,14.19,1,11,1.126
0,6.28,0,10,1.813
0,3.68,1,22,0.941
0,26.04,0,8,3.989
3,25.15,1,15,0.946
0,13.49,0,5,1.705
2,6.13,0,14,0.201
4,15.42,0,14,0.019
1,27.37,0,1,2.28
0,24.26,0,7,3.363
3,2.49,1,2,0.187
4,28.55,0,15,0.054
2,5.28,0,17,0.107
2,27.1,1,5,0.744
4,8.71,0,0,0.019
1,2.61,0,13,0.247
3,13.31,0,11,0.625
4,14.33,1,18,0.011
2,3.95,0,17,0.119
0,3.42,1,3,0.598
3,24.08,0,11,1.69
4,26.33,0,22,0.029
0,26.89,0,20,7.438
4,20.57,0,0,0.037
4,24.53,1,15,0.045
3,19.64,0,16,1.22
2,10.76,1,2,0.373
2,17.91,0,11,0.93
0,25.53,0,5,6.186
1,27.11,1,13,2.152
2,24.19,1,5,0.757
2,4.0,0,6,0.145
1,29.65,0,21,2.081
4,19.93,1,19,0.028
3,5.74,1,8,0.383
4,24.83,0,7,0.039
1,27.02,1,9,3.668
1,28.07,1,14,3.036
1,2.26,1,7,0.17
3,4.53,0,17,0.204
3,7.19,0,5,0.416
2,16.96,0,5,0.531
2,13.96,0,17,0.471
4,21.46,1,18,0.023
4,5.92,0,0,0.01
4,23.87,1,10,0.026
2,26.53,0,12,0.549
1,7.27,0,0,0.447
3,1.74,1,14,0.119
0,26.5,1,0,5.662
0,12.32,1,0,2.341
4,24.77,1,19,0.048
1,11.18,0,5,1.058
3,24.47,1,11,1.154
1,24.61,0,7,2.35
3,28.04,1,3,1.187
2,11.32,1,19,0.468
4,16.48,1,14,0.027
2,14.84,1,23,0.573
4,22.22,0,20,0.014
1,24.04,1,5,2.131
0,14.29,0,20,2.112
3,5.03,1,10,0.207
1,17.1,0,15,1.537
4,24.15,0,2,0.014
3,9.94,1,17,0.403
3,5.42,1,18,0.275
4,22.84,1,14,0.024
2,1.49,0,17,0.063
2,7.08,0,10,0.302
2,26.46,1,21,0.874
0,2.76,0,7,0.389
0,20.77,1,19,3.9
2,28.14,1,22,1.023
0,2.95,1,17,0.506
2,5.07,0,16,0.174
3,17.12,0,23,0.664
0,29.48,0,3,6.974
2,13.2,0,18,0.37
0,27.83,1,18,6.774
3,5.13,0,20,0.206
3,5.72,1,9,0.368
0,6.29,1,7,1.626
4,10.88,0,21,0.019
2,28.23,0,0,1.173
4,7.66,0,21,0.013
1,4.08,0,2,0.371
2,22.39,1,15,0.902
0,15.77,1,20,2.978
1,24.63,0,3,1.586
1,12.48,1,12,1.117
0,1.89,1,17,0.486
3,19.81,0,20,1.261
2,8.78,1,19,0.395
1,3.41,0,10,0.405
0,1.41,1,5,0.206
1,24.53,0,11,2.939
1,25.42,0,15,2.319
4,23.65,0,14,0.026
3,13.89,0,17,0.637
4,5.05,1,6,0.01
4,16.28,0,22,0.01
4,14.98,1,10,0.031
1,3.86,1,17,0.363
2,14.29,0,21,0.378
0,19.4,1,1,5.037
1,24.97,0,13,1.601
0,13.21,0,7,3.434
1,23.78,0,17,2.081
1,1.14,1,13,0.125
3,24.62,1,3,0.926
1,15.83,1,12,1.458
0,8.07,0,11,1.331
3,3.78,1,20,0.231
0,13.72,0,1,3.104
3,1.69,0,9,0.09
1,26.95,1,8,2.846
1,12.48,0,11,0.903
3,21.49,0,19,1.515
1,19.78,1,0,1.638
1,29.24,1,10,3.713
0,9.65,1,21,2.609
2,23.4,0,21,0.717
2,6.2,1,4,0.26
3,17.62,0,22,0.646
2,7.76,1,22,0.343
3,26.81,0,6,1.421
0,27.81,1,13,7.376
2,4.9,0,10,0.237
0,13.61,1,11,2.89
3,25.16,1,16,1.38
2,21.9,1,14,1.103
1,29.67,1,0,3.33
0,11.92,1,7,2.492
2,26.0,0,19,0.79
1,16.78,0,3,1.718
3,27.14,1,23,2.238
2,27.19,1,15,0.991
0,7.99,1,16,1.174
0,1.4,0,20,0.351
2,26.27,1,12,0.854
0,18.16,0,1,3.792
3,12.93,1,5,0.553
1,20.88,0,8,2.332
4,20.84,1,5,0.018
4,21.62,1,10,0.029
1,27.39,1,7,2.502
1,18.39,0,19,1.915
4,1.27,1,12,0.01
1,28.7,1,4,2.655
4,11.68,1,4,0.021
4,8.89,0,10,0.01
0,27.27,1,1,5.317
0,18.19,0,17,2.532
1,18.67,1,11,2.188
0,19.55,1,3,4.836
0,18.75,1,2,5.088
2,28.08,0,0,0.926
3,3.97,1,16,0.327
3,24.51,1,2,1.812
3,25.38,0,16,1.378
0,12.15,0,6,1.459
4,17.15,1,20,0.019
0,0.51,1,15,0.134
2,14.56,0,11,0.538
3,10.07,0,23,0.339
1,22.84,0,0,2.015
1,6.82,0,14,0.434
1,27.62,1,10,3.412
3,23.44,0,15,0.801
4,19.43,0,5,0.017
0,24.25,0,4,5.436
3,18.97,1,10,1.431
3,28.36,1,3,1.414
2,4.19,0,5,0.21
2,8.76,0,1,0.461
3,13.27,1,10,0.606
3,4.39,0,15,0.257
1,10.99,0,10,0.888
1,25.1,0,15,2.352
0,1.8,1,5,0.531
4,0.67,1,19,0.01
3,28.81,0,1,1.162
4,2.99,0,12,0.01
2,26.9,0,7,1.253
2,19.96,1,8,0.834
2,26.47,0,7,0.737
3,24.51,1,20,1.172
0,21.33,1,12,4.721
0,12.0,0,21,2.238
1,28.94,1,13,2.021
4,6.94,0,6,0.01
0,13.15,1,16,2.345
1,1.86,0,17,0.167
0,6.83,1,17,1.545
1,9.67,1,23,0.915
2,10.19,0,5,0.298
3,13.52,1,8,0.7
0,28.67,0,7,6.285
1,22.76,0,20,1.67
1,19.98,0,11,1.84
4,18.38,1,21,0.024
0,22.2,1,12,5.247
4,25.96,1,7,0.037
4,15.84,1,12,0.012
2,1.55,1,15,0.074
4,19.08,0,23,0.025
3,18.46,0,16,0.999
1,27.89,1,16,2.611
3,22.76,1,5,0.902
1,13.88,1,20,1.672
3,17.43,1,20,0.656
1,9.31,0,21,0.716
3,10.39,0,19,0.551
0,10.98,0,8,2.746
0,22.58,1,8,3.329
0,2.37,1,17,0.41
1,19.94,0,21,1.872
2,22.67,0,5,1.029
4,2.81,0,19,0.01
3,3.98,1,11,0.282
1,14.18,1,2,1.283
0,28.64,1,5,4.237
4,12.53,0,23,0.015
2,2.67,1,12,0.082
0,8.3,1,13,2.324
2,19.22,0,22,0.877
3,9.25,0,11,0.591
2,3.73,1,12,0.104
4,8.96,1,5,0.011
2,25.49,0,10,0.901
1,28.34,0,6,2.163
0,8.26,0,4,1.377
3,21.85,1,6,1.163
0,7.09,1,22,1.778
4,19.61,1,6,0.023
1,21.33,1,1,1.619
4,22.36,0,21,0.032
2,4.6,1,2,0.23
4,27.17,1,17,0.049
2,10.98,0,7,0.386
4,4.95,1,7,0.01
0,19.83,0,16,3.828
2,27.1,0,15,1.167
4,21.52,0,7,0.014
2,5.66,0,6,0.269
0,4.82,0,13,0.89
2,3.03,1,7,0.155
3,20.85,0,13,1.248
2,5.79,1,6,0.303
3,3.32,1,0,0.195
1,19.47,1,21,1.733
3,8.34,1,10,0.324
4,17.22,1,2,0.023
0,26.97,1,2,3.929
2,0.91,1,5,0.051
0,2.87,0,4,0.383
4,1.18,0,6,0.01
1,23.18,0,20,2.089
3,2.69,1,16,0.169
3,6.51,1,19,0.267
0,10.73,1,2,2.294
2,29.62,0,19,0.732
1,14.59,0,19,1.562
2,6.6,0,10,0.262
1,14.67,0,19,1.342
4,27.07,1,7,0.031
1,17.78,1,12,1.406
3,7.84,0,16,0.367
2,5.89,0,18,0.119
2,16.81,1,20,0.71
1,16.2,1,23,1.521
1,7.18,0,5,0.568
2,2.79,1,3,0.122
0,19.09,0,18,3.08
3,25.79,1,7,1.18
2,4.71,0,5,0.159
0,6.92,0,15,1.132
0,19.34,1,17,4.626
1,9.14,0,20,1.007
2,26.07,1,10,1.224
4,8.59,1,16,0.017
4,28.65,0,8,0.057
4,21.28,0,19,0.03
1,10.63,1,11,1.365
3,21.71,0,5,0.926
4,24.15,1,10,0.04
2,22.39,0,20,0.791
3,20.4,0,15,1.299
0,12.84,0,6,2.863
2,0.85,0,13,0.029
2,7.65,0,1,0.334
1,14.52,1,13,1.465
4,13.23,1,22,0.024
1,7.92,0,6,0.485
3,19.4,0,10,1.322
4,19.71,0,3,0.022
1,29.96,0,21,2.901
0,9.28,1,18,2.819
1,18.7,1,17,1.723
3,3.2,0,12,0.125
3,24.62,0,17,0.753
0,19.35,0,7,2.488
1,26.06,0,0,2.434
3,2.45,1,19,0.132
0,9.05,1,7,2.184
2,0.89,1,5,0.026
2,27.83,1,19,0.97
3,24.21,1,19,1.636
0,29.57,0,22,7.213
2,22.39,1,20,1.17
3,22.48,1,21,1.241
0,2.53,1,5,0.625
4,16.74,0,9,0.021
1,13.66,0,12,0.95
3,28.0,1,12,1.252
0,10.12,1,6,2.937
4,6.74,1,23,0.01
0,22.61,0,9,6.309
2,1.82,1,6,0.06
2,24.14,1,11,1.213
4,26.54,0,19,0.014
0,27.31,0,18,7.979
4,19.87,1,20,0.026
4,28.64,0,10,0.053
3,15.43,0,11,0.748
2,22.58,1,10,0.824
3,18.7,1,23,1.233
1,25.27,0,18,2.124
3,19.68,0,11,0.949
0,11.95,1,7,2.952
0,9.84,0,10,1.466
1,3.38,1,4,0.256
4,14.41,0,17,0.028
1,2.22,1,19,0.23
4,20.06,1,3,0.038
1,13.58,1,15,1.431
4,19.36,1,4,0.028
4,29.82,1,2,0.051
0,3.46,1,18,0.884
1,5.81,0,21,0.643
3,23.51,1,22,1.823
2,29.37,1,5,0.702
4,26.88,1,23,0.026
2,29.91,1,20,0.748
1,16.24,0,12,1.19
4,17.96,0,22,0.037
4,24.5,1,9,0.027
3,15.47,0,0,0.841
3,8.66,1,21,0.346
3,14.03,1,15,1.031
3,15.94,1,21,0.921
3,5.43,1,10,0.278
2,22.49,1,19,1.112
4,11.42,0,3,0.017
1,12.21,0,10,0.951
2,17.09,1,20,0.541
0,14.98,1,21,4.725
4,1.97,0,11,0.01
4,22.9,0,16,0.035
3,0.98,0,8,0.041
0,24.0,0,2,6.26
2,20.47,0,16,0.846
1,15.83,0,13,1.031
2,18.89,0,9,0.631
4,4.12,0,21,0.01
4,8.35,1,9,0.019
2,1.1,1,20,0.04
4,20.12,1,1,0.042
0,7.79,1,13,1.545
4,29.25,1,23,0.061
2,19.38,0,19,0.854
1,4.2,1,22,0.417
1,2.82,1,23,0.261
1,4.93,0,23,0.418
1,9.33,1,14,0.667
0,20.47,1,19,3.387
0,27.04,0,14,5.183
4,12.23,1,3,0.011
3,16.43,0,10,0.525
2,18.86,0,1,0.96
0,28.2,1,3,4.923
4,6.83,0,4,0.01
4,28.62,1,10,0.017
2,16.52,0,17,0.591
3,4.32,0,4,0.226
3,15.18,0,1,0.507
3,3.23,1,16,0.241
4,20.51,1,4,0.021
2,12.48,1,21,0.585
1,23.65,1,20,2.697
0,16.77,1,17,3.104
3,17.82,0,14,1.092
1,26.97,0,22,2.241
2,27.99,0,22,1.201
3,25.19,1,6,1.305
1,22.84,0,5,1.927
2,28.09,0,18,0.67
2,7.9,0,20,0.373
0,12.98,1,16,1.924
4,14.34,0,7,0.026
4,11.21,1,9,0.01
3,1.34,0,12,0.089
3,5.91,1,22,0.227
0,10.93,1,1,2.629
2,17.95,1,19,0.916
0,18.4,0,15,2.68
0,26.81,0,16,3.859
1,29.19,0,11,2.682
3,18.43,1,6,0.799
2,18.09,1,14,0.89
0,5.35,0,18,1.352
3,25.59,1,4,1.626
3,5.66,1,20,0.271
2,28.23,0,3,0.86
1,28.28,1,9,3.08
2,10.14,0,15,0.403
0,15.24,0,4,2.339
2,12.44,0,18,0.477
0,21.51,0,4,3.464
1,23.98,0,21,2.135
0,28.22,1,14,5.012
3,14.96,1,13,0.933
0,15.97,1,5,2.315
4,12.57,1,17,0.015
0,20.83,0,8,4.398
4,19.46,1,6,0.038
1,5.01,1,20,0.468
2,9.19,0,14,0.483
0,9.99,0,4,2.538
3,15.32,1,0,1.116
4,20.31,1,6,0.042
1,28.57,0,10,2.176
0,24.47,0,15,5.962
4,11.2,1,15,0.025
1,1.54,1,16,0.139
0,1.16,0,15,0.239
3,4.61,0,2,0.277
1,24.79,1,11,2.501
3,6.21,0,15,0.324
4,20.71,0,7,0.023
1,6.55,0,14,0.516
3,16.0,1,20,0.73
1,26.21,1,4,2.224
2,1.8,0,19,0.062
0,28.62,1,19,8.87
2,4.09,1,2,0.143
3,4.26,0,1,0.214
3,2.56,1,14,0.15
4,8.92,0,18,0.01
0,16.52,1,10,4.106
2,29.92,1,11,1.573
3,11.64,1,19,0.716
1,17.39,1,2,1.767
1,29.31,1,17,3.831
3,14.31,0,11,0.679
3,7.28,0,23,0.341
1,27.74,0,1,1.894
1,22.14,0,9,2.366
2,23.46,0,18,1.102
0,3.68,0,3,0.636
0,3.53,1,11,1.121
4,9.28,0,0,0.018
1,19.43,0,4,1.597
1,15.15,0,10,1.702
3,1.35,0,12,0.063
3,26.73,0,23,0.859
2,12.84,1,23,0.609
4,7.8,0,14,0.01
4,6.54,0,7,0.01
4,10.58,0,2,0.015
2,11.81,0,18,0.404
2,9.79,0,21,0.328
1,4.09,1,0,0.395
2,13.43,1,19,0.329
4,9.96,1,14,0.01
2,22.22,0,3,0.649
1,8.46,1,3,0.742
1,18.77,1,8,2.51
4,23.31,0,21,0.019
0,14.2,0,10,2.651
3,4.58,1,23,0.234
1,16.59,0,15,1.069
3,2.82,0,6,0.196
3,3.52,0,6,0.188
4,23.49,1,2,0.05
1,3.92,0,4,0.258
0,3.0,1,6,0.69
1,22.91,1,11,2.122
4,19.73,0,1,0.017
4,4.57,1,10,0.01
3,21.16,0,8,1.0
0,14.93,1,10,3.185
1,21.08,0,7,1.491
0,13.52,1,2,3.131
3,29.35,1,1,2.432
1,18.82,0,17,1.987
0,22.0,1,16,6.447
2,28.45,1,10,0.975
0,1.39,0,3,0.201
4,26.73,0,17,0.049
4,24.25,1,12,0.035
4,21.54,1,11,0.027
4,16.28,0,6,0.031
1,16.54,0,11,1.813
4,3.97,0,1,0.01
2,10.12,1,2,0.486
0,19.0,0,19,4.528
2,2.95,0,8,0.147
3,27.23,0,10,1.345
0,2.14,0,2,0.499
0,25.85,0,13,5.252
0,8.48,1,7,1.557
3,13.09,0,3,0.739
3,25.48,1,21,1.966
2,0.94,1,4,0.029
1,23.56,1,0,1.783
0,20.19,1,3,3.507
4,21.27,0,5,0.014
2,11.7,0,22,0.466
2,7.22,1,17,0.205
1,3.1,0,1,0.234
2,4.57,1,3,0.105
0,17.63,1,1,3.644
1,6.64,1,5,0.484
0,22.76,0,21,3.632
3,20.69,1,21,0.967
2,11.92,1,5,0.541
3,1.1,0,0,0.04
4,26.19,1,7,0.055
2,9.49,1,17,0.223
3,7.35,1,2,0.306
1,21.08,0,14,1.812
0,2.14,0,17,0.517
4,10.93,1,16,0.01
1,1.07,0,7,0.097
3,19.45,1,1,1.348
3,0.69,1,22,0.033
0,2.46,0,1,0.462
4,6.33,1,3,0.014
2,0.89,1,18,0.025
0,9.54,1,1,1.977
1,8.35,0,20,0.653
0,29.38,0,21,7.003
3,26.81,0,7,1.839
2,28.94,0,5,1.426
3,11.77,1,23,0.474
2,13.12,1,10,0.49
0,12.61,0,19,3.115
3,11.98,1,16,0.695
4,25.43,1,4,0.044
2,23.56,1,11,0.763
1,8.41,1,9,0.672
3,14.85,1,0,0.523
3,23.53,1,12,1.647
3,22.88,1,3,1.109
1,1.09,1,23,0.104
1,26.05,0,10,2.427
4,4.94,1,23,0.01
2,7.31,0,5,0.264
4,25.3,0,10,0.027
1,10.01,1,9,1.193
4,25.25,1,14,0.03
2,23.75,0,4,0.504
3,4.02,1,14,0.172
1,16.73,1,12,1.85
1,20.13,0,8,1.984
3,12.41,1,12,0.876
2,12.81,0,7,0.623
4,10.98,0,13,0.022
1,24.42,1,3,2.659
2,13.62,1,6,0.533
2,4.67,1,20,0.176
0,23.81,0,22,3.9
1,9.98,1,11,0.897
1,20.32,0,2,1.647
1,18.72,1,8,1.501
1,7.61,0,7,0.661
1,14.91,0,13,1.057
1,3.21,0,15,0.318
2,14.74,1,19,0.483
0,6.61,0,13,1.726
1,2.08,1,21,0.246
1,4.68,1,19,0.404
3,26.44,1,17,1.432
2,10.01,0,0,0.367
1,4.25,0,18,0.415
4,29.92,1,16,0.028
3,20.8,1,18,0.809
4,8.18,1,21,0.01
0,9.83,0,14,1.964
4,24.69,1,7,0.025
3,7.64,1,9,0.346
4,5.32,0,23,0.01
2,20.46,1,4,0.56
3,11.26,0,0,0.574
1,17.92,0,21,1.654
4,0.52,0,9,0.01
1,12.59,1,21,1.001
0,12.03,1,17,3.025
1,18.39,1,9,1.809
1,8.02,0,13,0.506
4,12.41,0,13,0.01
2,8.97,0,0,0.389
2,8.55,1,11,0.381
4,29.11,0,7,0.053
4,18.37,0,11,0.03
4,29.71,0,1,0.029
4,17.44,1,4,0.041
4,25.67,1,0,0.016
2,22.28,0,16,0.716
4,21.49,0,23,0.027
2,27.65,1,5,1.49
0,8.86,1,1,2.083
1,6.64,1,1,0.77
2,18.72,1,5,0.97
0,11.0,1,4,2.827
2,11.25,0,9,0.357
3,18.32,0,16,0.682
1,1.21,1,17,0.096
4,27.82,0,14,0.042
0,18.9,0,9,3.925
4,2.52,0,10,0.01
2,14.76,1,8,0.709
3,25.96,1,12,1.091
2,10.5,0,21,0.414
0,11.31,1,6,2.149
1,10.3,1,19,0.891
3,27.45,0,15,0.912
1,27.86,1,19,2.101
3,13.59,1,14,0.998
1,27.38,1,4,2.379
2,14.37,0,1,0.441
4,9.86,0,23,0.01
0,1.88,0,20,0.414
0,19.22,1,5,3.819
2,5.64,0,23,0.167
3,1.51,0,10,0.083
4,0.93,0,11,0.01
0,23.95,1,6,3.983
3,6.17,1,12,0.228
3,6.09,1,5,0.501
2,7.73,1,0,0.445
3,24.83,0,16,1.633
4,13.73,0,15,0.023
3,3.45,1,10,0.263
2,26.47,1,6,0.914
4,15.12,0,0,0.017
0,12.5,0,11,2.897
2,21.41,0,13,0.959
0,28.29,1,8,6.153
1,4.16,1,11,0.434
3,22.55,1,22,0.787
4,29.53,1,10,0.055
2,27.57,0,11,1.199
1,6.62,0,3,0.42
3,7.9,1,2,0.519
3,24.16,0,1,1.414
1,19.71,0,14,1.384
4,21.71,1,0,0.041
3,6.85,1,7,0.353
1,2.26,1,14,0.182
4,8.68,0,7,0.012
3,6.98,0,1,0.264
4,23.74,1,13,0.027
1,15.63,0,2,1.242
3,8.26,0,11,0.413
2,19.4,0,6,0.916
2,7.49,1,1,0.441
1,7.83,0,10,0.923
1,22.05,1,1,2.27
3,8.94,0,16,0.513
2,22.12,1,7,1.258
0,7.57,0,6,1.042
1,2.79,0,23,0.252
4,9.21,1,7,0.016
1,7.02,1,12,0.495
4,25.77,1,14,0.028
0,17.77,1,13,2.782
0,26.11,1,15,5.151
3,23.41,0,7,1.028
2,25.4,0,1,1.098
1,1.44,1,11,0.189
1,1.98,0,21,0.213
1,8.88,0,4,0.94
3,17.14,0,8,0.988
1,18.59,1,1,1.948
0,10.55,0,5,1.475
0,3.64,0,10,0.606
1,24.54,0,20,2.112
2,20.15,0,10,0.561
0,9.02,0,2,2.001
4,13.31,0,15,0.021
4,6.15,1,0,0.012
1,27.92,1,6,2.539
4,16.78,1,11,0.022
1,2.06,1,3,0.151
0,0.84,0,0,0.132
0,26.13,1,23,5.521
4,12.54,1,17,0.012
2,21.92,0,22,0.598
1,19.16,0,21,1.53
0,9.46,1,22,2.21
3,12.94,1,8,0.809
3,14.54,1,2,0.635
2,16.2,1,0,0.514
2,27.37,1,13,1.152
0,18.35,1,16,3.062
2,18.4,0,2,0.526
1,15.28,0,22,1.463
3,7.38,0,19,0.542
0,28.02,0,23,4.999
4,27.26,0,18,0.035
1,22.36,1,17,2.121
3,25.32,0,9,1.585
4,4.18,1,19,0.01
2,8.3,1,21,0.393
0,5.74,1,3,1.277
0,1.13,0,18,0.232
2,4.56,0,23,0.111
1,2.31,1,15,0.25
2,20.87,0,21,0.779
4,12.55,0,13,0.022
0,9.3,0,22,2.39
0,18.59,0,5,3.909
3,2.72,0,5,0.096
2,14.54,1,3,0.767
0,16.89,1,1,3.068
3,29.38,1,7,1.532
3,29.86,0,14,1.959
4,21.64,1,17,0.025
3,26.04,0,22,1.841
1,3.08,0,12,0.273
3,1.13,1,1,0.063
4,19.08,1,20,0.039
4,9.39,0,15,0.019
3,15.17,0,17,0.925
2,25.09,0,16,1.187
3,23.42,1,14,1.754
1,25.06,0,18,2.347
2,15.65,1,3,0.561
4,19.64,1,10,0.023
2,3.14,1,12,0.16
0,20.4,1,16,3.823
0,24.11,1,7,5.446
4,12.35,1,6,0.01
3,22.85,1,23,1.337
2,21.72,1,23,0.52
0,19.61,0,16,3.38
2,18.0,0,4,0.592
2,17.72,0,2,0.479
1,7.82,1,14,0.653
0,9.61,1,10,2.148
4,11.33,0,16,0.022
3,21.78,1,3,0.809
4,26.87,0,23,0.049
2,20.81,0,22,0.756
1,28.54,0,9,2.56
1,28.58,0,19,3.285
4,25.24,0,12,0.036
2,16.22,0,17,0.631
3,10.86,1,7,0.503
2,22.91,0,15,0.995
4,9.47,0,15,0.01
1,8.27,0,19,0.742
3,18.47,1,15,0.866
2,14.49,0,10,0.648
4,1.81,0,4,0.01
2,2.91,0,1,0.094
0,29.69,1,17,5.974
1,2.81,1,20,0.23
1,16.68,0,15,0.969
2,18.0,0,8,0.49
4,6.52,1,23,0.01
4,23.48,0,8,0.035
1,28.91,1,13,2.398
3,8.4,0,1,0.581
2,25.27,1,17,0.873
1,10.93,0,1,1.149
0,13.05,1,11,2.977
2,6.32,0,3,0.189
2,5.41,1,0,0.179
2,26.77,0,16,0.974
2,16.52,1,9,0.432
3,16.43,0,16,0.99
0,24.07,0,9,3.906
2,7.04,1,18,0.241
3,19.32,0,22,1.123
2,25.17,0,2,1.159
3,20.52,0,23,1.343
3,27.6,1,7,1.08
0,9.64,1,5,1.704
4,5.14,0,6,0.01
1,27.76,1,19,2.584
2,27.87,0,9,1.275
0,8.3,1,11,1.868
4,15.94,0,2,0.024
0,6.87,1,9,1.797
3,1.14,1,2,0.069
4,9.24,0,9,0.012
0,27.24,0,9,7.054
0,21.91,1,23,4.946
2,22.75,1,10,0.524
1,20.85,1,3,2.178
2,13.28,1,6,0.408
1,11.31,1,10,1.386
2,14.04,1,15,0.645
0,25.91,0,4,4.225
1,1.45,0,5,0.094
0,18.48,0,9,3.95
3,26.36,0,5,1.811
3,0.94,1,12,0.069
3,19.33,1,18,1.484
0,23.06,1,5,4.266
3,10.24,0,16,0.465
4,22.64,1,6,0.039
2,22.49,1,12,0.852
3,19.48,1,22,1.587
3,4.32,0,9,0.149
2,3.0,0,14,0.089
3,23.72,0,6,0.733
2,7.81,1,0,0.28
3,23.3,1,22,1.027
0,23.76,0,7,3.967
3,16.62,1,21,0.854
2,21.14,1,23,0.593
4,18.67,1,18,0.019
1,17.12,1,14,1.402
0,7.58,1,21,1.36
1,22.13,0,20,1.756
4,18.61,1,3,0.038
2,26.33,1,20,0.722
0,0.94,1,16,0.155
1,0.88,0,6,0.086
4,1.68,0,17,0.01
1,15.03,1,20,1.757
3,11.92,0,10,0.46
2,8.43,0,2,0.327
0,16.94,1,17,2.889
4,14.41,0,4,0.011
2,16.91,0,23,0.808
3,6.79,0,9,0.206
1,21.06,0,0,1.466
3,10.56,1,4,0.788
1,21.69,1,1,1.939
4,26.85,0,12,0.02
1,12.16,1,7,0.8
1,1.2,1,5,0.083
2,5.05,0,16,0.211
4,27.58,1,1,0.052
2,9.1,0,18,0.232
3,28.06,0,15,1.105
3,8.67,1,7,0.457
4,9.45,0,9,0.01
4,4.4,1,6,0.01
4,1.84,1,1,0.01
0,5.96,1,3,0.864
0,11.11,0,6,1.394
2,24.03,0,8,1.031
1,28.52,0,21,3.222
4,13.28,0,18,0.016
2,10.07,0,20,0.328
3,15.17,0,2,0.687
4,4.67,1,14,0.01
0,6.16,1,19,1.574
3,2.1,0,1,0.12
4,22.33,1,6,0.026
0,1.23,1,2,0.191
2,13.1,1,9,0.683
4,3.75,0,17,0.01
3,19.41,0,22,1.151
3,27.74,0,3,1.438
1,6.0,1,2,0.552
4,21.47,1,14,0.025
2,22.36,0,20,0.874
1,17.56,1,12,1.541
3,11.67,0,2,0.516
2,1.04,1,16,0.032
3,20.66,1,17,1.492
3,16.33,0,7,0.909
4,0.72,1,15,0.01
4,4.97,0,23,0.01
4,13.68,1,4,0.026
1,15.38,1,15,0.975
2,12.89,1,6,0.568
3,29.47,1,13,1.09
4,25.8,0,11,0.026
3,7.87,1,5,0.357
4,12.98,1,10,0.01
0,19.41,1,8,4.987
3,9.8,0,5,0.728
0,22.49,0,18,5.67
1,10.41,0,3,0.68
2,28.25,0,12,1.106
3,21.74,1,20,1.339
4,24.21,0,4,0.018
0,17.96,1,17,3.657
3,1.08,1,17,0.091
3,0.83,1,14,0.06
3,19.14,0,9,0.65
1,9.91,1,4,1.016
0,14.95,1,7,3.018
1,1.78,0,8,0.2
2,9.14,0,13,0.392
1,20.16,1,2,2.09
0,22.5,1,20,7.53
2,9.3,1,11,0.4
2,27.75,1,1,1.297
4,11.25,0,8,0.013
3,5.1,1,10,0.392
1,15.81,0,2,1.063
3,17.28,0,5,0.997
4,12.96,1,6,0.014
2,20.08,1,19,1.127
4,29.18,1,18,0.058
4,5.89,0,9,0.01
2,20.31,0,19,0.789
4,21.65,0,10,0.013
1,19.67,1,20,2.326
4,4.98,1,18,0.01
4,18.88,0,18,0.029
4,27.33,0,6,0.047
3,14.8,0,13,0.535
4,2.09,1,18,0.01
0,22.35,0,21,3.941
0,26.88,1,18,7.611
1,4.16,0,2,0.314
2,16.34,1,12,0.528
3,25.59,1,1,1.944
1,22.57,0,4,2.139
3,17.06,1,6,1.048
3,13.37,0,19,0.483
0,26.82,1,3,6.362
0,22.79,0,3,3.783
1,14.85,0,9,1.239
3,15.27,1,0,0.948
3,17.9,1,9,1.272
0,27.52,1,22,6.908
3,21.71,1,9,1.545
0,22.83,1,20,7.674
1,13.94,1,20,1.463
0,16.35,0,23,3.694
4,25.74,0,14,0.044
1,13.43,0,22,0.797
4,2.3,1,13,0.01
3,10.36,1,1,0.782
1,1.88,1,17,0.191
0,29.75,0,4,5.53
4,26.34,0,12,0.036
1,20.25,1,8,2.518
4,19.56,0,20,0.024
1,6.41,1,18,0.571
1,21.66,0,10,2.223
2,5.27,1,6,0.301
4,11.69,0,11,0.01
2,21.92,1,12,0.776
0,7.8,1,9,1.62
3,8.6,1,3,0.633
0,4.6,0,18,0.832
3,24.37,1,14,1.338
3,7.29,1,2,0.499
0,4.45,1,4,0.806
0,13.15,1,5,2.508
0,8.05,1,1,1.709
4,8.03,0,6,0.015
3,12.59,1,14,0.679
2,18.08,1,22,0.995
2,22.1,0,15,0.713
2,28.6,1,1,1.195
4,23.16,0,13,0.034
0,14.47,0,7,2.6
4,18.49,0,19,0.035
4,17.86,1,21,0.016
2,2.89,0,21,0.084
4,21.33,0,19,0.037
1,12.1,1,7,0.781
0,10.93,0,19,2.945
4,12.93,1,16,0.013
2,26.53,1,17,0.744
3,22.24,0,4,1.399
2,12.58,1,8,0.534
3,4.97,1,6,0.309
3,23.66,0,7,1.293
0,25.39,1,10,5.478
0,20.37,1,4,5.187
3,22.24,0,8,0.773
2,11.17,1,2,0.33
3,20.25,1,6,1.238
0,27.23,0,2,3.478
1,1.78,0,22,0.157
1,22.79,1,1,2.103
4,21.02,1,0,0.04
2,11.47,0,6,0.378
0,17.76,1,17,4.83
0,14.79,1,15,2.692
1,22.76,1,0,1.969
4,29.72,1,2,0.039
4,7.16,1,15,0.01
0,9.35,1,6,1.739
2,2.31,1,9,0.086
0,10.48,1,9,2.546
1,5.44,1,15,0.528
2,4.38,0,20,0.122
4,6.58,1,2,0.014
0,28.93,1,1,7.352
3,16.01,1,7,1.228
2,27.58,0,22,1.448
1,16.53,1,5,1.554
3,28.65,1,18,1.712
3,5.6,0,9,0.366
1,3.97,1,0,0.349
2,16.81,1,6,0.608
2,17.17,1,3,0.764
0,14.03,1,2,2.708
3,26.12,0,7,0.956
0,3.08,1,20,0.92
3,11.88,1,9,0.605
2,11.07,0,22,0.263
0,4.22,0,23,0.726
0,7.3,1,7,1.89
0,12.36,1,6,1.942
2,9.14,0,23,0.391
1,15.98,1,7,1.525
1,28.06,0,23,2.402
4,2.42,0,2,0.01
4,15.89,1,1,0.032
4,25.79,0,20,0.049
4,12.99,0,9,0.019
0,14.49,1,11,2.492
2,10.43,0,23,0.479
1,27.12,1,0,2.201
1,21.16,0,14,1.395
0,18.46,1,4,2.79
3,28.61,1,13,1.324
1,17.47,1,13,1.258
3,27.33,1,4,1.616
4,20.63,0,0,0.041
4,4.11,0,1,0.01
3,6.27,0,21,0.377
3,1.67,1,19,0.095
4,10.37,1,14,0.011
4,16.55,0,13,0.012
4,29.51,0,16,0.041
3,22.01,1,19,1.635
2,29.79,0,13,1.462
3,9.17,1,19,0.476
4,23.31,1,17,0.041
3,19.28,0,9,1.066
3,20.25,1,7,0.666
4,18.12,0,11,0.021
0,24.86,1,1,5.68
4,4.29,1,12,0.01
3,10.61,1,11,0.566
1,8.27,0,5,0.702
4,20.96,1,8,0.025
0,16.57,0,16,4.135
2,12.21,0,13,0.516
0,8.51,0,19,1.662
4,15.16,1,7,0.01
0,20.45,0,7,3.922
1,15.07,1,21,1.448
3,22.69,0,10,0.977
3,22.93,0,2,1.057
4,22.77,1,8,0.045
0,22.16,0,23,2.894
2,8.14,0,2,0.204
3,4.57,1,13,0.237
0,16.03,1,6,2.612
0,15.17,1,1,3.317
2,25.37,1,13,1.419
4,25.47,0,16,0.03
0,26.61,0,17,4.164
4,17.86,1,19,0.022
3,20.4,1,10,1.137
3,28.6,0,12,1.457
0,25.65,1,22,4.857
0,24.47,0,10,5.343
4,16.24,0,13,0.015
3,26.79,1,10,1.3
3,22.98,1,16,0.917
2,17.58,0,5,0.783
3,4.39,1,11,0.162
1,6.6,0,16,0.575
0,13.79,0,17,3.953
4,24.87,0,12,0.034
3,3.46,0,17,0.145
3,23.52,0,21,1.207
2,20.89,0,3,0.82
3,15.16,0,22,0.943
3,29.13,1,11,1.282
0,12.13,1,3,1.982
3,10.09,0,11,0.415
0,17.08,0,10,3.366
3,23.44,0,23,1.147
3,18.27,1,19,0.753
3,4.55,0,8,0.218
1,22.57,1,2,1.995
1,2.24,0,7,0.206
4,19.58,1,4,0.039
0,29.48,0,6,7.238
4,11.53,1,19,0.025
1,28.96,0,19,2.291
1,15.42,1,19,1.249
2,2.21,1,20,0.061
4,7.77,1,0,0.01
4,20.64,0,14,0.011
2,12.83,0,6,0.513
4,23.3,1,19,0.021
0,29.29,1,17,5.676
0,21.07,1,15,4.641
0,7.89,1,16,1.468
0,13.98,1,8,3.736
1,27.8,0,12,2.785
0,7.08,1,10,1.739
4,26.31,0,12,0.019
4,12.76,0,14,0.018
3,10.57,1,9,0.613
1,12.11,0,7,1.204
1,25.48,0,10,2.771
1,19.91,1,15,1.959
2,25.35,1,14,0.885
4,14.1,0,12,0.02
3,15.64,1,13,0.834
2,19.09,1,6,0.87
1,13.96,1,8,1.327
4,1.68,0,15,0.01
3,4.22,0,19,0.262
3,8.96,1,13,0.429
0,18.44,1,12,4.302
2,19.27,0,3,0.626
1,24.04,0,16,1.603
2,19.4,1,3,0.943
1,3.33,0,14,0.316
1,29.71,1,10,2.63
4,13.33,0,0,0.025
1,16.28,1,12,1.809
1,6.68,1,13,0.658
3,26.38,1,11,1.448
4,10.0,1,23,0.01
1,19.27,1,6,1.495
2,18.57,0,9,0.799
3,7.78,0,6,0.357
3,5.14,0,3,0.212
1,21.52,0,9,2.438
0,0.73,0,13,0.109
1,15.43,0,6,1.16
1,20.14,0,14,2.011
2,19.75,0,19,0.945
4,12.29,1,9,0.01
1,0.58,1,14,0.039
4,8.23,1,11,0.015
1,18.4,1,23,1.662
3,25.86,1,17,1.914
4,17.39,0,6,0.023
0,5.76,0,8,1.48
4,27.41,0,3,0.055
3,9.24,0,19,0.469
4,11.54,1,20,0.011
2,7.9,0,6,0.18
0,3.94,1,11,1.153
1,0.7,1,11,0.087
3,7.62,1,18,0.409
3,21.77,0,1,0.687
0,10.67,0,13,1.965
1,28.45,1,7,1.859
4,11.85,0,21,0.023
4,3.9,0,0,0.01
4,4.86,0,12,0.01
1,13.32,0,2,1.403
1,18.53,0,10,1.861
1,25.48,0,7,1.915
0,25.06,1,14,5.028
1,11.36,1,22,0.93
4,12.47,0,8,0.015
1,29.67,0,20,2.608
2,3.07,0,3,0.155
2,7.54,0,9,0.231
4,10.9,1,10,0.018
0,2.02,1,10,0.303
1,9.4,0,20,0.749
1,6.15,1,21,0.748
0,12.14,0,14,1.766
0,16.86,1,21,2.931
3,28.18,1,3,1.539
3,25.19,1,6,0.847
3,29.57,0,23,2.059
4,27.01,1,17,0.041
2,19.44,0,5,0.725
0,13.92,0,12,2.339
2,10.26,0,7,0.247
2,29.04,0,23,0.834
0,12.26,0,9,2.567
3,18.49,0,8,0.736
0,28.75,1,4,7.266
3,18.75,0,21,1.339
2,4.96,0,4,0.128
4,17.37,0,1,0.01
4,22.36,1,7,0.02
2,15.78,0,12,0.441
3,25.97,0,12,0.99
4,21.98,1,11,0.039
2,18.22,1,1,0.864
4,16.87,0,0,0.03
0,8.06,0,15,1.956
0,12.31,1,7,1.966
0,26.11,1,9,7.359
3,26.73,0,12,1.61
1,11.96,0,1,0.918
4,13.65,0,2,0.025
4,9.44,0,7,0.019
3,22.37,1,16,1.766
2,26.76,0,6,1.053
1,14.84,1,20,1.5
4,8.38,1,17,0.012
4,7.98,1,16,0.01
4,10.89,1,12,0.022
1,3.44,0,7,0.246
2,26.9,0,15,0.99
4,23.88,1,22,0.053
1,15.73,1,11,1.8
2,19.95,1,18,0.47
4,24.45,1,21,0.022
4,15.56,1,19,0.03
4,29.28,0,6,0.044
3,25.29,1,5,1.098
2,16.36,1,23,0.743
0,20.83,0,17,6.464
0,15.75,1,17,4.788
0,6.35,1,4,1.271
4,5.38,1,20,0.01
2,8.94,0,10,0.315
3,27.93,1,15,1.954
0,0.58,1,12,0.127
0,27.86,0,21,4.524
3,19.85,1,21,1.122
0,22.58,1,19,4.658
3,5.46,0,13,0.185
1,3.94,0,16,0.273
3,3.33,0,22,0.194
3,8.22,0,7,0.515
3,25.3,1,0,1.864
4,17.69,0,23,0.027
4,2.54,0,13,0.01
3,19.75,0,15,1.053
3,18.45,0,15,0.752
3,1.44,0,18,0.05
0,3.95,1,15,0.731
0,18.41,0,21,3.934
4,3.64,1,11,0.01
4,29.92,0,8,0.033
3,3.75,1,14,0.245
1,12.79,1,23,1.263
2,5.99,1,13,0.208
2,25.23,0,10,1.142
3,12.24,0,13,0.408
1,5.29,1,0,0.389
2,1.25,1,16,0.043
2,15.62,1,7,0.737
2,13.84,0,1,0.363
2,17.31,1,5,0.594
0,12.36,0,9,2.62
1,3.13,0,1,0.33
1,17.85,0,14,1.566
2,15.35,0,16,0.326
2,23.61,0,12,0.879
2,10.49,1,21,0.381
1,29.52,1,8,3.102
4,14.13,1,1,0.017
1,6.36,1,10,0.672
1,13.82,1,13,1.142
4,1.75,1,22,0.01
3,5.15,1,9,0.193
1,18.44,0,2,1.323
1,17.17,0,2,1.462
3,12.48,1,20,0.493
0,21.96,1,11,4.489
0,5.6,0,7,1.045
1,23.58,0,19,2.487
0,26.43,0,4,4.093
4,5.88,1,7,0.013
3,29.68,0,0,1.629
1,19.16,1,21,1.69
0,12.57,1,9,3.893
2,0.82,1,19,0.022
1,28.39,1,20,3.45
1,16.23,1,21,1.849
1,11.11,0,23,0.849
0,21.89,1,20,5.447
4,19.87,1,2,0.029
2,15.51,0,20,0.316
0,24.39,0,8,3.517
2,20.24,0,17,1.057
3,9.94,0,13,0.56
4,8.02,0,13,0.01
4,22.39,1,18,0.037
0,15.02,0,13,2.573
3,26.14,1,9,1.234
4,19.37,0,5,0.019
4,2.4,0,3,0.01
0,1.03,0,22,0.191
0,22.29,1,13,3.907
2,1.2,0,5,0.052
0,26.93,0,10,6.265
3,24.99,1,22,1.248
0,9.98,1,8,2.951
0,21.88,0,4,3.164
1,28.67,1,7,1.886
0,8.02,0,9,1.237
3,8.19,0,10,0.32
1,28.57,1,22,3.315
0,22.56,1,23,3.976
3,29.09,1,7,1.339
4,7.65,1,2,0.01
1,19.26,1,15,1.749
3,27.68,0,19,1.365
1,17.06,1,22,1.479
2,18.04,1,14,0.448
3,27.47,0,21,1.111
0,13.24,0,21,3.81
0,5.93,1,11,0.994
0,19.85,1,6,2.914
0,4.04,1,1,1.07
1,15.6,1,21,1.764
3,26.91,0,12,1.181
0,18.73,1,11,4.257
3,10.43,1,17,0.737
2,12.32,1,5,0.316
3,9.75,0,7,0.456
4,5.52,1,13,0.012
2,9.5,1,3,0.478
3,2.81,0,12,0.173
3,2.39,1,4,0.121
2,1.61,0,1,0.064
1,12.95,0,18,0.992
1,18.66,0,18,1.544
0,27.34,0,8,7.091
2,16.17,0,23,0.437
0,0.7,0,13,0.117
1,24.88,1,16,2.659
1,11.64,0,22,1.172
1,13.5,0,10,1.103
4,4.52,0,23,0.01
4,27.07,0,5,0.051
3,6.22,1,5,0.317
1,25.21,0,5,1.962
2,4.55,0,21,0.154
3,21.56,1,16,0.866
2,20.42,1,0,1.006
3,16.21,1,4,0.928
0,19.44,1,9,3.547
1,12.31,1,1,1.259
1,24.65,1,20,2.126
1,28.34,1,8,3.523
1,12.81,0,8,1.393
4,14.21,0,5,0.016
4,27.61,0,1,0.026
0,5.32,1,3,1.001
0,21.22,0,3,5.253
0,1.94,0,14,0.333
2,27.72,1,6,1.047
0,26.69,1,23,5.533
2,26.75,1,3,0.736
0,14.84,1,4,3.018
2,7.47,1,22,0.241
2,29.09,1,0,1.194
4,15.37,1,23,0.032
3,2.08,1,19,0.158
1,9.45,0,18,0.757
2,20.12,1,16,1.158
0,29.3,1,2,6.72
4,7.3,1,21,0.01
1,1.27,1,20,0.099
2,6.64,0,1,0.18
0,6.13,0,17,1.707
2,8.19,0,0,0.339
3,20.72,1,8,0.807
1,20.19,1,10,1.738
3,4.8,1,6,0.27
2,9.77,0,16,0.39
3,28.94,0,20,1.43
0,22.55,0,16,3.853
2,7.73,1,21,0.42
4,7.42,1,11,0.01
3,27.89,1,8,1.642
4,14.72,0,3,0.02
4,2.11,0,14,0.01
0,21.1,1,5,2.934
2,20.42,0,8,1.045
3,24.48,1,8,1.146
1,18.39,0,3,1.569
4,6.98,0,10,0.01
2,8.99,1,17,0.27
4,25.99,0,4,0.024
2,8.64,0,6,0.242
0,19.01,0,15,4.712
2,0.97,0,15,0.045
1,24.82,0,18,2.273
1,27.77,0,13,2.336
1,6.6,0,6,0.643
1,5.94,0,18,0.404
3,1.15,0,11,0.042
2,16.41,1,2,0.389
4,25.35,0,7,0.025
4,21.29,1,10,0.017
4,13.05,0,4,0.025
1,11.07,1,10,0.994
1,23.52,0,15,1.686
0,28.32,1,23,7.152
0,14.54,0,12,2.815
1,27.59,1,0,1.991
3,27.04,0,15,1.654
2,23.1,1,19,0.866
2,10.11,0,16,0.352
3,23.25,1,10,1.795
3,9.67,1,23,0.345
3,22.9,0,8,1.155
2,21.13,1,7,1.132
2,10.39,0,20,0.254
3,22.82,1,10,1.24
3,14.71,0,1,0.555
2,1.16,1,23,0.032
4,22.58,1,6,0.022
3,10.79,1,14,0.659
4,20.44,1,18,0.033
0,8.23,0,6,1.716
1,12.8,0,19,1.276
4,9.17,1,21,0.014
4,28.42,1,16,0.02
1,28.76,1,7,2.755
0,7.85,0,19,1.799
2,1.25,0,6,0.036
1,6.0,0,8,0.573
3,28.73,1,18,1.3
4,21.52,0,21,0.019
1,2.22,1,13,0.187
1,4.41,1,20,0.373
0,23.4,1,14,4.591
2,25.5,0,13,1.227
3,7.95,0,20,0.541
4,10.43,0,11,0.013
1,19.95,0,6,2.024
2,11.64,0,1,0.555
2,20.1,0,2,0.984
3,6.18,1,12,0.344
0,25.62,0,6,3.68
2,13.22,0,12,0.418
0,22.89,0,10,7.082
3,29.08,1,4,2.054
2,16.72,1,9,0.518
1,1.46,1,22,0.141
4,5.75,1,15,0.012
0,7.04,1,8,2.023
1,10.69,0,22,0.882
0,6.89,1,21,1.145
3,7.25,1,17,0.373
0,5.53,1,5,0.843
4,21.6,1,10,0.029
1,2.06,1,15,0.181
4,7.8,0,4,0.01
2,0.61,0,7,0.022
0,27.99,1,10,5.798
2,24.52,1,3,0.606
4,15.77,1,3,0.018
3,13.81,0,20,1.036
2,1.5,0,13,0.046
3,18.09,1,13,1.46
1,7.13,1,10,0.677
4,10.72,1,3,0.023
4,7.16,0,21,0.01
3,19.71,1,5,1.413
0,15.27,0,10,3.092
2,1.5,0,19,0.052
4,29.4,1,3,0.029
3,18.89,1,13,1.048
4,23.34,1,23,0.03
2,23.96,1,6,1.093
4,17.09,1,21,0.025
2,25.26,1,16,1.167
0,27.79,0,21,5.865
4,5.64,0,9,0.01
2,4.88,0,20,0.254
2,28.38,1,19,1.142
0,18.73,0,17,5.136
4,28.62,1,11,0.046
0,24.92,1,9,5.122
2,29.53,0,13,1.247
1,12.46,0,4,1.143
0,15.77,1,21,3.406
1,6.4,1,22,0.682
3,27.62,1,9,1.074
2,21.79,1,9,1.016
3,27.35,0,16,1.872
4,10.89,1,3,0.017
1,23.86,1,21,2.472
4,23.2,0,0,0.017
2,7.24,0,7,0.231
2,2.16,1,21,0.056
0,18.33,0,2,3.561
4,7.26,0,7,0.01
3,21.78,0,0,0.825
4,15.43,1,20,0.028
1,3.67,1,16,0.31
3,21.84,1,8,1.071
0,4.52,0,15,0.741
2,23.7,0,6,0.904
1,12.02,0,10,0.891
2,10.07,0,19,0.494
1,14.05,1,20,1.27
3,9.36,0,6,0.4
4,1.53,0,4,0.01
1,16.58,0,22,1.517
1,1.41,0,10,0.154
1,7.64,0,6,0.698
2,19.29,0,23,0.982
3,19.17,1,9,0.641
0,2.8,0,12,0.626
0,25.08,1,5,5.752
0,21.95,1,13,4.364
2,11.65,1,21,0.35
2,1.92,0,16,0.072
0,25.69,1,3,5.372
4,13.64,0,9,0.012
4,14.01,1,4,0.016
3,2.99,1,23,0.107
3,1.32,0,3,0.066
0,6.35,1,16,1.723
3,17.81,1,15,1.033
1,24.65,1,10,2.12
0,26.33,0,8,6.557
2,18.91,1,4,0.698
3,19.81,0,9,0.881
3,13.34,0,16,0.702
3,18.78,0,9,0.997
3,10.38,0,3,0.644
1,23.89,1,16,2.665
1,24.04,0,22,1.667
3,17.58,1,18,1.109
0,16.17,1,8,3.05
3,13.63,1,18,1.148
3,22.89,0,19,1.149
1,1.78,0,19,0.193
2,22.73,0,22,0.79
1,21.71,1,11,2.808
2,17.21,0,5,0.895
0,15.41,1,7,3.103
3,19.9,1,17,0.718
0,27.86,0,12,5.875
4,18.06,1,2,0.017
2,5.55,1,12,0.239
1,2.1,0,23,0.152
0,18.94,0,6,2.539
1,15.53,1,7,1.1
4,17.24,0,4,0.016
2,29.7,0,12,1.467
1,21.53,1,7,1.98
0,4.56,0,8,1.192
0,2.31,0,10,0.671
3,23.74,1,6,1.165
2,16.61,1,23,0.747
4,27.35,1,7,0.024
1,1.64,1,23,0.147
4,27.59,0,18,0.038
4,13.23,0,6,0.014
0,21.03,0,10,3.523
1,27.95,0,7,1.804
0,26.04,0,17,4.27
1,24.62,1,2,2.659
2,19.83,0,21,0.466
4,27.45,0,12,0.016
2,12.55,0,15,0.353
3,5.62,0,20,0.182
1,12.83,0,5,1.065
0,10.59,1,17,1.75
3,11.86,0,11,0.588
4,4.07,1,11,0.01
2,27.87,0,4,1.0
3,29.85,0,16,1.773
2,13.96,0,14,0.394
0,17.9,1,22,2.705
0,6.06,1,9,1.112
0,2.14,0,4,0.299
1,28.67,1,13,2.77
4,26.91,0,1,0.026
0,15.34,0,18,3.391
3,26.37,0,4,1.696
3,6.61,1,20,0.366
2,26.81,1,17,1.304
0,18.19,1,16,4.219
1,5.04,1,13,0.377
4,28.51,1,12,0.053
1,3.23,1,9,0.384
1,26.77,0,16,1.828
0,20.16,0,17,3.469
1,22.86,1,18,2.874
3,20.45,0,10,1.346
3,10.03,1,1,0.527
0,16.19,0,11,4.321
1,14.8,0,4,1.248
1,17.18,1,5,1.309
4,6.05,0,9,0.01
2,25.33,1,18,0.827
3,7.99,0,7,0.431
3,1.24,1,14,0.075
2,14.63,1,7,0.668
0,11.42,0,8,2.629
3,26.72,0,8,1.933
4,19.42,0,16,0.013
3,3.49,0,8,0.116
0,4.94,0,17,1.101
1,19.89,0,3,1.912
4,12.39,0,3,0.022
3,17.21,0,13,1.044
4,22.17,1,11,0.019
0,11.32,1,10,2.068
0,8.82,1,19,1.543
4,3.85,0,9,0.01
1,13.59,0,1,1.101
0,16.9,1,11,4.008
3,26.5,1,21,1.226
4,28.06,0,6,0.02
1,17.56,1,11,2.062
3,26.77,1,17,1.999
2,8.93,1,21,0.407
1,4.19,1,23,0.373
1,24.23,1,2,2.575
3,4.31,0,14,0.168
0,28.54,1,8,7.656
3,27.16,0,13,0.885
1,29.12,0,9,2.579
4,3.18,0,14,0.01
2,1.56,1,22,0.081
1,10.94,1,12,0.92
1,25.25,1,20,2.239
2,5.26,0,7,0.133
0,11.16,1,9,3.429
2,23.19,1,14,0.962
4,21.05,0,20,0.012
2,16.67,0,7,0.361
0,23.04,0,14,4.741
0,7.42,1,1,1.909
0,15.17,1,14,3.107
0,2.8,0,17,0.666
3,18.48,1,19,0.843
2,26.13,1,18,1.149
2,26.66,1,22,0.714
3,5.21,0,21,0.334
1,12.08,0,17,1.329
1,14.33,0,10,1.144
1,16.39,1,14,1.481
2,28.69,1,6,1.586
1,15.66,0,11,1.736
3,24.95,0,11,1.331
4,9.68,0,17,0.012
1,0.74,1,19,0.072
0,27.7,0,0,6.253
2,17.1,0,13,0.498
0,26.43,1,22,4.702
1,7.77,1,3,0.686
0,18.58,0,16,2.344
4,4.13,1,10,0.01
4,8.6,0,6,0.016
1,7.79,1,11,0.652
2,6.08,0,17,0.203
4,13.21,1,4,0.012
4,27.72,0,11,0.046
0,2.88,0,0,0.493
4,29.61,0,12,0.046
3,29.85,0,6,1.39
2,10.7,0,6,0.316
1,5.01,0,2,0.449
3,5.86,1,2,0.307
1,28.9,1,19,2.438
1,3.0,1,13,0.321
2,4.32,0,20,0.216
3,18.43,1,16,0.755
4,18.16,0,19,0.028
0,16.41,0,2,3.097
2,10.69,0,4,0.466
4,17.58,1,16,0.03
4,4.45,0,19,0.01
1,26.48,1,23,2.461
1,1.0,1,1,0.106
0,12.32,0,22,2.389
3,10.15,0,0,0.474
1,27.27,1,18,3.318
2,6.31,0,0,0.309
4,25.5,0,15,0.022
3,3.49,1,11,0.137
1,8.18,1,11,0.859
4,28.45,1,15,0.032
0,18.38,1,16,2.478
1,8.93,0,6,0.721
0,27.51,0,6,3.538
0,4.08,0,8,1.259
3,26.06,1,4,1.261
1,22.44,0,16,1.718
4,8.68,0,10,0.01
0,2.63,1,5,0.685
2,11.19,1,22,0.634
4,18.23,1,17,0.019
2,27.58,1,12,1.389
2,17.47,1,13,0.496
2,24.3,0,9,0.806
1,0.63,1,1,0.045
2,0.91,1,19,0.03
4,23.83,0,13,0.029
4,26.48,0,20,0.022
0,25.5,0,16,5.981
2,26.97,0,2,1.02
4,15.87,1,8,0.034
2,11.17,1,14,0.409
3,22.04,0,14,1.123
4,15.8,1,17,0.033
3,5.25,1,5,0.321
1,21.36,0,20,1.613
3,27.47,0,23,2.021
1,7.92,1,16,0.614
4,19.96,0,20,0.031
0,16.43,0,1,2.75
3,12.29,1,8,0.909
4,13.88,1,13,0.019
2,9.64,1,16,0.489
0,25.45,0,13,3.48
2,18.51,1,9,0.548
2,21.4,1,16,1.056
1,11.54,0,11,0.882
1,7.34,1,22,0.491
4,7.1,1,22,0.01
2,7.14,0,11,0.214
2,2.22,0,1,0.085
3,18.6,0,11,1.12
3,27.55,0,19,1.715
2,3.98,0,20,0.189
3,17.28,1,16,0.705
2,1.58,1,6,0.037
3,25.24,1,9,1.449
1,1.22,1,19,0.148
4,10.34,0,21,0.021
0,0.91,0,17,0.195
2,3.84,1,1,0.088
3,18.67,1,4,1.422
2,13.47,1,22,0.639
3,8.89,0,13,0.407
4,5.94,1,23,0.013
1,16.29,1,2,1.19
1,8.77,1,11,0.852
2,21.1,0,8,0.427
2,1.86,1,2,0.076
3,17.22,0,3,1.211
0,5.05,1,5,1.118
4,22.07,1,4,0.031
1,21.51,0,8,1.789
1,16.5,0,9,1.362
4,11.1,1,4,0.01
2,23.81,0,11,0.544
4,28.16,0,15,0.052
4,29.33,1,22,0.049
0,16.05,1,20,4.535
3,12.61,0,13,0.781
1,26.69,1,16,2.637
3,21.71,0,9,1.435
2,10.96,0,19,0.291
2,26.73,1,21,0.824
1,15.44,0,1,1.44
3,28.56,0,18,1.422
1,9.16,1,6,0.935
3,11.75,0,21,0.766
4,28.68,1,1,0.065
0,6.94,0,16,1.427
4,21.47,0,15,0.045
1,19.97,0,10,1.571
4,22.08,1,18,0.013
2,29.62,0,6,1.154
3,28.72,1,0,1.271
0,27.41,0,18,4.983
2,28.35,1,5,1.289
2,22.98,0,16,0.965
3,15.75,1,9,0.679
4,16.87,1,18,0.03
0,6.26,0,14,1.131
2,20.69,1,13,0.601
0,22.36,1,4,4.233
3,21.84,0,14,0.654
1,29.42,0,17,3.099
3,6.42,0,16,0.371
1,10.25,0,18,0.776
1,7.9,0,18,0.782
0,15.43,0,14,2.799
1,1.76,1,22,0.199
2,25.59,1,0,0.708
0,3.06,0,13,0.734
4,1.68,0,9,0.01
1,20.95,1,20,2.282
4,18.27,0,20,0.032
3,18.52,0,16,0.717
4,3.3,1,15,0.01
1,7.3,0,21,0.621
2,20.62,0,4,0.783
2,8.8,1,0,0.472
3,10.87,1,1,0.632
3,2.72,0,7,0.148
4,9.02,0,7,0.013
4,6.04,1,22,0.012
3,23.93,0,9,0.932
1,4.59,1,17,0.393
4,10.13,0,10,0.01
0,23.88,0,13,4.631
1,23.85,0,6,1.549
4,10.21,0,1,0.013
0,4.66,0,21,1.23
1,27.36,1,3,2.305
1,14.59,1,13,1.517
4,9.14,1,8,0.011
2,15.64,0,14,0.709
2,17.79,0,2,0.822
2,3.74,0,8,0.105
1,19.36,1,19,1.901
1,28.87,1,14,2.833
1,27.72,0,16,2.659
3,24.38,1,4,1.619
3,19.04,0,20,0.606
4,28.8,0,23,0.047
0,26.62,1,1,3.653
3,1.31,0,2,0.039
2,5.87,0,15,0.229
2,7.33,0,22,0.304
0,23.38,0,4,4.102
4,19.89,1,11,0.041
2,6.12,0,17,0.136
2,14.55,0,4,0.295
1,11.6,0,19,0.854
0,28.17,1,9,6.347
3,8.81,1,6,0.334
4,10.27,0,17,0.017
2,18.7,1,3,0.524
2,17.37,1,13,0.391
2,0.51,0,1,0.019
0,14.21,0,2,3.44
2,17.15,1,4,0.449
1,7.76,0,3,0.501
3,4.6,1,14,0.268
0,7.51,0,22,1.663
0,19.43,0,11,3.173
1,22.79,1,12,2.464
3,5.66,1,12,0.43
1,9.54,0,18,0.98
0,3.45,0,10,0.899
4,24.44,0,20,0.037
0,28.04,1,15,6.235
2,19.86,1,23,1.114
3,19.44,1,2,1.388
0,28.41,1,2,4.504
3,14.26,0,7,0.95
3,0.55,1,15,0.026
4,26.04,1,6,0.041
0,18.6,1,4,2.704
2,13.21,1,17,0.45
4,0.72,0,7,0.01
2,13.27,0,23,0.497
1,7.24,0,18,0.53
0,2.27,1,20,0.606
0,12.62,1,5,1.837
1,3.9,0,2,0.407
3,8.76,0,14,0.332
1,13.74,1,19,1.208
3,23.74,0,1,1.052
3,6.57,1,15,0.333
3,7.27,1,3,0.264
4,4.05,0,7,0.01
1,12.72,0,8,1.189
4,20.89,0,7,0.019
2,26.1,0,5,0.874
4,22.57,1,10,0.038
1,24.76,0,3,1.574
3,1.19,0,4,0.064
0,4.19,1,18,1.105
2,26.06,0,18,0.687
4,4.39,1,12,0.01
0,5.73,0,12,1.361
3,29.48,1,1,1.645
4,0.88,1,21,0.01
1,13.61,0,10,1.562
0,23.99,1,1,4.01
0,3.25,0,14,0.773
2,19.21,0,9,0.417
2,10.13,0,14,0.419
4,7.09,0,16,0.011
0,5.35,1,5,1.03
4,27.4,1,13,0.047
1,8.73,1,9,0.745
1,15.13,1,4,1.153
4,2.9,1,3,0.01
4,1.27,0,21,0.01
3,29.95,0,2,1.565
2,3.28,1,7,0.115
1,8.58,1,7,0.754
1,17.21,0,3,1.329
2,15.93,1,21,0.425
0,28.44,1,18,7.274
2,3.77,0,8,0.102
3,22.56,1,5,1.538
0,12.6,0,4,2.516
0,16.97,0,2,4.116
0,25.27,1,2,3.818
2,8.92,0,10,0.333
2,6.35,0,14,0.226
4,17.01,0,23,0.027
2,6.77,1,20,0.35
2,15.27,0,12,0.711
3,9.35,0,4,0.663
3,10.68,1,3,0.623
4,5.97,0,20,0.01
3,24.07,1,16,1.229
1,10.47,0,16,0.751
0,4.16,1,17,1.427
1,5.31,0,7,0.433
4,6.4,0,0,0.013
4,25.93,1,16,0.045
2,23.49,1,0,0.608
2,26.01,0,15,1.25
3,18.25,0,14,0.655
2,4.65,0,21,0.169
4,14.45,1,2,0.021
2,7.48,1,18,0.353
4,22.38,0,13,0.022
1,5.48,1,0,0.428
4,7.07,1,19,0.01
3,20.26,1,2,0.816
3,15.85,1,1,1.286
1,1.75,1,9,0.185
2,19.53,0,8,0.442
1,9.51,0,14,0.815
3,8.2,1,17,0.63
2,18.78,0,4,0.793
1,24.66,0,3,2.056
2,24.63,1,14,0.784
2,10.94,0,15,0.489
4,16.5,0,1,0.014
4,8.91,0,11,0.01
3,5.87,0,14,0.219
4,22.26,0,20,0.029
1,9.71,1,15,0.751
2,11.25,0,3,0.531
4,25.82,0,8,0.022
1,7.96,1,11,1.035
2,23.36,0,1,1.061
0,0.88,1,4,0.226
1,15.5,0,17,1.121
0,12.75,1,10,3.27
1,22.3,0,17,1.901
0,3.68,1,8,1.021
3,17.52,1,3,0.883
1,8.83,0,17,0.946
4,22.04,1,16,0.038
3,21.41,0,13,1.264
2,3.83,1,1,0.178
3,21.95,0,19,0.979
0,29.21,1,16,6.617
0,11.4,1,21,2.901
0,9.19,1,4,1.524
1,18.69,1,1,1.883
3,22.34,1,21,1.097
1,18.44,0,20,1.507
3,6.63,1,12,0.35
4,27.02,0,14,0.048
0,29.21,0,9,7.396
3,24.76,1,9,1.886
3,5.36,1,3,0.308
2,3.99,1,3,0.107
3,4.11,1,22,0.177
3,23.52,0,7,1.003
2,22.0,1,8,1.1
4,16.1,0,15,0.015
3,20.67,1,19,0.904
3,6.24,1,1,0.412
2,3.39,0,5,0.148
4,18.95,1,1,0.043
4,15.67,1,2,0.021
3,4.44,0,21,0.287
3,23.28,1,15,1.004
0,20.59,0,15,2.804
0,15.11,0,15,2.629
4,2.64,1,4,0.01
3,23.85,0,21,1.415
0,21.96,0,22,4.991
4,24.53,0,0,0.015
1,9.58,0,19,0.996
0,29.81,1,19,7.91
2,19.37,1,18,0.98
4,6.54,1,10,0.01
2,1.78,0,12,0.051
2,20.58,1,15,0.909
1,24.95,1,8,3.092
2,25.09,0,15,1.019
0,20.64,1,19,6.579
2,9.27,1,21,0.221
4,27.08,1,10,0.041
0,23.43,0,10,3.534
2,8.37,0,6,0.19
4,28.18,0,17,0.039
0,17.4,0,15,3.17
1,7.79,0,20,0.785
2,6.88,1,8,0.189
0,29.92,0,6,6.417
2,17.41,0,10,0.666
0,13.01,0,3,3.001
3,16.24,0,13,1.015
2,6.54,0,14,0.301
1,18.72,0,3,1.287
4,13.29,1,14,0.012
1,18.36,0,11,1.819
3,19.16,0,9,1.234
1,16.39,1,5,1.057
3,1.71,0,3,0.057
0,14.67,1,17,3.931
0,14.74,1,21,4.19
0,24.12,1,5,6.05
1,27.08,1,2,2.645
1,3.15,1,14,0.277
3,2.93,0,18,0.18
4,29.69,0,10,0.054
0,3.44,0,10,0.745
4,18.61,1,22,0.028
1,27.29,1,0,2.914
4,4.46,0,1,0.01
1,17.8,1,1,1.739
1,16.55,1,12,1.085
1,16.44,1,17,2.056
0,16.81,1,18,2.889
0,11.2,1,17,2.223
2,29.28,0,3,0.744
4,9.36,1,18,0.01
2,11.82,1,2,0.303
4,23.97,1,9,0.039
4,25.23,0,14,0.052
2,21.01,0,8,1.095
0,16.39,0,9,2.743
3,13.48,0,21,0.473
4,13.93,1,14,0.019
2,19.62,1,14,0.795
1,6.22,0,23,0.582
4,20.48,0,6,0.044
4,28.4,0,12,0.03
2,3.93,0,8,0.15
0,15.22,1,22,3.044
1,21.45,1,12,2.263
4,14.49,0,19,0.014
1,23.73,0,8,1.731
3,27.95,0,22,1.035
3,7.53,0,2,0.516
0,4.91,1,13,0.716
2,25.85,0,10,0.898
2,23.61,1,16,0.719
2,26.79,1,7,1.044
0,28.81,0,18,7.503
4,20.37,0,9,0.036
1,4.73,0,19,0.351
1,13.29,1,13,1.378
3,10.29,1,2,0.625
4,2.13,0,4,0.01
0,22.75,0,0,3.995
3,2.26,0,17,0.12
0,12.01,0,20,3.063
0,22.41,0,4,5.317
2,0.59,1,3,0.031
4,5.2,0,19,0.01
2,9.38,0,16,0.373
2,16.08,0,0,0.349
3,23.76,0,20,0.943
0,2.2,0,1,0.524
3,7.25,0,7,0.282
2,17.01,1,12,0.566
2,27.01,1,14,1.276
1,11.16,1,14,0.913
2,15.08,1,12,0.697
1,28.13,1,13,2.042
2,12.54,1,7,0.694
2,21.12,1,3,1.165
0,16.12,0,13,3.502
2,18.78,0,11,0.816
3,22.22,1,7,0.868
0,28.57,1,20,9.15
2,10.77,1,13,0.598
2,12.02,0,9,0.442
2,4.4,1,23,0.248
3,2.49,0,13,0.136
1,29.35,0,9,3.3
4,21.49,0,1,0.028
2,16.67,0,9,0.425
2,13.96,0,22,0.455
2,15.02,1,21,0.509
3,7.21,0,13,0.307
1,15.09,0,5,1.415
0,29.07,1,12,4.56
3,24.1,0,9,1.133
2,19.96,1,2,0.732
0,26.87,1,18,5.747
0,25.49,0,8,6.722
3,20.82,0,23,1.307
2,15.03,0,3,0.531
1,6.34,0,12,0.567
4,3.36,0,2,0.01
4,4.01,1,17,0.01
0,19.7,0,16,2.893
0,12.05,1,3,2.69
2,19.61,0,1,0.624
3,22.13,1,23,1.682
3,29.96,0,5,2.276
1,21.4,1,23,2.299
1,29.58,1,18,3.406
4,18.31,1,22,0.015
4,23.72,1,8,0.017
3,1.41,0,23,0.044
3,6.72,1,11,0.483
4,1.04,0,7,0.01
3,24.59,0,13,1.576
4,18.36,1,18,0.025
0,5.22,0,19,0.831
2,6.26,1,4,0.363
3,12.6,0,2,0.839
0,1.67,1,1,0.312
2,8.39,1,2,0.315
2,29.93,1,18,1.442
3,9.99,0,7,0.7
3,28.12,1,11,1.469
0,22.4,1,9,3.811
4,20.33,0,8,0.021
1,19.24,1,12,1.954
2,17.72,0,0,0.802
2,19.7,1,16,0.839
3,0.6,1,7,0.04
2,16.48,0,5,0.757
3,23.7,0,9,1.628
0,20.56,1,6,4.893
3,25.43,1,16,1.915
1,28.83,0,21,3.188
4,20.07,0,4,0.032
3,26.5,0,7,1.884
2,1.76,0,1,0.048
4,29.21,1,11,0.056
0,16.55,1,13,3.473
2,18.82,1,12,1.0
2,20.7,1,18,1.051
3,14.78,1,10,0.76
0,8.37,0,17,1.349
2,18.82,1,17,0.612
4,5.02,0,12,0.01
2,8.98,1,7,0.317
3,28.51,1,21,2.196
2,14.24,1,6,0.597
2,8.56,1,19,0.268
2,16.97,1,3,0.393
2,24.45,0,14,0.535
3,9.01,1,4,0.678
4,15.26,0,20,0.012
2,23.34,0,22,1.138
3,3.31,1,0,0.187
2,4.73,1,3,0.173
3,26.53,1,13,1.391
3,1.42,0,15,0.044
0,11.64,0,18,2.986
1,14.54,0,22,1.286
2,8.69,1,23,0.407
3,9.17,1,15,0.489
1,24.76,0,11,2.831
1,8.97,1,7,0.963
0,26.83,1,7,6.011
1,4.71,1,8,0.418
1,12.19,0,18,1.172
0,29.26,0,11,6.71
3,6.98,1,3,0.492
4,7.98,1,0,0.01
1,20.22,0,15,1.375
4,13.5,0,22,0.024
3,14.1,0,4,0.93
2,16.69,0,3,0.682
2,17.16,1,12,0.612
1,13.85,0,18,1.597
0,23.61,1,16,4.697
3,10.69,0,5,0.39
2,27.09,1,2,1.318
3,5.83,0,6,0.299
2,7.09,1,3,0.228
2,12.33,1,7,0.628
1,17.65,1,2,1.519
1,29.84,0,8,2.035
2,0.96,0,15,0.029
4,25.51,1,9,0.028
3,14.55,0,8,1.015
3,18.3,0,7,1.266
4,24.79,1,13,0.03
2,7.81,0,10,0.402
2,12.08,0,1,0.601
4,9.78,0,2,0.01
2,4.89,1,18,0.133
2,0.77,1,7,0.024
3,20.29,0,19,1.359
4,19.3,0,0,0.025
2,16.83,1,13,0.784
1,18.55,1,6,1.766
2,10.42,0,11,0.218
1,1.9,0,15,0.162
3,27.26,1,6,1.49
3,13.89,1,13,0.841
0,9.35,0,4,1.457
1,22.82,1,11,2.622
0,20.12,1,12,4.101
0,8.08,1,20,1.5
4,13.82,0,22,0.011
2,1.32,1,15,0.066
4,10.73,1,18,0.01
4,10.53,1,21,0.011
3,7.55,0,18,0.327
3,12.89,0,1,0.888
4,11.7,0,21,0.01
2,13.48,1,13,0.31
4,10.69,0,15,0.013
2,29.5,0,1,1.359
1,26.48,1,16,1.903
0,12.89,1,10,3.069
3,1.3,0,17,0.063
2,28.58,1,20,1.38
4,25.8,0,7,0.045
4,16.47,0,10,0.027
0,13.96,0,5,3.024
3,14.51,0,19,0.56
3,10.68,1,13,0.709
3,26.88,1,22,1.03
0,15.82,1,23,3.696
3,4.29,1,22,0.306
0,25.72,1,19,5.675
0,1.49,0,8,0.229
0,6.55,1,20,1.44
2,26.73,0,23,1.189
4,13.65,0,1,0.01
2,9.11,1,2,0.219
2,4.45,1,0,0.187
4,23.22,0,12,0.023
3,23.32,1,9,0.952
0,1.38,0,14,0.164
0,5.96,0,20,1.369
0,6.17,0,1,1.478
2,28.74,1,18,1.009
3,20.07,0,7,1.234
2,9.91,0,18,0.333
0,24.86,0,15,4.974
3,5.92,1,12,0.255
0,29.03,0,2,5.471
2,10.76,1,15,0.448
3,2.33,1,4,0.104
2,15.24,1,2,0.751
1,21.98,0,3,1.854
1,13.54,0,12,1.453
1,27.32,1,9,2.63
1,16.89,1,21,2.071
1,15.08,1,2,1.287
2,16.73,0,11,0.799
0,27.23,1,3,5.73
3,17.96,1,13,0.894
2,26.67,1,2,0.946
1,14.23,1,16,1.256
0,16.14,0,7,3.628
2,19.98,0,14,0.744
0,19.77,0,8,4.101
0,16.04,0,1,3.26
0,23.21,0,19,5.456
1,23.47,1,13,1.644
2,4.02,0,10,0.113
2,13.85,1,5,0.399
1,9.11,1,19,0.835
3,4.08,1,8,0.175
4,14.26,1,22,0.024
3,8.89,0,14,0.504
1,27.48,0,11,2.971
1,26.62,1,14,1.893
0,18.65,0,15,2.655
4,5.84,0,22,0.012
4,21.18,1,18,0.031
1,20.83,0,23,1.575
2,9.53,1,22,0.407
0,10.04,0,22,1.367
4,22.13,0,7,0.034
3,27.37,0,1,1.464
1,12.31,0,5,0.995
1,8.29,1,17,0.856
0,12.89,0,12,2.045
1,17.4,0,19,1.657
1,24.92,1,3,1.857
0,1.02,0,3,0.224
1,14.12,1,20,1.437
4,8.4,1,23,0.01
2,19.6,1,19,0.465
0,10.63,0,5,1.625
1,6.69,0,16,0.678
2,6.74,0,22,0.266
2,19.39,0,6,0.423
4,0.54,1,20,0.01
3,1.75,0,8,0.11
4,25.79,0,14,0.051
0,25.32,0,11,6.276
4,16.67,0,22,0.01
1,15.68,1,2,1.111
2,10.38,0,16,0.417
0,14.1,0,1,2.229
4,2.07,0,6,0.01
3,21.4,0,12,1.024
4,9.25,0,3,0.011
3,6.49,1,11,0.337
4,10.26,1,17,0.017
2,12.93,1,14,0.392
0,5.42,1,18,1.202
2,14.81,0,23,0.567
0,12.27,0,10,2.402
4,27.12,0,6,0.017
0,19.07,0,5,3.004
2,11.09,1,5,0.314
4,27.82,1,22,0.052
4,25.87,1,14,0.03
1,6.68,1,20,0.608
4,26.87,1,4,0.015
2,1.54,1,6,0.04
1,11.84,0,15,1.0
0,29.05,1,18,6.948
3,4.93,0,21,0.309
3,0.98,0,17,0.05
1,12.12,0,7,0.768
0,12.49,0,11,2.924
1,1.56,0,18,0.123
2,21.08,1,18,1.169
1,14.63,0,10,1.562
1,25.62,0,4,1.775
4,2.34,0,17,0.01
2,1.84,1,12,0.102
1,18.81,1,21,1.652
0,29.45,1,15,5.518
1,10.11,0,12,0.781
1,3.27,1,20,0.431
3,10.19,0,0,0.383
4,6.62,0,14,0.01
4,24.42,1,13,0.037
3,22.97,1,15,1.526
3,26.22,0,6,1.214
4,26.8,0,16,0.048
1,2.44,0,14,0.193
2,2.89,0,10,0.101
3,25.24,1,6,1.506
3,1.33,0,3,0.066
4,22.42,0,7,0.039
4,18.67,1,17,0.021
0,20.92,1,12,5.81
4,7.2,1,19,0.01
2,2.94,1,16,0.137
2,7.06,0,11,0.317
1,19.95,0,20,1.902
4,0.53,1,6,0.01
4,9.42,1,12,0.012
2,6.16,0,5,0.196
2,13.75,1,13,0.359
0,21.78,0,13,5.277
2,9.13,0,16,0.284
1,16.1,1,18,1.945
1,11.72,0,6,0.747
3,3.99,0,17,0.264
0,20.8,1,14,4.119
3,7.11,0,23,0.281
1,10.23,0,5,0.977
1,6.11,0,0,0.574
2,22.56,0,13,0.859
0,19.59,1,22,3.56
1,8.0,0,6,0.859
0,24.98,0,7,3.787
1,11.3,0,1,1.038
0,19.52,0,12,5.029
4,25.51,0,4,0.048
1,26.95,1,15,2.515
2,12.03,0,19,0.336
1,27.16,1,3,2.761
2,23.77,0,22,0.774
1,11.58,1,17,1.317
3,16.99,0,3,0.877
4,22.42,1,5,0.039
4,6.97,0,15,0.012
2,26.75,1,18,1.533
3,19.27,0,14,0.797
3,7.59,0,13,0.357
1,20.14,0,19,1.764
1,2.13,0,18,0.225
1,3.39,0,5,0.254
4,19.04,0,18,0.035
1,14.83,1,9,1.383
3,16.25,0,21,0.746
0,9.04,0,13,2.1
3,5.25,0,21,0.275
2,12.06,1,12,0.683
2,14.01,0,23,0.718
4,14.08,0,11,0.013
2,8.27,0,12,0.175
0,27.61,0,17,7.286
1,25.88,0,16,2.391
0,11.27,1,18,2.693
2,19.5,0,12,0.633
1,27.11,0,11,2.06
3,28.06,0,22,1.568
0,13.6,0,12,3.226
3,10.11,1,12,0.546
2,14.01,1,6,0.606
2,19.63,0,13,0.527
1,29.54,1,17,2.903
3,18.75,1,15,0.976
2,18.84,0,18,0.646
1,7.93,1,9,0.847
2,12.47,1,17,0.583
4,13.31,0,14,0.024
1,12.7,0,3,0.949
4,28.4,1,11,0.052
4,25.56,0,9,0.03
0,17.41,0,1,2.224
4,17.07,1,19,0.037
4,24.02,1,13,0.035
2,26.38,1,3,0.851
4,19.02,0,16,0.022
0,10.04,1,13,1.584
3,0.81,1,10,0.055
2,8.13,1,16,0.399
3,15.27,1,4,1.046
1,17.24,0,14,1.469
3,22.71,1,1,1.223
3,13.45,0,12,0.765
0,27.53,0,21,6.201
0,19.42,0,16,3.073
2,13.7,0,13,0.306
4,9.16,0,22,0.01
1,22.6,1,18,1.882
3,0.73,0,10,0.046
3,17.74,1,11,0.955
3,14.63,0,23,0.531
2,8.51,1,9,0.392
2,24.08,0,18,0.621
1,11.51,0,22,1.046
2,5.07,1,9,0.261
0,21.12,1,7,4.145
1,13.0,0,14,0.805
1,25.58,1,9,2.674
0,2.56,0,18,0.552
1,28.37,1,20,3.331
4,1.95,1,14,0.01
0,10.42,0,23,2.437
1,24.69,0,3,1.805
2,24.36,1,19,0.61
3,14.81,1,2,0.74
2,0.55,1,20,0.02
2,2.49,0,2,0.09
2,22.04,0,3,0.525
1,0.77,0,14,0.053
4,7.58,0,14,0.014
0,17.45,1,1,4.383
4,17.85,1,18,0.035
3,13.32,1,22,0.546
4,25.18,1,17,0.021
2,3.27,0,23,0.145
0,8.43,0,18,2.257
4,9.34,1,3,0.018
1,6.21,0,16,0.582
4,4.21,0,21,0.01
0,23.23,0,7,4.646
3,19.44,1,12,0.845
3,23.86,0,23,0.995
3,17.77,1,8,1.455
4,26.71,1,5,0.049
3,29.13,0,11,2.009
3,24.7,1,18,1.129
0,21.19,1,11,5.767
0,9.64,1,14,2.008
1,27.28,0,10,2.335
2,19.1,1,7,0.45
2,6.73,0,22,0.278
0,6.56,0,5,1.418
3,6.28,0,14,0.256
4,11.77,0,11,0.018
0,13.89,0,12,2.827
2,29.88,1,7,1.092
1,10.75,1,19,0.956
2,18.6,0,21,0.688
1,22.41,0,9,1.945
1,27.81,0,12,2.542
3,20.0,1,6,1.324
3,9.99,0,17,0.695
0,11.72,0,2,1.627
2,0.99,1,20,0.027
1,26.11,0,15,2.256
4,16.2,0,22,0.021
1,26.72,0,11,3.046
1,5.49,1,20,0.48
3,23.85,1,14,1.225
2,8.75,0,8,0.227
3,16.21,0,21,0.79
2,15.42,1,18,0.501
1,9.31,0,8,0.652
4,21.77,0,6,0.015
1,7.4,0,14,0.492
1,18.94,0,0,1.615
3,22.39,0,22,1.358
3,2.96,0,23,0.121
4,23.09,0,11,0.043
0,9.26,1,21,2.426
4,0.85,1,0,0.01
2,26.64,1,19,1.112
4,2.64,1,2,0.01
4,8.45,0,22,0.013
1,18.9,1,1,2.179
0,1.27,1,19,0.361
0,12.1,1,2,2.034
3,2.49,0,22,0.153
3,28.18,1,19,1.58
0,26.85,1,6,7.182
3,20.33,1,4,0.894
1,13.89,0,5,1.033
1,13.31,0,20,0.982
2,8.06,0,14,0.43
2,13.44,1,1,0.721
1,19.2,1,15,1.296
0,11.29,1,3,2.616
3,10.62,1,1,0.426
0,8.15,1,18,2.418
4,5.65,0,18,0.01
4,19.85,0,4,0.019
1,18.31,1,19,2.286
2,15.11,0,18,0.526
2,22.5,0,4,0.503
1,12.71,1,23,1.197
0,5.0,1,14,0.897
0,14.37,0,7,3.151
4,20.96,1,1,0.022
2,1.17,1,6,0.056
3,12.82,0,1,0.434
3,8.99,1,13,0.717
3,24.29,0,5,0.874
0,13.5,1,4,2.267
0,6.24,1,8,1.522
3,25.61,0,11,1.857
3,18.03,0,19,0.747
4,27.05,0,3,0.016
4,10.09,0,22,0.01
0,11.28,0,22,2.837
3,10.58,1,1,0.427
4,6.62,1,0,0.01
1,18.32,0,16,1.141
2,4.98,1,12,0.294
1,12.26,1,6,1.257
1,20.08,1,14,2.106
4,5.74,0,3,0.01
2,2.76,1,16,0.091
1,28.18,1,9,2.906
1,8.31,0,14,0.576
3,25.28,1,17,1.971
3,1.55,0,3,0.059
2,1.12,0,20,0.038
3,14.49,0,12,0.499
1,15.76,0,16,0.997
1,15.02,1,0,1.31
4,23.82,1,20,0.046
4,28.97,1,0,0.04
1,11.97,1,9,1.167
1,17.68,1,17,2.151
4,27.65,0,14,0.048
2,22.34,1,22,0.928
2,29.92,0,16,1.133
1,9.96,0,21,1.113
3,15.86,0,21,0.636
4,27.59,0,10,0.053
4,15.75,0,1,0.013
4,21.28,0,5,0.018
4,20.1,0,4,0.017
0,7.96,0,15,1.168
1,15.05,0,9,1.423
3,27.06,1,18,1.722
4,12.76,0,3,0.01
0,1.51,1,18,0.39
0,2.35,0,7,0.586
3,12.34,0,5,0.44
4,10.71,0,5,0.011
4,15.45,1,9,0.016
4,22.53,0,20,0.04
2,15.58,1,19,0.457
1,7.32,1,12,0.74
1,1.17,1,16,0.085
4,16.23,1,6,0.029
2,19.81,0,11,0.632
3,14.74,0,2,1.02
1,7.48,1,6,0.508
0,3.33,0,18,0.592
0,17.09,1,19,5.412
0,29.12,1,12,5.103
3,7.47,0,17,0.51
0,27.48,0,15,5.494
1,14.61,1,2,1.533
2,26.19,0,1,1.064
0,23.53,1,11,7.965
0,24.0,1,5,3.764
4,8.12,0,13,0.016
4,8.07,1,2,0.011
4,5.91,0,9,0.01
2,6.76,0,1,0.324
0,29.83,1,22,6.937
3,16.09,0,15,0.992
3,8.82,0,15,0.581
4,22.67,0,8,0.042
3,13.8,1,10,0.807
2,15.68,1,20,0.68
4,4.17,1,18,0.01
4,20.74,1,23,0.016
2,13.5,0,16,0.697
2,17.18,1,23,0.916
2,5.64,0,22,0.13
1,0.64,0,13,0.051
3,25.71,0,3,1.364
2,17.67,1,9,0.85
0,10.05,0,4,2.257
4,11.32,1,14,0.014
0,16.05,0,17,3.48
4,24.7,1,8,0.022
4,6.24,1,10,0.011
4,9.17,0,14,0.016
1,4.2,1,12,0.412
0,22.57,0,3,4.128
2,21.01,0,14,0.464
3,25.69,1,17,1.087
3,25.61,0,20,1.598
2,9.8,0,22,0.251
4,16.9,1,14,0.022
4,5.34,0,7,0.01
3,5.33,0,19,0.182
0,15.08,0,14,2.054
1,17.66,1,22,1.859
3,18.61,0,22,1.272
1,26.75,1,5,2.407
4,6.96,1,13,0.01
3,12.69,0,2,0.461
1,9.04,1,16,0.826
0,17.28,1,3,3.879
2,28.73,0,7,0.844
2,23.61,0,12,1.114
4,19.53,0,0,0.018
3,22.03,0,23,1.436
0,2.51,0,11,0.627
4,5.63,1,12,0.01
1,12.35,1,16,1.113
1,5.88,1,9,0.711
3,9.64,1,19,0.639
0,11.8,1,13,1.996
1,22.88,1,15,1.8
2,15.79,1,5,0.636
1,13.13,1,11,1.452
0,7.67,0,9,2.068
3,6.47,0,13,0.376
4,4.04,1,23,0.01
4,18.38,0,14,0.03
1,18.55,0,5,1.321
4,25.9,0,14,0.019
1,24.09,1,23,2.149
1,15.99,0,19,1.873
1,28.31,0,19,2.708
3,4.26,1,9,0.207
2,27.44,0,20,0.542
0,26.79,0,18,4.009
4,23.1,1,1,0.051
0,27.65,0,3,6.228
4,16.3,0,10,0.017
3,7.89,0,5,0.369
2,9.59,0,2,0.391
1,11.87,1,0,1.033
1,9.75,0,23,0.836
2,17.89,1,2,0.905
1,22.76,1,2,1.8
1,10.81,0,14,1.091
4,27.34,1,2,0.022
3,8.09,1,8,0.55
1,10.36,0,2,1.026
3,25.57,1,2,1.083
0,24.68,0,16,4.222
1,25.81,0,15,2.39
2,25.68,1,8,1.053
3,3.71,0,3,0.154
0,12.56,1,2,2.779
2,28.1,0,9,0.552
2,13.11,1,21,0.508
2,6.62,1,2,0.23
0,1.21,1,11,0.211
3,15.02,0,12,0.592
4,10.95,1,7,0.01
4,18.61,1,9,0.024
2,29.0,0,0,1.041
2,8.13,0,21,0.4
1,1.7,1,16,0.179
1,17.15,1,5,1.125
0,15.95,0,15,3.522
4,11.93,1,9,0.025
4,5.81,0,2,0.01
2,20.27,1,18,0.842
3,14.85,1,22,1.111
1,20.97,1,6,1.84
4,26.72,0,5,0.052
0,11.46,0,6,2.375
3,25.62,0,12,1.893
3,25.33,0,5,0.902
4,15.52,0,5,0.026
0,4.03,0,13,1.04
0,2.97,0,21,0.76
3,22.46,1,1,1.042
3,15.28,0,21,1.053
0,4.17,1,17,0.89
0,26.18,0,12,3.583
2,15.26,0,0,0.709
1,6.23,0,19,0.422
3,26.49,0,22,1.569
3,21.74,0,0,0.765
2,15.78,0,1,0.656
2,2.95,1,17,0.154
0,23.36,0,20,6.689
4,21.1,1,0,0.045
1,6.75,1,11,0.698
1,29.21,1,11,3.506
1,23.39,0,21,2.59
2,9.58,1,2,0.483
3,29.85,0,9,1.346
0,14.9,1,1,2.012
1,4.17,0,21,0.293
0,27.38,0,14,5.237
1,11.12,0,3,0.78
2,15.87,0,4,0.838
2,12.22,0,3,0.332
3,2.08,0,4,0.117
4,25.84,0,8,0.032
4,8.55,0,9,0.013
4,4.54,1,11,0.01
2,0.55,1,23,0.021
3,10.19,0,7,0.401
4,18.88,1,16,0.022
0,27.55,0,18,4.08
4,26.79,0,5,0.015
0,15.85,0,15,3.12
3,7.11,0,23,0.344
4,17.23,0,3,0.025
4,5.56,1,5,0.01
0,22.43,1,13,4.339
0,6.68,0,18,1.652
3,18.35,0,23,0.841
0,2.85,0,12,0.381
2,8.07,0,18,0.34
0,3.55,1,14,0.872
0,29.84,0,8,8.054
4,4.37,1,1,0.01
1,20.27,0,12,1.783
3,2.86,1,13,0.157
4,14.96,0,19,0.02
3,18.23,1,5,1.178
3,12.04,0,18,0.687
4,22.01,0,21,0.03
2,22.78,1,22,0.834
0,17.81,1,19,4.533
1,16.3,0,18,1.714
1,25.69,1,14,1.705
1,3.17,0,4,0.212
1,23.51,0,6,1.477
0,9.44,0,1,2.243
2,13.55,1,11,0.551
2,6.92,1,21,0.294
2,7.53,1,17,0.176
4,25.58,1,10,0.044
4,29.18,0,4,0.055
0,20.88,1,14,5.534
1,17.79,0,22,1.23
3,10.38,0,16,0.698
4,24.0,1,15,0.05
1,5.27,0,10,0.539
3,20.43,1,10,1.248
2,8.21,0,17,0.325
4,18.8,1,6,0.026
4,9.93,1,23,0.018
1,18.1,0,15,1.153
0,9.21,0,23,1.336
2,17.4,1,21,0.556
4,9.98,0,8,0.01
0,15.34,0,12,1.937
1,13.84,0,1,1.347
0,11.45,0,5,1.634
1,1.13,0,16,0.084
2,8.14,0,10,0.212
3,0.67,0,7,0.02
1,19.95,1,15,1.83
2,5.51,0,8,0.232
3,29.31,0,14,1.847
4,11.11,1,16,0.013
4,25.84,1,20,0.031
2,7.5,0,8,0.323
0,15.93,0,17,3.252
2,16.14,0,13,0.501
1,5.78,1,17,0.495
3,6.02,0,21,0.258
1,19.4,1,11,1.633
1,11.37,1,22,0.994
4,24.75,1,20,0.052
1,16.41,0,19,1.312
1,16.49,0,22,1.385
1,29.7,0,6,1.946
0,12.59,1,14,2.493
2,15.33,1,12,0.339
3,6.81,1,2,0.474
0,1.74,1,16,0.337
1,19.85,1,2,1.877
1,1.25,0,21,0.094
3,19.78,1,23,1.376
1,9.63,1,14,0.787
2,19.39,0,1,0.47
0,1.24,0,6,0.175
2,17.25,1,18,0.556
3,25.84,1,13,1.8
3,14.73,1,16,1.1
0,5.15,1,17,1.365
3,28.88,0,6,1.71
2,19.66,0,10,0.857
0,4.91,0,20,0.872
3,26.61,1,9,1.896
0,9.52,0,22,1.727
1,3.99,1,5,0.329
2,24.76,0,12,0.498
0,3.96,0,8,0.819
0,27.26,0,23,5.914
2,9.63,1,0,0.495
1,16.83,0,17,1.687
0,2.97,0,16,0.636
1,6.59,1,8,0.512
3,18.66,0,11,1.391
0,23.88,1,2,5.37
0,14.92,0,10,3.587
4,25.97,1,9,0.04
4,0.87,0,9,0.01
1,26.19,0,22,2.445
4,3.69,1,13,0.01
1,3.1,0,20,0.304
3,4.12,0,17,0.233
2,14.79,1,19,0.517
3,0.74,1,13,0.044
2,15.91,1,14,0.36
1,17.37,1,15,1.202
0,20.05,1,12,3.669
4,24.23,0,18,0.037
4,29.1,0,22,0.051
2,3.95,1,23,0.149
1,5.9,1,12,0.527
0,27.83,0,14,4.313
0,14.41,1,16,2.115
3,16.5,0,15,1.144
2,27.28,1,6,1.541
2,22.75,1,19,0.781
2,0.78,0,22,0.031
0,15.87,0,16,2.201
1,11.72,1,5,1.018
4,24.54,0,1,0.019
4,0.78,0,9,0.01
1,13.58,1,23,1.289
2,20.81,1,9,0.812
4,12.67,0,9,0.01
2,1.6,0,12,0.073
4,18.74,0,17,0.028
2,22.2,1,14,1.145
0,23.23,0,11,5.2
4,1.18,1,2,0.01
2,6.21,1,2,0.237
3,26.67,0,16,1.549
1,3.83,0,19,0.453
2,15.33,1,17,0.545
0,12.65,0,17,2.252
1,15.35,0,0,1.277
0,27.67,1,21,4.947
3,24.82,1,13,0.945
0,8.54,1,7,2.332
4,13.0,1,0,0.025
2,11.23,0,18,0.426
2,21.05,1,12,1.03
3,0.55,0,7,0.034
4,11.87,1,6,0.021
3,0.51,0,22,0.018
3,13.49,0,6,0.503
1,12.65,1,21,0.971
1,27.84,1,2,3.269
0,6.44,1,13,1.163
4,30.0,0,2,0.025
3,7.25,0,3,0.373
1,13.42,1,1,1.31
1,19.46,1,7,1.784
4,14.04,1,17,0.01
1,27.84,0,13,2.546
4,1.58,1,2,0.01
0,5.29,1,4,1.323
1,28.05,1,15,2.72
1,13.04,1,15,1.093
4,26.29,0,11,0.046
3,27.62,0,10,1.045
0,22.95,0,7,5.018
1,29.8,0,8,2.535
1,26.71,1,18,2.965
0,3.49,1,10,1.136
4,29.72,1,4,0.031
4,25.0,0,6,0.018
2,27.17,0,22,1.039
1,13.42,0,12,1.032
4,26.28,1,20,0.052
2,7.97,1,14,0.39
3,4.44,0,23,0.291
0,9.27,0,3,1.828
0,8.31,1,11,1.265
0,18.67,1,19,5.493
0,26.98,0,23,4.214
0,26.57,1,14,6.929
1,13.88,1,3,1.446
4,1.31,0,7,0.01
0,2.2,0,11,0.354
1,20.13,1,13,1.715
1,11.24,0,5,0.942
4,2.81,1,2,0.01
2,4.7,0,21,0.175
3,24.88,0,22,1.065
4,25.72,1,10,0.027
4,0.96,0,11,0.01
2,18.99,1,11,0.587
4,17.77,0,12,0.027
4,18.16,0,22,0.01
3,3.69,1,12,0.208
2,0.58,1,20,0.018
3,1.38,0,13,0.097
0,8.02,0,13,2.08
4,4.84,1,2,0.01
3,29.74,0,16,1.684
2,20.94,1,9,0.738
1,24.27,1,3,2.159
3,28.98,0,4,1.485
0,23.37,1,19,6.651
0,10.61,1,11,1.9
2,0.71,0,9,0.032
3,21.73,0,19,1.543
1,24.6,0,3,1.961
1,4.39,1,23,0.303
3,7.8,1,11,0.267
0,14.05,0,6,2.475
0,11.14,1,15,2.987
4,24.76,0,23,0.026
4,26.09,1,7,0.028
3,29.04,0,4,1.67
3,4.59,0,9,0.203
3,11.31,0,20,0.349
4,11.9,0,18,0.014
4,27.11,0,12,0.049
4,6.38,0,19,0.012
1,0.56,1,13,0.04
3,9.89,0,0,0.562
3,12.46,0,7,0.73
3,13.62,1,14,0.907
0,17.33,1,8,4.152
0,3.64,0,1,0.866
1,16.59,0,5,1.248
3,27.48,1,6,1.548
1,29.71,1,19,3.338
2,8.63,1,4,0.27
2,2.38,0,20,0.056
1,17.64,0,0,1.545
0,14.75,0,20,4.461
0,3.5,1,17,1.03
3,16.79,1,10,0.938
3,23.63,0,17,1.48
0,2.65,1,3,0.592
0,10.04,0,17,1.677
2,25.15,1,3,0.898
3,13.81,1,0,0.991
2,4.44,1,20,0.192
3,21.98,0,5,0.723
4,17.63,0,20,0.029
4,25.11,1,21,0.045
4,23.56,1,14,0.021
2,29.38,1,18,1.123
1,23.37,0,8,2.538
4,29.21,1,10,0.022
0,25.39,0,6,5.972
3,2.12,0,0,0.14
1,4.35,0,0,0.392
0,10.42,1,9,1.819
2,14.6,0,22,0.347
4,28.49,1,6,0.024
2,4.58,1,19,0.235
3,11.25,0,18,0.419
1,17.15,0,22,1.691
1,15.52,0,17,1.499
2,16.65,0,6,0.829
4,17.4,1,20,0.02
2,3.54,1,19,0.199
4,5.35,0,12,0.01
3,22.8,0,1,0.889
3,0.64,0,10,0.041
4,8.6,1,9,0.016
3,21.08,0,21,0.666
3,23.13,0,18,0.765
4,29.91,1,10,0.019
3,4.95,1,2,0.265
0,21.25,0,13,3.039
1,13.65,1,17,1.05
4,27.28,1,12,0.044
4,21.25,1,2,0.036
4,26.54,1,17,0.022
4,7.56,1,19,0.016
2,6.24,0,7,0.247
1,5.34,0,8,0.612
4,16.66,0,15,0.032
1,24.8,1,18,2.257
1,2.28,1,12,0.181
0,3.13,1,0,0.648
1,17.4,1,2,2.045
4,2.21,0,13,0.01
2,22.93,0,5,1.113
4,5.99,0,10,0.01
1,10.89,0,10,1.057
2,3.8,1,5,0.183
2,29.25,0,22,1.148
3,2.79,1,22,0.138
3,14.07,1,18,0.577
1,13.56,0,23,0.921
2,9.99,1,20,0.264
2,12.97,1,13,0.537
2,29.12,0,18,0.879
1,19.64,1,17,1.958
3,20.04,0,0,1.321
3,22.51,0,1,0.832
0,1.46,1,5,0.346
1,9.69,0,12,0.893
1,12.39,1,2,1.133
0,27.6,1,4,4.161
1,10.26,1,12,0.921
0,26.47,1,22,4.232
1,10.09,0,0,0.734
0,22.51,0,22,5.252
1,15.46,1,3,1.525
2,23.13,1,2,1.275
2,26.06,0,20,1.264
3,27.88,0,5,1.694
2,16.29,1,21,0.696
1,26.76,0,15,1.678
2,25.41,1,17,0.672
4,1.64,0,12,0.01
2,24.31,1,13,1.248
4,1.09,1,5,0.01
0,2.61,1,7,0.356
4,10.45,0,3,0.01
3,16.12,0,2,0.867
0,1.12,1,5,0.239
0,13.03,1,19,2.704
0,20.42,0,5,4.753
2,26.47,1,17,1.14
0,29.55,0,14,7.582
4,19.47,1,15,0.035
1,4.62,1,9,0.49
4,23.82,0,9,0.042
4,27.15,1,22,0.055
3,23.33,0,17,1.241
4,5.86,1,22,0.01
4,22.93,1,20,0.046
2,7.69,0,7,0.221
1,27.49,0,2,2.515
4,10.98,1,2,0.01
3,26.48,0,12,0.959
3,23.45,1,20,1.596
1,21.61,1,0,2.009
1,2.45,0,15,0.253
4,16.18,1,17,0.036
3,14.03,0,22,0.531
3,19.45,1,4,1.148
3,0.82,1,22,0.03
3,24.77,1,3,1.74
3,15.22,1,14,0.657
3,7.14,0,20,0.39
3,11.62,0,23,0.381
2,8.71,0,16,0.195
3,24.96,1,12,1.653
0,22.26,1,11,6.891
4,13.05,0,23,0.013
1,4.12,1,17,0.514
0,20.37,0,20,4.904
1,12.74,1,7,1.155
3,4.43,0,23,0.282
4,11.05,0,14,0.02
1,9.47,0,11,0.835
2,26.52,0,3,1.053
4,1.02,1,6,0.01
2,17.82,1,5,1.032
1,16.42,0,5,1.438
4,18.41,0,4,0.035
4,29.23,0,19,0.028
2,13.24,0,20,0.568
1,16.01,1,9,1.637
0,5.63,1,5,0.923
3,29.7,1,3,1.101
4,5.02,0,8,0.01
1,13.15,1,7,0.932
4,10.07,1,2,0.017
2,15.17,0,18,0.781
0,27.12,0,18,8.285
4,28.61,1,3,0.054
3,6.78,0,16,0.215
2,22.92,1,3,1.234
0,0.6,0,16,0.1
3,4.02,1,8,0.137
0,19.84,0,21,3.676
4,21.58,0,21,0.025
4,28.64,0,20,0.023
1,5.51,1,9,0.467
4,2.32,0,6,0.01
4,29.29,0,16,0.021
2,26.6,0,19,0.637
1,5.66,1,11,0.569
0,5.62,0,9,1.612
4,19.4,0,22,0.01
2,27.64,1,21,0.649
3,3.01,0,21,0.158
1,21.92,1,0,1.892
2,20.78,1,15,0.979
0,15.84,1,20,3.484
0,2.9,1,0,0.78
2,20.29,0,7,0.597
0,11.38,1,22,1.895
4,1.56,1,9,0.01
1,2.39,1,11,0.262
3,12.26,1,11,0.605
0,2.22,1,21,0.525
0,22.81,0,11,4.304
2,7.34,0,20,0.206
1,25.6,1,18,2.985
2,4.05,1,17,0.154
2,12.83,0,14,0.572
3,29.0,0,1,2.179
1,1.57,0,9,0.121
2,29.63,0,20,1.547
1,3.06,0,22,0.288
0,18.61,0,3,2.809
0,15.8,0,17,2.778
1,25.06,1,9,2.236
3,0.54,1,17,0.026
0,14.96,1,14,2.567
3,27.52,0,14,1.577
3,26.55,1,7,1.657
0,16.32,1,22,4.292
2,2.94,0,19,0.081
1,15.72,0,14,1.042
4,4.61,0,22,0.01
4,22.42,1,0,0.047
4,12.23,0,9,0.015
1,4.98,0,3,0.428
0,5.05,0,10,1.109
2,7.85,0,18,0.237
1,15.32,0,1,1.472
3,17.86,0,20,0.776
1,29.96,1,18,2.921
3,0.83,1,21,0.066
4,1.18,1,19,0.01
2,19.89,1,22,0.515
2,16.22,0,16,0.434
4,16.31,1,12,0.017
0,5.2,1,18,1.268
3,15.83,1,6,0.593
0,14.68,1,17,2.829
2,6.44,1,16,0.29
3,27.16,1,11,2.118
1,8.06,1,16,0.924
1,18.85,0,8,1.562
0,1.02,1,21,0.28
0,8.28,1,18,1.848
1,8.9,1,2,0.732
0,20.01,1,5,5.062
2,11.64,0,5,0.547
4,6.19,0,12,0.01
0,18.86,1,19,3.235
0,27.22,1,11,6.939
3,1.55,0,17,0.092
2,11.55,1,18,0.55
3,13.19,1,8,0.896
1,21.88,0,5,2.007
3,4.36,0,17,0.207
1,25.93,1,23,2.135
1,10.94,0,12,0.872
0,19.09,0,21,5.321
3,25.49,1,10,1.432
1,6.85,1,8,0.643
4,18.49,1,12,0.034
2,28.25,0,11,1.073
2,20.97,1,21,0.632
3,18.37,0,2,0.714
2,24.92,0,5,0.561
3,17.43,1,11,1.301
2,24.59,1,11,0.583
2,23.54,1,12,0.546
2,0.55,0,14,0.023
4,25.44,1,5,0.027
3,13.63,0,15,0.592
0,8.65,1,17,2.244
4,3.02,1,23,0.01
4,1.63,1,4,0.01
0,28.8,0,15,5.552
3,5.16,1,22,0.35
4,2.94,1,21,0.01
2,1.35,0,9,0.028
4,12.53,0,10,0.023
1,13.96,0,2,0.982
1,15.01,1,3,1.332
4,8.25,0,5,0.01
2,15.76,0,12,0.665
4,6.43,0,10,0.01
2,8.2,1,3,0.456
0,25.17,1,3,5.218
3,20.81,0,18,1.512
0,9.57,1,11,1.589
1,13.72,0,21,1.465
3,10.66,1,14,0.609
0,29.22,0,17,6.545
0,23.8,1,6,5.972
4,22.78,1,7,0.039
1,8.71,1,3,0.835
0,7.16,0,12,1.598
1,17.95,0,2,1.92
4,0.93,1,19,0.01
0,16.81,1,2,3.694
2,23.8,0,4,0.813
3,27.57,1,18,1.965
4,1.05,0,17,0.01
1,23.09,0,14,1.605
2,16.54,1,3,0.866
2,22.98,0,21,0.468
4,22.48,1,10,0.02
4,2.41,1,14,0.01
0,15.81,1,1,3.88
0,24.13,1,18,4.945
1,18.48,0,0,1.512
2,9.32,0,4,0.19
2,4.29,1,20,0.205
1,21.54,1,14,1.513
4,15.48,1,11,0.024
1,16.46,0,23,1.49
4,13.86,0,7,0.014
1,6.07,0,20,0.633
1,4.82,0,20,0.424
4,7.06,0,10,0.012
3,7.47,0,16,0.467
0,18.67,0,1,2.613
1,26.73,1,21,2.877
2,7.31,1,19,0.245
1,10.38,0,20,0.927
2,14.66,0,0,0.481
0,19.31,1,2,3.721
4,9.81,0,0,0.016
2,19.19,0,14,0.765
2,22.81,0,19,0.728
2,17.27,0,19,0.623
3,10.45,1,18,0.683
1,29.6,0,23,2.018
0,6.94,1,5,1.198
2,12.59,1,17,0.477
0,12.64,0,23,2.312
2,16.33,1,1,0.776
2,28.69,0,9,0.917
2,3.9,0,15,0.109
4,8.93,1,8,0.01
0,23.93,1,10,6.505
4,10.14,1,7,0.01
3,25.31,0,11,1.675
3,11.16,0,21,0.677
2,22.86,1,2,0.997
4,24.03,0,0,0.04
2,21.01,1,8,0.594
0,4.55,1,10,1.044
4,16.33,0,20,0.016
1,6.82,1,19,0.642
3,10.85,0,1,0.661
2,5.55,0,22,0.148
3,8.13,1,13,0.413
0,1.13,1,4,0.273
2,0.57,1,15,0.021
0,24.22,0,4,4.575
0,1.99,1,8,0.456
3,5.21,1,4,0.396
4,5.5,0,9,0.01
4,12.62,0,9,0.019
0,25.15,1,9,5.531
2,18.08,1,8,0.787
1,3.5,1,8,0.331
3,23.72,1,4,1.246
3,4.86,0,23,0.196
1,24.45,1,16,1.948
2,21.61,1,23,1.022
1,29.42,1,18,3.338
2,13.65,1,13,0.674
4,25.5,0,16,0.029
4,2.87,0,15,0.01
1,7.63,1,2,0.624
1,20.21,0,1,1.97
0,16.95,0,14,2.107
1,22.51,1,20,1.998
4,3.36,0,4,0.01
1,7.49,1,12,0.745
1,21.25,1,3,1.925
2,19.65,1,13,1.026
0,10.34,0,9,1.525
4,12.65,0,10,0.011
4,5.64,1,10,0.01
4,19.27,0,7,0.035
1,2.03,0,1,0.133
4,12.45,0,13,0.019
4,29.25,0,5,0.031
0,9.99,1,22,1.31
1,16.71,1,21,1.899
4,0.99,0,13,0.01
4,1.8,1,10,0.01
2,23.36,1,1,0.582
3,22.0,0,13,0.715
3,19.54,0,3,1.364
1,29.66,0,11,2.254
3,0.74,0,3,0.038
0,23.4,1,14,4.107
2,8.12,0,22,0.382
2,20.39,1,9,0.996
1,10.21,1,6,0.839
3,7.52,0,15,0.536
0,27.34,0,10,6.48
1,13.47,0,16,1.013
3,22.66,1,12,0.956
2,6.34,0,8,0.191
2,24.61,1,1,1.193
2,19.04,1,9,0.831
4,13.77,0,18,0.029
2,20.55,1,18,0.614
3,3.86,0,12,0.151
1,22.63,0,13,2.013
2,8.78,0,5,0.326
3,22.38,0,4,0.98
4,11.52,0,6,0.012
0,15.67,1,5,2.935
4,16.69,0,13,0.016
2,26.88,1,19,1.205
1,19.62,1,17,2.379
4,14.76,1,18,0.013
3,10.8,1,0,0.714
0,3.67,1,12,0.966
4,29.22,0,14,0.057
2,29.87,1,22,1.111
2,1.72,1,8,0.094
0,15.62,0,23,3.328
0,9.05,0,11,1.271
3,10.52,1,14,0.763
2,28.35,1,23,1.634
2,4.28,0,22,0.121
4,6.82,0,5,0.011
3,19.75,1,7,1.588
2,21.19,0,1,0.775
0,13.53,0,0,3.064
2,22.55,0,16,1.072
3,11.92,1,19,0.661
2,10.98,1,1,0.273
0,20.39,0,19,4.879
4,2.11,1,11,0.01
1,0.68,1,5,0.074
0,13.62,1,16,2.992
0,4.75,1,6,1.224
2,28.37,1,21,0.721
1,5.19,0,7,0.468
3,24.3,1,5,1.485
2,29.12,0,12,0.716
4,17.53,1,11,0.03
3,22.68,1,2,1.101
0,20.01,0,2,3.155
1,5.55,1,6,0.497
3,7.43,0,0,0.492
1,23.71,0,15,2.579
1,17.89,0,6,1.614
1,7.57,0,1,0.732
4,7.15,1,0,0.013
2,16.74,1,2,0.729
4,18.33,0,9,0.034
3,2.9,0,12,0.1
3,26.02,0,4,0.972
4,14.58,1,10,0.026
3,6.41,0,19,0.385
1,19.22,1,15,1.33
2,3.56,1,12,0.095
0,14.34,0,7,1.997
0,22.49,1,0,5.674
2,13.72,1,10,0.528
2,3.09,1,21,0.168
0,25.04,1,12,6.389
4,3.99,1,16,0.01
4,28.24,1,23,0.05
1,7.79,0,16,0.619
3,15.94,0,4,0.529
3,2.52,0,20,0.098
1,24.85,0,18,2.286
2,11.94,0,1,0.382
3,16.79,0,19,0.642
2,1.19,1,0,0.042
1,6.12,1,20,0.675
2,14.15,0,23,0.627
0,27.27,1,21,5.364
4,2.7,1,23,0.01
0,2.42,1,19,0.728
2,22.82,1,6,0.71
1,10.61,0,21,1.134
3,0.57,1,7,0.037
2,12.21,1,18,0.672
2,11.06,0,18,0.349
0,15.62,0,12,2.422
4,24.03,0,11,0.026
3,23.12,1,8,1.87
2,22.51,0,16,1.221
0,28.05,0,19,6.746
0,22.13,0,5,4.842
2,24.81,0,20,1.249
1,5.36,0,10,0.476
0,28.22,1,5,5.004
3,16.01,1,9,0.979
3,23.37,0,13,0.804
4,2.7,0,15,0.01
3,22.8,1,4,1.169
2,14.84,1,0,0.455
3,20.79,1,15,1.041
2,25.71,1,21,0.84
2,3.63,0,10,0.131
4,10.08,1,2,0.01
0,3.1,1,9,0.616
3,13.19,0,5,0.779
0,14.22,1,9,3.162
1,19.04,1,7,1.747
4,9.38,1,6,0.012
4,16.13,1,1,0.026
4,11.37,0,11,0.017
0,13.49,1,11,3.37
2,9.98,0,11,0.376
4,9.14,1,1,0.014
3,19.73,1,13,1.202
2,2.25,1,12,0.08
2,25.46,0,12,0.771
1,22.16,0,23,1.986
0,25.34,0,19,3.473
2,13.55,1,2,0.508
3,4.24,0,17,0.313
3,25.3,1,20,1.39
3,5.81,0,14,0.295
3,12.5,1,20,0.471
0,26.09,1,10,5.769
2,28.75,1,19,0.77
0,16.78,1,18,4.048
4,17.45,0,18,0.021
0,27.62,1,16,6.189
4,11.32,0,8,0.015
0,5.75,1,19,1.188
1,13.19,0,21,0.977
2,29.03,0,11,0.851
0,26.38,1,16,5.889
2,28.59,1,14,0.858
0,7.9,1,21,1.414
3,17.44,1,21,0.848
4,8.6,0,12,0.01
3,3.03,1,2,0.247
3,28.7,1,19,1.295
3,16.88,0,16,1.072
0,12.41,1,1,3.221
3,4.76,0,22,0.144
3,15.31,1,7,0.665
0,4.65,0,10,1.345
2,7.99,0,16,0.36
3,23.25,0,21,0.794
2,14.33,1,0,0.737
1,8.37,1,20,0.888
0,5.81,0,1,1.043
0,28.59,0,15,4.931
4,7.67,1,0,0.013
3,24.84,0,3,1.385
4,19.63,1,22,0.04
2,9.92,0,21,0.373
4,19.37,0,18,0.011
3,28.22,1,14,2.053
2,1.86,0,20,0.07
0,17.79,1,13,4.064
4,27.8,1,8,0.018
3,8.83,0,2,0.419
1,25.77,0,13,2.77
0,23.09,1,10,5.752
2,17.65,0,18,0.716
0,21.44,0,12,4.538
2,1.31,1,8,0.059
3,19.97,1,3,1.497
3,19.6,0,5,1.14
3,13.53,1,19,0.765
3,12.52,1,23,0.463
0,6.71,1,12,1.189
0,6.37,1,5,1.339
2,17.21,0,17,0.595
1,22.75,0,21,1.967
0,16.67,0,14,2.534
1,22.9,0,9,2.211
0,19.58,0,2,2.399
3,29.87,0,22,1.867
3,21.8,1,8,1.027
1,13.77,0,18,1.218
4,12.87,0,7,0.014
0,23.25,0,20,5.322
2,3.38,0,19,0.13
3,27.4,0,19,1.923
4,1.75,0,11,0.01
3,27.03,1,12,1.509
1,6.99,1,6,0.633
3,10.91,1,15,0.732
4,10.51,1,17,0.013
4,19.03,1,12,0.039
1,17.06,1,8,2.087
1,14.25,1,7,1.047
4,18.75,0,9,0.013
2,8.02,1,1,0.261
0,3.92,1,3,0.859
4,7.49,1,22,0.01
1,5.62,0,10,0.419
0,18.4,1,18,5.007
2,20.57,0,9,0.73
0,17.75,0,14,4.867
4,2.24,0,0,0.01
4,14.5,1,5,0.022
1,12.1,1,23,1.028
4,27.66,1,5,0.056
2,2.03,1,23,0.097
2,15.46,0,22,0.305
3,17.32,1,2,0.783
0,8.39,1,0,2.303
4,3.53,0,9,0.01
1,3.34,0,3,0.231
3,25.06,1,20,1.612
3,13.13,1,21,0.599
1,1.87,1,14,0.19
4,1.36,1,14,0.01
2,22.22,1,13,0.514
0,4.42,1,11,1.059
3,6.65,1,6,0.406
4,4.59,1,5,0.01
3,15.97,0,19,1.077
2,20.03,0,19,0.594
3,7.67,1,9,0.517
3,27.14,0,11,1.296
3,15.38,1,20,0.538
1,7.59,0,3,0.669
4,19.43,1,4,0.017
2,4.99,1,13,0.288
0,23.46,1,12,3.629
0,20.4,1,14,5.504
3,9.97,1,5,0.452
4,26.35,1,18,0.043
2,22.32,0,11,0.767
1,8.3,1,17,0.854
2,15.22,1,11,0.37
3,2.43,1,6,0.132
3,22.29,1,4,1.326
2,29.26,1,18,0.974
2,2.78,1,14,0.137
3,7.22,1,7,0.46
2,15.16,1,17,0.762
3,29.96,1,5,1.378
4,0.67,1,0,0.01
3,14.21,1,22,1.006
1,17.75,0,20,2.082
0,15.26,0,10,2.602
1,3.16,0,8,0.376
4,25.97,0,1,0.019
0,3.9,0,22,0.729
1,14.18,1,3,1.16
0,12.15,0,9,3.786
4,26.94,0,12,0.05
2,23.67,1,8,0.923
0,3.66,1,3,0.64
2,8.6,0,3,0.182
3,24.68,0,16,1.487
0,7.07,0,9,1.817
2,14.15,1,21,0.607
0,5.4,1,6,1.558
4,13.35,0,21,0.021
3,15.09,1,14,0.653
1,6.64,0,23,0.549
4,5.04,1,12,0.01
2,19.35,0,15,0.941
3,18.72,1,21,0.712
0,20.14,1,12,4.865
1,14.12,0,1,1.125
3,6.22,0,5,0.222
0,10.63,1,9,2.792
0,24.01,0,23,4.768
2,10.2,0,18,0.21
1,7.28,0,22,0.453
4,2.56,1,20,0.01
1,9.25,1,20,0.992
2,29.2,0,15,1.127
4,13.6,1,14,0.02
3,13.52,0,13,0.673
2,9.21,0,12,0.299
4,23.18,1,21,0.027
3,23.47,0,2,1.3
2,22.97,1,15,0.946
0,2.85,1,8,0.454
2,21.98,1,9,0.909
1,7.47,0,9,0.733
4,13.4,1,20,0.016
3,8.39,1,6,0.317
1,25.52,0,3,1.945
2,6.1,0,7,0.141
3,9.24,1,12,0.679
1,25.83,1,22,2.075
4,14.33,0,3,0.01
1,19.6,1,11,2.24
0,3.64,1,8,0.783
0,3.48,0,11,0.721
3,12.01,0,3,0.596
1,10.74,1,19,1.324
3,18.71,1,23,0.736
3,1.17,0,6,0.081
0,14.06,1,18,4.123
4,12.98,1,10,0.023
1,23.42,0,5,1.66
4,13.24,0,3,0.018
2,10.12,1,5,0.384
1,1.21,0,1,0.095
2,9.53,0,13,0.391
1,1.82,1,15,0.182
4,10.96,0,11,0.01
4,8.55,0,19,0.011
4,19.04,1,21,0.018
3,25.01,1,4,1.023
1,6.2,1,8,0.563
2,0.76,1,6,0.024
3,6.12,1,21,0.397
4,16.58,1,8,0.027
0,10.27,0,10,2.911
1,18.15,1,2,1.346
4,12.85,1,14,0.01
2,18.09,0,21,0.876
0,4.95,0,1,1.28
0,27.88,0,15,6.235
3,13.38,1,14,0.946
3,10.5,0,5,0.606
2,6.86,0,5,0.321
3,25.38,1,23,1.475
2,21.72,0,3,0.829
4,4.33,0,7,0.01
2,3.69,1,11,0.183
3,16.08,1,16,0.595
2,6.65,0,9,0.245
1,7.35,1,2,0.742
3,11.08,0,18,0.551
1,19.5,0,18,1.451
0,25.49,0,13,6.65
4,14.08,0,3,0.018
2,13.03,0,11,0.428
2,15.53,1,0,0.693
3,24.21,0,7,1.653
4,15.37,1,13,0.023
0,13.88,0,5,2.048
1,20.48,1,21,1.872
0,10.57,0,15,2.042
4,3.47,0,22,0.01
0,26.58,0,11,4.545
4,1.3,0,12,0.01
3,21.04,0,23,1.039
0,2.64,0,1,0.375
4,15.41,1,23,0.017
3,5.19,0,0,0.163
0,27.36,0,17,7.459
3,11.46,1,19,0.839
2,3.58,1,10,0.101
3,12.12,1,10,0.464
4,8.46,1,7,0.015
3,10.04,1,12,0.644
3,14.73,0,19,0.897
2,28.08,1,10,1.3
0,8.81,0,3,1.911
0,12.41,1,20,2.656
1,26.01,0,12,1.904
3,25.59,0,22,1.027
1,14.15,0,18,1.643
2,1.77,1,18,0.05
3,5.71,1,16,0.354
3,22.12,1,2,1.235
2,24.6,0,9,1.103
1,24.93,0,15,1.569
4,27.43,1,12,0.028
1,7.74,0,22,0.627
3,6.69,1,2,0.445
0,4.14,0,1,0.502
3,5.79,0,1,0.359
0,14.21,0,15,2.323
2,24.16,1,11,0.576
3,12.15,0,12,0.787
3,8.53,1,16,0.417
0,12.31,0,21,3.086
1,21.14,1,18,2.632
0,19.99,1,7,2.977
4,25.02,1,19,0.031
4,10.16,1,18,0.01
0,24.82,0,4,4.815
2,22.79,0,8,1.017
0,19.52,1,6,5.28
4,24.51,1,21,0.055
4,27.88,0,20,0.036
2,6.28,1,18,0.315
3,28.81,0,15,1.842
2,24.25,1,13,1.078
1,17.85,1,7,1.887
1,16.09,1,10,1.845
2,22.64,1,17,1.0
3,15.27,0,6,1.03
0,28.28,0,0,6.898
4,19.03,1,14,0.026
0,15.03,0,1,2.055
3,17.07,1,1,0.839
2,2.87,0,9,0.081
3,19.61,1,11,1.135
2,6.8,0,18,0.243
2,4.51,1,21,0.219
0,23.84,1,23,4.882
0,17.87,1,3,4.467
3,22.65,1,19,1.384
4,7.1,1,17,0.011
1,4.94,0,8,0.415
1,22.27,0,15,1.724
4,21.86,1,2,0.047
3,15.33,1,21,0.792
3,6.68,0,6,0.243
1,10.14,0,2,0.891
3,13.54,0,13,0.721
1,6.25,1,10,0.735
2,21.77,0,15,0.681
0,23.83,1,13,6.49
1,8.45,0,0,0.607
4,5.16,0,19,0.01
3,9.23,0,7,0.633
3,20.89,0,10,1.479
1,16.43,1,9,1.592
4,27.5,1,10,0.04
0,27.52,1,11,8.239
4,0.9,1,11,0.01
2,25.11,0,16,0.789
2,3.66,0,23,0.15
0,18.84,0,17,3.266
2,10.93,0,12,0.223
4,8.57,0,23,0.015
3,16.24,0,0,0.595
1,12.04,0,23,0.834
4,8.09,1,21,0.011
4,3.3,0,23,0.01
1,19.23,0,1,1.484
2,20.44,1,17,1.133
2,25.32,0,14,0.955
1,16.89,1,14,1.877
2,5.58,1,5,0.243
3,14.37,0,14,0.783
3,18.6,0,10,0.802
4,28.83,0,20,0.046
1,17.89,0,2,1.423
4,29.8,1,13,0.022
1,13.86,1,3,1.423
1,28.36,0,13,1.795
2,19.3,1,23,0.993
2,9.08,1,1,0.373
1,7.93,0,5,0.593
2,7.15,1,7,0.261
0,23.88,0,14,5.688
0,8.19,1,11,1.992
1,11.72,0,17,1.109
0,24.55,1,3,3.808
4,19.99,0,2,0.027
2,27.54,0,3,1.016
0,3.85,1,9,0.816
1,29.21,1,22,2.466
3,26.15,0,23,0.851
4,29.77,1,22,0.063
0,13.49,0,1,2.154
3,6.23,0,6,0.289
1,6.64,1,11,0.529
3,1.95,0,3,0.132
4,3.37,0,14,0.01
1,24.95,1,11,2.021
1,25.84,0,0,1.935
0,28.62,1,0,6.667
3,27.83,0,22,1.746
3,11.68,0,2,0.691
3,28.43,0,21,1.143
3,22.49,1,10,0.838
2,28.73,1,4,1.299
2,26.38,0,16,1.147
1,23.85,1,7,2.167
2,27.26,1,12,0.747
4,14.05,0,13,0.024
1,24.54,0,19,2.315
0,17.22,1,15,3.687
3,11.84,0,18,0.4
1,21.23,0,9,1.793
0,12.41,0,5,2.228
2,12.97,0,14,0.382
4,24.97,1,8,0.034
4,11.44,0,23,0.01
0,21.47,1,0,3.182
1,4.23,1,17,0.444
0,24.15,0,22,6.271
1,18.75,1,7,1.534
3,22.72,0,19,1.105
1,5.83,0,10,0.424
1,6.58,1,8,0.681
3,29.85,1,5,2.467
2,1.38,0,18,0.052
4,1.13,0,4,0.01
3,29.48,1,20,1.34
0,22.0,0,20,5.461
3,15.49,0,16,1.028
1,23.5,1,22,2.408
1,18.28,0,23,1.501
1,4.71,1,1,0.408
1,25.49,0,11,2.875
2,27.25,0,21,1.298
1,5.98,1,23,0.663
3,29.76,0,12,1.758
2,6.83,1,2,0.207
4,28.95,0,12,0.035
2,22.72,1,3,0.515
1,8.52,1,11,0.658
4,29.01,1,20,0.017
3,13.04,0,10,0.644
0,10.78,1,9,2.643
1,10.99,1,0,1.11
2,21.08,1,22,0.825
0,3.97,1,5,0.767
4,7.62,1,19,0.01
4,21.9,0,1,0.03
2,13.96,0,9,0.45
1,12.93,1,18,1.01
3,25.84,1,11,1.354
2,25.48,0,19,0.608
4,2.25,0,8,0.01
4,24.73,1,9,0.019
3,24.68,0,0,1.78
1,22.26,1,3,2.369
0,29.68,1,7,7.9
3,6.98,1,5,0.443
0,28.5,0,3,7.055
4,24.22,1,9,0.051
4,6.82,1,2,0.01
2,3.2,0,3,0.129
4,25.07,0,14,0.022
4,22.47,1,6,0.044
2,24.77,0,3,0.627
3,7.73,0,13,0.481
4,14.63,1,9,0.01
0,28.27,0,16,6.301
4,19.01,0,15,0.015
1,10.68,1,12,0.818
4,24.94,0,2,0.029
4,17.67,1,8,0.027
1,19.97,1,11,2.489
1,13.88,1,19,1.687
3,29.13,0,14,1.199
4,27.65,1,0,0.06
2,18.34,1,13,0.547
3,11.07,0,9,0.768
4,11.65,1,17,0.017
1,4.6,0,22,0.368
3,22.35,0,4,0.744
0,26.96,1,20,4.622
4,8.32,1,16,0.019
3,11.22,0,0,0.775
1,1.58,0,15,0.144
2,2.24,1,16,0.052
3,29.62,0,17,1.706
2,29.37,1,1,1.181
1,15.99,1,9,1.956
3,20.95,0,4,1.097
4,5.39,0,4,0.01
0,21.0,1,9,6.36
0,11.8,0,2,1.585
1,4.73,1,9,0.548
3,11.0,1,2,0.46
0,5.29,1,3,0.99
3,25.25,1,16,1.012
0,25.77,0,13,6.392
0,17.52,0,13,3.246
1,23.19,1,18,1.894
1,28.56,0,8,3.274
3,10.84,0,13,0.546
1,2.1,1,3,0.16
1,24.94,0,4,1.782
0,25.88,0,11,5.602
4,12.23,0,9,0.01
1,11.95,0,13,1.085
2,3.24,1,7,0.077
2,15.31,0,23,0.46
1,15.73,1,4,1.045
1,19.97,1,11,1.875
2,21.58,1,17,0.86
3,20.99,0,4,1.204
3,21.54,0,4,0.801
1,8.38,1,4,0.649
1,27.05,1,13,2.589
4,16.31,1,15,0.033
4,22.21,1,12,0.05
1,17.84,1,22,1.286
0,3.03,0,17,0.692
1,4.38,1,6,0.521
2,3.63,1,23,0.093
1,12.86,1,23,1.101
4,4.99,0,13,0.01
0,18.97,1,23,4.472
3,4.11,0,10,0.136
0,4.74,1,2,1.328
4,15.06,1,13,0.029
3,23.78,1,13,1.42
2,12.24,0,3,0.433
1,24.73,1,16,2.668
4,21.18,0,15,0.041
3,13.79,1,3,0.535
1,20.65,0,1,1.493
4,28.06,1,0,0.047
1,7.73,1,0,0.703
4,23.69,0,16,0.014
1,5.11,1,12,0.379
1,3.65,1,1,0.378
2,11.91,0,19,0.581
3,11.7,0,5,0.757
3,7.42,1,4,0.477
0,24.83,1,6,5.902
0,11.89,0,12,1.869
1,8.17,1,9,0.845
2,22.69,0,17,0.491
1,3.26,0,3,0.259
1,8.14,1,17,0.9
4,1.2,0,13,0.01
1,20.11,1,18,2.214
0,20.75,0,1,4.724
0,10.2,1,19,2.994
1,24.34,0,17,2.361
4,4.79,1,11,0.01
3,6.47,0,18,0.329
3,6.08,1,14,0.227
2,3.9,0,1,0.181
3,26.68,0,11,0.836
2,15.34,1,17,0.696
4,22.84,1,22,0.024
3,26.79,1,2,1.223
2,21.69,0,3,0.687
2,27.12,0,0,0.747
3,3.17,1,16,0.226
2,7.68,1,1,0.386
0,21.61,1,3,5.222
2,21.86,0,8,0.77
0,22.75,1,1,4.967
1,1.35,1,11,0.114
2,21.62,1,22,0.809
2,22.32,1,19,1.01
3,24.35,0,14,1.397
2,8.07,0,20,0.301
2,4.05,0,11,0.185
0,11.46,1,19,2.662
2,1.89,1,19,0.055
2,11.04,0,19,0.307
4,29.99,1,11,0.057
0,28.83,1,16,4.442
2,13.21,1,6,0.697
3,29.39,0,15,1.575
1,12.92,1,0,1.259
4,18.42,0,16,0.031
3,26.66,0,7,1.579
2,17.3,1,8,0.96
3,3.24,0,18,0.22
4,28.06,0,12,0.042
4,22.21,0,10,0.023
4,24.92,1,20,0.046
1,6.1,0,18,0.43
1,18.35,1,22,1.619
2,2.81,0,20,0.135
4,7.96,0,9,0.014
0,3.38,1,18,0.573
0,14.35,1,9,4.196
3,25.03,1,16,1.332
3,22.77,0,23,1.602
4,18.7,0,15,0.039
2,5.75,0,11,0.206
2,8.95,1,21,0.303
1,7.81,0,4,0.641
4,18.24,1,4,0.042
2,13.98,0,5,0.37
2,27.54,0,12,0.806
3,19.07,1,23,1.388
2,22.78,1,17,0.489
2,28.52,1,9,0.757
1,3.61,1,6,0.35
0,6.57,0,3,1.146
3,8.47,0,4,0.565
3,13.3,1,8,0.78
2,14.83,0,14,0.659
2,14.27,0,23,0.703
1,13.08,1,8,1.385
4,3.41,0,18,0.01
0,9.96,1,3,2.19
2,2.5,0,15,0.106
0,18.95,1,16,3.926
0,21.96,0,2,5.503
4,19.45,0,0,0.018
2,3.11,0,9,0.134
2,1.39,0,18,0.06
4,10.57,0,3,0.01
4,18.56,0,1,0.011
3,3.57,1,0,0.226
0,9.84,0,7,1.84
2,17.07,1,13,0.478
2,20.15,1,18,0.724
4,3.68,1,17,0.01
3,15.5,1,9,0.668
3,24.67,1,13,1.091
1,5.5,1,17,0.413
0,8.84,0,18,1.513
2,27.46,0,13,1.106
3,15.05,1,16,0.654
1,20.47,0,21,1.785
0,24.27,1,7,6.325
0,20.33,0,20,3.877
2,4.97,0,3,0.211
4,27.63,1,2,0.031
1,25.07,0,12,1.495
0,14.04,1,18,2.776
3,13.27,1,6,0.861
1,12.66,0,20,1.49
2,24.72,1,5,0.976
2,12.62,0,21,0.455
1,24.82,0,22,1.675
2,21.51,1,2,0.745
1,2.87,0,19,0.202
3,25.88,1,8,1.949
4,17.58,1,13,0.018
0,27.61,0,3,5.469
2,2.87,1,6,0.097
0,6.77,1,21,2.021
1,21.93,1,15,2.086
0,8.97,1,20,2.34
0,27.83,1,19,5.617
2,13.87,1,23,0.467
1,15.6,1,9,1.57
2,19.08,0,2,0.83
4,19.07,0,6,0.022
2,26.59,1,13,1.357
2,16.46,1,20,0.616
3,6.25,0,21,0.421
2,16.4,1,20,0.545
3,4.64,0,20,0.259
2,13.72,1,13,0.328
1,7.76,1,9,0.906
2,14.67,1,23,0.815
0,14.93,0,12,2.406
3,19.84,0,21,0.984
4,25.44,1,7,0.033
1,18.84,0,21,1.595
1,3.68,0,11,0.357
0,2.48,1,0,0.548
4,4.18,1,4,0.01
3,25.44,0,18,1.081
2,3.04,0,14,0.122
0,27.03,0,3,3.858
2,25.01,1,22,1.28
0,21.64,1,23,3.032
4,6.84,0,17,0.01
1,17.21,1,7,1.554
2,20.6,0,23,0.934
3,20.47,1,8,1.309
2,20.23,1,21,0.956
3,15.88,0,19,0.834
2,21.68,1,12,1.037
4,19.96,1,8,0.015
3,22.24,1,15,1.17
4,9.99,1,12,0.01
1,24.12,1,4,1.829
4,9.35,0,19,0.015
2,19.59,1,12,0.826
1,26.63,0,12,2.169
4,28.21,1,3,0.065
3,27.09,1,15,1.002
2,19.88,1,17,0.732
2,25.53,1,7,0.884
0,13.22,1,14,3.623
1,4.71,0,14,0.315
2,1.41,0,10,0.036
1,6.91,1,22,0.601
3,26.12,0,20,1.271
3,27.11,0,3,1.256
2,15.37,1,7,0.772
4,28.48,0,20,0.016
3,26.86,1,0,1.491
3,19.02,0,14,1.287
0,17.5,0,17,3.78
4,25.74,0,2,0.051
1,3.36,0,3,0.221
2,15.14,1,11,0.83
1,21.1,1,0,2.094
1,29.73,0,11,1.982
3,21.64,0,16,0.92
2,3.66,1,11,0.207
3,12.24,0,15,0.789
4,22.42,0,4,0.044
1,2.14,1,5,0.168
0,5.76,0,0,1.2
4,24.25,1,0,0.047
1,4.35,0,12,0.354
4,28.22,1,16,0.024
1,0.86,1,23,0.081
4,6.77,0,18,0.011
0,2.63,1,14,0.512
3,9.83,1,5,0.643
3,3.28,1,17,0.148
1,19.6,1,20,2.11
4,21.31,1,10,0.024
3,27.98,1,21,2.293
3,0.9,1,2,0.04
0,4.71,0,4,1.099
4,14.82,0,22,0.013
2,15.34,1,23,0.366
0,1.23,0,7,0.202
1,1.74,0,12,0.116
4,28.26,0,19,0.031
1,18.04,1,23,1.921
2,7.98,1,0,0.337
4,24.02,1,21,0.017
3,2.69,1,6,0.218
4,4.7,1,10,0.01
3,3.08,1,7,0.222
0,25.31,1,1,5.924
3,10.91,0,13,0.646
0,22.75,1,12,4.981
1,25.36,0,6,2.061
3,21.76,0,13,1.496
3,4.83,1,16,0.219
2,11.96,0,19,0.569
2,19.57,0,4,0.673
1,9.85,1,15,0.973
2,10.69,0,20,0.314
0,17.46,1,10,5.234
4,29.97,0,8,0.057
2,8.13,1,23,0.402
4,6.33,1,12,0.013
3,12.17,0,9,0.813
4,23.15,0,17,0.016
4,20.97,1,5,0.043
1,14.83,1,16,1.037
2,27.58,1,2,0.622
0,14.77,1,16,3.858
0,5.72,0,8,1.318
2,24.33,1,10,0.716
2,18.04,1,12,0.528
4,4.07,0,21,0.01
2,13.43,1,6,0.395
2,19.01,0,22,0.981
4,29.08,0,19,0.059
4,8.95,0,13,0.01
1,6.37,1,12,0.416
1,12.31,0,14,0.9
3,17.74,0,13,1.016
1,0.59,0,23,0.039
1,23.84,0,11,1.896
1,7.0,0,20,0.6
0,1.46,0,4,0.327
4,6.39,0,8,0.011
3,15.74,0,1,0.868
1,23.77,0,16,2.013
4,6.48,0,7,0.01
0,18.82,0,15,4.202
1,14.09,1,16,1.528
1,21.71,1,9,2.085
0,23.08,0,9,6.725
1,29.61,0,22,2.858
3,18.76,0,1,0.619
3,14.73,0,15,0.822
1,15.73,0,17,1.131
3,15.87,1,15,0.992
2,20.94,0,0,0.682
2,27.31,1,0,0.912
0,24.99,0,23,3.659
3,20.66,1,12,1.255
2,8.87,0,6,0.425
3,28.37,1,15,1.686
4,3.96,0,22,0.01
2,23.1,1,2,1.089
0,5.96,0,21,1.107
0,15.16,0,17,2.98
1,24.03,0,9,2.453
3,3.41,0,19,0.19
3,23.37,0,16,1.567
3,26.54,0,4,1.753
3,22.15,0,15,1.329
4,28.56,0,12,0.052
2,7.21,0,11,0.258
0,7.14,0,7,1.444
0,6.78,1,12,1.132
1,7.45,1,19,0.866
4,21.41,1,20,0.029
0,26.82,0,14,5.154
4,7.64,1,3,0.01
0,26.73,0,15,4.977
4,14.43,0,11,0.018
0,19.44,0,21,3.212
4,2.4,0,4,0.01
3,17.13,0,6,1.008
1,28.84,0,7,2.09
4,8.83,0,20,0.011
2,10.08,1,22,0.556
0,20.96,1,8,5.673
1,20.85,1,11,2.527
1,24.6,0,1,2.061
1,25.31,0,13,2.107
0,11.17,0,13,1.846
1,10.13,0,14,0.775
3,11.05,1,21,0.735
4,13.68,1,18,0.017
2,19.53,0,12,0.787
4,7.13,1,16,0.01
2,9.42,1,8,0.425
1,27.12,1,18,2.863
4,18.84,1,13,0.021
0,3.4,1,19,0.983
2,12.1,0,5,0.319
0,6.32,0,22,1.61
0,13.42,1,7,3.064
4,17.03,1,21,0.029
3,1.69,1,10,0.064
3,25.68,1,9,1.044
1,14.76,0,9,1.546
1,29.24,1,14,2.477
4,4.89,1,4,0.011
4,25.51,1,10,0.039
1,14.21,0,13,1.492
0,25.65,1,21,5.685
2,9.4,0,11,0.182
1,1.89,1,12,0.187
0,28.13,0,0,5.802
2,19.09,0,8,0.603
3,29.67,1,6,1.603
1,29.24,0,23,2.813
3,8.91,1,5,0.42
4,5.33,0,15,0.01
4,6.97,0,4,0.01
1,0.51,0,12,0.045
2,1.95,1,6,0.099
1,26.71,0,2,2.886
0,12.09,1,12,2.814
4,9.41,1,16,0.021
1,21.47,1,22,2.141
3,21.97,0,7,1.359
3,16.38,0,6,0.808
1,13.67,0,9,1.43
2,19.09,0,21,0.44
1,8.79,1,20,0.903
1,7.15,0,3,0.562
0,14.05,0,16,2.406
4,14.06,0,17,0.027
4,29.61,0,20,0.035
3,8.98,1,2,0.503
4,18.89,1,19,0.02
1,11.03,0,20,0.825
1,19.24,1,19,1.446
1,21.01,1,1,1.491
0,4.03,0,15,0.606
0,27.34,1,1,4.008
3,29.06,1,3,2.011
3,25.04,0,0,1.576
1,4.23,0,20,0.407
3,16.58,0,20,1.174
4,23.39,0,4,0.013
4,20.01,0,8,0.038
1,3.39,1,6,0.367
2,23.55,1,22,0.807
0,29.37,0,22,4.871
0,7.64,1,13,1.153
4,20.11,1,18,0.016
2,16.17,1,13,0.738
4,11.9,1,12,0.024
1,0.84,0,7,0.083
3,28.92,1,0,1.8
2,20.05,1,20,0.575
4,6.01,1,5,0.011
4,17.14,0,8,0.022
3,24.04,0,13,1.287
2,3.83,1,2,0.092
1,21.2,0,2,1.646
2,23.48,0,2,0.833
0,24.47,1,12,5.969
1,9.94,0,12,0.929
3,14.31,0,15,0.875
2,15.97,0,6,0.439
4,25.36,0,16,0.042
0,2.44,1,13,0.503
2,20.57,0,6,0.719
2,16.87,1,21,0.459
4,1.07,1,15,0.01
3,23.77,1,14,1.312
1,3.77,0,9,0.4
2,22.12,1,22,0.755
0,21.54,1,2,3.616
3,18.01,1,11,1.263
3,17.56,0,7,0.807
1,13.06,0,8,1.442
2,29.42,1,19,1.593
3,10.51,1,18,0.515
1,27.88,1,0,2.29
3,20.14,1,11,1.234
4,11.87,0,1,0.021
4,17.48,1,14,0.017
2,17.97,0,12,0.452
0,24.79,1,7,5.81
0,16.22,1,23,2.279
0,28.16,1,21,6.481
2,1.87,1,14,0.079
2,16.74,1,3,0.952
1,22.89,0,22,1.647
1,9.86,0,8,1.109
3,29.34,0,13,1.952
4,12.85,0,22,0.023
2,18.78,1,6,0.762
1,22.19,1,16,2.114
2,6.68,1,21,0.26
4,14.13,0,0,0.015
1,3.52,1,17,0.298
4,11.38,0,14,0.019
2,20.71,1,22,0.911
2,28.05,1,22,1.01
4,22.76,1,16,0.03
4,19.4,0,13,0.034
4,25.94,1,22,0.042
0,22.34,0,3,2.692
4,11.55,1,18,0.013
1,1.0,1,17,0.119
4,24.92,1,6,0.022
1,26.74,1,8,3.215
4,18.22,0,8,0.039
3,18.44,0,3,0.989
1,29.45,1,5,2.637
1,0.75,0,7,0.053
4,12.01,0,3,0.02
0,24.46,0,13,5.626
0,4.73,1,9,0.795
3,21.04,1,6,1.214
1,12.59,0,8,1.278
4,25.92,0,23,0.016
2,12.93,1,15,0.471
4,15.73,1,9,0.03
0,15.21,0,23,1.924
3,26.97,1,16,2.015
2,15.94,0,4,0.766
0,8.82,1,2,1.379
2,4.56,0,4,0.121
3,21.86,1,6,1.098
1,2.69,1,22,0.206
3,4.47,0,4,0.149
0,7.67,1,9,1.273
1,19.39,1,13,2.085
0,21.4,1,12,5.069
2,22.7,1,21,1.295
4,9.46,1,6,0.018
3,23.09,1,11,1.061
2,16.64,0,10,0.727
4,5.73,0,22,0.01
2,25.6,0,12,0.947
4,11.69,1,2,0.015
3,13.9,0,17,0.451
3,26.03,1,17,1.223
3,2.51,1,9,0.16
0,3.95,0,14,0.706
1,8.06,1,3,0.665
4,28.17,0,22,0.02
2,26.55,0,14,1.233
2,24.42,1,19,1.118
3,18.4,0,17,1.069
4,16.22,0,11,0.027
0,11.81,1,0,2.354
1,6.42,1,4,0.585
3,10.43,1,6,0.511
0,28.61,1,17,5.744
2,24.68,1,14,0.954
1,9.77,0,10,0.92
4,25.56,1,9,0.034
3,21.07,0,8,1.157
3,16.63,0,6,0.917
3,25.7,0,17,0.841
3,13.43,0,10,0.596
3,19.94,0,1,1.183
1,21.63,0,7,1.432
2,18.69,0,9,0.765
0,28.83,0,23,5.7
2,17.53,1,20,0.918
4,23.34,0,1,0.021
1,5.05,0,15,0.502
2,14.01,0,6,0.345
1,9.42,1,15,0.834
2,13.67,1,12,0.359
3,15.87,0,5,1.055
4,25.42,0,2,0.024
2,17.11,0,22,0.6
3,15.28,0,1,0.54
3,27.11,1,4,2.16
1,13.73,0,10,1.154
0,14.11,1,10,3.529
4,17.81,1,7,0.036
2,16.93,0,6,0.793
1,18.37,1,4,1.4
3,12.31,1,0,0.741
2,3.69,0,7,0.094
3,8.95,1,11,0.364
3,25.59,1,5,1.792
2,26.86,1,15,1.348
1,8.4,1,15,0.742
3,28.23,1,9,1.448
2,25.17,1,12,0.879
2,24.44,0,18,0.882
3,9.73,0,13,0.525
0,1.58,1,5,0.225
0,13.96,0,12,2.694
4,25.91,0,17,0.034
1,5.63,0,13,0.596
4,24.99,0,12,0.014
1,24.45,0,5,1.983
0,4.09,1,8,0.945
4,14.0,1,3,0.012
1,24.26,1,1,1.959
2,26.17,0,12,0.763
0,3.86,1,9,1.055
4,15.62,1,22,0.012
4,27.29,1,22,0.027
4,3.4,0,22,0.01
3,7.57,1,20,0.498
1,24.46,1,13,1.593
3,25.64,0,2,0.942
3,26.89,0,20,1.355
4,27.68,1,2,0.039
2,26.04,0,16,0.729
3,7.86,1,22,0.445
3,29.23,0,23,0.882
4,29.76,1,1,0.056
2,23.35,0,22,0.806
2,20.71,0,17,0.475
3,11.25,1,14,0.541
4,6.65,1,9,0.013
3,27.75,0,1,1.839
0,18.61,0,18,5.017
1,23.94,1,9,2.141
1,7.77,1,17,0.961
3,6.25,0,17,0.211
1,13.91,1,22,1.361
1,6.6,0,16,0.553
3,27.22,1,1,1.54
4,3.2,0,9,0.01
2,18.68,1,9,0.71
1,0.83,1,15,0.099
2,5.31,0,13,0.208
2,28.45,1,17,1.536
0,1.47,1,23,0.224
1,20.8,1,23,1.875
1,19.75,0,5,1.728
0,14.59,1,14,2.216
4,17.08,0,15,0.033
0,15.54,0,10,3.318
2,22.49,1,21,0.766
1,26.89,0,3,2.698
2,2.88,0,16,0.109
2,5.56,1,18,0.191
2,2.6,0,6,0.119
1,14.84,0,13,1.116
0,1.69,1,7,0.238
2,16.48,0,10,0.452
3,4.47,0,5,0.164
2,19.3,1,23,0.728
1,13.52,0,6,1.111
0,29.5,1,10,9.762
2,10.09,1,5,0.394
4,18.82,1,10,0.024
1,8.16,1,19,0.759
4,23.1,0,11,0.029
0,16.56,1,19,3.637
0,22.43,0,11,6.288
4,8.28,1,18,0.01
4,8.45,0,0,0.013
3,12.82,1,19,0.575
2,15.69,0,12,0.759
0,2.85,0,6,0.637
0,0.5,0,9,0.099
0,13.52,1,9,3.591
2,3.29,1,17,0.143
1,29.06,0,16,1.897
4,22.93,0,23,0.029
3,15.0,1,6,0.563
2,15.31,0,22,0.575
0,1.38,1,19,0.369
3,19.35,1,21,1.362
3,28.06,0,10,1.413
1,23.9,1,13,2.367
4,12.18,0,9,0.026
4,24.99,0,1,0.039
4,2.94,0,20,0.01
3,26.18,0,11,1.167
3,26.66,1,19,2.075
0,8.05,0,16,1.637
0,19.77,0,3,2.372
0,24.33,0,7,4.842
2,25.43,1,20,1.314
1,29.12,0,3,2.41
4,4.9,1,16,0.01
3,27.62,0,11,1.908
0,10.02,1,11,1.904
4,17.33,0,12,0.024
2,21.38,1,3,0.565
2,13.16,1,17,0.66
1,8.45,0,15,0.833
3,19.51,1,4,1.053
0,20.49,0,21,3.091
2,21.79,1,6,0.953
3,1.25,1,9,0.076
1,10.2,0,12,0.996
2,12.2,1,14,0.398
4,19.45,0,11,0.022
3,3.34,0,11,0.155
4,23.39,0,15,0.036
1,25.49,0,7,2.03
3,15.08,1,15,0.813
2,25.62,0,21,1.302
3,2.7,0,7,0.143
1,29.72,0,19,2.608
2,1.99,0,19,0.049
0,16.14,0,1,3.285
1,19.15,1,8,1.772
0,12.27,0,7,2.387
4,1.27,1,21,0.01
3,1.36,1,11,0.095
4,13.48,1,9,0.01
4,24.3,0,2,0.05
2,27.11,1,13,1.024
4,25.19,0,23,0.05
4,19.77,1,14,0.029
2,1.22,1,19,0.056
2,15.58,1,16,0.755
0,7.61,0,19,1.985
3,8.71,0,19,0.325
2,7.62,1,6,0.295
4,3.14,1,18,0.01
2,4.5,0,4,0.209
0,21.83,0,5,3.89
4,24.65,0,18,0.04
4,8.99,1,3,0.019
2,26.26,1,2,1.238
3,17.57,0,9,0.943
4,14.75,0,2,0.01
4,10.47,0,3,0.01
3,19.6,1,23,1.232
4,7.21,1,21,0.017
1,14.23,0,10,1.05
2,13.34,1,8,0.571
1,4.08,1,17,0.428
4,2.86,0,17,0.01
2,16.33,1,11,0.645
0,2.33,0,13,0.376
1,14.45,0,7,1.262
2,17.48,0,1,0.788
3,28.62,1,5,1.395
3,26.65,0,7,1.843
3,8.45,0,16,0.286
3,15.02,0,11,1.011
3,3.91,1,23,0.216
0,18.85,0,12,4.888
4,4.47,1,7,0.01
2,21.68,1,7,0.566
1,4.85,0,23,0.295
0,17.19,1,8,4.158
1,5.54,0,21,0.642
1,7.59,0,3,0.646
0,18.84,0,9,5.141
1,25.72,0,3,2.147
0,24.21,1,15,4.736
0,6.12,1,6,1.246
0,11.95,0,11,2.137
4,22.05,0,9,0.018
1,19.87,1,10,1.88
1,28.76,0,9,3.118
3,13.67,1,14,0.53
0,20.4,1,22,4.739
3,8.65,1,10,0.325
1,9.53,1,20,0.956
4,16.65,1,5,0.017
4,8.26,0,14,0.01
1,3.65,0,13,0.343
3,21.22,0,8,1.498
3,16.67,0,11,0.659
0,25.34,0,19,5.12
2,26.57,0,16,1.246
1,27.97,1,20,2.958
2,22.8,0,6,0.592
4,15.82,0,12,0.031
1,19.61,0,21,1.962
3,8.64,1,16,0.64
2,14.88,0,12,0.563
0,5.12,0,5,1.039
1,2.97,0,13,0.244
2,16.95,1,11,0.474
3,10.72,1,8,0.475
1,9.05,0,6,0.804
4,22.3,1,1,0.028
2,24.28,0,0,1.077
1,2.34,0,7,0.202
1,7.86,0,7,0.627
1,9.71,1,6,0.826
2,1.17,0,23,0.049
0,1.14,0,0,0.178
1,2.14,0,7,0.147
1,4.39,0,21,0.375
0,10.71,1,17,2.216
4,15.85,1,3,0.024
0,27.06,0,17,3.712
0,10.43,1,16,1.635
4,16.75,1,2,0.03
2,10.15,0,21,0.521
1,25.66,0,20,2.489
3,22.67,0,7,0.935
4,12.61,0,8,0.016
4,6.25,0,17,0.011
1,29.56,1,18,3.519
3,12.45,0,19,0.463
1,13.3,0,1,1.153
0,8.35,0,2,1.69
1,0.8,1,18,0.089
2,27.17,0,6,0.999
0,5.23,1,20,1.636
4,24.36,1,7,0.031
3,29.34,1,18,1.068
1,14.68,0,11,1.397
1,22.55,0,17,2.433
3,21.53,1,9,1.123
4,17.76,1,16,0.018
0,21.59,0,8,3.645
3,25.8,0,4,1.363
4,11.51,0,12,0.021
3,0.98,0,5,0.061
3,16.01,1,1,0.743
1,1.32,1,9,0.105
4,18.12,1,19,0.04
2,12.13,1,23,0.376
0,13.49,1,18,2.647
0,16.31,1,18,5.189
4,3.24,0,17,0.01
0,8.43,0,8,1.578
1,25.78,1,22,2.115
1,15.89,1,13,1.696
0,1.05,0,0,0.215
4,25.09,1,18,0.037
3,2.32,1,13,0.13
3,1.02,0,0,0.053
3,1.19,1,0,0.08
4,6.2,0,23,0.01
1,14.48,1,9,1.519
4,23.62,1,6,0.039
1,29.84,1,20,2.63
3,6.87,1,14,0.252
1,10.45,1,17,1.231
3,28.58,1,8,1.414
2,22.95,0,15,0.668
3,18.53,0,21,0.928
0,16.9,0,9,2.904
1,20.66,1,9,1.94
3,17.74,1,0,1.31
4,16.48,0,13,0.024
3,9.37,1,18,0.699
4,19.73,1,11,0.041
4,5.93,1,16,0.01
2,15.27,1,8,0.851
0,27.95,1,0,4.113
3,4.96,0,0,0.267
0,11.57,0,20,2.885
2,9.74,0,9,0.402
4,23.82,0,19,0.015
2,19.83,1,9,1.103
2,4.5,1,8,0.181
0,26.63,0,15,5.508
0,21.43,1,22,4.79
4,14.09,0,9,0.022
3,24.12,1,3,1.207
2,12.73,1,11,0.47
0,17.93,1,2,4.609
4,28.68,0,23,0.018
2,12.08,0,7,0.281
2,18.25,1,15,0.817
3,7.96,1,14,0.628
4,15.55,1,4,0.033
0,2.19,1,15,0.568
3,20.08,1,19,1.428
4,3.49,0,17,0.01
3,24.41,0,3,0.868
2,22.48,0,15,0.584
3,7.63,1,8,0.323
3,12.01,0,22,0.52
1,25.51,0,8,2.399
4,15.64,0,10,0.016
0,12.56,0,21,2.433
4,7.13,0,11,0.011
1,3.32,0,19,0.393
1,2.73,1,3,0.228
4,26.2,1,3,0.027
1,18.45,1,23,1.84
1,18.78,1,1,1.416
1,11.24,1,12,1.01
0,14.35,0,10,4.283
0,14.02,1,5,2.616
4,2.38,0,1,0.01
0,4.02,0,23,0.728
0,15.16,0,15,3.188
3,7.52,1,16,0.523
3,16.3,1,12,1.024
0,10.11,1,8,2.342
2,22.27,0,5,0.504
4,6.64,0,20,0.01
4,27.27,1,18,0.025
2,4.39,0,18,0.134
1,19.35,1,4,1.958
1,13.99,0,8,1.117
3,23.71,1,18,0.949
2,7.09,1,18,0.287
1,29.64,1,10,3.402
4,20.69,0,13,0.013
3,8.08,1,14,0.553
0,1.05,0,21,0.167
1,6.74,0,15,0.45
0,0.59,1,19,0.11
2,20.11,1,16,0.965
0,17.08,1,5,4.797
3,20.04,1,7,0.895
2,16.57,0,21,0.613
2,19.35,0,9,0.858
2,22.57,1,10,0.673
0,3.98,1,1,1.049
1,8.86,0,21,0.691
2,25.96,1,11,1.107
0,8.88,0,12,1.771
0,11.56,1,9,2.531
4,1.26,0,18,0.01
4,10.27,0,19,0.019
3,29.37,1,17,1.385
3,14.76,1,13,0.551
0,14.26,0,19,3.56
1,14.55,0,17,1.487
0,4.97,0,17,1.495
4,22.29,1,21,0.049
4,7.69,1,21,0.011
4,24.79,0,17,0.04
1,17.0,1,17,1.403
0,8.58,1,14,2.099
4,19.77,1,7,0.015
2,10.92,1,22,0.571
1,29.63,1,21,3.45
1,27.78,1,5,2.868
0,22.04,1,13,5.852
1,22.79,1,0,1.749
4,14.04,1,12,0.023
2,5.67,1,21,0.177
1,0.88,1,12,0.063
2,3.37,0,0,0.073
1,16.34,1,15,1.384
2,20.76,1,21,0.503
4,29.48,1,8,0.058
3,4.32,0,3,0.27
3,24.94,0,23,0.92
2,6.42,0,10,0.17
0,1.37,1,19,0.422
2,26.69,1,13,0.69
0,5.78,1,14,0.824
2,3.34,0,15,0.126
2,10.37,1,23,0.454
2,2.77,0,8,0.097
3,26.71,1,1,1.71
2,23.34,0,21,0.91
0,21.69,0,4,5.405
4,22.43,0,3,0.023
1,25.08,1,13,1.857
1,10.6,0,12,0.713
0,17.08,1,6,2.962
0,27.39,1,19,5.323
0,9.51,0,5,1.242
1,1.31,1,19,0.153
4,14.26,0,8,0.026
4,6.48,0,19,0.011
1,2.91,0,20,0.308
3,13.19,0,3,0.502
1,22.67,1,15,1.605
1,9.69,0,16,0.701
3,28.48,1,11,1.918
2,13.92,0,7,0.737
3,19.25,0,12,1.05
3,17.48,0,12,1.317
2,5.37,0,11,0.259
1,2.02,0,8,0.197
1,24.92,0,23,1.706
2,3.79,1,0,0.187
1,17.59,1,17,1.974
0,23.71,0,23,5.388
4,17.07,0,8,0.029
0,24.99,0,11,5.093
0,10.16,0,8,2.824
2,24.32,1,15,1.02
3,16.06,1,9,0.813
3,11.64,0,1,0.396
0,8.33,1,20,1.952
2,28.35,0,12,0.967
1,4.83,1,17,0.411
0,22.7,1,19,5.409
3,17.27,1,7,1.129
0,4.08,0,12,0.674
4,16.48,0,10,0.018
3,5.43,1,21,0.268
4,29.9,0,2,0.021
1,27.55,0,8,2.291
1,8.32,1,21,0.885
1,21.29,1,16,1.347
4,17.68,0,12,0.022
2,11.63,1,14,0.3
3,9.93,0,4,0.357
3,3.25,1,5,0.221
3,17.71,0,0,0.606
0,3.6,0,23,0.78
3,22.79,0,15,1.146
2,5.02,0,18,0.141
4,25.28,0,11,0.017
3,27.39,0,12,1.446
3,29.7,1,23,2.054
1,20.93,1,21,1.67
1,2.56,0,9,0.285
4,29.25,0,0,0.023
3,29.07,1,10,1.69
1,18.0,0,3,1.62
2,23.92,1,19,1.019
3,6.69,0,14,0.214
4,17.68,0,8,0.026
3,5.31,0,18,0.391
1,1.63,0,11,0.155
3,13.37,1,1,0.989
0,27.72,1,8,7.209
4,3.43,1,17,0.01
4,21.76,1,8,0.036
1,12.59,1,22,1.283
3,28.88,1,15,2.093
1,12.71,1,3,1.441
1,1.39,1,22,0.09
1,28.61,1,8,3.249
3,22.52,0,2,0.705
1,14.43,1,7,1.406
4,18.3,1,6,0.025
2,8.85,0,13,0.244
4,12.25,0,22,0.012
2,11.98,0,3,0.6
4,19.96,1,6,0.021
2,22.27,1,21,0.801
1,11.32,0,4,0.728
4,13.3,1,11,0.016
2,10.63,0,8,0.395
1,6.47,0,19,0.443
2,29.66,1,8,1.353
3,5.19,0,16,0.249
1,19.61,1,5,1.431
0,28.31,0,7,4.217
3,27.69,0,22,1.795
3,16.25,0,17,1.117
1,16.04,1,19,1.984
0,27.64,1,11,9.263
0,17.49,0,7,3.297
4,19.97,0,23,0.031
2,29.98,1,3,1.633
2,25.7,0,22,1.054
3,12.85,0,5,0.767
4,22.76,0,21,0.032
0,27.85,1,3,6.066
0,9.84,1,6,2.037
0,3.36,1,7,0.838
3,24.95,1,22,0.848
0,10.91,0,17,2.114
3,7.83,1,23,0.381
2,8.27,1,16,0.479
2,28.22,1,6,0.926
2,8.15,1,21,0.366
4,23.97,0,3,0.043
0,20.12,0,22,3.376
2,9.55,0,4,0.442
3,24.17,1,21,1.604
0,13.96,0,23,2.289
0,18.96,0,1,2.723
2,4.05,0,10,0.103
3,28.3,0,2,1.43
4,12.02,0,7,0.022
1,5.6,1,8,0.504
4,14.31,1,12,0.016
0,24.42,0,2,3.932
2,29.53,1,19,0.88
4,16.41,0,6,0.03
1,9.55,0,12,0.817
3,19.62,0,1,0.716
0,9.56,0,8,1.617
3,27.48,1,16,1.056
0,16.35,0,15,3.998
0,10.22,1,18,2.765
2,18.1,0,3,0.445
0,16.66,0,11,3.384
0,19.02,1,22,4.582
2,20.53,1,5,1.149
3,4.55,1,1,0.164
4,6.38,0,9,0.01
2,12.0,1,17,0.373
1,21.17,1,18,2.367
4,17.68,1,0,0.035
3,15.78,1,10,0.884
3,7.19,1,4,0.371
1,29.71,0,20,3.661
1,21.29,1,15,2.352
0,5.92,1,22,1.493
1,19.14,0,21,1.569
1,11.96,1,13,1.281
2,21.04,0,0,1.027
0,19.58,1,15,3.511
0,11.67,0,1,2.799
3,24.32,1,4,1.506
1,23.63,0,6,1.744
1,8.14,1,16,0.615
1,11.34,0,8,1.362
1,2.94,1,21,0.271
4,9.36,1,15,0.013
0,20.43,0,2,2.419
2,2.47,0,6,0.119
2,3.52,1,7,0.104
2,27.45,0,8,1.312
4,16.5,0,16,0.023
2,1.17,0,14,0.027
1,15.51,0,18,1.141
3,23.77,1,14,1.486
3,14.52,0,1,0.627
0,7.08,0,0,1.06
3,4.77,1,21,0.17
3,10.89,0,5,0.484
1,1.69,0,8,0.177
3,4.23,1,13,0.278
4,19.3,1,1,0.028
0,20.8,1,21,4.558
4,3.02,0,13,0.01
4,15.18,0,16,0.017
4,4.35,1,15,0.01
4,6.78,1,14,0.011
0,2.83,1,0,0.625
3,4.61,1,3,0.242
3,15.97,1,0,0.913
1,15.59,1,15,1.131
3,10.54,0,2,0.508
2,13.27,1,9,0.5
1,17.19,0,5,1.101
3,11.97,1,19,0.471
3,20.35,0,23,0.988
2,5.27,0,6,0.178
4,0.99,1,5,0.01
4,25.36,1,7,0.041
4,21.1,0,11,0.041
4,15.61,0,20,0.027
2,1.01,1,6,0.05
0,22.36,0,8,5.438
0,19.53,0,18,3.838
0,0.97,0,20,0.25
1,15.51,0,7,1.24
1,2.56,1,11,0.248
3,1.62,1,5,0.07
2,26.09,1,9,0.772
0,18.91,1,9,2.837
0,26.42,1,15,6.379
2,19.54,1,11,0.569
3,5.88,0,19,0.407
1,16.64,1,15,1.693
0,11.17,1,14,3.173
4,2.49,0,21,0.01
1,5.91,1,7,0.399
1,25.38,0,7,2.183
2,9.95,0,18,0.231
1,23.55,1,2,2.08
3,26.91,0,1,1.223
1,15.93,1,16,1.677
1,17.15,1,16,1.545
3,13.92,1,8,1.0
4,20.94,0,0,0.04
3,22.45,0,13,1.573
2,4.71,0,20,0.239
0,16.51,1,6,4.416
0,16.43,0,8,4.556
2,14.71,0,18,0.448
4,16.84,1,15,0.011
4,17.23,1,20,0.011
1,5.18,0,20,0.391
3,24.84,0,10,1.382
3,11.23,1,13,0.71
1,0.54,0,0,0.039
1,4.51,1,0,0.423
2,22.33,1,13,0.931
4,5.07,1,14,0.01
2,22.46,1,12,1.235
1,14.19,0,1,1.313
2,27.97,0,4,0.715
4,5.36,1,13,0.011
0,9.34,1,13,1.782
2,1.47,0,23,0.06
2,26.52,1,0,1.206
3,19.83,1,9,1.275
2,2.74,0,23,0.094
4,6.96,1,2,0.01
1,20.1,1,19,2.159
2,8.38,1,19,0.224
0,28.47,1,8,6.526
3,12.84,1,6,0.46
0,17.95,1,6,5.002
2,19.71,1,8,0.471
1,9.17,0,12,0.651
4,25.56,1,15,0.018
2,18.49,1,2,0.579
2,26.01,1,6,1.198
2,4.92,0,11,0.195
2,16.05,1,14,0.479
1,18.68,0,7,1.177
2,1.31,0,3,0.052
0,3.89,1,21,0.846
0,29.35,0,0,6.573
4,4.7,0,10,0.01
3,17.48,1,5,1.128
0,24.91,0,5,5.942
1,27.64,1,12,3.014
4,24.0,1,7,0.028
1,13.57,1,0,1.387
3,14.41,1,4,0.513
3,11.5,0,5,0.565
3,13.95,0,4,0.83
3,9.98,0,4,0.552
4,16.2,1,13,0.029
4,17.2,1,20,0.032
0,20.85,0,14,4.532
0,1.11,0,6,0.262
3,8.59,0,7,0.33
0,16.4,0,22,2.937
1,10.75,1,20,0.888
4,1.87,1,17,0.01
4,29.52,1,3,0.03
0,13.51,0,18,3.459
2,15.03,0,14,0.615
0,27.56,1,23,7.559
3,25.82,0,13,1.596
1,11.55,1,13,0.85
1,14.58,1,17,1.302
1,5.5,1,7,0.474
4,8.32,1,22,0.01
1,11.25,1,17,1.224
0,23.93,0,2,5.15
2,7.57,1,15,0.249
4,20.51,1,23,0.014
2,24.94,0,17,1.026
1,23.29,1,17,2.327
2,15.31,0,16,0.579
1,9.13,0,1,0.584
0,5.78,0,21,0.964
0,10.39,1,19,2.921
0,22.45,0,13,4.88
0,24.75,0,17,5.955
2,15.18,1,20,0.881
2,24.19,1,4,0.822
1,22.29,1,22,1.962
4,9.06,0,5,0.017
3,15.2,1,7,1.207
0,16.37,1,23,3.474
2,28.79,1,17,0.8
1,5.04,0,17,0.425
3,17.65,0,9,0.78
3,16.67,0,14,1.016
4,3.63,0,20,0.01
1,8.84,0,10,0.777
0,23.7,0,7,3.684
2,10.77,1,15,0.245
2,16.95,0,20,0.723
4,18.39,1,23,0.038
3,25.67,1,8,1.661
2,25.52,1,22,0.742
2,1.21,1,16,0.043
0,4.98,0,17,0.981
3,15.86,0,4,0.891
2,8.35,1,18,0.356
0,19.08,1,12,4.096
4,29.58,0,21,0.021
0,8.17,1,19,1.974
0,25.94,0,8,6.485
0,21.91,1,15,4.059
4,28.37,1,17,0.036
3,22.76,0,4,1.189
3,18.02,1,2,0.845
0,16.34,0,22,2.183
3,7.9,0,8,0.398
0,8.78,0,22,2.085
2,4.01,0,9,0.086
4,29.49,0,21,0.049
0,23.69,1,4,4.97
0,14.12,1,6,3.501
3,22.56,0,14,1.426
0,3.07,0,11,0.9
3,22.71,0,3,1.104
4,5.64,0,17,0.01
1,15.05,0,13,0.936
0,8.46,0,18,1.391
1,29.63,0,17,2.542
3,19.5,0,7,0.745
1,6.27,0,15,0.414
2,26.12,1,19,1.256
3,1.93,1,11,0.12
4,8.87,1,20,0.012
2,15.0,1,15,0.819
3,25.14,1,18,1.075
2,7.81,1,10,0.181
3,14.62,1,16,1.099
3,13.48,0,16,0.864
4,18.67,1,1,0.031
3,1.79,0,21,0.096
2,5.74,1,22,0.127
0,11.56,1,15,2.984
1,4.2,1,17,0.549
2,12.57,0,20,0.343
2,20.49,1,2,0.763
1,23.82,1,12,1.65
4,16.95,0,23,0.021
0,11.17,1,21,3.242
3,8.22,0,12,0.543
4,5.34,0,17,0.01
3,10.35,0,7,0.623
4,10.53,0,1,0.01
0,24.51,0,6,3.824
1,8.93,1,21,0.778
0,22.31,1,22,4.037
1,0.77,0,0,0.068
3,13.65,1,20,0.524
3,29.97,0,0,1.34
4,19.23,1,19,0.04
4,16.85,0,12,0.032
3,25.97,1,7,1.859
1,6.15,0,3,0.539
0,23.37,0,18,4.75
3,5.53,1,1,0.34
2,15.8,0,7,0.752
0,7.0,0,7,1.436
0,20.36,1,4,4.798
0,25.62,0,7,3.23
1,19.79,0,9,1.955
0,2.73,1,21,0.825
4,10.53,1,16,0.01
4,25.43,1,14,0.02
1,24.32,1,20,3.325
0,23.25,0,12,6.063
4,25.84,1,7,0.024
3,13.02,0,22,0.463
0,6.57,1,19,1.523
1,19.04,0,1,1.464
1,15.01,0,14,1.245
2,13.32,0,14,0.404
0,12.0,1,21,1.866
0,2.68,1,11,0.415
2,15.1,0,20,0.335
4,0.63,1,2,0.01
1,11.98,1,22,1.26
4,9.8,1,15,0.013
3,24.11,1,17,1.621
4,10.41,1,9,0.01
0,4.1,1,19,0.871
4,27.71,1,1,0.025
0,1.01,1,14,0.181
0,18.34,1,15,4.717
2,6.9,1,23,0.302
3,3.76,0,9,0.129
1,6.78,1,10,0.556
4,12.21,1,2,0.02
0,2.69,1,4,0.459
2,8.66,0,6,0.416
1,21.09,0,22,1.703
4,19.52,0,21,0.022
0,3.44,0,21,0.649
2,24.29,1,2,1.212
2,21.22,1,15,0.998
1,10.3,1,19,0.897
3,29.07,1,13,1.071
0,11.27,1,17,2.129
1,7.21,0,22,0.479
1,11.68,1,13,1.106
4,25.27,1,19,0.019
2,1.19,0,14,0.037
1,14.79,0,18,1.521
3,26.54,1,9,1.864
2,9.66,0,7,0.432
3,21.77,1,10,1.345
3,27.06,1,23,1.624
1,17.97,1,6,1.768
3,9.56,0,21,0.438
2,24.04,1,10,0.847
4,23.2,1,17,0.051
2,3.53,0,6,0.145
1,29.09,1,16,2.377
0,8.44,1,9,1.785
0,12.69,0,23,3.411
1,1.1,0,5,0.095
1,11.57,1,8,1.214
0,12.06,0,9,3.586
0,10.99,0,19,1.885
0,25.18,0,11,5.137
0,3.4,1,15,0.956
1,28.97,0,12,2.569
0,19.26,0,17,3.942
0,13.22,0,10,1.911
0,2.75,0,18,0.571
0,3.65,0,19,1.009
3,9.79,0,19,0.287
3,2.88,0,21,0.186
4,7.7,1,12,0.01
3,6.02,0,18,0.224
1,11.68,1,6,1.142
4,15.75,1,4,0.029
4,24.47,0,6,0.029
2,23.8,1,22,0.995
3,11.72,1,21,0.89
3,9.09,1,23,0.592
1,5.52,0,10,0.503
4,4.96,0,14,0.01
3,6.91,1,12,0.467
0,10.52,1,2,1.657
4,29.77,0,9,0.059
0,26.75,0,4,6.499
1,25.98,1,20,2.062
4,7.52,1,13,0.01
3,7.6,1,12,0.473
4,19.93,0,10,0.012
4,24.62,1,0,0.026
4,9.88,0,9,0.011
0,5.04,0,23,1.364
1,10.29,0,16,0.92
3,16.01,0,10,0.638
2,13.88,0,22,0.691
1,14.62,0,16,1.37
4,21.39,1,1,0.031
4,24.31,1,5,0.025
3,17.54,0,20,0.802
0,23.07,1,1,5.196
1,10.66,0,14,0.667
2,9.79,0,16,0.389
4,26.64,1,8,0.038
4,7.86,1,13,0.01
2,11.47,1,11,0.544
1,3.54,0,5,0.278
0,18.9,1,15,4.719
2,8.25,0,6,0.326
0,26.23,0,1,6.645
2,23.06,0,20,0.713
4,10.18,0,22,0.012
4,4.47,1,11,0.01
1,8.94,0,22,0.887
4,27.46,1,17,0.026
3,22.88,0,21,0.946
4,6.52,1,2,0.01
0,26.53,1,8,8.108
3,11.31,1,16,0.545
0,7.77,0,9,2.051
1,7.01,0,0,0.627
1,5.42,1,2,0.466
4,21.9,0,19,0.03
0,23.02,1,17,6.505
0,2.64,0,3,0.335
2,16.48,1,17,0.705
1,10.65,0,7,0.685
1,28.5,0,13,2.289
2,12.31,0,20,0.335
2,20.16,1,4,0.597
1,25.74,0,10,2.115
4,22.35,1,11,0.04
3,27.02,0,9,1.673
1,16.37,0,9,1.332
0,13.44,0,19,3.508
0,24.18,1,11,4.488
0,22.65,1,2,3.852
4,28.74,0,5,0.04
4,20.15,0,18,0.04
3,15.91,1,11,0.932
2,5.16,1,3,0.147
3,8.67,1,19,0.711
0,2.69,1,23,0.367
3,28.15,1,19,1.977
4,20.51,1,8,0.036
3,21.18,1,4,1.228
4,9.02,1,8,0.01
4,26.62,1,1,0.028
3,10.79,0,12,0.768
0,3.89,0,21,0.941
3,8.86,0,22,0.339
3,2.94,1,17,0.156
2,15.7,0,7,0.631
1,4.04,1,13,0.304
1,7.6,0,18,0.784
1,7.92,1,18,0.929
2,2.29,0,12,0.098
1,13.58,1,17,1.678
2,14.75,0,21,0.763
0,19.82,1,22,4.033
0,15.8,0,14,3.033
0,25.98,0,21,5.7
1,14.63,1,23,1.461
4,9.47,0,21,0.014
0,25.97,0,17,5.089
0,20.76,0,3,3.55
3,11.99,0,2,0.497
2,9.92,1,6,0.347
3,27.2,1,13,1.354
0,14.6,0,20,3.53
3,2.5,0,2,0.157
4,27.01,0,11,0.023
3,4.68,0,9,0.193
2,10.05,0,6,0.212
1,19.58,1,1,1.512
4,16.86,1,4,0.025
2,15.38,0,7,0.663
2,12.87,0,17,0.649
2,3.25,0,9,0.157
1,1.27,0,0,0.085
2,22.87,0,11,0.713
3,26.06,1,19,0.946
4,22.6,1,7,0.027
3,0.9,0,11,0.047
2,4.82,0,1,0.19
0,1.52,0,11,0.377
0,8.09,1,20,1.699
3,9.8,0,11,0.658
0,28.42,1,9,8.789
3,16.64,0,15,0.665
4,22.73,1,10,0.013
1,17.55,1,5,1.818
4,25.5,1,12,0.046
1,23.22,0,1,2.28
2,22.52,0,18,1.106
3,19.35,0,9,1.275
4,14.49,0,13,0.028
0,20.44,0,2,4.429
3,2.81,1,7,0.154
3,8.88,1,5,0.488
2,24.42,1,7,0.79
3,18.67,0,14,0.705
3,11.08,0,13,0.582
0,4.22,0,3,0.973
4,17.75,0,15,0.017
4,12.96,0,16,0.012
0,6.74,0,10,1.577
4,5.67,0,20,0.01
4,8.74,0,18,0.01
4,19.89,1,19,0.016
0,27.75,1,20,8.521
2,11.05,1,0,0.47
4,15.6,0,19,0.019
3,28.49,1,20,1.611
0,17.28,1,21,2.879
1,16.15,0,8,1.762
3,8.38,1,9,0.53
4,16.14,1,7,0.01
3,9.07,1,14,0.534
3,15.44,1,7,1.071
0,17.84,0,0,3.719
0,5.91,0,5,1.204
4,9.7,0,22,0.015
4,15.47,1,7,0.01
3,26.11,0,11,1.025
1,2.79,1,17,0.383
0,19.66,1,16,2.835
1,12.08,0,14,0.985
1,13.25,1,13,0.951
0,3.44,0,2,0.606
0,21.98,1,20,6.586
2,21.1,0,14,0.79
0,10.49,0,11,2.959
2,20.87,1,12,0.598
1,15.33,0,3,1.408
1,27.53,1,16,3.16
2,1.35,1,6,0.048
2,3.66,0,1,0.123
2,18.63,1,18,0.598
3,8.69,0,13,0.505
0,28.32,1,11,5.216
0,29.26,0,17,5.561
0,19.76,1,23,3.902
3,5.82,1,11,0.238
4,25.0,1,21,0.043
4,10.15,0,19,0.018
0,2.31,1,5,0.566
1,5.56,1,23,0.442
1,20.04,0,18,2.245
2,27.87,1,18,0.983
0,3.74,1,23,0.649
3,11.96,0,15,0.413
3,10.47,1,12,0.784
4,2.33,1,3,0.01
1,2.6,0,21,0.252
0,11.11,1,1,1.938
3,2.05,0,22,0.092
4,22.43,0,1,0.022
2,2.27,1,2,0.1
4,15.79,0,19,0.021
4,15.38,1,0,0.01
0,3.65,1,6,0.904
4,20.92,0,2,0.023
0,28.72,1,12,4.393
3,21.51,1,1,1.355
1,7.52,0,12,0.769
0,10.4,1,17,2.611
1,17.32,0,20,1.392
2,13.7,1,16,0.63
3,10.29,1,2,0.614
2,9.47,1,16,0.34
0,28.13,0,0,5.892
2,25.41,1,6,1.252
3,13.23,1,17,1.042
0,4.21,1,10,0.986
1,28.41,1,3,2.812
3,15.85,1,4,0.84
0,29.12,1,4,6.909
4,15.07,1,23,0.015
1,8.3,1,12,0.763
0,7.83,1,14,1.081
3,12.73,1,14,0.51
0,26.22,0,15,6.354
1,7.98,1,11,0.935
0,15.32,1,9,3.047
3,7.84,1,13,0.565
2,12.49,0,4,0.559
2,3.56,1,7,0.183
0,20.55,1,20,6.082
1,4.13,1,2,0.407
3,14.57,1,1,0.62
0,9.95,0,9,2.964
4,29.04,1,23,0.029
4,26.25,0,20,0.027
0,18.03,1,15,3.005
1,17.79,1,11,2.076
1,17.73,1,11,1.901
4,13.38,0,18,0.01
1,16.11,1,22,1.213
4,29.04,0,11,0.021
0,22.07,1,6,5.479
1,29.67,1,3,2.248
4,17.91,1,18,0.038
1,26.56,0,22,2.122
4,10.84,1,5,0.023
4,17.21,1,22,0.03
1,28.44,0,5,1.763
3,29.03,1,13,1.408
2,28.14,0,12,0.929
0,16.31,1,12,2.159
4,23.73,1,22,0.045
0,21.92,0,11,4.154
4,0.88,1,11,0.01
1,12.58,0,10,0.928
0,3.21,0,16,0.476
1,0.61,1,19,0.06
1,28.7,1,11,2.845
1,21.56,0,4,1.741
4,1.66,1,20,0.01
4,5.12,0,11,0.01
3,16.48,1,7,1.056
3,21.17,0,10,1.538
1,26.52,0,21,2.201
3,28.19,0,17,1.487
0,6.48,0,15,1.174
1,5.8,1,9,0.554
4,29.53,1,14,0.047
0,18.56,1,2,4.983
1,8.72,0,6,0.601
2,2.6,1,3,0.081
4,4.46,0,13,0.01
3,1.58,1,13,0.125
3,17.32,0,17,0.95
2,2.03,1,2,0.1
4,12.88,1,22,0.011
3,16.03,1,2,0.515
2,18.07,1,8,0.429
2,29.71,1,1,1.544
1,7.74,1,13,0.798
2,28.67,1,1,1.252
1,5.19,1,20,0.413
4,24.93,1,13,0.05
3,6.81,1,3,0.243
2,24.14,0,14,1.211
1,15.95,0,19,1.179
1,13.11,0,16,1.04
1,10.95,1,3,1.286
1,0.85,1,16,0.086
1,27.35,1,11,2.884
4,26.81,0,0,0.054
0,7.01,1,1,1.53
1,10.19,0,22,0.915
0,2.73,1,20,0.404
1,10.69,1,4,1.103
4,6.71,1,13,0.01
1,14.41,1,16,1.296
1,13.73,1,0,1.441
3,4.25,0,21,0.262
1,27.93,1,5,2.321
2,17.67,0,12,0.803
4,11.48,1,18,0.01
2,22.0,1,19,0.877
0,28.51,1,12,5.616
4,22.78,1,21,0.047
4,21.94,1,11,0.034
2,20.63,0,12,0.524
3,4.54,0,5,0.209
1,14.36,0,15,1.084
3,17.16,0,4,0.918
0,8.75,0,13,1.536
3,26.21,1,9,1.967
1,24.74,0,17,1.92
4,15.88,1,16,0.02
0,9.91,1,18,2.688
4,28.21,0,9,0.035
3,4.54,0,20,0.168
3,1.4,1,3,0.081
3,17.76,1,5,0.932
3,0.56,1,16,0.029
2,21.58,0,22,0.42
1,26.82,0,15,2.163
2,27.78,1,5,0.629
1,21.16,1,10,2.724
3,26.13,1,5,0.939
4,19.37,1,19,0.027
3,13.02,0,23,0.703
0,16.58,0,3,2.703
3,29.57,0,3,0.979
1,14.92,0,4,0.997
3,19.17,0,4,0.619
3,22.89,1,12,1.341
0,11.12,0,5,2.66
4,11.86,0,6,0.02
4,28.07,0,21,0.014
0,17.61,0,20,3.681
2,23.3,1,0,1.08
1,2.88,1,15,0.26
0,6.41,0,21,1.608
1,22.7,0,7,1.581
4,18.3,0,3,0.017
2,26.3,0,23,0.977
2,0.6,1,1,0.018
1,4.43,0,15,0.395
3,6.63,0,16,0.419
0,13.37,0,12,3.186
3,5.22,0,10,0.349
2,25.09,0,12,0.671
1,3.45,0,18,0.367
2,7.1,0,13,0.333
3,6.89,1,12,0.489
3,25.04,0,7,1.338
3,22.15,1,15,1.033
0,10.86,0,23,2.311
0,21.18,1,11,5.291
2,12.26,1,22,0.479
1,29.25,1,7,2.995
2,27.56,1,14,1.218
1,15.29,0,9,1.661
4,16.71,0,0,0.021
2,28.97,0,18,1.288
4,9.52,0,6,0.01
4,13.17,1,23,0.025
3,14.87,0,6,0.877
1,21.22,1,20,2.035
3,15.14,0,7,0.834
1,15.97,1,3,1.678
4,21.61,0,16,0.015
4,16.35,1,5,0.01
3,14.78,0,6,0.937
3,28.41,1,15,2.205
0,9.04,0,6,2.238
0,21.85,0,12,3.041
3,5.45,1,1,0.206
4,8.41,0,0,0.015
4,9.79,1,8,0.01
0,15.39,0,18,2.294
0,24.03,0,11,4.341
0,8.53,0,16,2.01
1,5.36,0,3,0.371
2,23.72,0,10,0.534
4,2.59,1,3,0.01
2,14.19,1,1,0.683
2,7.37,0,21,0.324
0,10.31,0,10,1.705
0,29.28,0,4,5.422
0,24.79,0,0,3.038
3,17.25,1,17,1.279
0,16.86,1,22,2.293
2,13.93,1,12,0.36
1,4.19,0,19,0.455
1,27.1,1,4,2.387
0,7.38,0,19,2.1
1,23.95,0,18,1.811
4,5.15,0,19,0.01
0,11.9,1,12,1.98
2,13.42,0,9,0.292
2,10.96,0,6,0.411
4,17.22,0,4,0.016
1,22.88,1,1,2.149
3,9.21,1,4,0.504
1,22.95,0,15,1.496
2,7.07,1,20,0.238
3,24.69,1,7,1.447
4,19.33,1,5,0.016
3,16.19,0,19,0.61
0,11.99,0,12,2.18
2,0.89,1,7,0.043
1,9.9,1,2,0.926
3,18.84,1,12,0.936
0,8.42,0,15,1.628
4,1.14,0,16,0.01
4,2.15,1,7,0.01
4,10.73,0,16,0.01
1,24.04,1,13,1.762
3,25.14,0,3,0.743
1,7.71,0,22,0.632
3,5.05,0,10,0.196
3,15.85,1,10,0.599
1,21.78,1,23,2.585
3,3.78,0,16,0.144
2,2.35,0,1,0.068
4,2.8,0,19,0.01
4,16.03,0,15,0.026
1,16.09,1,0,1.705
0,13.48,0,11,3.798
4,0.69,0,7,0.01
1,18.66,1,11,2.059
1,27.06,0,13,2.308
4,9.65,0,22,0.01
0,24.83,1,10,7.15
2,8.37,1,12,0.272
1,9.31,1,10,0.895
4,5.48,1,1,0.01
0,19.11,0,8,4.725
1,15.75,0,18,1.232
1,25.83,0,7,2.522
4,21.43,0,5,0.034
2,7.31,0,8,0.215
0,25.93,0,22,6.664
0,7.73,1,8,1.966
0,9.85,1,8,1.955
3,14.1,1,2,0.544
2,16.51,0,19,0.58
2,11.84,1,2,0.383
0,8.55,1,20,2.223
1,1.12,1,22,0.09
1,9.87,1,1,0.717
1,6.54,1,22,0.7
2,12.97,0,7,0.587
2,12.88,1,10,0.657
4,4.02,1,12,0.01
2,24.13,1,7,0.628
0,3.61,1,23,0.64
2,26.32,1,8,1.055
1,24.26,0,18,2.318
4,4.9,1,3,0.01
0,26.53,1,7,6.622
3,8.56,1,3,0.523
3,25.08,1,16,1.098
0,16.98,1,9,5.597
0,15.93,0,20,3.087
4,6.33,1,21,0.012
2,16.96,1,17,0.903
3,7.22,0,9,0.331
2,18.26,1,14,0.966
3,13.58,1,17,0.993
4,28.34,1,20,0.021
0,19.64,1,16,4.076
4,23.85,1,9,0.044
4,5.45,0,15,0.011
4,29.48,0,2,0.036
4,26.46,1,23,0.059
2,15.52,1,16,0.856
3,8.74,1,10,0.493
4,5.08,1,18,0.01
3,29.35,1,9,1.447
1,0.55,0,1,0.041
3,27.36,0,14,1.633
3,28.09,1,14,1.981
4,24.24,0,6,0.032
4,20.33,0,7,0.023
1,24.48,0,7,1.757
1,29.68,1,0,2.009
3,21.98,1,7,1.427
0,17.9,1,16,4.502
3,28.31,0,15,1.945
2,21.65,0,12,0.465
2,22.63,0,17,0.989
2,17.1,1,0,0.435
1,5.15,1,15,0.356
0,1.26,0,16,0.211
0,18.07,1,17,5.41
4,18.9,0,4,0.013
2,22.35,0,11,0.969
3,19.22,1,23,1.298
4,15.3,0,3,0.027
0,19.52,1,2,3.449
2,14.64,1,0,0.585
2,21.78,1,0,0.955
3,8.62,1,17,0.614
1,27.35,0,13,2.271
3,3.84,0,10,0.259
4,28.93,0,8,0.034
2,16.65,0,16,0.378
0,25.03,0,11,5.42
1,21.58,0,13,1.373
1,29.88,1,16,2.836
2,11.12,0,18,0.389
3,0.51,1,9,0.02
1,25.15,0,10,2.472
3,6.5,0,9,0.388
0,26.25,1,3,4.494
3,15.53,1,18,1.039
1,13.29,1,16,1.541
4,5.67,1,22,0.01
4,17.1,1,16,0.037
2,4.65,1,23,0.141
4,14.53,0,17,0.01
1,19.1,1,22,1.515
0,27.77,0,9,6.168
2,5.41,0,22,0.191
2,20.55,1,19,1.11
1,8.28,0,20,0.593
4,7.54,0,19,0.012
0,27.59,0,6,7.004
0,26.19,0,2,4.372
2,14.14,0,19,0.377
2,19.46,0,9,0.654
2,14.29,1,8,0.412
2,10.14,1,4,0.337
3,6.99,1,18,0.411
3,23.6,1,23,1.299
1,23.1,0,14,2.272
0,11.41,0,3,2.804
0,4.55,1,16,0.837
1,19.3,1,19,2.605
2,21.06,0,7,0.9
4,29.67,0,6,0.041
2,11.54,1,4,0.421
2,14.31,0,21,0.426
0,25.33,1,12,5.702
1,20.58,0,8,1.512
1,25.83,0,6,1.961
0,3.92,0,4,0.953
3,17.48,1,20,0.961
1,28.06,1,2,2.679
2,18.28,1,5,0.515
1,19.9,1,5,1.649
4,18.11,0,15,0.03
4,5.65,1,7,0.012
0,19.92,0,0,2.441
3,27.09,0,10,1.147
0,10.56,0,3,2.229
1,8.45,0,20,1.005
0,7.93,1,2,2.371
1,21.15,1,10,1.941
1,0.59,1,3,0.06
1,5.92,0,23,0.481
2,27.43,0,23,1.241
4,22.43,1,12,0.026
2,19.77,1,23,1.028
4,11.78,0,4,0.019
3,6.19,0,13,0.259
3,20.84,1,21,1.273
4,17.83,1,16,0.041
2,3.01,1,17,0.151
0,26.68,1,22,6.681
2,25.04,1,16,1.271
4,3.73,0,12,0.01
0,8.73,0,11,1.803
2,13.73,0,12,0.276
0,2.23,0,6,0.409
1,12.74,1,1,0.902
0,28.02,1,13,5.029
2,4.17,1,15,0.197
1,0.89,1,16,0.068
2,3.49,0,8,0.141
4,6.35,0,7,0.012
4,8.35,0,9,0.014
3,24.82,0,4,1.194
4,23.9,1,0,0.03
3,29.96,1,14,1.5
3,28.12,1,14,1.096
0,8.78,0,16,1.534
1,19.32,0,19,1.645
4,13.64,1,3,0.026
2,10.16,0,3,0.463
2,28.04,0,19,1.008
2,26.57,1,23,1.426
2,10.92,0,10,0.394
4,13.29,0,16,0.02
4,5.87,0,16,0.01
0,2.33,1,18,0.616
3,11.36,1,4,0.557
0,27.61,0,9,5.073
3,17.38,0,19,0.711
1,4.75,1,2,0.455
3,12.1,0,13,0.504
1,22.99,1,7,1.615
3,22.86,1,18,1.705
0,9.64,1,17,2.282
3,1.27,1,3,0.058
2,16.29,1,17,0.777
2,26.75,1,8,1.252
4,16.01,0,8,0.016
0,10.26,0,6,1.905
4,29.91,1,5,0.066
0,20.07,1,16,3.774
0,26.15,0,19,7.423
0,7.31,0,14,1.106
4,22.58,1,17,0.024
2,2.9,1,12,0.153
3,26.33,1,13,0.877
0,20.3,0,3,4.442
2,18.44,0,10,0.961
2,22.56,0,20,0.611
2,17.92,1,21,0.58
3,4.13,0,18,0.172
3,14.79,1,5,1.195
0,18.14,1,21,3.022
0,27.19,0,19,6.765
4,28.68,1,16,0.05
3,1.76,1,14,0.093
4,6.71,0,19,0.011
3,23.08,1,1,1.412
0,13.92,1,9,2.479
3,11.37,1,6,0.526
2,27.48,0,19,1.046
2,2.72,0,0,0.136
0,27.63,0,0,5.756
4,11.21,0,21,0.01
0,12.98,1,17,3.098
1,1.3,0,11,0.114
2,16.7,1,22,0.445
4,29.85,1,18,0.044
4,15.75,0,1,0.031
1,17.96,1,23,1.409
0,14.72,0,11,3.175
2,15.93,0,7,0.535
3,29.4,0,7,2.002
2,18.91,0,14,0.845
3,5.37,0,6,0.241
3,23.61,1,14,1.73
0,12.67,0,11,2.146
0,29.68,1,14,4.959
4,18.96,1,23,0.016
3,13.13,1,19,0.455
0,2.8,0,4,0.367
4,19.63,0,20,0.031
2,2.27,1,16,0.093
1,12.0,1,4,1.299
4,23.69,1,8,0.024
4,14.54,0,15,0.013
2,23.43,1,21,0.602
4,11.7,1,2,0.026
2,29.85,0,23,1.299
1,15.58,0,3,1.426
3,7.26,1,0,0.313
3,16.53,0,23,0.58
4,18.79,1,9,0.031
3,15.57,0,13,0.711
1,10.71,0,11,0.721
4,22.79,1,4,0.024
1,8.2,0,17,0.687
4,24.46,1,7,0.043
4,4.98,0,17,0.01
0,18.26,0,18,4.216
0,11.34,0,0,2.19
1,14.04,0,12,1.346
4,8.92,0,14,0.016
0,16.86,1,12,3.155
1,24.19,1,8,2.256
3,12.92,1,11,0.696
4,8.43,0,10,0.01
4,27.24,1,23,0.055
4,16.76,1,4,0.028
3,20.21,1,6,1.05
1,20.68,0,3,1.972
0,11.64,0,11,2.019
1,4.59,1,17,0.359
2,25.93,0,10,1.047
1,6.67,1,17,0.7
4,15.57,0,13,0.016
3,21.19,0,11,1.068
3,0.7,0,2,0.024
3,28.57,1,8,1.843
2,22.15,0,12,0.994
4,18.49,1,20,0.034
4,6.29,0,22,0.012
3,4.99,0,16,0.271
2,11.21,1,17,0.467
3,5.78,1,16,0.364
4,15.58,1,18,0.017
2,13.85,0,16,0.51
3,6.24,0,6,0.321
4,19.76,1,18,0.027
4,9.11,0,15,0.01
0,3.93,0,17,1.175
0,26.05,1,19,4.403
0,19.06,0,20,3.346
4,16.16,1,19,0.025
3,7.03,1,18,0.558
1,14.46,0,4,1.276
4,15.26,0,21,0.029
0,16.53,0,17,2.72
4,18.98,0,5,0.013
0,19.96,1,2,3.449
2,23.78,1,21,0.854
4,22.66,0,10,0.042
4,9.55,1,18,0.017
4,21.51,1,8,0.047
4,23.95,1,19,0.039
2,16.78,1,6,0.544
3,13.69,0,12,0.777
2,19.79,0,23,0.981
1,21.05,1,8,2.11
3,22.1,1,9,1.275
4,12.03,0,22,0.022
4,17.39,1,5,0.034
4,26.15,0,15,0.039
1,22.16,0,3,1.86
4,20.34,0,20,0.016
4,19.8,0,10,0.024
4,2.32,1,23,0.01
2,14.76,0,7,0.459
1,4.17,1,13,0.386
3,6.49,1,4,0.236
2,19.2,1,21,1.008
0,5.37,0,18,0.871
0,22.17,1,23,5.15
0,27.86,0,20,6.818
4,8.59,0,14,0.01
1,21.11,0,9,2.32
0,19.8,1,10,5.809
1,24.69,1,3,2.183
1,3.46,1,22,0.344
3,3.63,0,9,0.202
3,13.2,0,16,0.618
4,26.65,1,0,0.046
3,24.06,1,0,0.821
4,11.32,0,2,0.024
4,26.69,0,9,0.016
3,25.1,1,4,1.911
3,27.71,0,7,1.032
2,13.0,0,20,0.527
0,22.78,0,5,5.213
0,17.19,1,23,3.073
2,29.44,0,4,1.104
2,19.31,0,2,0.455
0,22.24,0,2,3.603
0,16.36,0,12,2.929
2,15.94,1,13,0.721
4,20.86,0,16,0.012
3,8.22,0,21,0.474
3,23.58,1,12,1.065
4,8.39,1,19,0.01
0,20.34,1,6,4.753
0,15.66,1,21,4.968
0,6.14,0,3,1.532
1,19.21,0,23,1.617
4,23.26,0,4,0.017
0,27.93,1,22,4.18
3,1.32,0,13,0.061
2,7.06,1,6,0.15
2,26.57,1,21,1.497
2,24.7,0,2,0.698
2,13.78,0,19,0.416
4,17.63,0,9,0.032
0,14.01,0,23,2.297
4,10.77,0,4,0.011
0,15.53,1,21,4.125
0,20.28,0,10,4.313
3,22.17,0,15,1.22
0,16.15,0,21,2.442
3,25.44,1,0,1.942
4,5.25,1,12,0.01
4,25.43,0,15,0.039
1,10.6,0,0,0.655
1,5.55,0,11,0.624
2,1.65,1,18,0.05
1,23.61,1,17,3.063
1,18.73,1,21,1.681
1,17.05,0,1,1.432
4,20.34,0,17,0.023
4,1.85,0,14,0.01
0,12.07,1,6,1.792
2,11.15,0,12,0.363
1,1.42,0,19,0.147
2,19.78,0,11,0.517
4,1.68,1,8,0.01
3,2.21,1,10,0.1
2,14.36,1,21,0.664
2,1.7,0,10,0.046
3,27.47,0,14,1.065
1,5.89,0,14,0.588
3,8.06,0,10,0.268
1,28.7,0,8,3.28
1,29.93,1,13,2.703
4,24.92,0,6,0.015
1,3.89,1,3,0.418
3,8.85,1,18,0.315
4,12.66,1,10,0.013
2,29.55,1,20,0.862
3,19.87,0,5,1.112
4,12.98,0,5,0.017
4,7.48,1,23,0.015
0,29.04,0,16,6.627
0,23.54,1,22,4.76
2,0.55,1,23,0.023
1,13.41,1,21,1.331
4,6.57,0,6,0.012
2,4.3,0,1,0.127
1,25.85,1,8,2.572
2,2.94,1,23,0.118
0,8.43,0,9,2.137
0,24.62,1,15,4.529
3,9.09,1,13,0.513
2,4.8,1,6,0.21
0,0.92,0,21,0.271
2,17.02,1,7,0.732
2,27.85,0,1,0.93
1,24.91,0,20,1.981
2,12.39,0,20,0.481
1,5.73,0,11,0.53
4,1.41,0,17,0.01
1,7.7,1,10,0.792
1,13.84,1,18,1.29
1,9.0,0,9,0.998
4,7.35,1,11,0.01
2,11.08,1,13,0.398
2,23.52,1,7,1.108
4,17.41,0,3,0.023
4,19.91,0,20,0.017
4,28.9,1,12,0.051
3,3.83,1,4,0.249
4,25.31,0,23,0.028
0,18.84,0,19,5.667
2,17.38,0,18,0.85
4,9.66,0,6,0.011
4,23.62,0,4,0.013
2,26.56,0,12,0.657
1,2.99,0,9,0.262
2,9.15,0,9,0.475
1,17.9,1,9,1.682
3,22.56,0,9,1.357
4,18.99,1,9,0.034
0,27.42,0,3,4.786
0,16.75,1,15,2.78
4,17.47,1,2,0.022
3,18.7,1,14,1.389
1,25.11,1,18,2.945
1,10.42,0,15,0.976
1,1.11,0,11,0.096
4,28.04,0,3,0.026
3,12.16,1,23,0.447
0,22.45,1,12,6.151
3,2.57,1,22,0.114
4,14.78,1,8,0.01
2,19.37,0,18,0.935
3,9.92,0,22,0.411
3,4.61,1,15,0.315
2,12.51,1,13,0.641
0,7.02,1,23,1.884
0,8.42,1,19,2.08
1,7.65,0,8,0.752
1,4.6,1,6,0.466
0,12.67,1,18,3.451
3,6.28,0,6,0.24
2,16.28,0,18,0.474
4,17.02,1,6,0.035
0,11.08,0,0,1.718
2,18.07,1,10,0.582
4,11.89,0,23,0.02
1,5.0,1,4,0.445
3,21.48,0,6,1.129
0,14.09,0,19,3.608
2,12.71,0,12,0.37
1,15.87,0,12,1.481
4,21.07,0,17,0.027
3,24.94,1,17,1.335
2,17.37,0,10,0.581
3,29.47,0,15,1.123
4,27.94,0,20,0.018
0,16.93,0,18,3.566
0,23.12,1,1,5.785
4,10.88,1,14,0.017
1,22.24,0,2,1.555
0,2.44,1,1,0.582
3,5.07,1,9,0.247
4,3.66,1,22,0.01
3,27.15,1,20,1.138
2,26.08,0,4,1.134
4,8.9,1,2,0.01
4,15.23,1,23,0.019
0,7.58,0,11,1.317
3,26.52,0,2,1.193
3,27.73,0,19,1.731
0,4.7,1,11,1.345
2,7.7,1,16,0.438
3,20.08,0,10,0.844
3,16.65,0,21,0.67
3,11.7,0,12,0.727
4,1.94,0,23,0.01
1,9.51,1,2,0.675
1,2.26,0,22,0.165
2,20.88,0,5,0.997
1,13.49,1,19,1.283
4,25.58,1,5,0.016
0,2.42,0,22,0.398
0,3.77,0,2,0.631
0,12.02,0,21,2.546
3,24.41,1,22,1.715
2,17.97,1,20,1.049
0,5.26,1,22,0.697
4,2.86,1,4,0.01
2,25.98,1,18,0.674
0,16.03,0,16,3.147
4,6.13,1,15,0.013
0,21.21,1,3,5.328
2,27.64,1,1,1.12
0,23.0,1,8,5.879
4,12.14,0,18,0.01
3,28.38,1,22,2.195
1,13.71,1,4,1.567
0,13.58,0,11,2.973
2,16.88,1,11,0.677
1,13.61,0,16,0.923
0,2.65,1,7,0.663
3,19.62,0,15,1.133
2,3.68,0,13,0.114
4,14.31,1,23,0.023
1,16.75,1,7,1.646
3,1.41,1,16,0.053
1,24.38,0,10,2.047
2,13.95,1,2,0.763
1,24.12,0,5,2.409
1,8.09,0,20,0.793
0,14.06,0,9,3.084
3,0.89,1,23,0.06
1,25.09,1,23,2.291
3,20.08,0,0,1.521
1,29.25,0,10,2.324
2,20.27,1,5,0.909
0,15.64,1,21,2.762
1,7.33,1,10,0.789
2,28.12,1,12,0.808
3,11.29,1,10,0.491
1,27.49,1,10,2.058
1,20.79,0,14,1.689
2,19.17,1,11,0.553
3,29.63,0,18,1.796
1,11.14,1,13,1.049
3,7.01,0,17,0.258
2,4.36,0,15,0.216
0,18.42,0,14,3.412
0,8.21,1,8,1.493
3,3.16,1,18,0.127
4,3.55,1,3,0.01
3,4.13,1,8,0.28
4,11.27,0,2,0.015
1,13.4,0,2,0.895
2,9.97,0,18,0.488
2,27.02,1,10,1.45
2,2.16,0,5,0.083
3,23.58,1,18,1.3
2,21.47,0,20,0.957
2,27.14,1,15,1.138
3,23.81,1,3,1.247
3,1.7,1,13,0.114
3,9.75,1,23,0.501
2,3.64,0,5,0.164
4,26.74,0,20,0.036
1,23.49,0,23,1.87
3,27.31,1,21,1.782
0,7.77,1,14,1.743
0,1.75,1,14,0.268
0,6.6,0,9,1.721
0,14.97,1,18,2.316
1,14.29,1,2,1.177
1,26.76,1,20,2.433
0,9.57,1,19,2.616
1,1.13,1,20,0.099
1,18.84,0,13,1.361
1,18.46,0,8,1.389
2,21.26,1,2,0.717
1,13.77,1,6,1.111
4,26.15,0,4,0.038
1,15.11,1,0,1.751
1,2.58,0,2,0.198
4,2.47,0,18,0.01
2,18.64,0,3,0.457
0,15.32,1,11,3.072
0,22.28,1,3,5.879
2,18.91,1,10,0.544
1,12.39,0,2,1.292
2,2.5,1,20,0.123
1,9.38,1,13,0.773
2,16.85,0,2,0.605
0,1.43,1,1,0.28
2,1.11,1,1,0.055
1,17.25,0,6,1.732
4,15.77,1,20,0.022
0,23.78,1,12,3.652
1,8.86,0,9,0.774
3,4.14,1,23,0.255
1,24.96,0,6,1.991
0,21.71,1,7,4.843
0,22.95,1,8,7.008
3,12.81,0,20,0.399
0,4.75,0,10,0.942
2,27.49,0,17,1.177
1,21.76,1,6,1.95
4,15.82,1,4,0.024
1,0.72,0,23,0.058
3,4.15,1,20,0.162
2,5.06,1,17,0.268
4,29.66,1,22,0.031
0,4.48,0,2,0.756
1,23.53,0,7,1.574
3,13.37,1,4,0.777
0,21.3,0,9,4.191
3,10.68,1,2,0.587
1,6.15,0,4,0.384
4,8.87,1,3,0.01
0,12.8,1,8,3.437
2,21.6,1,20,1.15
3,4.15,0,18,0.138
4,4.6,1,12,0.01
1,13.05,1,22,1.517
3,18.56,1,23,0.956
0,27.71,0,6,6.015
0,14.89,1,1,2.063
3,24.58,0,2,1.003
4,15.25,0,10,0.028
3,22.57,1,15,1.34
2,21.09,1,8,0.654
2,21.38,0,3,0.825
1,4.48,1,15,0.354
2,0.79,0,17,0.029
0,28.06,0,5,6.614
0,15.27,1,16,3.584
4,10.13,1,20,0.018
3,13.96,0,17,0.716
1,8.27,1,14,0.776
2,12.61,0,12,0.602
1,22.6,0,10,2.291
0,11.77,1,22,1.834
0,2.35,0,0,0.324
0,16.14,1,5,4.727
1,5.48,1,22,0.451
0,27.98,0,17,6.066
2,7.01,0,11,0.247
4,12.84,0,2,0.013
1,10.05,1,12,0.71
4,9.65,1,20,0.01
1,24.19,0,23,2.477
0,7.36,1,18,2.175
4,24.38,0,6,0.039
1,19.62,1,14,1.821
4,6.73,0,1,0.012
2,8.07,0,11,0.254
4,14.04,1,16,0.027
1,22.61,0,21,2.636
3,17.19,0,5,1.146
4,25.25,0,2,0.044
2,17.73,0,20,0.563
2,24.73,1,9,1.042
3,15.78,1,17,1.245
3,6.17,1,3,0.394
0,14.37,0,17,2.095
2,18.05,0,18,0.549
4,26.89,0,8,0.044
0,17.4,1,1,3.285
2,10.58,0,0,0.491
1,2.0,0,6,0.154
2,12.35,0,16,0.589
4,23.87,0,7,0.035
0,20.36,0,8,4.817
0,29.72,0,21,5.303
3,19.33,1,6,1.138
4,5.19,1,18,0.01
2,6.96,0,8,0.259
1,14.79,1,15,1.454
0,27.55,1,0,6.108
0,10.57,1,9,1.909
0,3.23,1,2,0.828
1,28.33,1,19,2.312
4,22.38,0,9,0.014
1,10.4,1,17,1.275
3,3.16,0,10,0.216
4,29.36,0,3,0.055
4,23.06,0,14,0.041
1,21.99,1,16,1.985
0,7.13,1,6,1.979
3,12.34,1,12,0.925
1,10.58,1,9,1.046
1,8.5,1,13,0.722
2,3.1,0,18,0.133
1,7.9,1,2,0.611
3,2.29,0,20,0.14
1,1.22,0,6,0.114
4,21.68,1,20,0.034
3,15.63,1,7,0.887
3,1.63,1,17,0.117
2,26.9,0,0,0.964
0,19.25,0,7,3.435
2,12.59,0,11,0.589
1,5.14,0,6,0.334
3,19.16,0,17,1.218
1,10.94,1,5,1.006
2,29.97,1,17,1.001
2,5.84,1,19,0.328
2,5.46,0,11,0.204
1,20.75,1,19,2.331
3,21.35,0,1,1.319
3,20.23,1,6,1.177
0,15.16,1,19,2.644
2,18.98,1,11,0.596
1,11.58,0,0,0.941
2,1.22,0,1,0.043
4,22.7,1,14,0.016
4,26.94,0,12,0.031
3,18.83,0,22,0.844
4,3.9,0,7,0.01
0,25.05,0,0,4.255
2,22.12,1,22,0.613
3,11.57,0,8,0.604
2,28.82,1,21,1.515
3,15.02,1,15,0.731
2,26.51,1,20,1.023
2,27.55,0,0,1.061
1,14.18,1,22,1.415
3,17.95,0,19,0.985
2,27.31,1,14,0.658
2,18.49,1,13,0.503
3,29.14,0,2,1.407
3,25.44,0,5,1.556
0,22.1,0,1,4.205
2,16.09,0,9,0.432
1,26.16,1,6,1.743
1,2.2,0,7,0.137
4,3.08,0,9,0.01
2,16.3,1,21,0.844
2,6.81,0,13,0.292
0,19.19,1,1,2.93
3,29.23,0,7,1.513
0,28.79,0,5,3.976
0,18.97,0,12,2.85
2,9.39,1,8,0.516
3,9.73,1,5,0.713
2,1.07,1,5,0.033
3,5.58,0,4,0.374
2,15.66,1,11,0.539
3,14.51,1,17,0.847
0,23.35,1,10,4.282
4,2.4,1,5,0.01
3,5.58,1,19,0.379
4,11.2,1,10,0.018
3,24.29,1,7,1.705
4,9.32,1,18,0.016
1,19.66,1,9,2.194
1,22.66,0,22,1.881
0,1.98,0,8,0.548
3,11.94,1,17,0.417
1,21.26,1,16,1.966
2,10.97,0,15,0.395
4,19.85,0,3,0.011
1,23.18,0,6,1.484
2,25.28,1,6,0.888
2,18.4,1,13,0.841
2,15.0,0,3,0.519
2,15.58,0,5,0.409
0,7.02,1,14,1.151
0,1.8,0,22,0.38
0,6.69,1,15,1.632
3,25.18,1,22,1.771
2,17.66,0,5,0.653
3,9.61,0,3,0.352
1,26.37,0,4,2.413
4,26.68,0,6,0.037
1,12.49,1,2,1.184
0,5.0,0,5,0.97
0,0.71,1,23,0.173
1,23.36,1,15,1.729
1,20.85,1,16,1.879
2,17.66,1,23,0.747
4,14.17,1,10,0.01
3,20.26,0,6,1.317
3,24.41,1,14,1.433
1,13.68,1,6,1.024
3,1.42,0,11,0.061
0,9.23,0,4,1.873
2,12.26,0,5,0.403
4,25.27,0,19,0.026
3,5.8,1,3,0.297
3,4.85,0,0,0.184
3,1.77,0,2,0.077
1,11.33,1,16,1.077
4,27.22,1,8,0.06
2,2.52,1,11,0.094
2,9.58,1,4,0.317
3,7.89,1,20,0.47
4,9.68,0,22,0.01
1,5.28,0,22,0.388
4,18.48,1,1,0.038
0,17.94,1,17,4.234
1,5.1,0,17,0.558
3,16.06,1,4,0.943
1,20.31,1,13,1.888
4,23.04,0,16,0.029
1,19.24,1,16,1.988
3,23.53,0,11,1.679
3,4.41,1,3,0.351
1,17.3,0,7,1.22
2,23.02,0,6,1.207
1,18.33,1,11,2.14
4,11.42,1,21,0.01
0,15.1,0,1,3.634
3,23.56,0,17,1.259
2,29.08,1,6,0.738
4,27.39,1,3,0.048
1,7.31,0,12,0.576
0,16.3,0,17,4.212
3,23.67,0,19,0.968
0,8.91,0,5,2.155
2,4.48,1,0,0.118
2,11.92,0,12,0.318
3,7.26,1,23,0.256
3,12.37,0,9,0.55
2,14.55,0,15,0.52
0,9.11,1,3,2.137
0,25.86,0,22,4.795
4,22.31,1,11,0.03
2,10.12,0,22,0.453
1,21.7,1,15,2.068
0,3.58,0,1,0.514
3,3.36,1,14,0.136
3,27.62,1,21,2.063
1,29.99,0,15,2.834
3,3.47,0,8,0.229
3,8.44,0,11,0.403
1,15.7,1,5,1.466
2,6.03,1,10,0.231
1,16.42,1,17,1.795
3,19.0,1,2,1.316
0,22.07,1,2,3.195
2,10.77,1,12,0.366
0,11.81,1,6,2.411
1,5.87,0,6,0.499
1,12.47,0,1,1.213
3,9.66,0,10,0.466
3,25.1,1,5,1.078
1,0.97,1,21,0.102
0,5.57,1,10,1.268
0,13.33,1,3,2.43
4,11.91,1,23,0.01
2,6.39,1,12,0.283
3,14.45,0,15,0.898
4,18.49,0,8,0.031
4,3.53,1,10,0.01
3,0.87,1,12,0.04
0,16.32,0,4,3.665
3,15.19,0,4,0.646
0,25.11,1,17,4.32
0,6.98,0,6,1.608
0,17.27,0,17,3.224
3,3.25,1,21,0.216
2,0.73,0,17,0.033
0,21.51,1,8,5.125
1,16.43,1,7,1.862
2,16.53,1,5,0.697
2,3.79,1,13,0.114
2,21.17,1,20,0.737
4,2.95,1,9,0.01
1,22.73,0,6,1.952
4,5.39,1,21,0.01
4,14.6,0,3,0.015
2,19.12,0,10,0.592
2,27.63,0,8,1.312
0,23.36,1,8,6.853
1,25.19,1,14,2.636
3,17.1,0,3,1.175
1,23.6,1,13,2.119
3,29.65,0,5,1.287
3,27.68,0,22,1.139
2,26.73,1,1,0.605
0,17.5,0,16,2.484
0,2.82,0,7,0.672
0,3.29,1,3,0.833
4,29.1,1,8,0.065
4,6.13,0,21,0.01
4,9.84,1,6,0.01
0,21.78,0,20,4.087
1,18.02,1,5,1.49
1,21.96,0,15,2.282
4,4.36,1,11,0.01
2,12.6,1,22,0.419
0,1.47,1,8,0.458
1,15.41,1,11,1.708
3,18.56,0,13,0.588
3,29.31,0,2,1.736
2,9.53,0,3,0.435
0,20.97,1,13,6.027
1,26.48,0,19,1.934
2,5.44,0,18,0.16
2,7.16,1,8,0.287
4,3.9,0,1,0.01
0,27.48,1,5,7.284
2,12.85,1,7,0.74
4,24.31,0,6,0.03
2,26.95,0,14,0.578
3,1.57,1,19,0.116
0,27.98,0,2,6.907
2,26.57,1,23,1.558
2,27.37,1,0,1.11
4,15.06,1,14,0.029
1,10.04,0,16,0.7
0,15.88,1,7,3.93
4,11.95,1,22,0.01
3,1.33,1,5,0.087
4,15.82,0,22,0.018
1,20.21,1,14,1.823
1,2.91,1,17,0.343
0,17.52,1,17,4.688
0,2.36,0,19,0.626
1,28.2,0,11,2.257
1,11.47,0,14,1.203
3,15.19,1,15,0.541
0,21.27,1,11,3.886
2,8.53,1,0,0.314
2,25.93,1,18,1.282
0,11.53,0,22,1.756
3,23.43,0,6,0.793
4,23.65,0,6,0.013
1,7.05,1,12,0.68
0,12.54,1,13,2.188
3,8.14,1,21,0.438
3,21.83,0,19,1.444
1,26.04,1,1,2.551
0,25.21,0,19,7.49
1,10.75,1,7,1.272
2,7.18,1,18,0.314
0,9.41,1,9,2.874
1,5.17,0,12,0.509
0,5.96,1,14,1.432
0,20.65,0,8,4.029
1,0.84,0,21,0.101
0,28.42,1,10,9.013
2,28.39,1,13,0.852
2,0.73,0,15,0.034
1,28.35,0,1,2.582
0,7.2,1,3,2.066
3,15.89,1,8,1.156
4,25.95,1,0,0.027
2,13.86,1,1,0.363
3,12.18,1,8,0.495
3,8.2,0,9,0.534
3,29.32,1,17,1.339
2,25.06,1,23,0.734
3,9.13,0,8,0.438
3,21.66,1,17,1.346
4,29.52,1,0,0.058
1,11.86,0,20,1.025
3,27.17,0,9,1.618
4,18.38,1,19,0.032
3,19.73,1,20,0.75
4,15.45,0,4,0.025
3,17.77,1,11,0.852
0,27.19,1,13,6.88
4,2.51,1,0,0.01
3,13.53,1,12,1.011
1,8.71,0,20,0.713
1,28.44,0,23,2.713
4,3.87,0,10,0.01
0,24.73,1,4,4.447
2,10.7,0,15,0.297
3,9.05,0,4,0.592
1,18.28,1,11,2.254
2,19.66,1,19,0.483
4,15.19,0,9,0.011
1,21.96,1,21,2.497
2,12.53,0,18,0.464
2,6.2,1,13,0.309
3,13.2,1,21,0.499
2,4.15,0,11,0.108
1,16.15,1,3,1.679
2,16.88,1,8,0.652
2,2.77,0,11,0.146
1,4.23,1,21,0.4
0,14.58,0,18,3.341
1,11.8,1,2,1.323
3,21.75,1,7,1.285
4,5.36,1,12,0.01
0,21.11,1,1,3.839
2,28.71,0,11,0.868
1,27.81,1,3,2.848
4,11.14,1,21,0.026
2,13.49,0,10,0.493
0,7.71,0,10,1.637
4,22.46,1,16,0.04
0,1.73,0,19,0.321
2,2.15,1,22,0.062
0,5.12,0,13,0.968
3,0.84,1,6,0.033
1,14.39,1,21,1.847
0,27.74,1,2,4.882
2,2.59,0,5,0.062
0,10.69,0,17,2.179
1,11.36,1,2,1.069
0,29.99,1,19,6.531
2,5.49,0,15,0.175
4,21.39,1,16,0.018
2,4.47,0,2,0.149
4,14.1,1,13,0.022
2,23.02,0,21,1.035
0,20.67,0,20,6.182
1,4.82,1,19,0.612
2,11.87,1,16,0.304
3,3.78,0,21,0.132
3,24.89,0,8,0.984
1,12.44,0,21,1.071
4,25.15,1,5,0.04
2,7.05,1,5,0.256
4,14.55,0,2,0.029
1,19.18,1,0,2.099
1,28.79,0,15,2.87
4,9.96,1,7,0.01
1,3.94,1,10,0.463
1,24.23,1,21,2.166
2,8.44,0,5,0.342
1,9.32,1,6,0.918
1,15.57,0,23,1.087
3,23.93,0,8,0.868
4,25.81,0,20,0.051
2,19.08,0,2,0.892
1,7.97,1,11,0.661
1,10.16,1,8,1.268
2,7.1,0,22,0.332
3,6.13,0,19,0.357
4,8.61,1,15,0.01
4,1.04,1,18,0.01
1,10.46,1,17,1.149
3,20.0,0,17,1.198
1,16.55,0,7,1.171
4,0.76,0,22,0.01
2,18.26,1,14,0.721
0,27.74,1,11,4.608
4,17.99,1,16,0.032
4,15.05,0,15,0.017
3,11.64,1,13,0.856
0,13.96,0,22,3.623
0,10.64,0,11,1.816
4,20.28,0,6,0.039
3,11.08,1,17,0.86
4,2.14,0,20,0.01
3,3.89,1,6,0.192
3,21.92,1,2,1.127
0,25.57,1,4,5.955
3,15.43,1,23,1.021
4,1.19,0,0,0.01
1,22.83,0,20,2.548
1,22.52,1,15,1.699
3,1.31,1,22,0.078
3,18.17,0,17,1.224
3,3.81,1,14,0.181
0,21.36,1,22,3.558
1,2.25,0,23,0.16
3,27.85,0,15,1.568
1,5.23,1,20,0.483
2,24.68,1,18,0.747
0,20.43,1,3,5.318
0,14.04,0,6,3.365
3,10.79,0,11,0.645
0,11.38,0,23,1.848
3,4.05,1,20,0.298
0,15.8,1,0,3.377
3,16.49,1,2,0.758
0,7.31,0,13,1.497
1,29.08,0,15,2.393
2,4.06,1,23,0.127
1,15.41,1,0,1.648
0,7.02,0,8,1.849
4,7.37,1,2,0.014
2,8.34,0,19,0.255
3,7.8,1,5,0.502
0,2.5,0,2,0.386
1,13.16,1,18,1.285
2,8.93,1,5,0.251
3,18.08,1,12,1.276
1,18.33,1,18,2.161
3,6.19,0,14,0.321
1,22.34,0,5,1.649
0,14.15,1,13,2.361
4,17.5,1,13,0.027
0,12.76,1,0,3.133
3,18.56,1,17,1.04
4,15.29,0,17,0.03
0,22.92,1,23,4.561
1,4.74,1,2,0.45
0,6.33,0,8,1.594
4,13.75,1,16,0.022
3,15.62,0,7,0.673
3,29.9,0,7,2.22
0,22.55,0,9,4.28
0,19.28,0,7,4.206
3,1.99,1,21,0.107
2,14.72,0,8,0.379
4,23.41,1,1,0.045
1,7.6,1,7,0.713
4,20.49,1,2,0.047
4,0.54,0,10,0.01
0,26.41,1,2,3.788
1,13.39,0,19,1.405
2,17.82,1,5,0.44
2,26.66,1,0,1.016
2,13.98,0,10,0.392
4,22.23,0,3,0.042
2,12.03,1,3,0.627
4,9.06,1,5,0.017
1,0.91,1,1,0.096
2,13.15,0,0,0.595
4,28.94,0,15,0.054
0,17.42,1,10,5.036
3,16.16,0,21,0.576
2,10.95,1,18,0.45
3,12.71,1,23,0.875
1,6.02,0,1,0.348
1,23.84,1,9,2.587
2,7.41,1,23,0.283
1,22.61,0,13,1.943
2,19.35,0,9,0.793
3,6.68,1,21,0.213
0,1.35,1,0,0.25
0,10.33,0,12,1.593
0,14.12,1,5,2.152
4,28.15,0,7,0.024
1,28.84,1,0,2.371
3,4.23,1,0,0.209
3,15.67,1,10,0.751
4,4.81,0,19,0.01
0,6.12,0,2,1.459
1,22.96,0,23,1.555
1,8.31,0,22,0.548
1,8.54,0,12,0.621
2,26.94,0,19,0.603
2,24.97,1,12,1.173
4,11.5,1,14,0.022
0,2.83,1,11,0.76
3,22.44,1,0,1.707
3,28.59,1,4,1.441
0,17.13,0,16,2.411
0,18.8,1,6,3.255
2,5.4,0,13,0.116
2,26.51,1,3,1.144
1,17.56,1,18,2.088
3,14.31,0,8,1.052
2,2.62,1,22,0.13
3,28.32,1,5,1.782
0,26.32,0,8,6.615
4,5.45,1,1,0.01
3,24.91,1,15,0.988
0,18.73,1,23,3.118
2,13.26,0,3,0.455
4,15.81,0,15,0.033
1,2.81,0,22,0.164
2,20.29,1,0,0.612
0,4.6,0,7,1.023
2,17.18,1,15,0.721
0,8.92,1,0,2.437
1,10.86,0,15,0.724
4,19.48,0,17,0.035
4,7.79,1,18,0.01
1,18.4,1,23,1.484
1,21.25,0,4,1.673
3,28.29,0,7,1.399
0,28.19,0,2,3.502
3,14.5,0,4,0.63
4,17.66,0,21,0.03
0,27.32,0,4,3.737
4,26.96,1,11,0.036
0,15.13,1,18,2.961
0,25.16,0,8,6.432
2,12.07,1,20,0.641
4,19.83,1,22,0.033
3,20.81,1,17,1.46
0,25.68,0,19,3.892
1,14.99,0,16,1.287
1,12.64,0,14,1.12
4,1.6,0,23,0.01
4,1.24,0,20,0.01
3,17.75,0,2,1.074
3,17.93,1,22,1.294
2,11.44,0,1,0.507
3,21.75,0,18,1.094
3,18.21,1,10,1.18
1,12.68,0,4,0.87
4,1.0,1,18,0.01
3,22.6,0,7,1.073
4,5.48,0,3,0.01
3,19.29,1,3,0.977
3,14.53,0,10,1.032
0,29.96,0,23,4.121
1,18.84,0,4,1.343
0,12.16,0,5,2.365
3,16.36,1,5,1.27
2,28.18,1,2,0.786
0,27.83,1,22,4.43
2,8.22,0,4,0.353
3,9.67,1,19,0.506
3,3.4,1,1,0.238
2,26.07,1,4,0.956
0,14.23,1,0,1.851
4,28.19,1,21,0.042
2,26.88,1,15,1.51
0,22.72,1,15,5.944
4,24.27,0,23,0.025
0,24.09,1,18,6.569
3,3.59,0,22,0.174
0,5.5,1,12,1.288
3,21.11,0,19,1.303
1,10.1,0,16,0.856
0,24.54,1,11,5.603
2,18.49,1,5,0.556
0,12.55,0,9,2.68
1,13.5,1,3,1.542
2,23.33,0,11,0.961
3,7.27,0,2,0.309
2,1.34,1,1,0.066
3,20.89,1,13,0.867
4,16.16,1,6,0.016
1,19.95,0,23,1.749
4,29.4,1,13,0.048
3,5.95,0,19,0.436
3,5.73,0,14,0.285
0,0.67,1,23,0.143
0,15.67,1,15,4.176
2,24.95,0,17,0.664
3,9.12,0,16,0.37
2,3.45,0,9,0.1
0,3.81,0,14,0.617
0,26.48,0,15,4.364
3,26.31,1,10,1.577
0,19.83,1,18,5.234
0,2.46,1,8,0.605
1,22.42,0,9,1.6
2,9.9,0,18,0.404
0,19.65,0,2,4.702
4,18.33,0,14,0.029
2,23.17,1,11,0.862
2,13.39,1,22,0.473
2,13.93,1,22,0.501
4,17.3,1,9,0.018
1,6.11,0,14,0.355
2,28.35,1,6,0.889
2,19.36,0,8,0.483
0,20.74,0,17,5.736
1,4.1,1,22,0.427
3,19.39,1,11,1.219
3,3.89,0,17,0.141
0,4.21,0,1,1.12
4,1.05,1,17,0.01
1,5.56,1,16,0.497
0,17.47,1,14,3.336
3,3.24,0,10,0.145
0,10.32,0,16,2.321
2,4.85,1,11,0.264
4,1.96,1,21,0.01
3,21.99,1,19,0.77
3,7.78,1,5,0.398
1,27.87,0,3,2.806
0,11.13,1,21,2.824
1,23.95,1,12,1.969
2,5.39,0,10,0.211
4,25.58,1,10,0.031
0,11.81,0,10,2.409
3,1.08,1,0,0.072
1,1.41,1,14,0.139
3,27.7,0,0,1.841
2,12.02,0,17,0.402
2,11.58,0,5,0.548
4,5.77,1,16,0.01
0,5.53,0,19,0.955
1,27.14,0,8,2.945
1,18.48,1,13,1.867
0,29.82,1,6,6.481
0,26.57,0,12,6.122
0,13.28,1,10,3.854
3,11.52,1,16,0.822
2,24.34,0,12,0.595
2,9.76,0,1,0.489
3,29.16,1,19,1.577
2,27.58,1,2,0.691
4,6.78,1,19,0.015
3,26.37,0,9,1.691
0,28.92,0,1,6.147
3,3.56,1,22,0.2
4,29.99,0,9,0.051
1,14.55,0,21,0.997
4,22.6,1,6,0.015
0,21.33,1,22,2.957
3,15.32,1,14,0.558
4,18.03,1,13,0.015
1,9.49,1,20,0.766
3,1.5,1,23,0.059
1,28.44,1,6,2.965
0,1.13,1,9,0.19
0,19.38,1,23,2.977
4,28.08,1,3,0.035
3,27.23,0,23,1.744
1,8.7,1,9,0.692
2,17.8,0,6,0.573
4,25.25,0,13,0.014
3,11.15,1,20,0.682
1,16.92,0,3,1.411
4,1.52,0,15,0.01
4,9.24,0,18,0.01
2,17.6,0,9,0.401
3,14.71,1,7,0.715
3,8.15,0,9,0.527
0,18.66,1,4,3.761
1,8.27,0,22,0.751
1,25.3,0,2,1.641
4,27.86,0,12,0.052
3,12.39,0,15,0.845
0,1.12,1,8,0.213
2,28.86,1,12,1.311
4,15.83,0,12,0.015
0,12.39,1,2,2.231
4,21.14,1,19,0.019
3,3.09,0,23,0.214
3,26.27,0,12,1.28
3,18.05,0,6,0.904
1,12.54,1,11,1.595
3,9.3,1,16,0.295
1,21.78,0,19,2.094
0,2.89,0,12,0.546
2,12.09,0,3,0.263
2,21.02,0,3,0.51
1,11.02,1,3,1.135
4,5.23,0,15,0.01
1,4.65,1,18,0.579
0,6.14,1,20,1.283
4,23.28,0,9,0.014
1,21.87,0,10,1.678
1,24.22,0,3,1.545
4,25.54,1,0,0.024
4,10.48,0,13,0.01
2,24.76,0,21,0.955
3,18.48,1,19,0.98
1,5.33,0,11,0.416
0,0.88,1,12,0.161
2,16.06,1,14,0.432
1,6.07,0,2,0.624
4,15.82,1,2,0.023
1,25.42,0,13,2.209
3,4.31,1,2,0.298
4,23.85,1,22,0.029
2,9.87,1,10,0.261
3,4.07,0,20,0.27
4,28.51,1,23,0.017
4,5.84,0,5,0.01
2,24.05,1,9,1.119
4,27.67,1,20,0.052
0,16.59,0,18,3.666
0,8.78,1,21,1.711
4,29.41,1,1,0.057
3,29.92,1,11,1.634
0,11.43,0,14,1.716
1,22.99,0,0,1.644
4,22.91,1,22,0.042
0,24.14,1,10,4.096
1,21.21,0,21,2.462
0,11.31,1,4,2.341
2,9.52,0,19,0.37
0,28.75,1,7,7.53
4,19.88,0,6,0.01
3,16.19,1,12,1.152
0,21.39,1,8,4.562
0,12.47,1,0,3.092
4,14.86,0,21,0.01
3,4.7,0,16,0.345
0,15.32,1,21,3.113
2,18.75,1,9,0.583
3,16.75,0,23,1.098
4,21.92,0,1,0.025
2,24.88,1,11,1.163
1,24.05,1,3,1.962
3,8.21,0,8,0.395
3,6.87,1,23,0.346
2,20.66,1,23,1.126
3,28.27,0,6,1.752
0,5.95,0,22,1.444
3,27.48,1,13,1.778
3,3.77,1,12,0.168
3,11.62,0,13,0.646
2,8.22,1,3,0.351
2,12.04,1,22,0.496
3,26.66,0,18,1.265
1,22.12,0,16,2.042
1,13.62,1,22,1.427
0,1.66,1,3,0.365
3,20.21,1,21,1.379
3,24.83,1,7,1.645
0,2.53,0,6,0.427
0,27.04,0,11,7.685
3,27.58,1,1,2.165
1,21.2,1,16,2.291
2,6.12,1,15,0.179
0,14.07,0,23,2.477
4,26.01,1,1,0.058
3,18.37,1,14,1.079
0,29.19,1,20,5.091
4,13.38,0,0,0.021
2,19.65,1,14,0.93
1,4.27,1,18,0.433
4,25.55,0,1,0.034
0,10.42,0,8,2.066
4,12.95,1,13,0.016
4,10.5,1,11,0.02
0,3.18,0,12,0.504
0,27.5,0,17,7.784
3,1.4,0,11,0.052
2,11.17,1,2,0.547
4,19.48,0,22,0.033
0,3.05,1,10,0.558
1,9.41,1,11,1.22
3,14.36,0,13,0.547
1,15.84,1,21,1.756
0,5.29,1,0,0.746
4,3.75,0,11,0.01
4,22.66,0,22,0.027
4,1.4,1,22,0.01
1,0.63,1,22,0.074
3,5.32,0,23,0.198
2,23.24,1,12,1.03
1,4.9,0,4,0.507
2,3.52,1,18,0.105
0,6.23,0,20,1.331
3,23.51,0,19,1.52
4,15.6,1,7,0.03
1,14.9,0,5,1.238
4,27.37,1,11,0.026
3,17.94,0,1,1.066
3,5.91,0,22,0.394
4,21.49,1,20,0.034
1,14.54,1,10,1.541
1,24.36,1,14,2.329
0,25.8,1,20,5.572
0,7.38,0,5,1.635
0,17.44,0,11,5.095
1,10.56,0,23,0.904
2,29.12,1,14,1.504
4,17.12,0,20,0.028
4,9.3,1,22,0.012
3,10.99,1,11,0.808
4,9.29,0,16,0.01
3,19.51,0,8,0.915
0,23.47,0,10,5.612
2,12.47,0,23,0.603
3,15.28,0,19,0.866
0,22.3,1,15,4.303
2,17.2,1,10,0.403
4,17.57,1,4,0.023
0,24.5,1,11,4.798
3,11.82,0,16,0.4
3,22.78,1,18,1.287
0,29.71,0,19,4.483
0,21.77,0,23,3.793
4,13.75,1,20,0.029
3,18.79,1,10,1.524
0,13.37,0,18,3.378
3,16.94,0,2,0.964
3,22.21,1,8,0.934
0,22.85,0,12,2.898
3,9.36,0,21,0.663
1,7.94,1,23,0.89
1,27.44,0,11,3.151
1,2.35,1,8,0.272
2,16.69,0,21,0.374
3,20.73,1,7,1.044
2,19.71,0,22,0.957
2,18.01,0,20,0.794
0,14.13,1,19,3.666
2,5.08,1,16,0.219
1,9.71,1,14,0.676
1,20.59,0,7,1.994
4,8.6,0,12,0.01
1,20.98,1,17,2.241
4,28.51,1,23,0.048
4,27.17,0,14,0.02
2,20.06,1,6,0.709
2,1.38,0,8,0.03
4,12.11,1,10,0.01
2,21.33,1,14,0.824
4,22.29,0,6,0.014
1,13.12,0,22,1.172
4,6.35,0,2,0.01
3,21.68,1,10,1.054
2,26.07,1,16,1.112
2,11.32,0,23,0.504
4,16.41,0,23,0.018
2,23.48,1,19,1.11
2,16.81,0,22,0.466
2,2.62,1,0,0.088
1,10.53,0,20,0.981
0,3.15,1,21,0.618
0,25.59,1,17,6.322
2,3.16,1,21,0.074
4,8.72,0,14,0.015
0,5.62,1,6,1.384
0,10.52,0,10,1.763
2,25.05,0,18,0.761
0,29.29,0,16,3.555
2,3.19,1,10,0.078
1,19.05,0,2,1.516
4,21.46,1,13,0.046
2,11.98,1,9,0.415
4,5.05,1,3,0.01
3,17.91,1,1,0.829
2,27.74,1,20,1.374
4,22.42,1,6,0.02
3,7.4,0,1,0.291
4,28.83,1,4,0.023
4,23.32,1,11,0.017
2,22.41,1,14,0.94
2,29.14,1,2,1.245
1,1.18,1,7,0.107
3,25.35,0,9,1.509
2,25.97,0,23,0.655
1,25.99,1,14,1.981
3,12.67,1,11,0.763
0,8.54,0,18,1.521
2,18.24,1,22,0.852
3,9.73,1,17,0.316
1,23.38,0,22,1.505
1,1.38,0,12,0.142
4,9.61,0,8,0.01
1,27.44,0,11,2.292
1,21.57,0,9,1.591
3,3.29,0,13,0.246
0,13.5,1,7,2.643
3,17.41,1,18,0.838
4,9.58,0,19,0.018
3,29.37,1,21,2.115
4,21.77,0,7,0.012
3,23.22,1,5,1.188
1,18.43,0,22,1.607
3,14.51,0,8,0.717
3,8.42,1,12,0.696
4,1.86,0,9,0.01
3,12.91,1,19,0.748
4,27.15,0,4,0.042
1,13.53,0,19,1.489
3,21.12,0,17,0.969
3,16.28,0,21,0.986
1,17.95,1,7,1.524
1,28.52,0,2,2.168
3,0.64,1,17,0.034
2,25.2,0,17,0.816
2,23.41,1,0,1.214
0,4.8,0,5,0.948
1,0.58,1,8,0.067
1,2.76,1,10,0.238
3,22.84,0,3,0.92
0,9.05,0,10,2.021
0,4.82,0,1,0.875
2,2.74,0,19,0.103
3,20.17,1,1,1.269
0,12.22,0,21,3.009
4,21.53,0,23,0.041
1,11.18,0,1,1.021
2,11.63,0,16,0.25
1,27.05,0,21,3.053
3,2.92,0,2,0.105
4,23.7,1,22,0.022
0,28.67,1,3,7.263
4,14.77,1,12,0.015
3,24.7,0,17,1.218
3,23.73,1,11,1.406
4,11.43,1,16,0.019
4,2.34,1,19,0.01
3,26.43,0,15,1.134
4,12.61,0,10,0.019
0,22.46,0,19,5.703
3,8.81,1,20,0.663
3,26.82,0,9,1.08
1,10.05,0,10,0.686
2,6.38,0,7,0.261
4,1.02,0,9,0.01
2,15.77,0,19,0.351
3,18.09,0,6,1.064
4,6.68,0,20,0.011
0,15.82,1,6,3.436
3,14.39,0,20,0.65
1,25.29,0,13,1.705
2,19.8,0,14,0.963
3,14.77,0,7,0.618
1,28.68,0,16,2.205
1,20.58,1,11,2.582
4,4.24,1,9,0.01
3,8.13,0,1,0.464
3,29.71,1,7,1.392
0,10.01,1,15,2.056
0,4.58,1,7,1.125
4,14.14,1,17,0.029
1,1.14,0,11,0.101
4,27.63,0,0,0.038
0,1.69,0,20,0.386
0,27.77,0,22,4.734
1,17.03,1,7,1.18
3,21.23,1,4,0.903
4,16.61,0,6,0.024
4,2.37,1,5,0.01
1,0.63,0,17,0.051
1,9.14,0,11,0.838
4,25.32,0,21,0.014
1,27.78,1,2,2.656
3,20.7,0,5,1.069
2,23.34,1,23,0.828
4,27.06,1,0,0.055
4,2.77,0,17,0.01
1,8.63,1,17,0.794
2,12.44,1,13,0.506
4,10.24,0,0,0.015
3,14.16,0,13,0.946
3,4.09,1,7,0.256
2,1.79,1,22,0.062
2,9.27,0,15,0.435
1,14.71,0,5,0.978
2,11.55,1,18,0.41
0,23.53,0,19,6.631
2,0.96,0,22,0.035
1,26.89,0,18,2.419
0,7.91,0,9,1.711
3,15.13,1,1,0.872
1,24.13,0,22,2.159
1,25.79,1,3,2.204
3,20.04,0,6,0.76
1,23.22,0,8,2.039
1,10.41,1,19,1.127
4,16.58,1,7,0.02
2,13.05,0,21,0.505
2,14.5,1,23,0.47
4,9.13,0,12,0.017
1,19.7,1,10,2.65
3,15.17,0,8,1.026
4,2.14,1,17,0.01
2,4.89,0,23,0.236
1,25.63,0,22,2.436
4,0.83,1,9,0.01
4,11.26,1,13,0.025
4,2.82,0,21,0.01
4,18.48,1,3,0.019
1,11.06,1,11,1.097
1,27.6,1,13,2.493
2,24.37,0,9,1.153
2,28.3,1,2,1.393
0,5.26,0,16,1.194
2,12.04,0,11,0.456
3,20.08,1,7,1.387
0,13.6,0,15,2.359
0,20.57,0,1,4.922
1,4.27,0,8,0.364
1,3.13,1,10,0.308
1,1.97,0,22,0.149
4,29.06,1,17,0.05
3,7.66,1,5,0.382
0,18.55,0,7,3.908
1,9.95,1,7,0.973
0,8.85,1,12,1.914
3,28.58,0,3,1.095
1,24.03,0,21,2.029
1,15.33,0,16,1.125
1,9.7,1,16,0.864
4,25.68,1,18,0.027
3,10.74,1,2,0.644
0,10.45,0,8,2.347
0,22.08,1,12,5.749
3,7.3,1,6,0.515
1,17.12,1,20,1.555
0,22.69,1,4,4.253
4,29.62,0,21,0.046
2,8.38,0,7,0.224
4,11.01,0,13,0.01
0,19.5,1,22,2.804
4,2.04,0,0,0.01
3,7.82,0,12,0.369
4,27.71,1,3,0.035
1,17.48,0,6,1.292
1,24.91,1,8,2.263
2,15.31,0,11,0.542
4,8.05,0,11,0.012
4,27.32,1,4,0.047
0,26.47,0,12,3.557
3,11.88,0,0,0.603
0,24.19,0,11,4.533
4,23.57,1,4,0.044
0,12.02,0,21,3.398
2,21.16,1,6,1.001
2,5.64,1,1,0.18
0,4.77,0,6,0.741
1,7.68,0,20,0.576
3,1.43,1,0,0.049
0,6.01,1,15,1.69
2,3.84,0,20,0.124
3,26.17,0,14,1.29
1,12.91,0,1,1.188
3,2.43,0,0,0.169
4,17.61,1,13,0.034
4,5.89,1,12,0.01
3,15.46,1,19,0.756
3,18.18,1,2,1.117
1,24.6,0,9,2.351
3,18.76,0,6,0.897
1,11.69,1,11,1.205
4,8.28,0,22,0.01
1,18.7,0,10,1.486
2,3.25,1,14,0.167
4,8.88,0,11,0.016
3,16.27,0,8,1.167
0,11.99,1,9,2.422
2,24.89,1,21,0.969
0,28.55,0,14,4.651
4,28.45,1,0,0.058
3,26.72,0,1,1.035
2,9.41,1,1,0.317
3,14.57,0,8,0.567
0,4.69,1,10,1.393
4,19.6,1,16,0.029
1,22.92,1,16,2.525
2,18.32,1,6,0.794
3,8.97,1,2,0.408
2,28.77,0,9,0.873
2,7.21,0,2,0.254
1,13.89,0,4,1.183
1,23.43,1,18,2.12
2,2.64,1,9,0.101
1,13.04,1,16,1.431
2,25.83,1,14,1.157
0,27.2,1,11,7.174
2,26.1,0,2,0.756
3,5.42,0,7,0.187
0,11.95,1,3,2.749
2,11.03,0,9,0.535
4,10.45,1,23,0.02
3,9.94,0,16,0.579
2,17.56,0,15,0.51
3,24.0,0,15,1.207
3,22.84,1,2,1.388
2,18.96,0,9,0.81
3,5.08,0,15,0.33
4,4.41,1,15,0.01
1,13.39,1,8,1.084
0,2.1,0,18,0.307
2,19.55,1,3,0.712
4,18.41,0,17,0.015
0,0.76,0,10,0.138
2,11.86,0,7,0.339
1,27.36,0,15,2.103
3,21.87,1,12,1.701
4,9.78,1,20,0.017
4,17.45,0,18,0.018
2,18.92,1,6,0.905
1,29.9,0,8,2.616
3,2.43,1,19,0.18
4,19.5,0,22,0.026
3,6.59,1,9,0.291
0,2.68,0,20,0.357
1,3.27,1,15,0.314
2,8.36,1,19,0.396
3,12.84,1,22,0.65
0,15.01,1,2,3.78
3,5.24,0,22,0.332
0,4.56,0,9,1.079
0,1.7,1,11,0.43
2,25.85,0,2,0.575
1,13.1,0,21,0.917
2,5.1,0,1,0.113
1,17.68,0,12,1.221
1,14.45,0,2,1.009
0,3.41,0,16,0.631
3,17.16,1,17,0.92
4,27.13,1,16,0.063
0,6.17,0,23,1.142
3,23.19,1,9,1.65
1,8.38,0,17,0.871
0,8.19,1,11,2.288
0,22.2,1,0,4.227
4,12.33,1,21,0.022
2,4.69,1,20,0.145
1,20.06,0,20,1.494
0,1.63,1,11,0.431
3,15.61,0,10,1.091
4,8.52,1,0,0.01
0,18.69,0,2,3.114
1,15.93,0,16,1.291
1,2.83,0,19,0.244
0,17.86,0,19,3.075
3,15.77,0,3,0.801
1,13.43,1,12,0.925
3,7.14,0,11,0.351
4,10.62,1,20,0.012
4,9.29,0,17,0.01
0,24.72,0,14,4.193
1,7.07,1,9,0.816
1,25.13,0,3,2.408
3,28.64,0,15,1.674
2,2.95,0,13,0.079
0,0.8,1,18,0.172
4,15.73,1,14,0.03
3,17.14,1,6,0.748
2,13.75,1,17,0.571
2,5.19,0,16,0.253
4,20.11,0,18,0.024
3,25.51,1,17,1.597
1,13.52,0,1,1.204
3,17.46,1,16,1.075
4,18.96,1,9,0.037
1,21.96,0,17,1.967
3,15.21,1,21,1.03
4,17.56,1,5,0.03
0,22.31,1,11,5.076
4,15.55,0,13,0.015
4,19.97,0,16,0.028
2,13.67,0,6,0.371
0,24.7,1,20,5.562
3,11.25,1,9,0.485
2,8.52,0,10,0.377
0,19.25,0,2,4.196
0,3.9,0,15,0.8
1,19.98,0,9,2.001
1,13.52,1,6,1.389
1,7.94,1,8,0.789
4,15.35,1,14,0.03
4,11.61,0,23,0.01
1,11.57,0,21,0.959
0,13.67,0,13,1.631
3,5.55,0,14,0.404
4,19.0,1,7,0.044
4,26.39,1,1,0.048
3,12.89,0,17,0.561
1,22.24,0,7,1.853
1,28.0,1,17,2.864
1,8.16,0,4,0.77
3,20.33,0,3,1.198
4,8.1,1,4,0.015
3,5.49,1,14,0.242
0,12.41,0,6,2.955
3,3.97,1,9,0.191
0,0.51,0,23,0.115
1,12.33,0,23,0.973
4,9.08,0,1,0.011
4,26.07,1,14,0.043
2,25.65,1,17,0.709
3,16.81,0,18,0.595
0,1.75,0,22,0.335
1,14.0,1,3,1.644
3,10.21,1,13,0.466
3,5.02,1,9,0.241
2,22.35,0,7,0.649
3,22.39,1,17,0.854
0,15.59,1,0,3.7
0,13.0,1,14,3.077
1,20.26,1,8,2.471
4,8.14,0,14,0.01
4,10.34,1,1,0.019
0,25.06,0,18,7.136
0,29.9,1,18,7.251
1,12.83,1,7,0.944
2,3.07,1,3,0.102
2,0.67,0,6,0.035
2,12.76,0,16,0.628
0,26.26,0,19,7.607
1,1.06,1,1,0.086
0,17.5,0,15,3.809
0,2.72,1,13,0.572
1,25.76,0,16,2.25
4,23.71,0,20,0.023
2,1.88,0,5,0.075
4,9.11,0,5,0.01
2,15.58,0,3,0.362
0,14.86,1,12,3.358
1,21.08,0,22,1.596
3,20.26,1,4,0.802
1,13.91,1,13,0.953
0,8.8,1,19,2.077
1,24.67,1,3,1.912
4,4.84,0,17,0.01
2,18.68,1,5,0.787
2,24.0,0,6,0.824
0,9.08,0,2,1.953
4,18.56,1,0,0.036
1,24.51,1,12,2.072
0,9.53,1,2,2.208
1,1.21,1,14,0.094
2,8.65,0,23,0.181
1,21.41,0,6,1.368
1,10.58,0,15,0.893
4,1.68,0,21,0.01
2,9.66,1,13,0.371
1,21.31,0,8,2.61
1,9.51,1,10,0.928
4,1.94,0,12,0.01
1,2.23,1,0,0.25
0,23.55,1,9,7.348
2,10.83,0,23,0.405
1,29.88,0,1,2.968
2,9.88,0,9,0.425
4,17.19,1,18,0.023
3,1.49,0,13,0.097
1,13.75,1,12,1.273
3,29.42,0,10,0.932
3,24.52,1,20,1.427
4,15.51,0,0,0.026
2,12.85,0,16,0.447
3,18.13,0,2,1.32
3,17.84,1,15,1.112
1,9.67,1,6,0.87
1,20.25,0,19,1.688
4,27.54,0,17,0.034
4,8.44,1,21,0.01
1,11.97,1,13,0.826
0,14.63,0,7,2.835
4,15.52,0,16,0.027
2,24.8,1,7,1.145
4,11.93,0,6,0.01
4,13.89,1,17,0.028
1,29.27,1,16,2.188
1,0.88,0,4,0.078
2,25.5,1,7,1.231
3,17.82,0,5,1.274
2,27.67,0,3,0.866
4,25.7,1,12,0.022
2,10.45,0,1,0.297
2,3.47,1,7,0.113
2,18.35,1,23,0.558
3,0.75,0,23,0.034
3,12.46,1,0,0.948
0,13.15,1,6,1.962
2,9.48,1,2,0.242
0,18.71,0,10,4.182
1,7.58,1,0,0.85
2,26.01,0,6,0.612
2,29.45,0,16,0.876
0,10.37,0,16,2.53
0,6.32,0,21,1.324
1,27.75,0,15,2.327
2,27.62,1,15,0.801
0,12.49,0,19,3.59
4,11.98,0,11,0.01
4,7.87,0,17,0.01
0,14.85,1,1,2.677
1,13.49,1,19,1.506
1,17.74,0,21,1.443
0,5.98,1,15,1.274
4,13.13,0,16,0.01
4,20.79,1,15,0.041
2,17.81,0,2,0.95
4,20.72,0,13,0.032
2,25.51,1,3,1.034
1,0.58,0,15,0.039
1,26.17,0,0,1.981
4,13.91,0,14,0.021
4,12.58,1,3,0.023
0,18.72,0,21,5.599
1,11.2,0,18,0.773
2,1.44,1,18,0.041
2,26.24,1,12,0.636
2,6.94,0,15,0.263
4,15.26,0,12,0.023
0,0.54,0,11,0.117
1,11.72,0,8,1.09
2,1.52,1,23,0.078
2,1.73,1,14,0.082
4,13.88,0,2,0.015
4,28.19,0,22,0.052
2,14.18,0,20,0.501
3,7.72,1,9,0.368
3,13.86,1,18,0.76
3,14.39,1,5,0.615
2,8.17,1,17,0.437
3,12.24,0,1,0.508
0,10.24,1,8,3.049
2,9.16,0,22,0.403
4,16.46,0,23,0.015
0,11.38,0,17,2.836
0,7.47,1,10,1.334
4,5.21,1,11,0.01
4,22.14,1,18,0.016
3,4.0,0,0,0.129
1,11.87,0,23,1.162
3,21.69,1,12,1.311
4,1.12,0,17,0.01
1,19.76,0,20,1.396
4,28.44,1,10,0.06
2,7.22,0,2,0.204
1,22.7,1,13,2.038
3,5.47,1,12,0.328
3,11.31,1,12,0.726
1,8.54,1,23,0.583
1,24.92,0,1,1.856
3,29.53,1,4,1.162
1,2.41,0,16,0.189
2,9.01,0,18,0.428
3,18.24,1,2,0.8
1,24.04,1,23,2.328
1,15.64,0,9,1.472
1,1.69,1,19,0.172
1,13.42,0,19,1.368
2,25.68,0,15,1.007
2,19.07,1,8,0.626
0,18.83,0,17,4.65
2,8.44,1,3,0.349
4,16.0,0,21,0.011
1,18.33,1,23,1.902
0,15.63,0,18,4.34
0,6.26,0,22,1.557
1,3.43,1,20,0.422
1,26.7,1,21,2.475
3,14.46,0,13,0.482
2,17.73,1,1,0.79
4,11.55,0,7,0.011
3,8.41,0,5,0.535
4,4.72,0,1,0.01
1,23.98,0,4,2.276
2,6.01,0,14,0.269
1,20.31,0,5,1.67
0,5.06,0,22,1.219
4,10.38,0,0,0.01
2,27.61,0,9,0.745
2,6.24,1,0,0.157
0,4.7,1,12,1.073
0,14.72,0,15,2.52
1,20.02,0,10,1.344
4,22.57,0,12,0.03
0,7.07,1,4,1.71
1,26.63,0,18,2.154
1,28.21,0,22,1.83
3,27.39,0,21,1.536
3,9.2,1,17,0.569
1,25.31,0,12,1.86
3,16.96,1,4,0.783
4,17.72,1,22,0.015
1,2.84,0,2,0.227
1,8.44,1,18,0.782
4,29.19,1,15,0.032
4,18.8,0,11,0.037
3,28.71,0,7,1.385
4,27.8,0,2,0.04
3,17.71,0,13,0.625
4,15.21,0,11,0.023
3,17.99,1,16,0.62
0,26.29,0,5,3.61
2,3.3,0,15,0.165
4,15.77,1,10,0.01
3,26.2,1,15,1.242
4,14.38,1,14,0.013
4,28.05,1,9,0.06
2,2.69,0,8,0.113
1,25.24,0,14,1.749
0,19.02,1,9,3.523
3,28.43,0,7,1.633
1,11.56,0,1,0.909
3,2.83,0,0,0.177
4,21.47,1,23,0.044
0,11.87,0,5,2.408
4,8.26,0,1,0.01
3,1.45,1,4,0.106
2,5.16,0,8,0.164
0,18.2,0,5,2.204
0,6.88,0,11,2.07
4,14.68,0,6,0.027
4,4.48,1,16,0.01
4,21.38,1,19,0.029
4,29.72,1,23,0.018
2,4.59,0,16,0.112
0,10.11,1,20,2.3
2,14.09,0,6,0.678
1,8.34,1,23,0.756
3,22.39,0,22,1.074
3,24.73,0,23,0.815
0,25.99,0,7,4.56
2,26.97,1,0,0.68
1,16.04,0,1,1.232
1,21.44,0,5,1.655
0,6.4,1,9,1.253
4,28.63,1,20,0.041
0,13.62,0,13,2.858
3,23.63,1,6,1.937
2,24.58,1,18,0.953
1,8.65,1,2,0.87
2,11.73,1,4,0.588
1,24.36,0,21,1.687
3,27.35,0,10,1.541
3,9.61,0,6,0.581
2,2.89,0,8,0.102
0,12.2,1,0,1.817
4,6.39,0,14,0.01
2,6.72,1,10,0.253
1,12.55,0,15,1.147
4,12.16,0,0,0.022
2,7.91,0,23,0.195
0,25.29,1,8,4.953
1,16.48,1,13,1.11
2,28.56,0,0,0.657
2,12.06,1,13,0.409
1,16.29,1,2,1.737
0,5.72,1,3,0.761
1,22.2,0,19,1.977
3,11.92,1,10,0.702
2,3.32,1,3,0.153
2,29.7,0,14,1.51
0,4.81,1,11,1.424
4,3.76,1,8,0.01
0,17.34,0,7,3.075
2,27.39,1,6,0.64
1,8.69,1,5,0.711
1,23.68,0,14,2.14
4,2.94,1,8,0.01
0,27.39,0,0,6.044
2,12.38,1,1,0.482
4,17.26,0,4,0.026
0,11.79,1,22,2.092
2,25.23,1,7,0.803
4,0.72,0,14,0.01
0,4.23,1,7,0.863
0,17.34,1,14,4.01
4,15.12,0,10,0.02
0,25.89,0,2,4.483
3,13.01,0,4,0.458
2,23.11,0,6,0.887
1,24.74,0,10,1.824
1,26.61,1,18,2.192
2,23.28,1,19,0.96
1,20.21,1,23,1.898
3,1.06,0,11,0.064
0,15.54,0,16,3.726
4,5.43,0,17,0.01
2,1.8,0,9,0.081
1,6.4,1,5,0.575
0,16.27,1,14,4.227
4,5.11,1,20,0.01
4,11.52,0,13,0.01
4,27.65,1,20,0.05
2,29.39,0,20,0.656
0,23.71,1,15,5.309
4,22.98,0,9,0.038
3,14.56,1,15,0.929
4,23.85,0,20,0.018
2,10.62,0,17,0.318
2,18.85,0,1,0.417
0,8.84,1,3,1.7
1,16.31,1,18,1.655
1,19.4,1,13,1.444
2,7.17,0,0,0.265
4,12.42,1,19,0.022
0,13.07,0,16,1.853
4,13.5,1,4,0.021
2,13.65,1,5,0.592
2,9.58,0,3,0.216
2,16.17,1,19,0.859
4,27.3,0,1,0.026
0,28.69,0,19,4.346
3,22.97,1,19,1.38
0,1.17,1,19,0.308
0,25.61,1,17,6.592
0,15.64,0,11,2.865
2,17.78,0,15,0.662
2,1.42,1,14,0.054
4,14.77,1,11,0.027
0,7.41,0,11,2.218
4,3.99,1,1,0.01
3,1.94,0,23,0.079
2,3.14,0,14,0.143
2,15.46,0,2,0.471
4,21.18,0,9,0.02
0,27.52,1,16,4.656
0,25.91,0,13,5.117
1,4.15,0,1,0.386
2,18.45,1,9,0.749
3,21.7,1,11,1.438
3,12.38,1,22,0.536
4,17.29,0,3,0.019
0,2.59,0,3,0.329
4,2.75,1,10,0.01
4,18.41,1,23,0.04
1,18.87,1,0,2.181
0,21.99,0,21,5.644
1,6.96,0,14,0.7
3,18.33,0,0,1.176
0,25.28,0,17,5.965
4,11.48,0,1,0.015
4,23.6,1,15,0.024
0,16.68,1,3,2.946
2,25.59,1,20,1.062
0,8.37,1,3,1.544
4,8.14,1,15,0.01
3,0.98,1,13,0.058
0,16.27,1,10,3.179
1,16.18,1,23,1.382
3,27.89,1,19,1.351
2,14.83,1,6,0.333
0,24.08,0,15,4.593
3,28.11,0,8,1.524
1,8.91,0,17,0.814
4,7.74,0,19,0.01
1,8.2,1,3,0.622
1,4.05,1,17,0.356
0,26.64,1,17,4.739
0,4.92,0,14,0.932
4,22.39,1,0,0.025
2,29.7,0,0,1.266
0,17.88,1,15,2.77
2,16.69,1,23,0.702
4,24.15,1,11,0.019
3,11.22,0,18,0.339
4,18.59,0,15,0.033
0,16.67,0,3,3.3
2,7.56,0,11,0.374
4,5.55,0,10,0.01
0,10.39,0,4,1.521
1,29.37,0,23,2.801
2,15.14,1,0,0.586
2,20.55,1,4,1.09
4,19.67,1,6,0.017
1,13.71,0,9,1.467
1,17.73,0,23,1.306
3,13.63,1,0,0.941
1,12.9,1,12,0.971
4,25.83,1,20,0.044
4,16.04,0,0,0.022
2,4.84,0,8,0.191
3,3.48,0,9,0.164
0,29.75,0,5,4.867
2,7.99,0,10,0.159
4,28.84,0,5,0.022
1,7.2,1,1,0.486
0,4.78,0,7,0.943
4,13.15,1,7,0.023
0,18.81,1,10,5.216
0,10.92,1,7,2.207
3,12.27,0,3,0.746
3,27.17,0,15,1.347
0,5.81,1,2,1.213
2,17.25,1,0,0.517
1,20.98,0,19,2.501
1,26.94,1,0,2.145
1,15.46,0,18,1.545
3,13.59,1,22,0.982
0,11.99,0,19,2.353
0,17.77,1,17,4.879
3,19.97,1,21,1.057
1,14.9,0,5,1.283
0,14.91,0,17,2.427
0,5.62,0,7,0.877
3,23.75,1,8,0.798
3,28.82,0,10,0.952
3,0.56,0,17,0.022
2,15.27,0,13,0.402
4,19.23,1,9,0.027
2,17.38,0,17,0.755
1,19.15,1,15,2.185
2,4.89,1,19,0.268
0,13.04,0,14,2.34
3,24.86,1,5,1.833
2,25.67,1,4,1.334
2,22.12,1,20,0.655
0,12.22,0,8,2.466
4,21.97,1,3,0.046
3,28.63,1,23,1.771
0,29.09,0,19,4.676
0,10.4,0,22,2.201
4,10.44,0,9,0.01
1,12.79,1,20,1.235
1,13.12,0,21,1.356
4,17.73,0,18,0.025
0,10.64,1,4,1.474
2,19.77,0,18,0.84
2,2.59,1,14,0.114
0,25.62,0,6,4.074
1,6.45,1,4,0.693
4,29.29,1,21,0.051
2,26.2,1,16,0.972
2,6.59,0,17,0.193
3,14.75,0,4,0.498
0,29.63,0,5,4.242
2,12.55,0,15,0.621
1,29.55,0,6,2.113
4,9.64,0,12,0.016
2,24.5,0,18,0.913
0,13.03,0,2,2.321
3,2.65,1,12,0.202
4,17.83,0,5,0.037
3,13.04,0,23,0.596
3,28.01,1,23,1.282
4,20.6,1,1,0.039
1,23.7,1,20,2.745
0,23.49,1,0,3.92
1,19.37,1,10,1.878
2,17.49,1,23,0.996
0,18.33,1,8,3.649
0,17.51,0,19,5.03
3,22.59,0,3,1.394
3,5.09,1,6,0.302
2,6.54,0,13,0.229
3,11.11,1,10,0.534
1,3.18,0,19,0.261
4,7.07,0,7,0.01
1,10.13,0,4,0.716
2,9.1,1,13,0.253
0,1.83,0,6,0.371
4,27.58,1,9,0.048
2,15.87,0,16,0.786
1,21.81,1,12,2.156
2,28.63,0,18,0.732
0,6.77,0,10,1.707
3,28.29,0,9,1.894
2,11.22,1,23,0.621
3,26.19,0,16,1.093
4,20.74,0,9,0.04
1,27.56,0,12,2.173
3,22.43,0,1,0.946
0,6.72,1,20,1.896
0,13.62,1,21,2.899
1,25.07,1,22,2.317
0,1.03,1,16,0.219
4,18.93,0,6,0.02
3,10.29,0,16,0.591
1,29.57,0,2,2.679
1,28.24,1,9,2.978
1,23.23,0,0,1.632
0,6.79,0,12,1.596
1,25.38,0,4,1.936
2,1.46,1,3,0.083
4,26.53,0,11,0.034
0,9.26,0,5,2.063
1,22.16,0,1,2.243
2,16.61,1,15,0.48
0,1.9,1,14,0.471
4,8.44,0,2,0.012
0,25.72,0,8,6.313
2,12.35,0,7,0.481
2,5.92,0,6,0.263
2,3.54,0,5,0.16
4,15.12,0,2,0.024
3,10.25,0,7,0.578
4,29.63,0,3,0.033
0,16.24,0,10,3.795
4,15.99,1,21,0.023
4,6.7,0,13,0.012
4,23.52,1,12,0.046
3,8.44,1,5,0.601
0,23.3,0,19,3.273
1,4.14,0,21,0.462
3,7.48,1,11,0.416
4,10.39,1,16,0.018
1,3.68,1,5,0.381
1,19.54,0,12,1.709
3,17.99,1,17,1.165
0,17.52,0,22,4.167
0,11.26,0,6,1.799
0,3.74,1,16,0.904
2,3.65,0,14,0.115
4,7.71,0,12,0.01
2,15.64,0,9,0.507
2,20.7,0,0,0.908
1,8.06,0,9,0.604
3,8.78,0,21,0.418
4,12.12,1,1,0.023
4,5.13,1,16,0.011
2,25.97,1,23,1.395
2,23.95,1,2,0.708
1,23.64,0,19,2.455
4,5.53,1,3,0.01
3,6.85,1,13,0.247
0,20.97,0,8,3.313
1,17.0,0,4,1.193
3,23.97,1,8,1.758
2,14.68,1,8,0.717
4,17.25,1,0,0.011
3,14.51,1,14,1.11
4,21.53,1,1,0.033
2,26.4,0,7,0.618
1,2.16,1,20,0.219
3,29.95,1,6,1.212
2,2.91,1,5,0.096
2,25.58,0,10,1.098
2,29.25,1,13,1.141
1,18.43,1,11,2.006
3,15.66,1,15,0.948
3,9.63,0,13,0.559
3,12.19,1,0,0.662
0,16.15,1,14,2.267
4,2.05,1,17,0.01
1,15.52,1,13,1.707
1,15.47,0,0,1.564
4,14.21,1,15,0.022
3,6.84,1,17,0.273
3,22.6,0,17,0.813
2,9.92,0,22,0.37
1,19.69,0,5,1.682
1,29.72,1,9,3.645
2,14.44,0,4,0.618
2,12.42,1,5,0.305
4,1.25,0,17,0.01
0,11.19,0,18,2.212
2,8.38,1,4,0.421
0,22.06,0,2,4.534
1,20.31,0,21,2.423
4,4.12,1,7,0.01
3,2.88,0,2,0.101
1,26.73,0,3,1.954
0,11.27,1,0,1.856
3,21.82,0,7,0.843
1,2.38,0,21,0.192
1,24.48,1,20,2.854
0,2.56,1,3,0.644
2,8.63,0,0,0.316
2,20.06,0,23,0.456
3,25.27,1,23,1.13
2,6.57,1,22,0.231
0,21.83,0,12,3.163
4,25.33,0,8,0.048
2,11.51,1,20,0.486
0,5.53,0,23,1.269
1,25.25,0,3,2.492
1,13.19,1,19,1.52
2,14.18,1,14,0.425
4,8.18,1,14,0.01
4,24.28,1,18,0.037
4,9.19,1,7,0.02
4,17.21,1,11,0.025
2,20.94,0,10,0.61
1,25.59,1,0,2.463
0,29.17,0,3,6.171
1,5.86,1,16,0.582
2,13.23,0,5,0.503
4,7.87,1,4,0.016
1,18.18,0,8,2.197
4,20.67,1,14,0.015
1,29.24,0,5,2.479
3,10.25,1,8,0.644
0,3.59,1,19,0.797
0,29.46,0,16,6.497
0,13.63,1,7,2.568
0,16.36,1,21,2.824
0,26.19,1,21,7.014
0,21.08,0,9,6.11
3,10.24,1,15,0.771
1,27.17,0,8,2.251
2,9.66,1,13,0.311
2,7.41,0,10,0.223
0,10.49,1,11,2.167
3,17.2,1,18,1.113
3,15.6,0,10,0.648
4,20.58,0,14,0.03
3,9.73,1,15,0.429
2,17.34,1,1,0.884
1,15.05,0,8,1.34
2,1.1,1,22,0.055
2,3.2,0,18,0.161
4,18.65,1,10,0.025
3,16.85,1,4,0.97
4,24.75,0,10,0.028
4,9.35,1,9,0.018
2,10.74,0,23,0.513
2,21.51,1,15,1.044
1,12.68,0,8,1.097
4,3.96,1,7,0.01
4,10.41,1,7,0.018
3,13.0,1,1,0.928
4,1.39,1,8,0.01
4,12.22,1,12,0.019
2,11.62,1,2,0.373
2,14.91,0,21,0.691
4,22.49,0,1,0.044
2,22.0,1,21,0.95
4,16.89,0,22,0.018
1,19.9,0,14,1.736
4,24.56,0,15,0.031
3,28.67,0,18,1.227
4,27.66,0,6,0.036
2,11.79,0,15,0.33
4,17.12,1,21,0.014
4,17.58,1,15,0.019
0,2.39,1,19,0.577
3,6.25,0,15,0.289
2,21.52,1,17,0.642
3,12.94,1,16,0.605
4,18.78,0,0,0.033
1,9.54,0,19,0.705
1,22.63,0,1,1.638
4,3.87,1,5,0.01
0,12.63,1,12,3.011
4,9.51,0,10,0.016
4,17.69,0,22,0.011
4,28.5,1,20,0.064
3,18.61,1,15,0.782
4,15.12,1,16,0.025
0,1.32,1,6,0.357
2,3.69,1,12,0.194
1,27.01,0,8,3.357
4,22.56,0,20,0.03
0,9.73,0,10,2.103
0,12.54,0,12,2.599
2,27.65,0,9,1.345
3,25.05,0,15,1.383
0,22.9,0,10,3.629
0,28.67,1,0,8.109
0,6.33,0,12,1.273
1,19.92,1,6,1.735
2,1.14,1,5,0.028
1,25.84,1,13,2.596
4,12.58,0,18,0.021
1,8.97,0,8,1.008
3,1.45,1,12,0.106
1,29.78,0,0,2.815
2,14.0,1,3,0.396
3,6.53,0,17,0.197
1,15.69,0,15,0.972
1,4.52,1,11,0.493
0,1.4,1,17,0.451
1,6.57,1,12,0.495
3,14.35,1,7,1.017
0,9.36,0,18,2.712
3,4.92,0,12,0.2
3,14.12,0,12,0.993
3,14.86,0,22,0.771
0,28.4,0,22,4.249
4,29.35,1,1,0.063
0,14.56,0,9,3.268
3,13.45,0,15,0.481
4,23.24,0,2,0.035
2,1.85,1,13,0.056
0,27.33,0,21,5.103
3,13.01,1,1,0.468
2,5.12,0,14,0.192
4,24.26,1,14,0.021
0,21.75,1,5,3.822
4,17.34,0,4,0.022
0,5.99,1,13,1.448
1,25.66,1,16,2.923
0,22.26,0,19,6.011
0,16.01,1,16,3.888
2,3.93,0,7,0.14
0,16.65,0,10,4.78
4,28.09,1,23,0.064
4,1.15,0,4,0.01
2,24.71,1,8,1.185
2,18.66,0,8,0.645
2,3.44,0,7,0.136
0,7.48,1,13,1.681
3,14.7,1,10,0.836
4,0.56,0,21,0.01
0,26.11,0,8,4.975
4,10.77,1,1,0.018
2,8.28,1,4,0.305
0,15.25,1,5,2.889
0,1.79,1,21,0.425
4,0.67,0,2,0.01
1,24.28,0,18,2.264
4,8.09,1,22,0.01
3,3.63,0,18,0.217
1,24.42,0,22,1.915
3,17.78,0,16,1.106
0,10.25,1,1,2.757
1,23.16,0,8,1.953
0,6.91,1,10,1.598
3,17.81,1,1,1.181
4,15.51,0,20,0.014
2,4.94,1,11,0.238
1,5.36,0,10,0.489
4,9.2,1,18,0.01
1,9.81,1,20,0.911
0,26.04,1,22,5.342
4,13.31,0,10,0.024
3,9.12,1,6,0.359
2,7.96,0,23,0.213
1,23.4,0,9,2.516
0,27.17,1,4,7.534
3,3.03,1,2,0.105
0,14.12,1,12,3.832
2,16.41,1,17,0.679
0,15.93,1,11,3.315
0,25.05,0,12,5.256
0,27.42,1,19,5.375
4,16.08,1,8,0.027
0,3.51,0,17,0.867
3,28.33,1,3,1.831
4,10.42,1,10,0.011
0,6.74,1,17,2.015
4,19.81,0,11,0.014
0,1.4,1,5,0.334
1,25.61,1,3,2.735
1,5.89,1,14,0.455
1,3.38,1,14,0.303
2,17.43,1,3,0.605
0,16.71,1,22,2.65
0,19.42,1,7,3.356
2,5.73,0,9,0.247
1,6.78,0,5,0.582
0,11.62,0,4,2.861
3,0.84,0,6,0.029
4,15.62,1,5,0.013
4,19.89,0,5,0.023
4,28.07,0,13,0.039
1,21.65,1,19,1.972
2,7.25,1,4,0.368
3,9.92,1,21,0.464
1,12.11,0,7,1.06
0,5.13,1,11,1.153
2,11.43,1,3,0.514
1,9.03,1,11,1.086
3,5.93,1,21,0.373
4,9.03,0,11,0.017
2,10.68,0,9,0.472
1,0.95,1,6,0.062
0,15.04,1,3,2.23
0,9.26,1,23,2.338
2,8.04,0,8,0.279
4,25.05,1,23,0.054
0,3.22,0,8,0.535
1,8.64,1,22,0.906
2,19.12,0,22,0.468
3,28.56,1,7,2.207
2,24.57,1,14,0.592
4,27.21,0,6,0.038
0,6.9,1,8,2.149
3,13.92,1,21,0.811
1,18.86,1,18,1.655
2,15.89,0,7,0.347
0,26.61,1,8,7.555
0,19.06,1,15,4.267
0,20.64,0,20,6.042
2,29.37,0,3,0.916
3,20.33,0,18,0.771
4,11.05,1,8,0.01
1,1.52,0,3,0.129
0,9.34,1,22,1.686
3,13.0,1,19,0.846
0,17.87,1,11,4.303
0,27.59,1,1,4.238
2,13.52,0,21,0.572
1,17.48,0,2,1.882
3,6.02,1,21,0.273
2,27.13,0,22,0.61
1,27.98,1,21,2.414
3,6.47,1,11,0.231
2,23.85,1,2,1.142
0,15.52,0,2,3.427
4,10.82,1,9,0.01
2,19.38,0,12,0.863
4,3.9,1,14,0.01
2,8.87,0,2,0.448
4,25.85,1,13,0.025
1,18.49,0,16,1.091
3,9.91,0,3,0.597
1,1.46,0,15,0.122
4,4.09,0,1,0.01
1,23.14,1,6,2.575
4,4.45,1,20,0.01
1,28.82,1,18,2.811
1,19.23,0,2,1.571
3,28.94,0,22,1.274
3,21.65,1,2,1.419
0,4.28,0,14,0.556
4,26.57,0,10,0.049
3,29.01,1,3,1.706
2,4.13,0,22,0.161
1,5.24,0,9,0.485
2,9.03,0,14,0.421
4,12.17,0,18,0.017
0,19.08,0,14,3.538
2,5.43,0,7,0.232
3,16.88,1,1,0.906
1,15.29,0,15,1.163
3,18.36,1,14,0.785
1,12.79,1,17,1.104
3,8.72,1,23,0.661
0,14.88,1,2,4.149
4,12.1,1,18,0.012
0,21.8,1,9,5.958
1,22.31,1,7,1.741
0,19.27,0,12,2.484
0,2.23,1,12,0.334
4,5.41,1,6,0.01
3,29.35,0,4,1.322
4,15.65,0,22,0.017
0,11.27,0,5,1.478
1,26.8,0,2,2.546
3,7.9,0,11,0.505
3,8.65,0,13,0.505
2,7.07,0,10,0.173
1,20.53,1,17,2.105
3,6.1,0,20,0.414
3,15.48,1,21,0.952
1,27.68,0,23,2.527
3,4.21,1,8,0.217
1,21.08,1,9,2.008
4,26.3,1,22,0.052
2,18.62,0,0,0.369
4,7.1,1,21,0.016
0,10.74,0,18,1.574
1,25.57,0,18,2.906
2,27.54,0,1,1.016
4,28.27,1,4,0.023
2,7.16,1,12,0.171
2,27.29,0,4,1.149
1,4.96,0,2,0.354
2,4.03,1,1,0.131
1,20.55,0,14,1.278
4,6.77,0,4,0.013
3,23.71,1,6,1.22
1,11.98,0,14,0.933
2,29.2,0,9,0.824
0,17.14,0,4,2.059
3,2.93,1,7,0.161
3,10.46,0,22,0.414
1,9.57,1,8,0.902
4,17.45,1,1,0.033
4,12.24,0,2,0.019
3,9.35,1,21,0.363
3,28.07,0,8,2.122
2,26.0,1,17,0.799
4,12.02,0,21,0.021
0,20.95,1,7,4.123
1,20.61,1,3,2.307
2,21.54,0,8,0.55
3,4.92,1,5,0.174
2,3.66,1,16,0.154
3,20.13,1,9,1.139
2,3.83,1,9,0.139
3,19.16,1,17,0.792
0,29.8,1,4,5.043
2,29.0,1,10,1.51
3,18.56,1,6,0.948
1,26.71,1,7,2.513
0,28.35,0,18,6.501
2,12.98,1,20,0.738
3,7.75,0,16,0.332
2,5.33,1,9,0.288
2,17.54,1,15,0.399
4,19.42,0,13,0.02
3,6.71,0,11,0.408
4,23.5,0,15,0.042
1,13.4,1,21,1.638
3,19.51,0,23,1.219
4,7.09,1,10,0.014
3,13.07,0,16,0.702
2,18.51,0,21,0.468
1,19.57,1,3,1.62
1,24.82,0,10,2.108
4,28.29,0,16,0.028
1,26.65,0,17,2.887
4,7.26,1,5,0.01
0,16.36,1,14,3.081
4,9.48,0,18,0.018
4,22.2,0,18,0.041
3,19.79,1,0,1.638
2,21.32,0,5,0.54
3,13.05,1,1,0.874
1,5.33,0,16,0.4
2,28.95,0,9,1.206
2,10.37,0,4,0.345
0,2.61,0,17,0.351
2,8.95,1,8,0.433
4,24.18,0,0,0.011
4,19.0,1,15,0.032
4,26.28,1,9,0.057
0,18.16,0,18,2.755
4,21.95,1,17,0.032
0,1.32,0,5,0.184
0,9.63,1,16,1.381
2,3.97,1,0,0.114
3,28.09,1,21,1.167
1,5.62,1,6,0.472
1,25.94,0,4,1.638
2,16.81,0,14,0.632
4,29.68,1,0,0.045
0,11.49,1,15,1.794
2,8.04,1,22,0.317
0,5.77,0,15,0.953
1,3.46,0,0,0.223
3,20.96,0,7,0.906
2,1.11,0,19,0.027
1,1.18,1,10,0.15
1,3.59,0,13,0.353
3,21.08,1,6,0.836
0,24.37,1,8,5.45
4,8.97,0,9,0.016
4,18.21,1,20,0.038
4,19.28,1,21,0.042
0,5.73,1,2,1.408
4,3.26,1,21,0.01
2,16.73,1,14,0.706
1,0.53,0,2,0.055
4,16.85,0,8,0.032
0,15.04,1,8,2.994
3,12.89,1,7,0.682
0,14.09,0,14,3.028
4,19.93,1,12,0.032
2,19.44,0,11,0.466
3,24.23,0,14,1.093
0,24.43,1,19,4.381
0,25.34,1,19,4.258
4,6.76,1,12,0.012
0,25.35,1,3,5.412
3,27.26,1,12,0.915
3,15.74,1,14,0.679
2,9.3,0,17,0.216
3,18.29,1,20,1.022
3,28.84,0,6,1.112
1,17.34,1,22,1.427
1,12.17,1,2,1.31
3,20.73,1,15,0.82
3,26.82,1,8,1.462
1,11.27,0,12,0.918
1,27.44,0,6,1.8
1,28.77,1,9,3.069
3,2.81,0,8,0.172
1,3.45,0,12,0.275
4,15.34,0,15,0.01
3,22.25,1,2,1.034
1,16.76,1,5,1.752
4,21.62,0,21,0.02
2,6.58,1,16,0.269
1,9.71,1,12,1.04
2,4.83,0,17,0.232
4,26.5,1,11,0.047
2,22.89,1,8,0.929
3,12.5,1,9,0.651
2,26.93,0,4,1.146
2,22.22,1,7,0.992
3,8.59,1,15,0.638
4,4.83,1,13,0.01
1,16.17,0,8,1.208
2,7.9,0,22,0.326
1,18.54,0,13,2.001
4,1.26,1,5,0.01
1,20.41,1,15,1.634
1,8.06,1,18,0.984
4,11.75,1,16,0.011
4,12.64,1,5,0.01
3,11.18,0,14,0.397
1,2.15,1,22,0.185
4,9.47,0,23,0.01
4,21.49,0,3,0.016
4,23.42,0,0,0.029
2,9.01,0,6,0.441
3,18.85,0,17,0.819
4,29.5,0,11,0.058
0,17.91,1,17,4.991
3,17.86,1,13,0.621
4,9.11,0,17,0.01
0,16.31,0,23,2.942
4,7.83,0,23,0.012
1,26.62,1,8,3.002
3,7.81,0,10,0.267
3,26.07,1,7,1.781
3,19.91,1,9,1.199
1,29.23,0,7,1.779
1,12.67,1,5,0.981
3,27.43,1,1,1.631
1,2.27,0,8,0.209
2,7.29,1,16,0.369
1,24.3,0,20,1.71
3,21.52,0,10,1.477
1,19.65,0,7,1.306
2,3.91,0,1,0.166
4,16.76,1,23,0.03
2,4.04,1,4,0.21
0,25.15,1,4,5.777
1,6.17,1,3,0.421
1,18.91,0,18,2.221
4,14.43,0,23,0.018
0,15.34,1,21,2.839
4,10.44,1,5,0.01
3,6.99,0,16,0.316
1,18.69,0,5,1.66
2,28.99,1,7,0.784
2,14.52,1,0,0.571
4,3.22,0,19,0.01
2,22.06,0,21,0.794
3,22.05,1,11,1.754
4,28.62,0,0,0.052
0,14.79,0,20,4.161
3,3.47,0,9,0.203
3,6.08,1,1,0.412
3,4.32,1,5,0.26
3,1.95,1,0,0.143
3,20.0,0,4,1.1
3,16.77,0,20,0.949
2,3.97,1,10,0.174
4,2.71,1,7,0.01
1,16.47,1,8,1.781
0,17.08,0,15,2.323
1,9.22,1,5,0.886
0,16.91,1,7,2.647
1,6.44,0,10,0.738
4,21.6,0,6,0.041
4,19.36,1,11,0.046
4,15.92,1,19,0.029
1,17.01,1,15,1.275
3,3.02,0,2,0.126
1,25.66,0,6,2.291
3,18.66,1,3,0.706
1,25.32,1,3,1.953
2,10.89,0,2,0.475
4,18.61,0,6,0.01
3,7.56,0,11,0.418
2,26.48,1,10,0.604
1,22.88,1,1,1.88
3,4.96,0,10,0.199
2,6.61,0,20,0.332
2,13.41,1,13,0.752
1,19.83,1,1,1.489
1,18.54,0,17,2.084
0,7.45,0,7,1.333
2,4.21,1,8,0.166
4,28.16,1,10,0.04
2,23.24,1,15,0.555
3,5.96,0,17,0.31
0,3.41,1,3,0.763
3,25.52,0,23,1.489
1,25.0,1,19,2.917
0,7.87,1,23,1.299
0,24.41,1,19,4.19
0,8.86,0,13,1.678
3,25.6,0,11,1.775
2,22.62,1,9,0.52
1,1.3,0,21,0.161
1,7.99,0,5,0.796
3,11.67,0,15,0.446
2,13.73,1,6,0.535
4,19.1,1,23,0.039
2,0.91,0,6,0.046
0,22.56,0,7,4.452
0,10.88,1,3,1.762
1,19.86,1,23,1.496
1,10.38,0,16,0.817
0,14.09,0,2,2.647
0,22.6,0,10,4.07
0,8.0,0,12,1.688
1,16.47,1,9,1.536
4,11.72,0,7,0.01
1,26.39,1,19,2.411
4,10.56,0,9,0.014
4,10.9,0,22,0.017
3,12.1,0,2,0.702
0,23.12,0,14,5.152
2,22.32,1,7,0.883
3,4.07,1,0,0.234
4,29.76,0,18,0.042
0,9.36,1,6,2.293
2,17.33,1,21,0.795
2,22.62,1,3,1.12
0,15.83,1,9,3.585
3,29.48,0,23,1.025
3,2.31,1,3,0.151
3,23.09,0,1,0.964
4,0.89,1,19,0.01
1,0.55,0,22,0.047
3,28.39,0,20,1.11
2,16.77,1,15,0.823
3,14.43,0,22,0.982
0,14.59,1,6,3.892
4,5.78,0,7,0.01
1,15.26,0,6,1.561
0,17.67,1,20,5.071
0,2.72,0,2,0.657
0,1.26,0,3,0.198
1,21.74,1,19,2.764
3,14.94,0,20,0.449
1,2.58,1,15,0.268
3,20.79,1,11,1.092
2,23.79,1,15,0.605
3,21.32,1,16,0.991
2,0.67,0,5,0.015
1,21.9,1,14,1.925
1,9.9,0,8,0.677
2,14.7,0,12,0.717
2,8.15,0,13,0.323
2,24.32,1,0,0.607
2,2.57,0,21,0.123
3,3.36,1,0,0.196
3,2.23,0,13,0.104
3,16.44,1,4,1.089
0,9.36,1,0,2.379
3,19.42,0,1,1.064
0,29.8,0,5,4.901
4,13.37,0,12,0.02
2,7.81,0,5,0.292
2,26.13,1,3,1.321
2,16.5,1,18,0.486
0,7.53,1,1,2.052
0,9.0,0,8,2.279
3,23.93,0,20,1.398
4,22.24,0,8,0.037
1,10.27,0,20,1.249
0,16.97,0,14,2.362
3,6.44,1,14,0.376
0,4.01,0,15,0.861
4,28.08,0,23,0.037
3,8.85,0,16,0.408
4,17.17,0,12,0.027
2,28.28,0,22,1.274
4,15.14,0,19,0.025
4,4.62,1,6,0.01
2,14.59,0,22,0.596
0,15.36,0,0,3.023
2,24.15,1,5,0.852
3,22.59,1,0,0.788
4,4.19,0,21,0.01
3,8.86,0,20,0.317
4,14.53,1,10,0.011
1,28.17,1,3,2.134
0,12.39,0,8,3.085
3,5.95,0,1,0.313
3,3.05,0,9,0.114
4,14.82,0,21,0.015
4,2.94,0,17,0.01
4,20.93,1,18,0.019
3,26.49,1,16,1.787
4,21.52,0,0,0.04
3,24.26,0,9,1.217
3,23.8,1,6,1.924
2,7.91,0,16,0.226
0,8.46,0,22,1.634
4,11.97,1,23,0.019
3,29.75,0,21,1.675
4,4.34,0,12,0.01
4,14.82,0,21,0.011
1,7.43,0,22,0.668
1,21.85,0,12,1.656
2,17.24,1,2,0.696
1,17.95,1,22,1.415
3,20.11,1,3,1.166
3,10.95,0,7,0.369
3,8.87,0,12,0.523
0,24.63,1,11,6.656
1,26.04,1,18,2.34
3,17.77,1,4,1.179
3,4.7,0,15,0.208
3,6.54,0,23,0.297
1,11.19,0,10,1.1
1,9.11,1,23,0.975
4,25.63,0,13,0.04
0,25.96,1,8,8.38
2,7.41,1,20,0.234
2,10.01,0,20,0.434
1,11.49,1,0,1.026
3,26.44,0,19,1.988
2,18.91,1,14,0.643
0,1.58,0,20,0.45
3,1.9,0,7,0.06
1,21.0,1,8,2.573
0,27.2,0,2,5.588
1,24.58,1,1,2.416
1,19.36,0,21,1.436
3,24.05,1,19,1.504
0,11.25,1,2,2.039
2,27.78,0,1,1.001
2,11.6,1,0,0.262
0,15.24,1,7,2.13
1,12.24,1,13,1.263
2,15.71,1,16,0.646
0,1.82,0,8,0.43
4,15.11,0,8,0.01
3,23.51,0,12,0.766
4,3.51,0,20,0.01
2,29.95,0,10,0.923
3,24.16,0,1,1.056
2,19.21,1,4,0.605
3,8.5,1,12,0.604
3,14.19,1,20,1.008
1,13.97,1,15,1.375
1,18.94,1,18,2.172
4,14.31,0,20,0.015
1,23.63,1,7,2.711
2,0.86,1,22,0.045
3,1.57,0,20,0.057
4,11.96,1,1,0.025
0,1.76,0,16,0.226
3,28.35,0,11,1.501
4,6.84,0,20,0.013
3,3.05,1,0,0.132
3,9.91,1,1,0.731
2,13.17,0,23,0.526
4,29.45,0,15,0.026
0,22.84,1,8,6.824
2,20.4,0,1,0.427
0,25.85,0,20,5.547
0,18.03,1,9,5.164
1,20.82,0,13,1.798
0,12.7,0,9,2.442
2,7.25,0,3,0.234
0,25.59,1,16,6.687
2,16.56,1,1,0.858
4,11.97,1,13,0.014
0,7.44,0,21,1.987
4,12.85,0,5,0.025
3,21.23,0,9,1.091
3,23.02,1,9,1.692
3,17.26,0,5,1.016
4,9.5,1,5,0.017
3,14.43,0,19,0.705
1,5.98,1,9,0.532
3,14.1,0,2,0.643
0,24.15,1,12,6.311
0,18.85,1,15,4.053
4,1.4,0,8,0.01
0,16.14,0,16,2.984
0,1.75,0,3,0.266
1,19.62,0,17,2.199
4,7.47,1,17,0.01
0,12.9,1,15,3.338
1,20.72,1,17,2.137
2,15.82,1,16,0.813
3,2.91,1,23,0.222
2,12.64,1,20,0.398
1,18.27,1,21,2.269
4,11.83,1,4,0.019
4,6.07,0,9,0.01
1,5.73,1,17,0.48
2,13.48,1,0,0.479
2,11.78,1,0,0.706
0,8.63,1,5,1.483
3,5.08,1,20,0.334
0,9.28,1,3,2.101
3,23.05,1,9,1.08
4,18.45,0,6,0.021
2,8.5,1,10,0.47
3,9.99,0,2,0.673
3,24.72,0,5,1.313
1,2.85,0,1,0.212
0,6.02,1,14,1.385
3,14.17,0,9,0.801
2,13.63,0,19,0.575
4,2.61,1,9,0.01
1,16.81,1,16,1.42
4,17.67,0,22,0.03
1,23.89,0,14,1.817
0,25.62,0,13,3.362
3,9.39,0,11,0.452
0,19.09,0,1,4.036
2,1.07,0,6,0.049
2,4.05,0,7,0.087
2,26.12,0,6,0.599
0,23.65,1,18,7.456
0,25.55,1,0,3.643
0,18.54,0,17,4.407
0,20.2,0,20,5.365
0,9.86,0,17,2.715
1,29.48,1,19,3.371
3,11.84,0,14,0.596
3,8.54,0,15,0.479
4,16.04,0,15,0.028
2,6.67,1,17,0.337
0,5.65,0,9,1.245
1,14.89,0,10,1.427
4,2.76,1,14,0.01
0,21.36,1,3,5.375
3,24.73,0,18,1.256
1,11.97,1,18,1.152
3,4.0,0,4,0.259
2,21.71,0,17,0.642
1,12.09,1,13,1.385
2,4.42,0,15,0.096
0,13.73,0,5,2.581
3,18.5,1,18,1.198
3,10.69,0,21,0.495
2,21.47,1,12,1.06
2,17.16,0,18,0.685
0,25.59,1,13,6.287
2,26.65,0,9,0.976
1,29.61,1,19,2.71
1,21.89,1,2,2.04
0,18.75,1,11,4.646
0,2.38,1,22,0.429
4,18.3,0,20,0.026
2,9.91,1,11,0.444
3,14.51,1,1,1.208
4,4.48,1,19,0.01
1,28.61,0,2,2.214
1,20.72,1,7,1.445
2,27.97,1,1,1.188
0,12.09,1,22,1.948
2,4.78,1,0,0.229
4,13.86,0,16,0.017
0,8.29,1,18,1.98
3,13.73,1,18,0.94
3,6.21,0,8,0.272
0,26.21,0,23,3.584
1,20.09,1,23,2.043
2,27.6,0,16,1.119
2,8.03,0,7,0.333
2,26.71,0,7,1.362
1,14.94,1,12,1.424
2,26.03,0,7,0.823
2,22.83,0,5,0.956
0,12.09,0,21,2.967
0,20.54,0,5,2.776
2,29.48,0,9,1.414
3,18.67,1,2,0.998
1,4.14,0,11,0.327
3,0.94,0,9,0.068
0,9.16,1,20,3.003
4,17.21,1,11,0.036
4,16.32,1,21,0.012
2,16.96,1,21,0.83
1,5.04,0,16,0.314
1,16.13,0,12,1.113
0,17.18,0,1,2.915
0,20.94,0,22,3.318
0,7.17,1,20,2.001
4,21.3,1,16,0.016
4,22.76,1,0,0.035
4,9.52,1,11,0.01
4,14.66,1,11,0.019
2,15.22,1,16,0.694
4,10.78,1,10,0.01
1,19.22,0,10,2.343
0,21.71,0,23,3.125
3,10.12,1,9,0.34
1,16.6,1,4,1.675
3,2.31,0,3,0.126
0,12.53,1,14,3.536
0,24.93,1,9,5.052
4,11.19,1,14,0.025
2,15.31,0,12,0.603
1,26.15,1,16,2.523
2,29.13,0,12,1.527
0,10.83,0,11,2.485
0,16.55,1,12,2.727
3,6.04,1,11,0.374
3,27.44,1,14,1.247
0,7.83,0,19,2.252
0,5.78,1,11,1.297
3,24.29,0,19,1.053
1,3.99,0,14,0.311
3,11.33,0,1,0.432
0,28.41,0,16,4.105
2,26.85,1,10,0.603
2,22.44,1,18,0.745
3,23.0,0,15,1.637
1,9.52,1,2,0.765
1,12.31,1,9,1.445
0,5.59,0,16,1.15
4,2.7,0,17,0.01
2,18.13,1,5,0.927
4,9.63,0,2,0.01
0,18.95,0,19,4.901
2,2.07,1,12,0.071
3,12.5,0,13,0.433
1,19.51,1,20,2.428
2,4.87,1,23,0.187
3,18.28,1,8,0.934
2,15.82,0,11,0.826
3,2.84,0,6,0.167
0,22.92,1,1,5.897
2,17.88,1,8,0.915
1,20.7,1,12,1.818
3,6.0,1,11,0.367
4,19.94,0,1,0.037
4,16.05,0,0,0.031
0,12.34,1,19,3.223
1,2.78,0,14,0.301
1,28.71,1,20,3.061
2,26.44,1,21,1.215
2,29.42,1,22,0.752
3,26.75,1,6,1.259
1,10.54,1,19,0.988
3,12.63,0,13,0.801
0,8.77,1,11,2.78
2,27.24,1,8,1.291
4,13.82,1,1,0.01
4,5.24,1,13,0.012
3,26.23,0,23,1.676
0,7.57,1,23,1.332
2,18.12,1,3,0.714
3,7.89,0,17,0.339
3,7.32,0,0,0.349
2,12.08,0,0,0.418
1,20.86,0,22,1.36
0,13.3,1,6,3.835
4,5.59,0,4,0.01
1,27.02,1,16,2.91
3,24.48,0,23,0.883
4,11.18,1,16,0.01
0,17.43,1,6,4.978
4,24.54,0,3,0.017
2,1.8,0,8,0.067
4,6.73,0,18,0.01
3,21.48,1,16,1.038
2,27.81,0,3,0.631
1,28.0,1,2,2.622
4,24.46,0,15,0.044
3,21.44,1,18,1.253
1,3.39,1,10,0.287
1,24.63,1,7,2.297
3,29.23,1,21,1.489
1,17.94,1,16,1.634
3,22.45,0,7,0.839
3,19.76,0,23,0.858
2,5.79,0,0,0.288
4,8.87,0,0,0.01
3,6.45,1,7,0.256
1,9.21,0,21,0.86
3,11.43,1,18,0.472
2,25.54,1,23,0.679
1,11.36,0,13,0.947
2,12.73,1,14,0.316
2,15.36,0,7,0.664
3,17.48,0,10,0.895
0,6.02,1,20,1.395
4,5.55,1,0,0.01
2,20.48,1,21,0.945
0,18.59,1,13,3.807
2,7.96,0,8,0.219
4,23.04,0,18,0.023
2,2.68,0,3,0.103
2,15.17,0,0,0.335
4,2.8,0,12,0.01
3,27.87,0,1,1.447
3,9.2,0,1,0.427
3,16.09,1,0,1.034
0,5.8,0,16,1.389
0,24.85,1,4,4.268
1,14.85,1,6,1.376
3,28.91,0,15,0.999
1,8.58,1,20,0.715
3,1.86,1,11,0.128
1,6.13,0,10,0.667
2,2.03,1,12,0.106
0,12.03,1,13,2.725
3,8.13,1,14,0.443
4,6.91,1,3,0.01
2,5.56,1,7,0.212
0,20.07,0,23,5.445
4,15.52,0,10,0.02
0,21.94,1,1,3.028
3,27.9,0,12,1.254
1,2.38,1,11,0.294
2,16.07,1,13,0.767
1,11.56,1,0,1.252
1,13.67,0,22,1.224
0,29.49,0,6,6.1
4,21.74,0,1,0.039
3,5.95,0,18,0.26
1,10.97,0,3,1.006
4,2.3,0,5,0.01
4,9.14,0,6,0.015
0,23.93,1,20,4.624
0,27.43,1,8,4.188
0,15.37,1,8,4.432
3,10.21,1,0,0.583
3,6.44,0,3,0.367
2,27.11,0,23,1.374
1,24.17,1,9,2.032
1,28.0,0,18,2.326
1,3.84,0,1,0.328
3,4.93,1,21,0.202
1,17.92,0,22,1.197
1,10.52,1,13,1.267
2,4.63,0,23,0.204
1,18.19,1,6,1.703
0,7.71,0,21,1.401
4,10.65,0,10,0.015
1,14.87,0,10,1.561
3,16.0,1,14,0.704
2,1.9,0,2,0.086
1,17.86,1,1,1.485
3,16.65,1,15,1.246
2,13.57,0,8,0.496
3,5.25,0,22,0.254
1,10.63,0,8,0.784
3,2.72,1,8,0.191
4,17.86,0,20,0.022
0,18.5,0,20,4.85
0,10.09,1,23,2.48
4,21.61,0,19,0.044
3,22.8,1,19,0.804
1,19.99,1,10,1.871
0,27.99,1,4,7.879
2,7.6,0,7,0.22
3,5.42,1,9,0.225
4,5.71,1,22,0.01
1,2.5,1,0,0.225
4,17.46,0,8,0.019
1,29.67,0,13,2.272
3,10.43,1,18,0.76
1,21.44,0,15,1.655
3,12.78,0,6,0.778
1,2.46,1,17,0.279
4,16.89,0,4,0.031
4,17.39,1,18,0.014
0,26.43,1,20,7.416
3,11.33,1,11,0.513
2,22.39,1,18,1.064
0,5.78,0,14,1.133
3,23.91,0,4,0.897
1,3.26,0,20,0.228
4,16.91,0,20,0.019
0,18.11,1,22,3.007
4,18.07,1,18,0.015
1,20.91,0,14,1.851
3,11.54,1,18,0.768
1,27.53,0,23,1.943
4,4.31,0,12,0.01
0,18.86,0,9,4.139
1,6.5,0,2,0.467
4,20.15,0,10,0.017
0,26.19,1,18,6.244
1,23.2,0,20,2.064
1,16.63,1,8,1.849
4,18.92,1,23,0.041
0,27.55,1,19,5.436
4,27.81,1,20,0.023
1,20.19,1,20,2.014
2,21.42,1,7,0.817
1,8.94,0,17,0.655
3,13.03,0,20,0.434
0,26.78,1,21,4.338
1,8.43,1,7,0.647
1,8.07,1,1,0.655
4,6.66,1,9,0.012
1,9.94,1,13,1.1
3,15.77,1,4,0.862
4,18.53,1,13,0.028
1,15.58,1,1,1.778
2,21.23,1,14,0.845
2,1.12,1,16,0.051
2,10.96,0,11,0.318
4,22.81,1,8,0.038
1,24.05,1,9,2.399
1,12.84,1,19,1.427
2,26.11,0,15,0.848
2,13.38,0,0,0.422
1,22.08,0,6,1.841
1,14.32,0,23,1.031
3,20.77,1,2,1.517
2,6.25,0,0,0.211
1,24.15,0,18,2.523
2,5.58,0,9,0.193
2,13.12,0,15,0.49
4,20.5,0,23,0.023
0,22.22,1,0,3.913
1,20.96,0,15,1.738
1,25.19,1,6,2.073
4,11.61,1,8,0.025
4,0.83,0,12,0.01
1,3.03,0,9,0.229
4,0.98,0,8,0.01
2,22.79,1,21,0.728
4,27.31,0,5,0.037
2,26.76,1,18,0.767
2,12.14,1,23,0.479
4,26.12,0,19,0.039
1,22.38,0,13,1.766
1,11.8,0,19,1.186
4,19.0,0,11,0.014
1,20.02,1,7,1.836
2,23.61,1,16,0.976
1,9.22,0,1,0.886
3,21.15,1,2,0.776
3,3.32,1,18,0.131
0,11.96,1,2,2.149
2,19.87,1,3,0.959
0,13.98,1,12,1.777
0,9.67,1,5,2.277
4,3.69,0,7,0.01
2,9.44,1,20,0.252
2,29.43,0,8,0.654
3,24.77,1,4,1.499
1,6.86,0,22,0.475
0,21.71,1,2,3.931
3,17.84,0,10,0.714
2,19.93,0,13,0.713
3,3.97,1,12,0.317
0,20.34,0,23,2.729
4,10.06,1,15,0.01
3,13.53,1,3,0.642
1,11.54,1,13,0.973
0,22.92,0,14,5.069
1,9.77,0,8,0.728
4,11.39,1,2,0.011
1,4.48,1,22,0.446
1,15.76,1,7,1.736
2,24.79,0,23,1.266
0,8.67,0,14,2.29
3,11.62,0,3,0.601
0,20.91,0,15,4.704
4,12.57,1,23,0.022
0,26.16,0,7,5.943
1,5.42,1,15,0.561
2,15.82,1,8,0.62
0,7.69,1,1,1.449
0,13.35,0,4,2.618
2,21.3,1,1,0.514
3,7.29,0,9,0.269
3,13.1,1,6,1.006
0,1.78,0,21,0.252
1,27.17,1,1,2.304
3,12.86,0,10,0.455
1,25.16,0,10,2.781
0,15.96,0,0,3.652
0,15.29,1,1,3.482
2,9.95,1,22,0.346
1,11.35,0,13,0.769
3,6.01,1,1,0.447
1,14.62,1,21,1.222
1,7.02,1,16,0.817
1,22.12,1,5,1.6
1,1.83,0,18,0.198
0,9.51,1,4,2.315
0,16.18,1,18,3.039
2,4.92,1,6,0.161
0,18.37,0,12,3.087
0,26.12,0,5,4.922
1,17.88,1,6,1.719
3,11.45,1,11,0.504
3,17.31,0,14,0.916
1,5.83,0,14,0.419
2,24.76,0,6,0.746
4,19.56,0,18,0.026
0,9.16,1,8,2.487
0,29.64,0,22,3.738
1,13.01,0,18,1.404
2,11.81,0,0,0.233
1,11.53,1,0,1.271
0,7.36,1,4,1.369
1,26.79,1,5,2.904
4,19.81,0,15,0.039
4,22.29,0,11,0.045
0,13.32,1,13,2.509
2,21.13,1,16,0.45
0,22.96,0,3,5.577
0,10.54,0,14,1.562
2,15.04,0,13,0.383
0,4.32,1,17,1.271
3,7.36,0,8,0.465
0,24.18,1,20,5.254
3,11.57,0,11,0.552
2,10.34,1,2,0.597
3,14.72,1,14,0.843
3,13.83,0,21,0.427
0,18.37,1,6,3.356
4,20.94,0,12,0.011
3,16.71,0,18,0.656
1,9.52,1,17,0.802
2,14.48,1,6,0.469
0,9.7,1,10,2.579
2,24.43,1,18,0.943
4,9.29,0,8,0.01
2,5.41,0,6,0.207
2,2.06,0,15,0.067
1,15.38,1,4,1.726
1,16.18,1,12,1.189
1,25.73,0,20,1.856
0,18.78,1,14,3.663
4,27.92,0,16,0.048
2,9.21,0,1,0.398
1,10.02,0,7,0.763
3,0.67,1,5,0.051
0,27.44,1,6,5.389
0,15.49,1,4,2.147
2,7.18,1,21,0.329
1,27.08,0,11,2.295
4,16.19,0,12,0.022
2,23.11,1,11,0.608
4,20.11,1,15,0.016
2,16.81,1,15,0.371
0,7.12,0,14,1.212
4,2.74,0,10,0.01
0,10.88,1,10,2.854
1,26.36,0,9,3.2
0,22.32,0,10,3.386
3,6.44,1,5,0.527
4,28.25,0,14,0.015
2,29.56,1,7,1.375
3,19.06,1,21,0.833
2,0.57,1,0,0.019
3,27.93,0,16,1.049
3,17.73,0,4,1.271
0,12.49,0,7,1.815
3,2.0,0,18,0.064
3,29.0,0,10,1.301
1,22.62,0,9,2.597
0,13.85,1,4,2.191
2,8.23,1,3,0.363
3,23.43,1,17,0.913
1,25.03,1,6,2.202
4,22.78,1,5,0.018
4,29.7,1,22,0.018
4,2.51,0,23,0.01
2,21.71,1,11,1.033
4,28.94,1,12,0.044
2,19.59,0,19,0.702
3,11.41,1,17,0.774
0,21.46,1,16,2.982
4,1.53,1,7,0.01
1,18.3,1,11,1.822
3,14.52,1,3,1.033
3,0.73,0,5,0.05
3,28.61,1,13,1.27
2,9.39,1,21,0.405
2,20.09,0,14,0.553
1,1.9,0,2,0.172
3,25.91,1,13,1.049
0,9.01,0,6,2.067
1,14.62,0,16,1.081
2,5.05,0,22,0.252
4,28.24,1,17,0.024
2,13.66,1,19,0.412
3,18.19,0,13,0.833
1,11.51,0,16,0.823
1,19.75,0,13,1.846
3,10.65,1,21,0.464
0,6.79,1,3,1.47
2,5.66,1,8,0.286
2,10.6,1,3,0.434
3,11.56,0,20,0.475
1,29.94,0,16,2.823
3,7.81,0,7,0.523
2,26.33,0,4,0.881
2,21.51,0,3,0.602
2,21.93,0,14,0.571
0,2.95,0,8,0.59
0,27.21,1,3,5.376
1,8.72,0,6,0.722
0,19.04,0,0,4.799
4,0.6,0,14,0.01
3,15.51,1,22,0.661
4,16.44,0,13,0.027
4,13.66,0,16,0.01
4,25.89,0,16,0.043
3,8.79,1,13,0.527
4,0.92,0,14,0.01
1,2.35,0,14,0.221
2,25.02,1,22,0.911
1,9.15,1,18,1.051
0,17.77,0,13,3.368
1,19.35,1,14,1.804
1,27.26,0,3,2.593
4,12.46,1,5,0.025
3,20.28,1,6,1.337
2,19.23,0,7,0.678
1,9.24,0,22,0.636
3,19.99,0,5,0.812
4,21.67,1,5,0.016
0,2.95,1,18,0.558
1,15.14,1,17,1.257
1,28.55,1,23,3.144
3,10.19,0,18,0.498
4,10.03,1,2,0.01
4,6.72,1,21,0.01
1,2.72,0,14,0.173
0,23.54,0,12,3.863
2,27.89,1,11,0.851
0,11.13,1,6,1.971
3,25.71,0,8,1.287
2,9.2,0,13,0.248
0,10.29,0,13,1.781
0,28.43,0,15,5.3
0,11.2,0,3,2.263
4,27.09,0,14,0.031
3,5.42,0,3,0.396
1,21.78,1,18,1.831
0,10.25,0,23,1.876
0,16.69,1,10,5.554
2,27.59,0,3,0.824
4,17.64,0,6,0.013
4,6.12,1,8,0.01
4,5.38,1,6,0.01
4,19.06,1,7,0.021
2,1.64,1,18,0.09
0,29.88,1,20,9.537
0,2.27,1,9,0.554
0,3.95,1,15,1.048
3,6.63,0,5,0.247
2,11.7,1,12,0.257
4,5.01,1,6,0.01
4,19.29,0,19,0.026
3,21.07,0,10,0.768
2,9.29,0,20,0.341
4,19.96,1,7,0.032
3,9.99,1,13,0.479
4,19.49,1,17,0.029
4,27.74,0,22,0.048
2,2.4,0,6,0.095
3,16.56,0,5,1.067
1,4.11,1,23,0.314
1,9.43,0,19,0.728
2,9.44,0,3,0.437
3,1.14,0,5,0.072
0,2.69,1,11,0.692
3,21.02,0,12,0.768
4,29.94,0,23,0.042
0,23.86,0,2,4.247
1,1.82,1,8,0.197
4,22.72,0,1,0.019
3,15.5,1,21,0.864
0,29.25,0,23,5.114
4,17.73,1,2,0.021
2,28.91,1,18,1.144
3,26.36,0,7,1.605
0,1.76,0,12,0.309
4,17.78,1,2,0.031
4,7.82,1,14,0.01
4,21.93,1,22,0.048
1,22.35,0,15,2.094
1,29.02,1,0,2.203
3,21.21,0,8,0.833
1,12.35,1,2,1.038
0,0.63,1,23,0.117
3,14.38,1,6,1.157
2,2.2,1,12,0.073
0,7.7,1,12,1.931
2,2.16,0,4,0.1
4,26.83,1,5,0.036
3,13.65,0,17,0.92
4,22.22,1,3,0.027
1,10.88,1,1,1.086
0,13.55,0,4,2.815
3,28.12,0,21,1.435
1,4.58,0,23,0.394
0,28.47,1,12,5.135
1,13.86,1,8,1.653
1,24.56,0,12,1.759
2,10.25,0,16,0.359
2,19.44,1,8,0.882
2,23.16,1,17,0.636
4,25.39,0,13,0.037
0,22.21,1,9,6.0
0,23.17,0,23,4.847
4,26.57,0,17,0.057
1,26.73,1,16,3.132
2,5.36,1,2,0.282
4,23.43,1,3,0.039
4,8.61,1,10,0.01
0,2.86,0,17,0.441
4,3.2,0,18,0.01
3,11.95,1,12,0.644
1,19.91,0,20,1.757
4,29.01,0,17,0.027
4,25.29,0,3,0.015
0,11.59,1,5,1.919
3,6.37,1,21,0.203
3,26.17,0,8,1.118
2,16.35,0,21,0.725
0,28.91,1,2,4.558
2,1.87,0,4,0.089
4,24.38,0,2,0.044
2,2.4,1,11,0.067
4,10.17,1,14,0.018
4,16.24,0,12,0.032
2,24.75,0,0,0.993
3,8.45,1,15,0.506
0,6.35,1,14,1.103
4,21.34,0,19,0.021
1,17.14,1,3,1.601
0,13.4,1,16,2.954
2,1.22,1,11,0.05
0,14.21,0,14,3.663
0,7.96,0,7,1.754
2,19.85,1,10,0.616
4,19.2,0,22,0.039
3,5.93,1,15,0.369
2,23.96,0,18,0.89
3,20.46,0,17,0.974
2,15.97,1,4,0.457
4,8.67,1,18,0.01
4,22.66,0,4,0.032
2,20.3,1,5,0.455
0,29.87,1,12,5.386
0,2.33,0,23,0.397
0,3.57,1,6,0.939
3,23.4,1,9,1.321
2,16.86,1,18,0.674
1,2.24,0,13,0.15
4,28.5,0,23,0.035
1,7.79,0,9,0.739
1,10.52,1,22,1.121
4,27.98,0,3,0.014
3,22.69,1,16,1.608
1,20.31,1,20,1.765
0,25.16,0,7,5.801
2,20.59,0,14,0.601
4,3.76,1,11,0.01
4,18.52,0,22,0.021
4,5.96,0,2,0.01
2,2.16,0,13,0.057
4,23.36,0,14,0.043
2,7.19,0,0,0.189
4,15.48,1,10,0.021
1,10.33,0,9,0.815
1,24.88,0,4,1.6
2,27.21,0,17,1.281
0,4.78,1,2,0.949
0,23.46,1,15,3.139
0,7.27,1,15,1.719
0,28.98,1,7,7.699
0,29.61,0,9,7.956
2,24.68,0,5,0.838
2,28.79,0,22,1.085
2,5.42,1,15,0.277
1,10.04,0,15,0.823
4,29.6,0,15,0.024
0,0.62,1,6,0.121
1,1.49,1,22,0.119
3,29.66,1,11,1.12
3,23.25,1,4,1.332
0,17.28,1,2,3.051
1,8.42,1,6,0.572
4,6.02,0,21,0.01
3,21.35,1,0,1.146
4,29.2,1,3,0.032
1,7.0,1,20,0.595
0,27.7,0,17,8.265
2,21.95,1,12,0.602
0,16.13,0,12,2.664
1,3.38,1,15,0.253
3,7.57,0,8,0.381
3,29.01,0,20,1.114
1,16.7,1,9,1.905
4,16.01,1,22,0.028
3,12.33,1,1,0.398
0,11.17,0,21,2.593
2,15.14,1,4,0.426
0,26.58,1,20,4.389
0,7.35,0,17,1.358
1,25.38,0,15,2.324
3,1.86,0,4,0.07
2,23.93,1,23,0.908
0,4.87,0,16,0.883
1,22.3,0,7,1.379
0,23.2,1,6,3.789
3,8.9,1,9,0.622
2,1.91,0,11,0.065
4,11.13,1,17,0.022
0,4.31,1,11,0.842
1,9.41,1,16,0.711
1,25.62,1,18,2.59
3,22.02,0,19,1.347
0,9.71,0,13,2.237
1,1.19,1,6,0.079
0,6.98,0,19,1.665
0,5.0,0,23,0.695
1,1.98,1,0,0.148
4,21.49,1,10,0.019
1,9.31,1,17,1.169
1,9.41,0,0,0.878
2,6.54,0,15,0.286
1,8.41,0,20,0.809
0,11.5,1,2,2.718
0,22.73,1,16,5.079
4,16.62,1,16,0.023
1,21.62,1,4,2.234
1,17.2,1,2,1.228
1,24.11,1,20,2.648
0,11.67,1,20,2.095
1,2.21,0,4,0.185
4,24.37,1,7,0.039
2,16.22,0,10,0.32
1,8.58,0,10,0.998
4,9.78,0,1,0.02
0,5.29,1,6,1.008
0,17.76,0,16,3.924
4,15.41,1,15,0.011
0,18.91,0,19,3.026
1,29.19,1,19,3.385
1,1.3,1,3,0.113
0,26.42,0,18,7.471
3,1.41,0,17,0.076
2,26.1,1,10,1.218
1,8.94,0,12,0.671
0,21.24,1,21,3.638
3,22.06,1,10,1.641
0,21.43,1,1,5.329
1,6.8,1,17,0.529
0,28.75,0,15,6.759
3,18.0,1,3,0.852
2,9.61,0,9,0.327
2,28.94,1,23,1.303
4,21.2,1,7,0.032
4,2.19,1,19,0.01
2,27.2,0,10,1.151
3,4.69,0,1,0.172
0,16.92,1,5,4.546
3,10.16,1,3,0.381
2,12.22,0,23,0.406
2,22.51,1,2,0.569
2,1.75,0,4,0.061
1,3.91,0,8,0.341
2,17.27,0,8,0.686
1,15.67,0,11,1.34
0,10.4,1,6,2.479
1,4.52,0,15,0.427
1,25.2,1,23,2.474
1,18.18,0,16,1.467
2,22.37,1,11,0.738
4,10.19,0,0,0.011
2,6.07,1,6,0.205
4,28.85,1,9,0.018
4,16.59,1,0,0.011
1,23.37,0,1,1.492
2,27.39,0,14,0.839
4,29.48,0,2,0.017
3,29.42,0,22,1.317
4,20.1,0,9,0.037
4,1.68,1,2,0.01
3,17.32,0,9,0.572
1,14.32,0,12,1.287
1,28.29,1,15,2.842
2,7.25,1,6,0.265
4,21.59,1,18,0.022
4,2.47,1,14,0.01
3,15.11,0,14,0.796
1,23.64,1,19,2.536
3,23.4,1,16,0.802
0,6.55,1,23,1.504
3,25.08,1,18,1.812
3,23.11,1,17,1.029
0,13.43,0,8,2.155
1,28.2,0,15,2.096
3,7.97,1,16,0.608
3,28.58,1,2,1.045
0,11.3,1,3,2.406
3,21.74,0,11,1.196
2,21.45,0,10,0.521
2,29.58,0,18,1.013
1,2.95,1,6,0.274
1,8.23,0,14,0.731
4,26.39,1,2,0.044
0,23.61,1,22,6.192
4,12.27,0,18,0.023
1,11.24,0,22,1.013
1,22.09,1,20,2.305
3,24.61,0,17,1.107
3,27.34,0,7,1.598
2,3.41,1,9,0.199
2,25.8,0,15,0.921
2,4.78,0,23,0.2
3,3.25,0,2,0.208
1,23.91,1,13,1.952
4,25.56,0,1,0.038
1,3.74,1,15,0.383
3,13.3,0,16,0.839
1,6.1,1,0,0.609
3,2.82,0,12,0.169
4,29.76,1,14,0.066
3,9.23,0,20,0.32
3,14.07,0,21,0.85
2,2.66,1,13,0.098
3,25.09,1,4,1.094
3,2.01,0,9,0.126
1,25.56,0,9,1.999
4,19.13,1,12,0.018
3,10.66,1,11,0.577
2,11.5,1,6,0.673
3,11.09,0,11,0.615
0,0.73,0,5,0.114
0,29.05,1,9,7.546
3,22.82,0,3,1.241
2,1.45,1,0,0.033
0,15.71,0,8,2.829
1,9.06,1,9,0.764
3,20.37,1,13,1.166
3,25.16,0,0,0.873
2,13.78,0,8,0.417
4,22.97,1,12,0.035
2,10.41,1,18,0.386
3,25.53,0,12,1.889
3,12.84,1,19,0.43
1,22.85,1,4,2.255
2,25.14,0,11,1.268
2,10.6,1,13,0.509
4,3.04,0,13,0.01
2,5.66,0,16,0.185
4,11.56,1,18,0.021
1,9.32,1,18,0.829
3,6.24,0,1,0.386
4,19.08,0,13,0.011
3,28.38,1,7,1.447
4,4.91,1,9,0.01
1,4.87,0,7,0.393
2,3.94,0,0,0.187
3,13.42,1,7,0.565
4,11.7,0,6,0.01
2,21.36,1,13,1.135
0,3.75,0,15,0.533
0,18.55,1,9,2.972
3,4.82,0,11,0.321
3,3.12,1,1,0.107
4,27.48,0,14,0.049
3,12.96,0,17,0.835
4,17.64,1,13,0.034
3,5.84,0,11,0.295
0,4.44,0,14,0.749
2,5.25,1,2,0.206
0,1.76,0,8,0.371
0,2.82,0,3,0.524
2,16.05,0,2,0.488
0,3.96,1,23,1.074
4,0.55,0,14,0.01
3,24.43,1,19,1.875
3,29.47,1,2,2.315
2,26.36,1,4,1.582
0,23.11,1,13,3.949
4,16.2,0,7,0.03
3,28.4,1,4,1.6
3,21.27,0,4,1.015
4,5.25,1,5,0.01
3,18.12,1,5,1.194
0,20.3,0,3,4.814
0,27.7,1,2,4.758
1,29.48,1,20,2.796
2,3.32,1,4,0.185
3,1.55,1,8,0.062
0,7.6,0,13,1.244
2,28.74,0,1,1.429
0,17.71,0,8,5.236
2,25.92,1,13,0.902
1,16.86,0,4,1.278
3,15.89,0,8,0.772
3,8.26,1,7,0.334
1,8.79,0,1,0.825
0,26.26,1,9,7.788
4,15.51,1,18,0.02
4,14.13,0,10,0.017
0,17.6,0,16,3.093
0,27.33,0,17,4.439
4,21.53,1,12,0.015
0,27.57,1,6,6.449
2,13.9,1,16,0.578
1,6.43,0,7,0.618
1,21.39,1,6,2.081
1,2.66,0,21,0.238
0,3.7,0,16,0.658
4,27.21,1,19,0.054
3,16.92,0,23,1.24
3,28.75,0,2,0.989
3,17.75,1,3,1.29
3,17.38,1,11,0.933
4,24.05,1,4,0.015
0,18.8,1,14,5.332
2,18.23,1,2,0.628
4,27.57,1,18,0.056
0,4.85,1,12,0.746
4,20.0,1,8,0.032
4,25.95,0,6,0.046
0,7.84,0,14,1.656
2,25.66,0,19,0.832
0,15.3,0,3,2.698
1,23.87,0,20,2.432
1,2.44,0,0,0.185
2,8.96,0,17,0.358
2,6.84,1,4,0.269
3,13.72,1,1,0.509
1,1.54,0,20,0.154
3,22.11,1,3,1.289
1,13.93,0,14,1.014
3,15.92,1,10,0.613
4,9.82,1,10,0.01
4,2.91,1,8,0.01
1,24.17,1,17,2.904
2,28.94,0,8,0.645
3,8.61,0,4,0.35
2,10.81,1,8,0.367
2,4.57,0,5,0.125
1,27.61,0,16,2.279
2,17.75,0,21,0.819
1,8.94,1,17,0.865
3,28.96,1,3,2.228
3,12.62,1,8,0.797
2,21.7,0,23,0.655
0,27.43,0,11,4.508
1,13.27,1,0,1.225
1,11.88,1,8,1.263
1,27.31,0,12,1.906
1,17.56,0,17,1.414
0,27.79,1,2,7.329
2,17.32,0,17,0.458
1,1.83,0,3,0.109
1,26.15,0,4,2.393
0,16.98,0,23,3.555
0,6.53,1,15,1.626
4,13.97,1,22,0.027
3,27.77,0,4,0.901
1,10.51,0,22,0.9
4,23.97,0,14,0.023
0,8.23,0,4,1.556
2,25.92,1,0,0.636
3,5.46,1,11,0.36
3,17.25,0,6,1.085
1,14.22,0,0,1.202
4,28.6,1,20,0.045
0,18.11,1,5,4.835
1,15.23,0,13,1.179
0,27.18,0,4,4.037
0,13.86,1,14,2.828
2,14.48,1,10,0.555
4,3.41,0,22,0.01
0,14.86,1,20,3.325
1,19.45,1,20,1.959
4,8.89,0,10,0.012
4,17.31,0,23,0.021
3,23.92,0,12,0.811
3,11.86,1,2,0.686
2,5.84,1,9,0.192
4,13.81,1,1,0.026
2,24.97,0,20,1.087
1,27.74,1,18,2.372
0,9.35,1,10,1.805
1,4.9,1,22,0.464
0,25.86,1,12,5.51
2,16.48,1,5,0.676
1,21.09,0,5,1.394
1,20.12,1,3,2.059
3,3.36,0,1,0.11
2,26.65,1,18,1.039
4,26.1,1,14,0.04
1,23.35,1,7,2.728
0,5.21,0,18,1.264
2,2.35,1,13,0.116
2,7.27,1,20,0.241
1,7.6,1,13,0.743
4,19.82,1,14,0.034
2,1.54,0,16,0.045
0,22.05,0,4,5.472
4,10.07,1,19,0.013
3,13.58,0,6,0.55
1,8.71,1,5,0.788
3,23.0,0,7,1.458
4,4.32,0,13,0.01
3,5.18,1,11,0.353
3,7.22,0,13,0.544
4,23.44,0,0,0.024
3,1.07,0,18,0.035
2,23.84,0,17,0.66
4,7.64,1,16,0.01
1,4.98,0,1,0.459
2,16.02,0,14,0.645
2,28.32,0,16,1.174
0,4.84,1,16,0.961
3,19.34,1,15,1.095
1,24.02,1,8,1.929
4,0.68,1,5,0.01
3,6.6,0,2,0.388
4,26.66,1,21,0.02
4,2.07,1,0,0.01
1,2.88,1,10,0.348
3,15.74,1,1,1.193
1,27.32,1,11,2.242
4,24.55,1,23,0.014
3,28.71,0,5,1.455
2,3.68,1,3,0.169
4,22.71,1,12,0.042
1,28.8,0,9,2.317
1,20.5,0,16,1.857
4,14.17,0,9,0.016
4,17.52,1,16,0.021
1,12.44,1,15,1.208
2,27.4,1,6,1.435
4,18.58,0,4,0.019
1,6.41,0,8,0.472
4,21.8,0,11,0.041
2,27.65,0,4,1.35
0,25.18,0,3,3.221
2,9.87,0,15,0.352
4,11.72,0,0,0.015
1,16.8,1,2,1.685
4,8.79,0,20,0.01
3,22.49,0,14,1.066
0,3.69,1,21,0.587
3,6.12,0,6,0.289
0,1.67,1,13,0.338
4,25.34,0,11,0.036
0,26.25,0,23,5.511
4,20.6,1,15,0.026
3,1.18,1,4,0.057
3,1.18,0,10,0.047
0,28.15,0,2,4.07
1,4.42,0,21,0.508
1,15.83,0,19,1.621
0,1.71,1,13,0.291
3,23.94,0,11,1.101
3,2.88,0,7,0.209
4,8.4,0,15,0.01
2,24.75,1,1,1.072
0,7.01,0,9,1.288
4,26.26,0,13,0.054
3,15.3,0,13,0.536
0,26.99,1,15,7.313
1,28.39,0,1,2.664
2,26.57,1,21,1.222
3,27.98,1,13,2.268
0,6.12,0,10,1.173
4,11.45,0,10,0.01
3,18.77,1,21,1.109
3,3.83,1,19,0.282
1,23.51,1,4,1.617
0,0.94,0,0,0.246
2,14.62,0,0,0.691
4,17.24,1,23,0.024
0,4.41,0,0,1.112
2,12.78,0,16,0.48
3,22.3,1,7,0.923
1,6.04,0,8,0.522
1,9.47,1,21,0.917
0,29.11,1,7,4.219
0,17.25,1,22,2.915
3,28.68,0,2,1.553
3,6.61,1,10,0.462
0,29.98,0,12,5.767
3,18.78,1,18,0.744
3,20.03,1,3,0.789
3,15.45,1,20,1.234
1,20.42,0,0,1.655
0,18.45,1,7,3.046
4,23.44,0,4,0.043
3,28.68,0,21,2.093
0,20.94,1,12,5.595
3,16.23,0,21,0.916
0,8.2,1,23,1.24
2,12.41,0,19,0.387
0,3.88,1,4,0.593
1,4.64,1,3,0.359
0,21.78,0,14,5.252
4,17.23,1,17,0.022
0,24.95,0,7,5.804
4,25.78,0,21,0.033
2,21.67,0,18,0.752
0,17.64,0,19,3.378
1,22.78,1,22,2.483
1,22.82,1,7,2.124
4,7.77,1,7,0.01
2,7.87,0,17,0.289
2,16.98,0,10,0.651
0,26.07,1,21,6.88
4,29.6,1,18,0.036
0,9.83,1,23,2.022
0,20.94,1,2,4.379
3,4.02,0,12,0.3
2,0.75,1,6,0.02
4,26.75,0,21,0.038
1,28.14,1,22,2.074
0,19.65,0,23,3.321
2,2.47,0,5,0.057
4,16.46,0,3,0.015
0,6.47,1,14,1.347
3,9.65,1,15,0.521
2,18.17,0,5,0.917
1,5.1,0,3,0.499
3,9.81,0,21,0.662
2,25.94,1,0,1.41
2,22.55,1,11,0.766
0,8.17,1,23,2.057
1,17.7,1,22,1.297
1,23.15,1,17,2.377
2,21.5,1,4,0.777
0,2.59,0,0,0.48
0,21.52,1,10,5.377
0,23.29,0,10,5.705
2,27.65,1,9,1.481
0,21.16,1,3,4.128
2,28.86,1,17,1.587
4,23.41,0,4,0.037
2,20.83,0,17,0.497
3,22.09,0,3,0.775
1,0.76,0,11,0.067
1,28.88,0,17,2.82
0,13.2,0,16,2.361
0,2.87,1,5,0.56
0,14.35,0,18,4.009
3,21.01,0,22,1.18
4,16.68,1,0,0.014
4,4.89,1,15,0.01
1,19.65,1,21,2.59
2,19.18,0,6,0.71
2,27.43,0,7,0.708
3,10.24,1,14,0.498
0,22.52,0,2,3.561
0,14.14,1,7,3.323
0,3.13,1,20,0.965
0,19.36,1,12,5.575
0,26.25,0,12,3.607
1,1.51,0,14,0.097
0,23.18,0,16,2.976
0,3.22,0,13,0.536
4,6.41,1,9,0.01
4,19.87,0,21,0.021
4,12.36,0,18,0.011
4,6.86,1,12,0.01
3,4.75,1,23,0.227
0,27.78,1,5,6.928
1,12.26,1,20,1.238
3,14.82,1,0,0.484
4,27.4,0,21,0.043
3,24.26,0,0,1.213
3,12.31,1,5,0.715
1,23.2,0,9,2.273
0,29.46,1,6,6.294
4,23.76,1,17,0.02
3,13.93,0,3,0.433
1,0.96,1,10,0.086
4,10.28,1,15,0.014
4,7.1,0,7,0.011
4,1.85,1,14,0.01
4,11.79,0,14,0.018
1,1.97,0,16,0.176
2,6.34,0,13,0.313
1,23.87,1,1,2.345
3,1.35,1,2,0.097
2,9.08,0,3,0.443
1,21.79,0,4,2.042
0,27.38,0,22,5.094
1,6.67,0,20,0.764
4,19.5,0,17,0.022
1,5.9,1,5,0.5
0,26.68,0,9,5.511
2,11.82,1,6,0.662
2,4.21,1,17,0.127
0,26.52,0,3,3.917
0,10.27,1,10,1.855
4,23.6,1,17,0.044
2,12.22,1,6,0.541
2,20.96,1,8,0.66
4,12.45,1,15,0.025
4,17.13,1,23,0.031
4,28.8,1,0,0.038
0,18.64,1,11,5.309
0,5.99,1,15,1.112
0,19.94,1,16,4.785
4,26.93,1,20,0.05
3,29.9,1,3,1.855
2,25.95,1,14,0.778
4,20.77,0,6,0.041
4,8.24,1,11,0.01
2,23.16,0,10,0.557
0,29.66,1,11,9.152
2,26.68,0,6,0.989
3,23.64,0,15,1.355
3,28.49,1,15,2.068
1,20.03,0,9,2.24
2,22.68,0,0,0.728
1,7.67,0,3,0.534
4,14.69,1,0,0.016
4,21.41,1,8,0.023
3,28.44,0,18,0.932
4,10.8,1,23,0.017
1,4.09,0,0,0.282
0,1.83,1,6,0.385
1,15.75,0,7,1.546
2,9.67,1,11,0.43
4,12.98,1,14,0.019
0,21.51,0,23,4.068
3,30.0,0,20,1.425
4,8.36,1,19,0.01
4,7.45,1,3,0.012
1,18.18,0,0,1.141
4,19.39,0,13,0.025
4,20.97,0,13,0.013
1,26.87,0,18,2.88
2,3.58,0,12,0.169
4,12.59,1,1,0.018
1,20.31,0,20,1.506
3,13.31,1,19,0.993
0,29.18,0,2,6.266
0,28.46,1,13,6.202
0,12.17,0,19,2.422
3,10.69,0,20,0.537
2,5.89,0,1,0.252
4,25.61,0,22,0.051
2,27.38,0,19,0.686
3,22.94,0,8,1.559
2,1.62,0,3,0.042
2,18.86,1,8,0.775
4,9.78,1,22,0.01
2,15.08,1,15,0.49
4,16.95,1,5,0.032
1,13.38,1,21,1.093
3,28.38,1,9,1.551
2,27.37,1,16,0.923
0,21.5,0,17,5.306
1,4.68,1,11,0.592
3,1.82,1,18,0.123
1,11.51,0,7,0.914
0,16.99,0,11,2.528
1,23.64,1,0,2.385
3,0.82,0,0,0.039
2,11.97,0,22,0.562
3,27.06,0,17,1.362
3,29.44,1,21,2.038
3,17.31,1,7,1.295
4,26.31,1,20,0.038
2,7.66,0,19,0.25
0,24.21,0,17,5.772
2,10.89,0,22,0.396
0,26.65,0,4,5.375
2,14.7,1,16,0.484
3,13.22,0,14,0.63
3,11.0,1,6,0.369
1,20.17,1,17,2.077
2,22.64,1,7,1.151
1,4.91,0,15,0.461
0,4.46,0,20,1.178
2,12.94,0,13,0.335
1,21.94,0,2,1.761
0,16.13,1,5,3.743
1,13.96,0,8,1.511
4,2.42,0,20,0.01
3,25.27,0,19,1.018
4,1.83,0,7,0.01
4,21.96,0,17,0.034
4,9.82,0,1,0.02
2,2.33,1,19,0.059
0,4.49,0,5,0.91
2,19.14,1,18,0.752
2,10.17,1,13,0.382
1,13.81,0,3,0.91
0,13.13,1,5,2.197
0,5.11,1,15,1.34
3,14.4,0,13,0.621
1,18.68,1,18,2.339
4,22.72,0,17,0.025
1,13.26,1,10,1.279
0,24.37,0,16,4.263
2,13.93,0,13,0.563
0,1.16,1,0,0.247
1,7.24,1,8,0.651
1,22.91,1,19,2.372
2,22.0,0,14,0.593
1,8.32,1,0,0.775
2,14.98,1,10,0.667
2,27.17,0,16,0.55
2,13.41,0,2,0.533
4,11.36,1,17,0.01
4,2.91,0,17,0.01
3,3.95,1,5,0.286
3,6.9,0,19,0.42
4,7.51,0,22,0.01
3,13.57,1,9,0.818
3,7.84,0,1,0.49
2,6.29,1,3,0.189
3,21.89,0,13,0.648
4,17.56,1,18,0.011
3,10.36,0,1,0.564
2,5.53,1,21,0.202
4,25.24,0,8,0.045
3,9.39,0,10,0.499
4,9.68,0,22,0.013
1,27.26,1,15,2.785
0,20.05,1,3,5.384
0,8.24,1,3,2.022
0,15.55,1,14,3.745
3,27.19,1,11,1.189
0,7.83,1,22,1.049
4,10.93,0,9,0.023
2,21.11,1,1,0.653
0,3.25,1,3,0.735
1,0.58,1,20,0.046
0,5.06,0,1,0.694
1,8.15,1,10,0.661
3,9.18,0,7,0.387
3,28.26,1,22,1.05
3,28.31,1,12,1.368
4,30.0,0,6,0.021
1,2.56,1,19,0.257
1,11.53,0,8,1.148
2,22.38,1,2,1.136
4,20.13,1,3,0.04
3,8.48,1,12,0.51
4,29.2,1,1,0.052
1,19.95,0,20,1.71
1,18.49,0,16,1.642
4,11.97,1,9,0.01
0,8.45,0,6,1.602
0,16.73,1,5,2.744
4,15.47,1,16,0.023
1,13.22,1,10,1.163
4,19.43,0,13,0.029
4,25.17,1,21,0.057
0,4.18,0,7,0.86
3,5.55,1,0,0.208
3,14.4,0,20,0.461
4,9.34,1,3,0.017
3,1.22,1,1,0.081
4,18.99,1,11,0.037
1,15.46,1,3,1.739
0,1.86,0,18,0.399
4,17.0,0,17,0.016
2,5.63,0,8,0.145
2,11.89,0,3,0.485
1,21.14,1,0,2.062
3,22.11,0,13,0.818
3,8.31,0,23,0.36
4,18.4,0,10,0.029
1,5.2,1,8,0.477
2,11.96,1,18,0.627
4,15.01,1,7,0.017
2,4.14,1,20,0.192
2,20.09,1,1,0.53
1,2.06,1,12,0.19
0,15.98,0,6,2.873
0,1.53,1,10,0.386
3,20.71,1,6,1.061
4,18.46,1,18,0.022
1,26.97,0,8,2.343
2,2.24,0,18,0.099
3,26.47,1,9,1.789
4,24.37,0,9,0.044
0,1.73,1,20,0.54
4,24.76,0,13,0.046
4,3.19,0,15,0.01
3,26.11,0,17,1.807
2,17.98,1,5,0.683
1,20.32,1,15,1.905
0,24.47,1,4,6.896
1,22.87,0,17,2.418
0,15.87,1,18,4.702
3,27.65,1,20,2.229
0,8.9,1,4,1.282
0,4.98,0,17,0.985
3,4.54,1,18,0.336
2,20.78,0,18,0.926
0,9.15,0,7,2.318
3,13.67,0,13,0.448
3,2.5,1,21,0.119
1,1.67,0,15,0.166
0,21.83,1,8,5.857
4,2.05,1,20,0.01
2,14.72,1,21,0.815
1,25.96,0,13,2.257
3,15.78,0,16,0.776
0,7.62,1,14,1.767
3,2.66,0,6,0.182
1,7.11,0,23,0.677
0,12.33,1,14,3.107
0,19.99,0,0,4.274
2,20.58,1,9,1.038
2,6.09,0,2,0.164
3,23.75,0,17,1.263
2,26.45,0,11,0.839
1,24.54,0,15,2.495
1,8.31,1,5,0.87
0,5.51,0,2,0.859
0,24.64,1,8,7.406
2,20.66,0,2,0.51
4,9.61,0,20,0.01
2,3.22,1,2,0.153
1,26.03,0,1,2.625
1,18.37,0,1,1.555
2,10.51,1,20,0.327
4,27.64,1,17,0.051
4,14.01,0,22,0.03
2,20.43,1,9,0.852
0,13.15,1,3,1.985
2,27.76,1,11,1.351
3,26.91,1,2,1.7
1,24.3,1,16,2.766
0,7.69,1,15,1.454
0,15.07,1,14,3.091
4,23.91,1,12,0.045
1,28.9,0,22,2.107
0,15.27,1,5,2.348
2,27.95,1,17,0.723
4,15.93,1,3,0.022
0,3.05,1,14,0.806
2,29.99,1,0,0.755
0,22.23,1,2,5.411
4,29.73,1,19,0.048
0,9.72,1,2,1.809
0,18.23,0,11,4.108
0,23.32,1,4,5.597
1,24.07,1,3,2.297
1,14.27,0,7,0.988
4,12.01,1,0,0.01
4,27.68,0,14,0.025
1,5.13,1,18,0.461
1,6.41,1,1,0.663
1,3.35,0,17,0.257
3,29.91,1,17,1.155
2,8.99,0,13,0.343
4,22.1,1,0,0.029
0,11.12,1,12,2.763
3,8.39,1,17,0.575
2,3.01,0,8,0.119
1,12.21,0,8,1.081
4,12.43,1,18,0.01
0,12.18,1,10,2.677
4,20.51,0,23,0.042
3,6.01,0,19,0.355
4,20.62,1,11,0.038
0,6.88,1,9,1.167
3,14.05,1,10,0.81
1,16.21,0,10,1.41
3,20.78,0,16,1.1
4,26.47,0,5,0.021
2,27.38,1,18,1.287
3,14.09,1,14,0.953
2,12.23,0,11,0.44
3,12.8,0,22,0.622
3,6.69,1,20,0.462
1,19.08,0,5,1.412
2,12.26,0,4,0.32
3,17.78,0,10,1.061
0,12.32,0,13,2.702
4,1.38,0,15,0.01
2,17.37,1,9,0.964
1,23.06,1,13,2.523
2,1.51,1,22,0.077
0,3.32,1,6,0.57
3,5.12,0,12,0.294
4,1.39,1,13,0.01
4,5.82,0,3,0.01
1,20.8,1,2,1.607
1,23.25,1,11,2.538
2,16.79,0,16,0.645
3,6.35,0,15,0.399
0,29.28,0,20,4.301
4,12.14,1,8,0.019
2,3.52,1,21,0.089
1,28.04,0,17,3.368
3,22.74,0,4,1.536
0,9.14,1,2,1.404
0,27.01,1,16,5.701
3,1.98,1,16,0.141
3,2.57,1,6,0.121
3,4.31,1,2,0.347
2,14.82,1,16,0.817
2,8.53,0,17,0.336
2,4.91,1,18,0.143
2,18.25,1,14,0.678
4,10.14,0,0,0.01
4,13.8,0,11,0.01
3,8.04,1,13,0.324
3,26.57,0,11,1.99
2,24.2,1,9,0.638
4,20.13,0,8,0.028
3,23.49,1,2,0.967
3,23.39,0,4,1.438
3,20.89,1,2,0.91
1,22.72,1,22,2.383
1,10.69,0,18,0.814
0,21.94,1,17,3.864
2,13.35,1,14,0.437
0,26.62,0,11,5.794
0,13.42,0,0,2.99
2,28.5,1,3,0.961
0,6.61,1,3,0.968
2,16.98,1,11,0.754
3,4.39,0,11,0.233
3,23.21,0,12,0.943
3,1.6,0,4,0.089
0,0.62,0,19,0.096
2,3.24,0,23,0.118
4,17.98,0,7,0.012
0,22.97,0,2,3.743
3,29.38,0,23,1.379
2,0.55,0,9,0.013
2,18.87,1,2,0.675
4,18.12,1,10,0.025
1,9.36,1,19,0.994
4,6.56,1,14,0.013
0,12.61,0,3,1.667
4,26.41,1,20,0.048
1,14.02,0,23,1.309
0,25.48,0,18,4.715
2,23.33,0,23,1.062
3,16.19,0,14,1.036
2,15.77,1,5,0.551
2,14.95,1,9,0.495
4,9.39,0,19,0.018
3,25.23,1,4,1.288
1,15.72,1,3,1.512
3,26.46,1,23,1.886
1,26.81,1,22,2.556
2,24.37,0,3,0.882
3,15.86,1,19,0.71
3,26.1,1,19,1.404
0,9.38,0,2,1.81
3,22.33,1,5,1.327
2,7.26,0,2,0.216
2,6.32,1,20,0.297
3,10.64,0,21,0.502
2,1.98,0,15,0.094
3,22.18,0,6,1.526
0,20.64,1,0,3.669
1,16.48,0,2,1.157
1,25.69,1,19,2.238
0,27.6,0,18,5.153
4,21.43,0,7,0.037
2,27.88,0,5,0.727
0,28.44,1,22,7.79
4,4.86,0,14,0.01
2,22.34,0,0,1.158
0,11.63,0,21,1.788
4,15.66,1,15,0.017
0,13.77,0,10,3.122
4,13.65,0,3,0.024
1,27.34,0,13,2.003
4,21.65,1,7,0.039
0,15.26,0,8,4.222
2,27.98,1,22,0.754
2,18.37,0,8,0.426
3,15.7,0,22,0.977
1,11.87,1,14,0.92
3,5.08,0,4,0.358
4,2.56,1,6,0.01
2,11.56,0,3,0.232
0,28.82,0,17,4.846
1,0.53,0,16,0.048
1,15.41,1,22,1.68
4,25.2,0,9,0.031
2,24.06,1,23,0.806
3,28.96,1,9,1.34
2,14.8,1,14,0.785
2,24.1,0,21,0.6
1,3.82,0,4,0.374
3,6.96,0,8,0.211
0,1.36,0,21,0.366
1,8.81,0,23,0.574
4,20.66,1,23,0.016
2,4.56,1,6,0.116
0,6.7,0,23,1.328
3,26.7,1,14,1.133
4,20.61,1,3,0.024
0,12.43,0,22,2.838
2,17.82,1,12,0.452
1,14.46,1,17,1.211
3,23.16,1,3,1.263
3,10.0,0,18,0.718
2,2.03,1,16,0.05
1,24.39,0,8,2.668
2,27.4,1,2,1.036
1,24.03,1,9,2.316
2,25.4,0,20,0.675
0,17.32,0,23,3.537
1,10.67,0,1,1.092
1,10.68,0,21,0.954
2,3.08,1,6,0.141
0,25.23,0,20,5.643
1,28.7,0,4,1.861
0,17.3,1,17,4.809
2,13.53,1,15,0.576
4,11.97,1,4,0.023
3,27.88,0,1,1.985
4,11.11,0,17,0.01
0,8.74,0,12,1.3
4,23.07,0,14,0.036
2,25.13,0,5,0.903
0,4.63,0,9,1.133
2,9.65,0,16,0.445
0,29.31,0,8,7.372
4,28.54,1,17,0.04
2,19.19,1,18,0.446
2,20.75,1,4,0.83
2,10.13,1,7,0.274
3,17.41,1,21,1.108
2,15.68,0,12,0.521
0,27.43,1,21,7.887
4,19.12,0,22,0.034
1,3.89,1,18,0.455
1,28.0,0,2,2.477
1,22.45,0,13,2.146
1,7.75,1,23,0.899
1,28.22,1,3,1.951
3,25.96,1,20,1.819
3,7.27,1,1,0.481
2,9.02,0,9,0.182
3,23.47,1,21,0.835
0,19.24,1,4,3.996
0,16.19,0,2,2.515
2,18.15,1,19,1.034
4,15.09,1,17,0.024
3,8.52,0,12,0.574
3,21.57,0,1,1.093
2,21.73,0,1,0.535
4,28.5,1,1,0.023
4,5.41,0,8,0.01
3,5.11,0,13,0.371
3,26.0,1,15,2.167
3,25.98,1,3,1.401
4,9.69,1,1,0.01
1,26.65,0,17,2.09
0,6.54,0,12,1.523
3,16.68,1,19,1.057
3,3.94,1,10,0.199
3,11.59,1,4,0.647
2,5.49,1,23,0.213
1,8.96,0,21,0.996
3,0.65,1,0,0.031
0,19.37,1,3,4.53
4,18.95,0,22,0.027
2,22.46,0,16,1.132
4,18.23,1,8,0.02
1,11.41,0,14,1.031
0,22.58,1,5,3.736
3,0.98,0,18,0.067
4,22.35,0,2,0.038
1,26.57,0,0,1.859
4,20.71,0,20,0.012
4,27.06,0,1,0.028
1,25.27,1,23,1.91
2,23.15,1,5,1.173
2,28.13,1,22,1.043
4,19.12,0,21,0.017
3,7.01,0,19,0.255
3,28.51,0,7,1.195
2,3.1,0,15,0.15
0,23.18,0,13,3.938
1,28.58,0,23,2.321
1,28.53,0,21,2.176
0,13.96,1,15,3.528
4,21.75,1,15,0.037
3,23.47,0,20,0.832
2,3.34,0,23,0.127
0,15.96,0,14,2.311
3,28.68,1,18,1.147
4,1.65,1,22,0.01
0,10.46,0,14,2.595
4,8.6,1,7,0.011
1,16.74,0,15,1.274
0,12.74,1,15,2.649
0,14.21,1,21,3.767
2,13.86,0,15,0.299
2,3.18,0,11,0.13
4,21.63,0,14,0.02
4,2.6,1,3,0.01
1,12.88,0,14,0.952
0,27.33,0,11,6.55
0,5.22,1,13,1.321
1,21.24,1,9,2.39
0,12.74,0,10,3.123
1,26.59,1,18,3.165
3,12.2,0,5,0.683
3,14.73,0,0,0.81
3,27.98,1,21,2.228
0,19.34,0,17,5.3
4,5.58,0,1,0.01
0,6.67,1,0,1.588
4,2.02,0,2,0.01
3,24.28,0,13,1.287
0,18.69,0,23,2.672
3,12.92,0,6,0.417
3,27.17,0,4,1.173
4,20.97,1,16,0.019
3,19.1,1,21,1.12
4,28.11,0,4,0.031
3,5.5,0,15,0.35
1,17.77,0,23,1.425
2,3.07,1,16,0.185
0,26.12,1,14,5.99
2,25.87,1,18,1.074
3,19.89,0,1,0.964
3,19.28,0,9,0.679
3,26.51,1,2,1.243
2,0.64,1,23,0.016
0,8.63,1,12,2.091
1,7.68,0,14,0.762
0,13.62,1,0,3.211
3,11.53,1,23,0.676
3,27.4,1,3,1.78
0,2.08,0,0,0.489
3,1.51,0,13,0.076
1,7.85,0,12,0.683
3,8.28,0,18,0.588
1,25.0,1,4,2.664
4,26.29,0,0,0.05
1,20.5,0,10,1.929
0,19.09,1,4,3.508
4,17.86,1,21,0.026
1,8.12,0,21,0.653
1,22.95,0,3,2.184
1,29.01,0,21,2.694
1,10.27,1,5,1.034
4,26.53,1,15,0.028
4,6.15,0,2,0.011
1,23.58,1,15,2.276
0,9.39,1,18,1.592
4,20.11,0,11,0.022
2,2.05,0,2,0.101
4,14.5,0,19,0.022
3,5.7,1,12,0.447
1,12.56,1,13,1.23
0,14.7,0,3,2.395
0,12.41,0,19,2.783
0,27.05,1,11,6.906
3,8.6,1,10,0.31
1,24.35,0,9,2.317
3,28.18,1,20,1.873
0,9.37,1,13,1.673
0,21.08,0,7,3.353
4,17.25,0,21,0.027
3,7.09,0,19,0.268
3,25.81,0,18,1.314
2,6.89,1,9,0.374
0,20.97,1,14,5.343
1,29.32,0,7,1.789
4,0.97,0,0,0.01
2,21.93,1,20,0.584
1,16.99,1,2,1.694
4,20.0,1,11,0.027
4,7.5,1,8,0.01
4,26.22,1,14,0.054
0,10.22,1,22,2.182
4,15.23,0,22,0.018
4,28.19,0,22,0.054
4,14.5,1,5,0.012
3,12.16,0,8,0.601
0,14.02,1,3,3.415
1,6.95,0,17,0.692
4,28.38,1,8,0.025
1,22.48,1,6,1.455
0,11.93,0,11,2.233
2,7.34,0,15,0.331
1,7.11,0,7,0.459
0,11.19,0,21,2.002
2,26.88,0,19,0.881
4,15.6,1,19,0.033
0,5.72,0,5,1.176
4,1.91,0,8,0.01
4,16.23,0,13,0.029
2,17.23,1,17,0.941
4,16.78,0,20,0.01
0,21.61,1,10,4.42
1,27.32,0,8,2.065
0,4.44,0,19,0.763
3,23.63,1,19,0.855
2,4.35,1,2,0.187
2,27.17,1,10,0.928
4,5.46,1,18,0.011
0,0.87,0,12,0.133
3,25.56,0,13,0.918
3,21.46,0,9,1.252
1,11.21,0,5,0.863
0,13.91,0,12,3.049
1,10.42,0,18,1.048
4,11.44,1,12,0.024
2,6.59,0,2,0.297
0,25.36,0,13,5.184
3,6.83,1,8,0.473
1,0.99,0,1,0.078
3,0.66,1,8,0.033
4,15.51,1,3,0.026
1,11.31,0,16,0.984
0,6.02,0,15,1.3
1,13.44,1,1,1.453
1,12.09,1,23,1.198
4,21.64,1,19,0.045
2,9.76,1,14,0.501
0,28.63,0,13,5.085
2,25.64,0,7,0.8
2,13.07,0,5,0.422
2,1.65,0,7,0.077
0,23.25,1,14,3.845
3,11.23,0,19,0.46
4,26.79,0,22,0.053
3,25.24,1,10,1.873
2,6.36,0,4,0.288
2,16.96,1,22,0.71
3,23.64,1,2,1.72
2,26.1,0,9,0.702
3,3.89,1,4,0.149
3,19.47,0,20,1.0
0,19.22,1,16,4.378
4,23.89,0,21,0.051
4,9.01,1,19,0.015
2,7.19,0,8,0.154
3,26.18,0,23,1.043
0,24.81,0,17,4.545
2,21.61,0,21,0.544
0,28.97,0,3,7.055
3,17.19,1,20,0.777
0,24.05,1,4,5.169
3,0.77,0,10,0.051
1,24.55,0,5,2.131
0,14.88,0,21,3.732
2,4.96,0,8,0.119
3,24.7,1,19,1.782
3,27.18,1,8,1.811
1,27.71,1,6,3.169
1,19.92,0,10,1.442
0,9.55,0,15,1.167
0,27.71,0,2,4.697
4,28.04,0,10,0.058
0,18.86,1,22,3.654
0,25.03,0,2,3.895
3,14.48,1,11,0.948
1,17.38,0,3,1.6
4,23.59,1,2,0.03
2,28.05,0,11,1.139
3,14.99,1,19,0.769
1,3.35,1,0,0.249
0,9.91,0,21,2.306
0,27.81,0,15,6.993
2,16.02,1,6,0.54
3,4.66,1,15,0.2
2,20.45,0,7,0.839
0,28.98,0,11,8.364
2,16.93,1,4,0.879
0,2.95,0,0,0.465
1,6.92,1,10,0.812
3,28.54,0,20,1.198
2,10.67,0,11,0.497
3,29.9,0,12,2.038
4,23.0,0,18,0.035
3,10.36,0,13,0.497
2,14.49,1,14,0.836
2,8.27,0,13,0.361
2,13.38,1,14,0.373
4,20.69,0,16,0.015
0,5.88,1,5,1.312
0,3.23,1,16,0.8
4,1.96,0,7,0.01
1,15.68,1,20,1.335
2,13.16,0,7,0.27
4,7.08,1,20,0.01
1,2.92,0,12,0.208
3,19.7,0,20,0.999
0,19.31,0,1,3.236
2,11.32,0,8,0.519
3,15.57,1,20,1.2
1,10.26,1,16,0.928
4,2.91,1,10,0.01
3,1.21,0,11,0.073
2,29.01,1,12,0.87
1,19.46,0,10,2.211
4,5.24,1,17,0.011
3,10.71,0,15,0.628
4,11.45,1,2,0.017
0,8.82,1,4,1.473
0,6.84,0,23,1.24
0,28.29,0,5,4.88
0,27.58,1,21,8.993
2,6.76,1,12,0.174
3,6.24,0,15,0.34
2,10.62,1,11,0.262
0,29.95,0,4,4.438
1,25.94,1,14,1.814
2,15.67,1,9,0.838
3,3.83,0,10,0.155
0,19.21,0,1,3.841
1,19.27,0,13,1.775
2,13.4,0,0,0.589
3,10.9,1,14,0.516
4,1.51,0,23,0.01
3,2.25,1,17,0.136
3,25.91,1,17,1.886
4,7.6,1,9,0.01
4,24.52,0,11,0.014
0,10.33,0,12,1.406
3,27.43,0,12,1.02
1,29.62,0,9,3.015
0,27.62,0,20,7.243
0,26.73,0,22,3.448
2,24.2,1,5,0.824
2,22.52,0,15,0.753
3,1.28,1,12,0.062
0,15.57,1,15,2.593
3,7.79,0,11,0.306
2,9.83,0,21,0.388
3,29.48,1,0,2.147
3,24.2,1,23,1.78
0,12.3,1,15,2.536
4,18.09,1,8,0.015
3,15.34,1,3,0.68
3,20.15,1,11,1.251
0,8.49,1,1,2.081
2,12.39,0,23,0.507
3,6.02,1,23,0.316
4,17.78,0,9,0.025
2,2.95,0,16,0.122
2,24.23,0,12,1.145
2,9.08,0,9,0.311
2,13.3,0,8,0.503
1,27.15,0,6,2.426
2,12.6,1,1,0.645
2,16.4,1,12,0.734
1,13.92,0,16,1.147
4,25.33,0,7,0.04
3,3.14,1,17,0.186
0,29.46,0,17,7.263
0,16.22,0,16,4.043
0,11.25,1,17,2.651
4,13.64,1,16,0.024
4,8.3,1,15,0.017
0,8.02,0,18,2.375
4,17.85,0,9,0.017
0,28.62,1,13,8.013
2,6.88,1,13,0.222
2,13.39,0,18,0.384
4,19.52,1,10,0.038
3,23.87,1,10,0.863
0,19.75,1,16,4.995
1,29.65,0,4,3.026
4,29.64,0,11,0.018
4,6.87,0,7,0.01
3,13.88,0,3,0.515
0,3.18,1,4,0.761
4,9.2,1,17,0.01
2,0.54,0,21,0.015
0,21.98,0,0,5.367
4,23.86,1,2,0.021
0,21.47,0,2,4.048
0,15.13,1,11,4.912
1,29.02,1,9,2.922
3,23.13,1,11,1.474
4,8.17,0,13,0.015
3,19.16,1,14,0.665
1,24.82,1,14,2.371
3,9.98,1,5,0.664
3,3.13,1,12,0.115
1,14.06,0,15,0.924
4,8.3,0,7,0.01
2,23.4,1,17,0.802
3,4.12,0,4,0.24
4,20.38,1,16,0.027
0,21.73,1,12,4.559
4,26.72,0,18,0.045
1,16.53,1,17,2.067
3,13.11,1,10,0.978
2,11.67,1,19,0.478
4,11.99,1,19,0.014
1,19.42,1,16,1.591
4,23.78,1,9,0.039
4,26.17,0,16,0.056
1,12.04,0,10,1.498
0,1.79,0,3,0.319
4,3.13,1,20,0.01
2,13.98,1,14,0.524
0,0.52,1,9,0.091
3,4.49,0,9,0.3
0,3.12,0,3,0.579
0,19.58,0,4,4.589
0,25.73,0,13,5.013
3,11.62,0,14,0.789
4,28.39,1,1,0.034
2,24.98,0,19,0.567
0,8.97,0,20,1.532
2,20.7,1,5,1.041
1,9.41,1,20,1.098
3,23.21,1,7,1.331
1,14.94,0,14,1.018
2,1.26,0,4,0.029
1,21.46,1,14,1.84
0,2.45,1,1,0.515
3,29.17,0,18,1.329
4,18.52,1,2,0.016
2,21.18,0,22,0.424
1,17.45,0,18,1.831
2,15.94,1,15,0.451
4,29.03,0,2,0.023
4,28.3,1,20,0.053
2,24.8,0,4,0.85
3,3.0,0,2,0.098
2,10.72,0,5,0.321
1,11.96,0,7,0.869
0,3.23,0,0,0.468
2,17.13,0,11,0.418
3,25.29,1,3,0.904
4,21.2,0,9,0.044
4,7.8,0,13,0.011
3,25.21,0,6,1.449
3,1.61,0,13,0.059
3,19.75,1,2,1.523
4,13.25,0,12,0.014
0,12.6,0,13,1.9
3,2.13,1,0,0.125
0,3.66,1,8,1.086
3,18.86,0,13,1.042
1,9.54,0,22,0.694
0,9.58,1,5,1.541
1,5.86,0,9,0.584
0,12.54,1,3,2.727
1,4.63,0,9,0.411
1,24.87,1,13,2.759
0,26.26,1,14,4.374
4,15.63,1,12,0.034
0,29.0,1,13,6.148
1,13.21,1,0,1.066
2,4.96,0,12,0.265
1,20.1,1,11,1.712
3,19.65,1,6,1.213
1,19.07,1,18,1.852
0,25.09,0,12,3.342
2,11.19,0,6,0.285
3,1.22,0,7,0.052
0,1.75,0,6,0.299
4,1.34,1,20,0.01
4,22.89,1,16,0.032
2,5.3,0,3,0.113
2,20.04,1,8,0.521
4,6.52,1,15,0.01
3,29.87,1,23,2.071
2,7.69,0,12,0.207
1,25.44,0,1,1.656
2,29.49,1,18,0.728
0,18.83,1,3,3.302
0,28.25,0,3,7.434
1,11.67,0,10,1.058
2,1.18,0,13,0.042
3,22.94,1,4,1.082
3,8.53,1,21,0.504
2,3.23,0,11,0.125
1,8.96,0,5,0.969
3,18.85,0,14,0.71
2,16.63,0,11,0.638
4,12.32,1,13,0.01
0,1.22,0,17,0.311
3,6.71,1,13,0.375
2,24.12,1,0,0.695
4,16.77,0,11,0.026
3,22.89,1,0,1.551
0,25.67,0,21,5.756
0,5.39,0,5,0.786
0,18.29,0,7,4.152
0,7.03,0,23,1.645
2,0.87,1,10,0.041
4,10.16,1,13,0.02
4,9.73,0,1,0.01
2,7.42,1,3,0.334
0,4.86,0,20,0.732
4,14.98,1,19,0.015
2,24.66,1,11,0.772
3,16.64,1,11,1.084
2,27.39,0,22,1.36
4,7.54,1,20,0.014
3,5.96,0,17,0.231
3,19.45,0,6,1.464
1,24.74,1,20,2.361
3,2.42,1,23,0.101
4,8.34,0,22,0.01
0,9.31,1,17,2.462
2,9.78,1,2,0.337
2,26.16,0,23,0.798
0,21.29,1,15,2.768
4,4.59,1,11,0.01
1,9.02,1,1,0.951
0,27.32,0,4,4.587
0,20.79,1,0,5.571
1,14.88,0,19,1.322
3,21.79,0,9,1.216
2,22.02,1,5,0.642
4,21.37,1,0,0.017
1,1.14,1,4,0.082
3,6.13,1,5,0.245
1,29.44,0,19,3.178
2,17.37,1,10,0.445
4,10.19,1,10,0.021
0,22.63,0,20,6.072
2,16.61,1,5,0.806
1,21.62,1,16,1.415
2,10.69,1,5,0.346
2,3.49,0,22,0.183
2,2.16,0,11,0.053
4,21.06,0,6,0.018
4,11.53,0,18,0.019
2,22.0,1,0,0.714
2,4.59,1,17,0.213
0,10.77,1,16,2.93
0,19.69,0,18,2.962
2,20.63,1,19,0.575
3,21.95,1,12,1.308
2,5.98,1,18,0.162
1,8.13,1,18,0.951
1,14.24,0,6,1.385
0,4.95,0,12,1.19
2,10.93,0,15,0.359
0,6.88,1,9,1.972
1,1.15,0,17,0.078
2,25.87,0,5,0.643
3,7.56,0,11,0.491
2,13.85,0,15,0.607
1,25.26,0,4,2.351
4,10.55,1,12,0.015
3,25.74,1,11,1.544
2,23.74,0,1,0.648
1,27.44,1,15,2.522
4,27.4,1,20,0.049
3,24.51,0,11,1.482
3,21.03,0,9,1.022
3,9.29,1,10,0.462
1,29.2,0,22,1.943
1,8.46,1,7,0.642
4,19.28,0,21,0.029
2,10.91,1,17,0.584
4,22.51,1,2,0.042
2,5.64,1,2,0.238
3,24.68,1,22,1.46
4,10.18,0,1,0.017
1,7.55,1,23,0.733
4,27.11,1,14,0.027
4,0.98,1,13,0.01
3,27.84,1,0,1.957
4,29.89,1,14,0.036
2,18.25,1,12,0.778
4,22.58,1,10,0.051
3,17.57,1,13,1.201
1,22.16,1,2,2.173
4,4.37,0,1,0.01
4,26.78,1,17,0.018
2,14.72,0,7,0.3
4,2.9,0,0,0.01
3,3.09,1,13,0.226
0,13.0,1,9,2.462
3,5.21,1,23,0.257
0,10.55,0,16,2.016
4,8.58,1,3,0.018
4,16.32,0,15,0.014
3,10.01,0,19,0.685
2,13.0,0,22,0.569
2,12.99,0,2,0.537
1,8.38,1,22,0.687
2,1.17,0,9,0.025
1,1.41,1,12,0.097
2,23.24,0,16,0.687
0,26.17,0,20,6.148
0,2.69,0,7,0.661
0,24.03,1,18,8.019
1,4.32,0,20,0.374
3,6.41,1,5,0.382
4,19.76,1,11,0.031
0,25.65,1,15,4.346
1,14.74,0,16,1.119
4,1.93,1,20,0.01
4,17.02,0,21,0.013
4,20.52,0,7,0.039
1,5.52,1,6,0.415
0,19.0,1,18,6.264
0,0.98,1,22,0.212
3,14.63,1,20,0.878
3,23.25,1,5,1.354
4,1.74,1,16,0.01
3,7.39,1,19,0.386
4,10.54,0,21,0.014
1,29.17,1,18,3.138
0,25.06,0,16,3.679
1,8.95,0,9,1.091
1,6.06,1,20,0.549
2,19.96,0,1,0.452
4,19.67,1,22,0.038
3,27.35,1,6,1.485
3,27.29,0,23,1.398
1,18.33,1,9,2.245
1,29.28,1,9,2.364
4,23.56,1,5,0.036
3,3.08,1,2,0.214
0,24.75,0,8,3.879
4,9.63,1,16,0.01
1,17.31,1,9,1.726
1,25.99,0,21,2.789
2,4.31,0,2,0.2
4,19.4,1,8,0.041
1,27.18,1,19,2.845
2,11.28,1,20,0.486
2,6.27,1,7,0.266
3,7.16,1,4,0.573
2,7.16,1,16,0.175
1,10.62,1,10,1.426
0,1.03,1,15,0.222
3,13.47,1,8,0.552
4,27.68,1,7,0.036
2,2.93,1,23,0.156
1,27.59,0,16,2.553
1,17.14,0,12,1.486
4,11.92,1,12,0.025
2,16.42,0,12,0.528
1,6.52,0,6,0.463
0,8.88,1,1,1.836
0,9.71,1,9,2.762
0,13.57,0,9,3.837
3,12.74,0,4,0.83
2,12.32,0,1,0.264
2,11.65,1,15,0.365
2,18.59,1,16,0.427
3,25.93,0,10,1.609
4,1.51,0,18,0.01
3,16.05,1,20,0.588
4,7.53,0,13,0.012
4,9.3,0,2,0.015
4,15.86,0,7,0.026
3,6.62,1,2,0.455
2,3.97,1,17,0.174
0,20.79,1,8,6.674
2,6.64,1,5,0.163
2,9.6,0,18,0.404
3,11.16,0,9,0.656
3,6.27,0,5,0.367
1,8.97,0,2,0.728
1,24.94,0,10,2.692
2,20.64,1,5,1.054
1,26.78,0,14,2.334
4,8.59,1,10,0.018
1,9.78,1,4,0.893
1,20.33,0,10,1.968
1,1.13,0,23,0.107
4,11.14,0,20,0.012
3,25.06,0,12,1.121
0,3.82,1,7,0.732
0,29.47,0,5,7.552
1,6.37,1,0,0.572
1,23.78,0,8,2.528
4,20.07,0,11,0.015
3,1.87,1,18,0.072
0,7.05,1,10,1.512
4,29.27,1,7,0.049
4,18.54,0,22,0.014
1,15.01,1,0,1.29
3,27.98,1,20,1.396
3,25.75,0,21,1.344
4,14.76,1,6,0.023
4,28.53,1,20,0.038
1,26.02,1,7,2.878
2,1.49,1,14,0.064
3,2.35,0,20,0.145
3,2.59,0,6,0.157
4,7.31,0,2,0.012
3,2.16,1,1,0.116
1,8.91,1,23,0.913
4,7.82,1,7,0.016
1,3.4,0,21,0.293
4,27.54,0,11,0.041
3,24.29,0,6,1.592
0,19.35,0,7,4.623
3,18.24,1,10,1.32
2,15.52,0,3,0.641
2,8.09,0,19,0.241
1,21.19,0,10,2.013
1,10.28,0,6,0.911
3,0.84,1,2,0.036
1,22.94,1,21,2.202
3,20.37,1,11,1.277
0,7.86,1,23,1.728
0,11.77,1,22,2.117
3,28.37,0,13,1.737
0,28.66,1,7,8.044
1,5.83,1,22,0.44
3,17.6,1,22,1.257
0,6.51,1,14,0.858
2,20.57,1,17,0.968
0,0.57,0,9,0.115
4,3.46,0,12,0.01
0,25.07,1,13,3.827
4,10.18,0,17,0.012
3,9.72,0,16,0.44
0,21.07,0,20,5.782
2,0.95,1,14,0.04
4,25.18,1,19,0.036
0,12.62,1,0,2.566
2,13.77,1,6,0.326
1,5.86,0,13,0.597
3,18.72,0,17,1.36
1,12.95,1,18,1.039
2,2.35,1,13,0.075
2,7.71,1,20,0.319
2,20.97,1,4,0.887
3,2.7,1,20,0.177
1,19.3,1,18,2.066
2,6.57,1,21,0.23
2,14.84,1,2,0.43
2,16.74,0,14,0.591
0,14.08,1,22,2.789
2,19.34,1,17,0.608
4,8.95,1,10,0.012
0,10.95,0,3,2.273
1,21.58,0,23,1.518
1,29.33,1,5,2.966
1,22.41,0,21,1.721
2,13.36,0,13,0.32
4,17.83,0,19,0.037
3,1.3,0,8,0.076
4,15.38,0,22,0.018
2,10.07,0,11,0.339
2,20.41,0,19,0.772
1,27.11,1,12,2.17
2,12.73,0,4,0.639
0,26.16,1,0,5.808
3,6.96,1,23,0.505
2,3.47,1,23,0.078
0,16.2,0,8,4.309
4,24.1,1,11,0.015
0,14.57,0,3,2.125
3,25.09,0,16,1.12
4,29.89,0,14,0.029
2,1.58,0,19,0.033
4,14.33,0,23,0.012
3,1.58,1,12,0.062
2,25.58,1,11,1.247
3,22.3,1,20,1.269
2,29.27,0,0,0.74
4,23.24,1,3,0.045
2,26.45,0,13,0.608
2,6.53,0,5,0.299
4,24.55,1,11,0.036
2,19.22,0,14,0.69
3,21.22,1,19,1.042
3,15.72,1,18,1.287
4,14.27,0,17,0.01
1,15.39,0,9,1.727
3,27.53,0,21,0.966
1,21.41,0,1,1.68
4,17.69,1,22,0.018
0,19.97,1,16,4.317
0,24.3,1,23,3.787
3,7.06,0,17,0.39
3,10.96,1,5,0.822
4,15.31,0,20,0.013
0,17.23,1,16,4.418
4,23.2,1,10,0.038
2,25.5,0,14,1.126
3,0.73,0,12,0.036
3,20.72,0,10,1.37
1,14.05,0,6,1.225
3,14.85,1,17,0.613
0,24.71,1,9,4.648
1,3.14,0,17,0.324
2,15.83,0,22,0.713
0,18.01,0,23,3.717
2,25.55,0,15,1.249
2,16.9,1,17,0.932
4,24.74,0,16,0.048
0,15.05,0,10,2.374
3,22.41,1,18,1.051
1,18.54,0,15,1.515
4,2.14,1,5,0.01
2,17.06,0,10,0.74
3,5.28,0,4,0.258
3,4.21,1,18,0.249
3,24.61,1,6,2.027
2,25.94,1,7,0.777
0,29.54,1,18,5.23
0,18.15,1,15,3.041
2,20.05,0,6,0.822
3,14.07,1,9,0.839
1,7.85,0,17,0.77
3,29.36,0,6,1.42
0,6.49,0,5,1.614
0,15.76,0,3,2.618
4,13.76,1,22,0.024
3,26.27,0,21,1.579
4,26.42,1,8,0.041
0,19.87,1,23,4.562
2,20.87,0,17,0.81
4,14.74,1,3,0.017
1,15.68,1,15,1.819
3,11.99,1,19,0.88
0,17.01,0,2,2.314
3,8.43,0,22,0.372
2,10.04,0,15,0.358
3,11.93,0,21,0.644
4,4.67,0,17,0.01
2,5.89,0,12,0.174
0,16.35,0,7,2.718
1,1.27,0,21,0.104
2,17.24,1,3,0.482
0,24.82,0,17,6.512
0,15.63,1,23,4.439
2,25.98,0,22,1.233
3,24.48,1,1,1.252
2,11.15,1,3,0.569
1,29.8,0,22,1.902
0,28.73,0,22,6.075
0,13.09,1,6,1.982
4,8.95,0,22,0.01
4,6.38,1,11,0.01
4,29.04,1,18,0.031
1,14.61,0,0,1.182
3,7.57,0,11,0.279
2,15.5,1,3,0.787
2,5.8,0,21,0.13
1,3.4,0,4,0.223
2,18.64,1,7,1.028
0,16.89,1,0,4.542
4,18.19,1,16,0.011
1,11.94,0,23,0.963
0,27.51,0,13,6.59
3,21.19,0,13,1.327
1,18.18,1,8,1.452
3,14.83,1,3,0.912
0,16.83,1,5,4.377
2,0.89,0,10,0.029
2,15.79,0,8,0.462
1,6.63,0,20,0.649
0,25.48,1,0,5.451
0,28.64,1,2,6.768
2,5.81,0,17,0.154
1,5.97,0,13,0.419
0,17.15,0,13,3.815
4,28.68,1,1,0.06
4,26.82,1,1,0.052
4,20.54,0,23,0.021
0,6.32,0,21,0.963
1,7.8,1,0,0.594
2,20.45,1,21,0.999
3,22.84,1,17,0.954
4,8.1,1,7,0.013
3,27.97,0,14,1.964
0,2.02,0,23,0.406
0,11.92,0,7,1.499
0,7.21,1,7,1.295
3,24.61,1,14,1.001
4,25.88,1,1,0.022
2,16.85,0,23,0.507
2,20.58,1,9,1.005
1,26.9,0,1,2.602
1,24.97,1,18,2.575
1,28.49,0,23,2.086
4,25.29,0,17,0.026
4,12.5,1,18,0.026
4,13.73,0,1,0.01
1,11.14,0,0,1.174
4,28.0,0,13,0.029
2,25.93,0,13,0.618
0,15.61,0,19,2.676
1,27.42,1,3,2.283
4,29.38,0,4,0.033
0,23.18,0,5,4.999
0,16.01,0,14,3.309
4,14.42,0,15,0.012
3,23.39,0,6,0.824
2,15.61,1,23,0.534
4,24.61,0,12,0.017
2,27.39,1,0,1.227
1,12.93,1,13,1.451
3,7.93,0,22,0.245
1,12.6,0,3,0.804
1,19.52,0,9,1.973
4,22.21,0,0,0.021
2,19.68,0,18,0.702
0,17.18,0,11,4.581
4,13.46,0,9,0.016
2,4.56,1,9,0.198
3,9.35,1,4,0.743
4,18.75,1,9,0.025
3,18.25,0,23,1.145
4,7.69,0,14,0.01
1,17.91,1,17,1.916
1,16.95,0,19,1.475
0,7.46,1,19,1.416
2,4.77,0,16,0.179
4,6.06,1,6,0.012
2,17.19,0,18,0.791
3,24.14,0,10,0.975
2,9.72,1,1,0.571
2,12.87,0,17,0.458
4,21.84,0,20,0.027
3,29.05,0,19,1.136
3,14.72,1,19,0.565
4,21.08,1,19,0.012
3,17.6,0,2,1.122
1,12.29,0,9,1.16
0,2.5,0,14,0.616
2,9.34,0,15,0.266
4,11.2,0,9,0.012
4,11.94,1,10,0.017
2,2.54,0,15,0.1
0,24.35,1,14,5.365
2,16.66,1,2,0.889
2,9.84,0,13,0.296
2,22.66,0,22,0.927
3,14.58,0,7,0.501
0,2.31,0,10,0.648
1,7.88,1,3,0.546
3,7.02,0,12,0.371
4,17.72,1,5,0.04
4,1.17,0,10,0.01
4,20.16,1,4,0.021
0,24.15,1,21,5.099
1,4.33,0,14,0.432
1,8.34,1,0,0.575
0,10.83,1,23,2.331
2,1.33,1,16,0.06
0,6.36,0,23,0.952
1,7.09,1,14,0.732
2,7.1,0,22,0.256
1,17.29,0,2,1.457
0,21.03,1,17,5.699
1,4.59,0,11,0.44
2,7.7,0,13,0.172
4,26.9,0,20,0.046
3,24.57,1,16,1.252
4,10.49,1,15,0.01
1,8.41,1,4,0.925
4,2.95,0,3,0.01
4,13.1,1,15,0.022
3,27.22,1,6,0.923
2,2.54,0,5,0.057
4,9.42,0,19,0.01
1,29.66,0,10,3.109
2,5.01,0,9,0.164
4,24.32,0,4,0.026
4,17.49,0,12,0.013
3,14.18,0,19,0.776
0,24.63,1,21,3.977
3,6.18,0,14,0.391
4,19.03,1,17,0.04
1,15.25,1,5,1.287
0,25.91,1,12,5.442
1,7.52,1,17,0.966
4,12.67,0,11,0.021
0,12.0,1,7,2.425
1,1.67,0,10,0.143
0,6.86,0,8,1.568
1,7.32,1,4,0.759
0,10.17,0,23,1.939
4,29.45,0,3,0.019
2,19.62,1,20,1.023
3,15.27,1,14,0.53
2,16.9,0,13,0.438
1,16.09,1,5,1.523
4,19.66,1,16,0.028
0,21.16,0,5,5.099
3,15.51,0,1,0.656
4,13.19,1,6,0.031
1,13.49,1,13,1.064
4,24.96,1,0,0.03
0,5.51,0,11,1.544
1,3.85,1,14,0.319
3,20.13,0,8,0.672
4,24.39,0,5,0.037
0,16.79,0,22,3.116
0,26.05,0,2,5.876
1,27.44,0,1,2.257
3,3.92,1,1,0.212
0,12.08,1,22,2.002
2,4.02,0,8,0.12
3,17.59,0,12,0.871
0,23.92,1,18,6.188
1,17.09,0,1,1.244
2,11.18,1,7,0.589
4,14.2,1,13,0.022
1,8.27,1,23,0.708
2,13.02,1,13,0.615
1,20.56,0,11,1.597
3,12.11,0,10,0.82
2,5.07,1,14,0.264
3,18.78,0,17,0.785
0,25.05,1,14,4.273
4,9.24,1,10,0.01
4,2.41,1,5,0.01
1,27.83,1,1,1.981
0,24.86,1,11,7.473
1,22.08,1,10,2.397
4,16.4,0,11,0.013
2,3.24,1,18,0.111
1,29.22,1,9,3.203
2,3.14,1,7,0.108
4,2.07,1,23,0.01
3,17.27,0,22,0.999
0,1.65,0,21,0.414
0,17.23,1,0,3.042
4,5.85,0,20,0.01
1,17.03,0,19,1.215
2,20.53,1,10,0.669
3,17.0,0,7,1.143
2,9.68,0,3,0.293
0,1.0,0,10,0.232
2,8.74,0,2,0.453
2,16.88,1,17,0.685
0,4.81,1,22,0.696
1,18.12,1,9,1.842
0,29.49,1,12,5.993
2,13.59,0,19,0.566
2,11.79,0,0,0.38
4,19.95,1,14,0.019
3,18.51,1,2,1.139
3,14.43,1,15,1.105
3,20.48,0,1,1.142
0,22.89,0,1,3.182
4,28.75,1,7,0.032
1,26.8,0,10,2.464
1,5.87,0,7,0.47
0,25.55,1,22,3.894
2,24.61,1,10,0.761
1,17.52,1,22,1.892
2,8.19,1,23,0.234
0,29.3,0,9,7.481
1,15.86,0,3,1.386
1,22.64,0,6,2.195
2,12.96,1,4,0.622
0,13.59,0,10,3.266
2,6.47,1,18,0.176
4,13.72,1,18,0.014
2,24.68,0,4,0.556
0,8.71,1,10,1.499
1,20.62,1,7,1.593
3,29.48,0,19,1.654
0,14.89,0,4,3.936
0,12.58,0,6,2.401
1,18.8,0,1,1.226
4,27.17,1,23,0.061
3,24.83,1,10,0.826
4,14.2,0,14,0.01
0,12.0,0,17,1.807
3,26.22,1,21,0.999
3,26.97,0,4,1.693
3,28.93,1,18,1.527
0,15.28,0,21,4.005
2,7.13,1,0,0.396
2,20.46,1,12,0.656
0,4.0,1,15,0.906
4,17.52,1,8,0.027
1,12.5,0,18,0.927
1,24.27,0,16,2.464
4,15.21,0,16,0.021
4,5.58,0,1,0.01
1,7.26,0,11,0.562
4,14.2,0,1,0.027
3,18.55,0,6,1.137
4,7.79,1,23,0.016
2,7.83,1,18,0.192
0,22.38,0,15,5.284
2,12.32,0,7,0.345
0,7.0,0,21,1.219
0,8.07,1,8,1.995
3,1.3,1,1,0.048
0,10.11,0,23,2.723
4,11.54,0,12,0.018
1,21.36,1,18,2.755
4,17.47,0,2,0.025
2,3.01,1,16,0.094
1,18.04,0,9,1.966
3,23.95,1,10,1.768
1,4.41,0,7,0.455
4,7.67,0,4,0.01
2,15.4,0,19,0.672
2,29.35,1,8,1.094
0,20.47,1,9,6.803
4,16.68,0,19,0.013
4,29.11,0,0,0.045
0,15.26,0,2,3.409
3,22.31,1,5,1.078
4,18.47,0,7,0.01
2,19.29,0,12,0.438
3,4.8,0,15,0.317
0,12.88,1,13,2.879
4,2.83,0,5,0.01
1,5.99,0,21,0.692
1,29.47,1,2,3.121
3,18.61,0,22,1.046
4,23.89,0,11,0.021
1,25.17,1,17,1.925
3,9.45,1,17,0.46
4,24.72,1,6,0.016
2,10.93,1,17,0.578
4,18.78,0,7,0.011
2,23.71,0,6,1.113
3,2.65,0,19,0.153
4,25.1,0,20,0.03
3,14.43,1,4,0.869
0,10.76,1,15,1.635
4,25.69,1,14,0.049
3,11.44,0,5,0.37
2,14.05,1,9,0.628
4,24.83,1,20,0.047
4,9.64,0,6,0.015
1,14.14,1,14,1.209
4,12.37,1,22,0.017
0,5.04,1,12,0.956
1,9.23,1,22,0.583
2,6.78,0,6,0.154
4,23.16,0,21,0.044
1,6.36,0,13,0.563
4,7.92,1,3,0.01
0,23.42,1,15,6.292
1,12.5,0,4,0.884
3,8.65,0,17,0.527
1,21.69,0,15,1.936
3,18.34,1,14,1.099
4,21.21,0,17,0.012
2,15.55,1,2,0.653
1,28.75,0,11,2.845
2,7.19,0,17,0.218
4,20.87,0,3,0.037
3,12.52,0,21,0.603
1,14.48,0,2,1.082
3,13.75,1,0,0.562
1,22.53,1,6,1.781
1,19.59,1,16,1.894
0,13.77,1,9,3.708
4,11.13,1,17,0.01
0,8.03,1,0,2.038
2,21.22,0,4,0.718
0,27.34,0,7,5.205
3,7.84,0,16,0.296
2,4.66,0,15,0.1
2,25.4,1,14,0.954
4,9.64,0,1,0.013
4,27.95,0,23,0.057
2,27.61,0,17,1.21
4,26.74,0,6,0.046
1,10.49,0,7,0.974
2,12.52,1,17,0.721
0,15.82,0,16,3.967
2,11.57,0,1,0.391
1,19.96,1,4,2.137
3,13.72,1,6,0.975
1,6.07,0,6,0.372
1,4.5,0,3,0.451
1,23.43,0,19,1.731
4,13.59,0,10,0.019
4,24.69,1,20,0.038
2,14.52,1,10,0.46
2,29.02,0,22,1.202
2,7.52,0,5,0.337
1,23.13,1,15,1.87
2,16.52,0,13,0.353
4,8.14,0,19,0.015
2,12.1,0,7,0.31
3,16.21,1,11,0.765
2,11.08,0,8,0.412
3,11.64,0,13,0.688
1,18.56,1,6,1.242
0,13.55,0,23,1.957
2,7.96,1,12,0.317
0,0.96,0,6,0.256
1,23.27,1,12,2.539
4,17.69,1,6,0.021
4,18.18,0,13,0.016
1,23.04,1,9,3.056
3,25.72,1,16,1.828
0,4.86,1,14,1.424
1,4.99,0,8,0.38
2,15.7,0,19,0.361
0,0.7,1,3,0.191
1,10.84,0,18,1.166
0,11.78,0,4,3.018
2,21.98,0,17,0.531
1,8.01,0,17,0.788
3,11.48,1,10,0.849
2,23.56,1,16,0.497
1,16.49,0,6,1.197
0,18.61,1,23,4.204
0,23.63,0,4,4.87
1,16.81,0,22,1.617
3,28.77,1,0,1.665
3,5.74,0,13,0.278
1,8.97,1,16,0.933
4,14.84,1,23,0.029
3,2.9,1,22,0.144
4,21.21,0,17,0.039
2,19.49,0,11,0.909
4,25.62,1,7,0.058
4,16.94,1,22,0.027
4,10.76,0,5,0.016
3,28.83,0,20,1.555
0,12.78,1,10,2.339
3,23.92,0,11,1.498
3,5.58,1,4,0.317
3,20.4,0,23,0.805
1,6.1,1,9,0.779
1,10.54,1,13,1.057
3,24.85,1,22,1.639
3,6.54,1,15,0.448
4,22.35,1,11,0.049
0,21.21,1,14,3.379
4,6.79,0,8,0.01
0,13.81,1,16,3.057
0,19.13,1,6,3.558
2,7.06,0,1,0.206
1,15.14,1,14,1.528
2,2.92,0,12,0.157
1,18.49,1,8,1.608
2,26.81,1,4,1.306
1,21.97,0,8,1.732
0,2.83,0,6,0.399
1,8.95,1,12,0.707
4,2.35,1,1,0.01
1,28.71,1,10,3.153
4,22.96,1,16,0.05
0,26.96,0,23,4.19
1,18.31,1,12,1.646
1,17.14,0,10,1.46
1,22.85,0,16,2.203
0,23.31,1,4,6.619
4,22.84,1,10,0.028
3,25.86,1,23,1.929
3,3.77,1,14,0.317
3,19.38,0,19,1.271
4,17.77,0,5,0.011
0,22.95,1,0,5.129
4,7.17,0,19,0.01
0,15.93,1,10,4.654
1,8.58,1,10,0.878
2,17.17,1,14,0.562
3,26.62,1,0,0.961
4,1.42,0,7,0.01
3,24.95,1,18,1.304
0,10.41,0,7,2.368
2,19.64,0,18,0.927
3,2.61,0,16,0.165
2,11.58,0,10,0.252
2,28.6,0,5,1.078
3,8.83,0,21,0.627
3,11.59,0,11,0.753
0,12.01,0,2,2.184
3,14.77,0,0,0.756
0,4.83,0,5,1.047
3,4.56,0,0,0.238
2,14.75,0,0,0.556
0,16.71,0,2,2.844
4,10.05,1,12,0.023
0,14.61,1,23,3.179
4,9.04,0,10,0.01
3,12.28,0,22,0.711
1,9.19,0,6,0.634
3,2.69,0,22,0.17
1,14.93,1,10,1.331
3,17.09,1,3,0.92
2,26.91,0,16,1.385
0,15.72,0,5,2.21
4,4.28,1,15,0.01
2,29.92,1,17,1.136
0,21.16,0,0,4.925
2,17.04,1,17,0.497
1,29.32,1,6,2.952
3,25.75,0,20,1.529
3,16.91,1,17,0.633
1,8.49,1,6,0.894
0,8.77,0,16,1.174
4,28.24,1,11,0.032
0,16.29,0,6,2.104
1,7.99,1,18,0.995
4,10.97,0,19,0.013
1,8.27,0,4,0.743
2,11.16,0,8,0.33
4,1.23,1,22,0.01
4,28.21,0,17,0.023
4,18.96,0,8,0.028
1,0.96,1,8,0.117
3,25.76,0,17,1.034
4,6.37,1,6,0.01
4,13.78,1,10,0.031
2,6.42,1,18,0.274
1,13.46,0,20,1.449
2,18.01,1,23,0.439
1,15.8,1,12,1.772
0,29.55,1,19,9.048
0,2.11,0,19,0.435
0,27.35,1,8,5.055
1,9.99,0,9,0.674
4,16.27,0,6,0.012
0,3.11,0,3,0.608
0,29.65,1,13,5.517
4,6.04,0,20,0.012
2,0.62,0,0,0.029
1,16.65,0,5,1.721
3,29.0,1,14,0.962
1,25.44,1,1,2.602
1,0.84,1,5,0.093
3,18.96,0,20,0.778
3,25.57,1,2,1.886
1,27.19,1,3,2.257
4,20.17,1,17,0.02
1,28.3,0,23,2.473
1,16.16,0,16,1.581
1,9.64,0,10,0.948
4,18.26,1,20,0.035
1,3.3,1,16,0.279
3,7.0,0,18,0.392
1,23.97,1,2,2.618
3,5.78,0,8,0.264
0,18.36,0,15,3.976
2,20.49,1,2,0.672
2,10.49,1,0,0.488
0,6.8,1,16,1.007
1,22.78,0,4,1.47
3,23.69,0,9,1.228
2,19.74,0,20,0.529
0,2.25,1,15,0.472
0,25.37,1,12,4.579
2,7.16,1,1,0.341
2,7.29,0,22,0.159
3,22.92,1,15,1.178
1,28.99,0,7,2.175
3,10.29,1,14,0.731
3,4.3,1,10,0.187
2,8.78,0,17,0.229
2,13.33,1,1,0.628
1,1.59,1,3,0.172
2,25.29,0,3,0.842
1,26.41,1,16,1.779
1,11.14,0,19,1.063
0,20.6,0,14,3.823
2,16.72,0,0,0.391
0,14.66,1,0,3.365
3,19.68,0,6,1.161
2,0.74,1,22,0.023
2,16.34,0,15,0.62
3,4.65,1,17,0.183
3,6.6,1,18,0.295
0,16.85,1,13,2.923
0,25.02,1,10,4.192
4,19.17,0,13,0.02
3,2.97,1,11,0.21
1,10.44,0,17,1.199
2,14.78,1,10,0.416
0,2.71,1,6,0.666
4,4.82,1,12,0.01
1,11.9,1,4,1.19
3,27.15,1,17,1.5
2,17.92,1,17,0.472
0,17.55,0,20,2.669
4,10.77,0,20,0.01
0,27.63,0,1,6.644
0,8.81,0,22,2.155
3,13.61,0,1,0.849
0,13.74,0,4,1.982
4,10.94,1,12,0.011
3,21.54,0,12,0.713
4,20.86,0,5,0.029
1,29.88,1,7,2.821
0,6.1,1,23,1.502
4,23.62,0,10,0.045
3,0.7,0,14,0.028
0,15.3,0,23,2.199
1,17.43,1,1,1.42
2,8.27,1,21,0.248
4,4.32,0,21,0.01
1,27.1,0,15,1.75
2,5.86,0,13,0.122
3,14.25,1,21,1.036
0,23.16,0,16,3.611
3,28.72,0,14,1.175
3,1.62,1,5,0.122
1,10.0,0,18,1.121
3,22.47,1,11,1.236
0,12.05,1,9,2.035
1,13.34,0,11,0.968
2,20.21,1,17,0.499
4,0.77,0,18,0.01
1,18.25,1,14,1.385
4,26.09,0,13,0.027
3,6.66,0,1,0.339
0,28.75,0,18,5.338
2,20.43,1,2,0.702
3,7.64,0,15,0.432
4,7.58,0,13,0.01
1,2.04,1,14,0.172
2,20.96,1,19,0.883
0,8.07,1,5,1.657
0,5.57,0,15,1.273
1,12.3,1,21,1.099
0,8.16,0,7,1.469
3,16.85,1,14,0.954
1,16.24,1,21,1.637
0,2.16,0,17,0.549
3,10.28,1,20,0.61
2,9.73,1,16,0.451
1,18.9,0,7,1.468
2,23.78,1,23,0.594
2,8.78,1,14,0.376
2,6.44,0,0,0.257
4,13.19,1,21,0.019
2,22.45,0,6,0.516
4,11.91,0,0,0.016
3,6.85,0,18,0.359
1,23.86,0,4,1.791
1,9.55,0,3,0.938
0,22.63,1,1,6.533
4,11.83,1,7,0.013
3,1.81,1,20,0.116
2,26.52,0,9,1.205
2,13.66,0,5,0.544
2,13.47,1,6,0.495
3,11.39,1,18,0.667
4,16.52,0,0,0.01
4,20.56,1,11,0.018
3,25.65,1,23,0.859
0,12.79,1,5,2.457
0,27.08,1,10,5.803
4,10.05,0,2,0.016
0,22.55,0,15,3.497
3,20.29,1,2,0.706
1,10.87,1,17,0.872
2,0.73,0,7,0.024
4,22.9,0,1,0.027
0,15.9,0,0,2.682
4,25.11,0,15,0.025
0,7.6,0,10,1.469
0,3.86,0,8,0.784
1,26.54,0,4,2.138
3,8.1,0,9,0.302
1,18.56,1,8,2.304
0,14.46,1,22,3.019
2,22.08,0,21,0.432
4,12.13,1,23,0.02
4,6.17,1,12,0.01
3,26.87,1,23,1.936
1,5.09,0,23,0.374
4,15.9,1,11,0.025
0,18.63,1,17,4.304
2,8.46,0,3,0.221
4,3.59,0,23,0.01
3,5.33,0,21,0.305
2,25.25,0,18,0.752
2,23.05,0,8,0.539
2,24.85,1,8,0.805
0,21.47,0,3,3.307
3,13.48,0,7,0.865
2,19.1,1,16,0.823
1,26.96,1,16,2.121
3,3.22,1,10,0.169
4,4.74,0,15,0.01
3,6.19,0,20,0.258
2,29.51,0,13,1.323
4,20.5,0,6,0.016
1,20.22,1,18,1.922
2,16.12,1,16,0.642
1,23.31,0,2,1.88
2,22.89,1,8,0.971
2,14.08,1,5,0.679
2,21.05,0,12,1.039
4,6.18,1,6,0.012
1,22.31,0,12,1.601
0,17.66,1,16,3.05
0,7.86,0,17,1.859
1,2.03,0,15,0.214
0,3.73,0,7,0.782
4,5.08,1,12,0.01
2,15.76,0,10,0.568
1,10.04,1,23,0.918
1,24.07,0,12,2.348
0,29.52,1,21,7.462
2,4.64,1,17,0.222
3,20.52,1,21,1.48
3,26.58,1,16,1.643
0,5.44,0,23,1.337
0,17.69,1,8,3.294
3,12.84,0,15,0.398
2,6.27,1,23,0.289
3,20.2,1,18,1.223
3,15.44,1,15,1.121
3,24.33,0,21,1.516
4,8.16,0,8,0.01
2,25.01,0,22,1.031
4,25.37,0,22,0.047
0,27.09,0,16,5.631
2,14.74,1,22,0.402
3,3.06,0,16,0.126
3,16.88,0,9,0.851
0,25.35,1,5,6.177
4,18.8,1,14,0.019
1,0.63,0,14,0.052
2,3.98,0,13,0.173
0,3.82,1,15,0.624
1,7.61,1,12,0.705
1,6.37,0,18,0.64
0,12.39,0,13,1.734
3,23.98,1,4,1.238
4,17.56,1,6,0.031
4,11.33,1,4,0.025
0,23.77,1,5,3.686
0,3.87,1,19,1.148
3,6.88,0,12,0.396
1,10.36,1,11,0.988
1,7.86,1,7,0.71
1,12.31,1,8,1.601
0,1.32,0,18,0.253
0,9.24,1,23,2.079
0,29.71,1,17,6.046
0,14.93,1,10,2.439
0,20.68,1,15,4.216
1,2.65,0,17,0.306
2,15.58,0,14,0.574
3,23.36,1,13,0.894
3,9.71,1,6,0.557
0,15.31,1,20,4.403
2,25.64,1,0,0.995
4,19.93,1,15,0.024
0,11.33,0,8,1.61
4,11.43,1,11,0.016
4,24.5,0,3,0.033
4,0.66,1,20,0.01
0,24.94,0,12,3.551
0,18.51,0,11,4.69
1,20.97,0,18,1.709
2,26.17,1,14,1.453
2,18.19,0,3,0.884
4,7.21,0,15,0.01
3,21.83,1,9,1.218
1,27.7,1,6,2.439
0,22.72,1,14,5.841
3,11.13,0,2,0.396
1,25.51,1,4,2.498
4,10.2,1,3,0.01
2,0.78,0,10,0.022
4,13.6,0,10,0.01
1,29.17,0,8,2.134
4,16.12,1,17,0.012
4,10.54,0,21,0.018
4,11.16,1,8,0.01
2,26.56,1,13,0.749
4,13.39,0,19,0.026
3,11.81,0,15,0.725
4,7.29,1,21,0.011
0,15.63,0,20,3.847
2,27.24,1,14,0.69
2,5.92,1,12,0.319
4,12.91,1,4,0.01
3,19.79,1,19,1.521
1,13.51,1,18,1.629
3,29.76,1,23,1.573
3,29.05,1,2,1.857
2,11.14,0,0,0.34
1,14.94,1,21,1.553
3,26.49,1,18,1.287
2,13.59,1,6,0.489
1,4.29,1,16,0.355
3,20.22,1,3,0.971
1,24.63,1,3,2.411
0,25.98,0,0,4.707
1,26.49,1,6,2.183
1,3.07,1,11,0.364
1,13.16,0,16,1.222
1,28.26,0,18,2.301
0,11.28,1,8,3.213
3,16.79,0,21,0.568
1,17.65,1,6,1.844
2,15.47,1,17,0.563
1,25.09,1,10,1.888
2,13.53,1,7,0.359
0,27.04,0,17,5.234
0,17.25,1,15,2.268
3,23.73,0,19,0.886
3,27.05,0,6,0.956
4,28.09,1,2,0.021
4,12.77,0,13,0.027
1,1.43,1,7,0.123
1,25.85,1,15,1.868
3,4.65,0,2,0.32
4,12.36,1,8,0.019
3,4.03,1,1,0.279
3,27.74,1,12,1.578
1,16.85,0,22,1.187
4,26.19,0,23,0.049
0,29.17,1,0,4.57
2,22.42,0,1,1.018
0,16.67,1,19,3.705
1,13.98,0,1,1.106
4,28.13,0,11,0.04
1,10.25,0,12,0.759
4,6.53,1,10,0.01
3,25.57,0,23,1.422
3,22.26,0,22,0.917
2,11.94,1,10,0.626
3,21.12,0,11,0.811
0,10.04,1,21,2.403
1,10.45,0,19,1.16
2,7.9,1,11,0.257
2,6.3,0,13,0.216
2,6.99,1,4,0.223
3,24.32,1,13,1.128
3,20.89,1,3,1.337
0,24.98,0,12,4.731
0,18.37,1,4,4.72
2,18.24,1,11,0.709
0,4.38,0,11,1.271
0,28.35,0,1,3.841
4,17.96,1,21,0.035
3,28.65,0,19,1.836
4,21.66,0,6,0.042
3,18.72,1,18,1.244
3,3.35,0,9,0.108
3,26.39,0,15,1.926
0,12.62,1,15,2.394
0,15.6,1,2,3.901
1,11.7,1,11,1.078
4,25.12,0,22,0.017
4,14.59,0,16,0.018
2,14.01,1,23,0.611
4,23.17,0,22,0.015
1,28.62,0,12,3.002
3,1.62,1,23,0.084
1,20.63,1,16,1.429
3,14.14,0,19,0.669
0,2.68,1,4,0.545
3,13.74,0,18,0.448
2,18.98,1,6,0.577
2,15.94,1,19,0.388
1,22.35,1,12,1.779
2,19.08,0,3,0.848
2,6.34,0,21,0.298
4,10.14,0,23,0.01
2,3.08,1,8,0.15
1,16.27,0,9,1.531
3,10.01,0,22,0.664
1,15.88,0,13,1.478
2,12.66,1,0,0.503
4,28.31,1,12,0.059
4,12.95,0,16,0.028
1,28.38,1,19,2.927
1,12.77,0,18,1.415
2,27.59,0,2,1.43
1,1.3,1,17,0.118
0,29.4,0,2,6.918
0,13.72,0,12,3.249
3,23.13,0,16,0.763
4,12.81,0,13,0.023
2,7.69,1,10,0.407
0,27.45,0,8,6.28
0,19.87,0,2,3.962
1,5.23,0,14,0.545
4,8.65,1,23,0.013
3,5.91,1,21,0.335
3,16.97,0,18,0.916
3,7.7,1,23,0.386
4,15.07,1,4,0.029
1,6.13,1,14,0.631
2,23.48,1,11,1.077
4,12.46,1,5,0.01
2,11.32,0,23,0.527
2,28.62,1,4,0.767
0,21.6,1,13,3.302
4,1.92,0,15,0.01
4,6.4,0,19,0.01
1,10.61,1,0,1.07
1,16.98,1,15,1.624
0,29.42,1,6,4.897
1,13.73,1,9,1.283
0,25.39,0,15,5.749
1,12.76,1,6,1.051
1,19.45,0,2,1.353
4,21.03,1,8,0.044
1,9.76,1,19,1.062
2,1.07,0,14,0.037
3,15.56,0,17,0.825
1,10.97,0,8,1.271
4,19.99,1,19,0.028
1,13.97,0,22,0.985
0,27.8,1,13,7.308
3,16.73,1,1,0.721
4,26.98,1,12,0.052
3,10.23,1,14,0.573
0,2.88,1,23,0.56
0,6.09,0,1,1.094
0,28.95,0,9,4.342
4,19.59,1,10,0.016
0,20.34,0,9,3.685
0,28.76,0,2,7.105
2,10.77,0,4,0.481
0,25.31,0,0,3.364
4,25.92,0,5,0.02
3,2.13,1,23,0.148
2,0.75,0,22,0.026
0,27.81,1,2,4.025
0,14.36,1,2,3.714
1,8.72,0,6,0.661
2,27.71,1,15,1.061
2,8.11,0,6,0.168
1,3.84,1,21,0.387
2,1.28,1,20,0.05
1,2.76,1,16,0.26
1,2.49,0,13,0.198
1,8.37,1,12,0.7
0,13.57,1,8,2.84
4,0.84,0,5,0.01
3,26.89,0,7,1.806
2,13.72,1,2,0.622
2,10.21,1,9,0.582
3,28.63,1,16,1.139
2,12.92,0,6,0.596
2,12.44,1,7,0.466
0,11.15,1,4,1.952
3,20.73,0,19,1.472
0,27.01,1,4,7.206
1,3.5,0,9,0.243
0,19.13,0,4,3.381
4,28.68,0,3,0.053
3,16.22,0,14,0.653
0,10.49,1,13,2.626
4,15.96,1,2,0.024
2,14.45,0,0,0.571
3,15.18,0,11,0.82
1,1.86,0,16,0.149
3,18.05,0,22,0.967
2,7.55,0,20,0.23
0,28.91,0,16,5.797
0,4.73,1,13,0.824
0,6.1,1,4,1.281
2,14.26,1,13,0.493
0,23.89,1,13,4.05
3,24.19,1,22,0.881
2,19.6,1,3,0.783
2,3.94,0,3,0.16
4,4.29,1,16,0.01
2,6.25,0,17,0.292
3,7.23,1,0,0.364
1,17.09,0,1,1.272
4,28.11,0,14,0.017
1,16.71,0,9,1.394
2,24.0,0,11,1.001
3,18.7,1,23,1.102
1,8.18,1,10,0.779
1,26.74,0,10,2.868
4,24.83,0,6,0.039
0,13.52,1,7,3.39
2,9.74,1,13,0.383
3,9.85,1,22,0.648
4,14.64,0,10,0.01
2,2.67,0,15,0.054
4,25.01,0,5,0.019
4,12.91,0,5,0.023
1,10.67,1,1,1.13
2,28.62,1,23,1.153
3,16.77,0,6,0.75
4,15.57,1,8,0.023
4,28.07,0,6,0.035
0,3.81,0,5,0.45
0,20.83,0,0,3.23
2,16.6,0,6,0.471
4,26.7,0,9,0.036
0,22.95,0,12,3.111
3,3.65,1,4,0.266
4,19.97,1,19,0.014
4,4.23,0,17,0.01
0,10.6,1,15,2.065
2,19.48,1,12,0.875
4,8.36,1,13,0.01
3,19.82,0,17,0.836
4,11.41,0,18,0.014
4,29.33,0,17,0.023
3,2.15,0,15,0.133
2,25.12,0,19,0.938
1,8.3,1,7,0.703
2,1.65,0,2,0.088
3,11.0,1,19,0.715
1,21.21,0,8,1.773
2,4.83,0,8,0.162
2,26.83,0,8,0.755
1,23.92,1,19,1.89
4,15.29,0,4,0.026
2,29.17,0,6,0.943
4,26.1,1,12,0.048
3,1.71,1,15,0.069
1,7.64,1,1,0.644
2,29.68,0,20,0.683
2,9.23,0,13,0.439
4,28.13,1,16,0.028
1,21.97,1,11,2.781
3,4.42,0,12,0.177
4,26.11,1,22,0.038
1,16.37,0,4,1.143
4,15.26,1,14,0.034
0,25.36,0,13,4.554
2,15.41,0,12,0.333
0,25.51,0,5,4.27
0,27.05,0,17,6.346
4,23.15,0,0,0.048
2,6.12,0,17,0.206
0,2.71,0,4,0.37
2,18.15,1,13,0.419
2,23.77,1,1,0.565
3,26.65,1,23,1.523
0,25.58,0,6,5.143
0,16.3,0,11,3.913
3,5.11,1,22,0.244
4,14.45,1,18,0.021
2,7.19,0,18,0.235
4,20.52,0,7,0.015
1,4.85,0,5,0.463
3,20.31,1,16,1.204
2,27.19,1,11,1.343
2,1.02,0,17,0.046
1,4.5,1,14,0.409
0,19.81,1,5,4.948
2,16.91,0,6,0.714
3,3.34,1,4,0.117
2,23.47,0,11,0.955
1,21.64,1,7,2.105
0,22.78,1,2,3.061
1,28.04,0,7,2.787
1,12.71,0,23,1.109
2,25.18,0,14,0.56
3,13.94,1,5,0.884
4,1.94,0,23,0.01
2,0.87,1,14,0.021
3,15.7,0,7,0.663
3,19.79,1,16,1.148
2,5.96,1,10,0.306
1,25.81,1,18,2.325
3,11.67,1,8,0.783
2,8.41,0,14,0.388
1,27.35,0,15,2.018
0,28.22,0,4,5.511
0,8.01,0,11,2.259
1,17.99,0,6,1.164
2,28.82,1,0,0.999
0,15.48,0,11,4.137
4,12.06,0,9,0.024
0,6.15,0,12,1.326
4,9.79,1,16,0.012
4,20.48,1,5,0.021
2,16.7,1,16,0.741
0,16.45,1,22,2.993
4,16.23,0,8,0.01
4,29.78,1,8,0.052
4,28.91,1,19,0.032
3,13.6,0,7,0.415
4,29.66,1,10,0.047
2,12.07,1,8,0.592
4,19.11,0,10,0.037
2,1.84,0,14,0.055
4,12.41,1,17,0.016
4,13.62,1,12,0.016
4,16.45,1,14,0.022
4,19.32,0,5,0.016
3,21.42,0,21,1.419
0,3.26,1,1,0.788
3,29.34,1,17,1.363
2,13.68,0,21,0.379
2,5.4,0,14,0.273
4,18.02,1,7,0.014
2,24.66,1,17,0.708
0,26.22,0,9,6.034
4,4.09,0,9,0.01
1,28.29,1,16,2.333
1,4.58,0,22,0.337
0,25.99,1,11,5.633
0,22.91,1,16,5.74
4,3.42,0,1,0.01
1,12.77,1,1,1.079
0,7.9,0,3,1.797
2,14.14,1,6,0.489
2,11.31,1,15,0.581
0,24.05,0,7,4.444
3,16.52,1,11,0.896
1,10.67,1,10,1.003
2,14.88,0,15,0.391
1,27.7,1,7,2.721
4,20.74,1,2,0.019
0,21.1,1,8,6.755
4,14.2,0,23,0.01
4,5.33,1,13,0.01
1,13.88,0,5,0.947
4,13.87,0,1,0.022
3,6.14,0,0,0.343
2,21.28,1,19,0.633
3,5.26,0,11,0.201
1,27.59,1,5,2.698
4,27.91,0,5,0.041
1,28.42,0,8,2.887
3,1.84,1,16,0.074
0,8.91,0,20,1.625
0,5.8,1,1,0.965
3,20.57,0,22,0.982
0,17.46,0,15,4.344
3,6.12,0,3,0.351
0,11.15,0,7,2.6
0,29.96,1,9,6.051
0,24.19,0,10,4.956
0,16.51,0,8,4.151
1,17.71,1,10,2.372
2,25.03,1,8,1.207
3,11.52,0,13,0.714
4,21.76,0,21,0.022
3,8.3,1,12,0.683
1,1.11,1,6,0.09
3,13.38,0,18,0.698
1,1.14,1,20,0.108
4,18.06,1,11,0.034
1,1.6,1,2,0.104
2,23.31,1,1,1.231
3,27.53,0,13,1.649
0,14.34,0,4,2.207
4,18.29,1,3,0.015
1,23.86,0,14,2.151
0,26.27,1,11,7.034
0,2.38,1,23,0.685
2,15.17,0,1,0.693
3,23.71,0,0,1.428
2,8.31,1,17,0.352
3,7.84,1,16,0.564
0,6.48,1,2,1.557
4,1.07,1,14,0.01
1,8.26,0,19,0.843
2,18.65,0,14,1.012
3,5.54,0,11,0.394
2,2.88,1,22,0.13
2,6.63,0,8,0.331
2,29.87,1,23,1.295
1,8.31,0,5,0.58
4,20.59,0,5,0.037
4,26.49,1,6,0.032
0,0.75,0,11,0.112
4,3.64,0,20,0.01
4,29.61,0,18,0.057
3,6.93,0,14,0.463
3,27.89,1,1,1.649
2,23.75,0,11,0.981
0,23.72,1,2,3.482
4,20.02,0,2,0.026
1,19.76,0,6,1.475
3,22.96,0,19,0.952
4,11.11,0,2,0.018
1,14.11,0,1,1.096
0,25.29,1,3,4.897
2,4.99,1,18,0.117
2,16.78,0,3,0.525
1,10.65,0,9,0.879
3,22.69,0,20,1.472
2,1.94,1,7,0.073
4,23.78,0,1,0.021
3,24.98,1,14,1.634
1,26.05,1,17,3.022
4,22.84,1,23,0.022
4,6.31,0,12,0.01
1,29.9,0,2,3.088
0,21.8,1,11,3.892
4,5.72,1,18,0.012
1,25.2,1,16,2.601
0,18.6,0,12,4.368
1,21.79,0,6,1.742
4,20.89,0,3,0.029
1,10.92,0,17,0.807
2,20.08,1,12,1.011
4,9.54,0,12,0.013
2,11.98,0,6,0.36
4,15.0,0,20,0.028
1,22.8,1,7,1.761
2,14.39,0,10,0.562
2,21.05,0,10,0.486
3,19.74,0,4,0.858
2,17.64,1,23,0.904
0,5.48,0,9,1.264
2,1.29,1,10,0.049
0,13.01,1,13,2.343
1,7.56,1,2,0.58
4,6.54,0,20,0.01
4,1.05,0,3,0.01
1,26.73,0,21,2.986
1,27.01,1,23,1.819
0,10.47,0,15,2.018
3,8.14,1,0,0.583
0,20.32,1,23,3.902
1,23.7,0,16,1.925
4,17.96,0,10,0.034
4,19.48,0,22,0.038
0,19.58,1,20,3.852
3,24.08,1,3,1.76
1,10.08,1,4,0.803
0,6.11,0,12,0.858
4,13.04,0,17,0.01
1,29.47,0,8,3.083
4,20.49,0,17,0.029
1,24.89,0,4,2.33
0,17.58,0,18,4.576
4,4.66,0,15,0.01
2,28.77,1,20,1.116
4,7.56,1,20,0.012
0,27.06,0,20,5.442
3,13.82,0,21,0.915
4,4.3,1,7,0.01
2,4.77,1,4,0.243
4,14.07,0,4,0.019
2,2.09,0,13,0.1
4,28.34,1,12,0.053
4,29.23,0,12,0.024
1,9.98,0,6,0.668
2,18.83,1,14,0.528
2,2.48,0,5,0.052
0,25.94,1,19,6.201
0,25.42,0,11,5.087
0,23.86,1,10,6.386
3,5.35,0,1,0.211
4,9.91,1,13,0.015
2,11.27,0,14,0.535
0,27.79,0,17,6.367
0,16.88,0,7,3.341
3,3.78,0,20,0.179
1,19.47,1,18,1.638
1,5.83,0,20,0.71
1,4.24,1,23,0.298
0,11.04,0,23,2.782
4,1.91,0,13,0.01
4,24.81,0,11,0.017
0,25.37,1,1,3.766
3,24.08,0,6,1.666
3,1.29,1,13,0.102
1,27.17,0,1,1.929
4,25.71,0,10,0.016
2,26.24,1,11,0.728
1,11.9,1,15,1.185
2,12.39,0,4,0.259
3,19.83,0,7,0.603
0,1.99,0,9,0.278
0,21.76,1,0,5.324
2,20.64,0,3,0.784
4,3.71,0,23,0.01
3,2.43,0,2,0.171
3,20.3,0,19,1.289
0,7.54,0,1,1.095
3,28.73,1,4,1.336
2,18.43,1,12,0.573
2,4.44,1,3,0.115
1,1.17,0,17,0.088
1,5.26,1,13,0.386
0,1.58,0,14,0.3
0,26.25,1,10,6.819
4,22.01,0,7,0.021
2,28.18,0,17,1.39
0,13.45,1,5,3.402
4,8.4,1,7,0.01
2,5.96,1,4,0.271
2,6.08,0,0,0.156
1,29.44,1,2,2.121
1,17.93,0,2,1.453
1,20.17,1,7,1.299
1,19.16,1,6,1.986
0,19.24,0,7,3.635
1,24.95,1,17,2.529
3,1.13,0,23,0.068
0,22.05,0,9,4.356
1,16.01,0,16,1.367
1,2.63,1,10,0.31
2,15.13,1,16,0.398
3,21.23,0,7,0.78
0,1.44,1,9,0.335
4,9.77,0,3,0.012
1,5.09,1,20,0.546
1,14.81,0,8,1.455
3,14.15,0,23,0.65
3,16.06,0,15,0.551
2,9.68,1,20,0.265
2,23.33,1,1,0.898
0,29.51,1,14,5.388
3,28.73,0,22,1.801
3,9.66,0,4,0.511
3,3.22,0,6,0.2
4,15.73,1,21,0.012
0,6.5,0,10,1.963
2,10.92,0,23,0.555
0,2.93,1,11,0.545
0,19.83,0,19,5.634
4,12.2,0,23,0.01
0,15.22,1,21,2.883
1,12.33,1,16,1.31
2,25.61,1,23,1.019
1,11.56,0,23,1.02
1,23.91,0,4,1.815
0,21.69,0,8,5.049
2,7.16,0,5,0.149
4,2.86,1,12,0.01
3,2.55,0,9,0.129
3,11.45,1,9,0.614
0,23.25,0,10,4.361
3,14.41,1,4,0.861
2,4.73,0,21,0.155
3,5.46,0,4,0.312
4,22.39,1,18,0.025
4,25.16,1,21,0.026
4,25.5,0,20,0.04
3,22.07,1,12,1.185
2,13.0,0,19,0.51
3,22.08,0,22,1.145
3,22.77,0,10,1.435
0,17.91,0,3,3.494
3,4.01,0,8,0.21
2,8.82,1,12,0.454
2,12.37,1,6,0.382
1,18.38,1,9,1.472
0,23.23,1,15,4.824
4,29.07,1,0,0.047
2,2.41,1,19,0.135
2,21.03,1,14,1.15
1,10.72,0,16,0.845
1,11.33,0,4,1.02
2,3.67,1,11,0.188
1,23.63,0,17,2.082
4,2.82,1,18,0.01
2,16.73,0,23,0.743
3,8.92,1,19,0.43
0,13.21,0,18,3.227
0,7.97,0,20,1.209
2,8.55,0,23,0.395
0,4.44,1,5,1.122
0,8.73,0,11,1.366
2,4.68,0,7,0.141
4,1.06,1,2,0.01
0,8.54,1,23,1.943
3,7.19,0,0,0.216
0,0.97,1,2,0.224
4,22.23,1,12,0.05
2,1.27,1,15,0.06
2,28.51,0,9,1.335
3,4.21,1,0,0.333
3,17.83,1,23,1.207
2,26.32,0,2,0.99
0,0.64,0,0,0.104
2,26.74,1,3,1.241
3,9.34,0,9,0.545
2,22.81,0,13,0.963
1,8.61,0,17,0.802
0,18.69,1,6,4.154
1,5.87,0,20,0.58
3,13.55,1,8,0.492
2,22.75,1,14,1.123
4,7.2,1,12,0.01
3,18.06,1,7,0.909
1,2.83,0,10,0.312
3,14.49,1,12,1.101
3,26.58,0,17,1.969
4,8.65,1,14,0.013
2,10.35,0,2,0.473
0,8.33,1,6,1.701
3,2.63,1,12,0.18
0,27.85,0,18,7.158
1,14.34,1,5,1.406
4,19.18,0,13,0.016
4,4.26,0,7,0.01
0,18.92,0,1,2.944
0,11.51,1,21,2.111
3,14.22,1,4,0.973
0,4.04,1,12,1.044
4,27.12,0,22,0.035
1,17.09,0,1,1.529
3,15.34,0,4,0.543
1,29.44,1,9,3.046
3,16.42,0,10,0.756
4,16.06,0,13,0.016
3,27.52,1,15,1.338
4,9.22,0,14,0.018
4,20.86,1,3,0.047
2,28.96,1,5,0.806
3,28.61,1,22,1.85
0,18.67,1,16,5.06
1,1.88,0,16,0.13
4,7.79,0,1,0.014
1,7.5,0,4,0.514
2,3.8,1,8,0.189
1,24.74,0,1,2.153
2,29.32,0,13,1.16
1,10.81,0,7,1.064
3,6.15,0,2,0.266
3,18.31,0,0,0.536
2,10.48,1,5,0.369
4,0.68,1,7,0.01
0,18.74,1,17,6.293
4,29.33,1,4,0.045
3,26.91,0,22,1.352
4,1.19,1,8,0.01
2,6.08,0,20,0.145
0,16.73,0,2,2.241
2,4.17,0,3,0.124
3,8.39,0,15,0.529
3,10.37,0,11,0.549
1,26.45,1,12,2.394
2,0.95,1,10,0.04
4,29.51,0,23,0.023
1,27.44,0,18,2.511
2,0.52,1,8,0.014
3,6.62,0,6,0.299
0,22.87,1,7,3.993
0,18.58,0,10,5.016
3,9.06,0,2,0.393
2,9.82,1,2,0.279
4,21.22,0,20,0.017
0,22.24,0,10,4.578
1,14.77,1,21,1.183
4,25.92,1,19,0.019
1,18.95,1,19,1.692
1,23.49,1,10,2.477
1,17.72,1,3,2.084
0,20.81,1,17,4.673
4,14.1,1,8,0.013
2,1.86,1,23,0.052
2,24.11,0,20,1.151
3,13.12,1,4,1.053
2,20.2,1,7,1.072
3,29.95,1,14,2.282
3,8.76,0,22,0.373
4,5.46,1,0,0.01
3,1.55,1,18,0.061
2,0.81,1,1,0.043
1,14.41,1,8,1.402
4,20.09,1,6,0.037
2,13.19,0,6,0.654
4,1.0,1,7,0.01
1,0.71,1,16,0.061
0,25.46,0,19,6.214
4,7.71,1,6,0.013
2,26.41,0,1,0.784
2,8.46,0,6,0.322
4,25.05,1,4,0.018
0,14.17,1,6,2.764
2,29.26,1,0,0.689
1,12.96,0,14,1.051
0,16.25,1,6,3.563
1,4.73,0,18,0.495
2,13.22,1,6,0.346
4,3.28,1,23,0.01
4,12.7,0,23,0.026
0,16.05,0,21,2.928
3,17.5,1,8,0.805
4,13.7,0,12,0.024
3,22.59,1,22,1.31
0,18.98,1,18,4.724
3,20.99,1,8,1.31
0,16.65,1,20,4.356
1,6.86,1,10,0.691
3,22.91,0,0,0.785
2,13.97,0,20,0.287
2,16.35,0,8,0.709
2,6.15,1,12,0.229
1,6.9,1,3,0.684
1,27.81,0,12,2.993
1,19.28,1,11,1.93
4,23.99,0,18,0.049
1,4.46,1,5,0.333
4,24.13,1,10,0.028
0,14.86,1,20,2.516
1,21.79,0,19,1.999
0,25.59,1,6,4.329
2,12.43,0,0,0.267
2,10.53,1,0,0.392
2,17.04,0,8,0.66
1,13.16,0,1,1.258
3,19.57,0,13,1.298
0,6.96,0,19,1.864
1,12.12,0,14,1.178
4,9.15,0,8,0.01
3,18.2,1,7,0.933
1,13.76,0,20,1.381
3,15.95,1,5,0.61
4,10.47,0,3,0.016
0,21.27,1,3,5.316
2,11.6,1,6,0.387
4,19.11,1,17,0.016
0,8.2,0,4,0.986
2,3.24,1,21,0.144
1,24.25,0,5,1.899
2,12.28,0,22,0.346
4,19.47,0,9,0.029
4,19.63,0,8,0.02
2,4.25,1,18,0.107
0,2.65,0,4,0.624
4,18.99,1,18,0.026
4,9.17,0,8,0.012
3,16.92,0,1,0.788
4,8.45,0,11,0.01
2,5.06,0,16,0.24
3,4.26,1,19,0.313
1,5.36,0,23,0.513
2,6.09,0,5,0.214
2,16.15,1,5,0.622
0,4.81,0,10,1.111
3,6.35,0,13,0.248
1,28.16,1,3,2.384
0,29.99,0,12,5.681
1,6.4,0,20,0.635
0,11.53,1,8,2.976
4,1.43,0,7,0.01
1,17.81,1,20,1.538
0,26.09,0,17,6.978
0,7.55,1,1,1.43
3,22.05,0,18,0.961
4,8.82,1,6,0.01
3,11.14,1,10,0.477
2,5.32,1,4,0.135
0,24.86,0,18,4.949
2,9.29,1,9,0.402
4,13.5,0,4,0.024
4,17.01,1,1,0.031
1,14.21,0,6,0.954
0,6.25,1,9,2.075
0,25.32,1,2,3.821
2,4.3,1,4,0.23
2,18.43,0,4,0.661
3,24.68,1,13,1.199
4,13.43,1,2,0.01
4,4.9,1,3,0.01
0,19.76,1,6,3.628
3,10.22,1,3,0.621
0,4.5,0,19,0.836
1,13.94,0,9,1.096
4,6.8,1,22,0.011
3,5.88,0,9,0.353
4,5.77,1,9,0.01
0,11.24,0,21,2.625
0,5.95,0,1,1.015
0,22.94,1,20,4.14
4,0.89,0,7,0.01
0,1.07,0,13,0.133
0,28.06,1,16,5.76
0,20.06,0,17,4.102
2,10.3,1,20,0.566
3,7.14,1,17,0.442
2,20.87,1,6,1.175
4,3.09,0,1,0.01
3,15.3,0,0,1.094
3,17.32,0,20,0.728
3,29.14,0,9,2.095
0,11.05,0,15,2.553
4,8.69,1,21,0.014
3,13.24,1,15,0.767
1,12.8,0,7,1.077
2,17.34,1,22,0.663
2,13.62,0,19,0.374
0,15.2,0,23,2.219
1,3.8,1,19,0.422
3,23.1,0,3,1.286
3,6.71,0,11,0.414
3,16.98,1,8,0.598
0,11.68,0,2,2.595
0,15.94,0,19,3.309
1,22.63,1,7,2.28
1,26.89,0,0,2.815
2,28.98,0,17,1.149
3,12.55,0,7,0.656
2,14.67,1,18,0.524
3,1.13,1,2,0.058
0,7.19,1,22,1.929
3,6.52,1,20,0.375
4,16.73,0,20,0.016
1,20.0,0,21,1.843
1,11.43,1,19,1.274
2,12.61,1,10,0.499
4,1.31,0,7,0.01
0,13.3,0,19,1.952
4,10.07,0,18,0.016
2,19.26,1,1,0.847
2,15.71,1,4,0.548
0,24.56,1,7,3.865
0,19.76,0,3,4.591
4,21.41,0,18,0.017
1,19.8,1,3,1.553
1,16.59,0,21,1.504
4,15.61,0,20,0.027
4,15.02,1,8,0.021
3,17.17,0,5,0.918
3,21.13,1,10,1.487
0,13.74,0,6,1.896
4,26.67,1,2,0.051
0,10.11,1,2,2.504
2,18.9,0,2,0.644
4,20.77,0,22,0.013
0,22.45,0,21,5.2
4,14.45,0,4,0.026
4,6.85,0,9,0.01
0,27.05,0,13,4.892
0,28.42,1,17,8.307
3,1.78,1,15,0.114
2,10.88,1,12,0.556
0,25.08,1,11,4.792
1,15.79,1,23,1.169
1,23.27,0,23,2.127
3,17.57,0,17,0.585
2,12.49,0,15,0.389
3,15.1,1,7,1.15
1,24.82,0,22,2.286
4,10.79,0,21,0.01
3,9.17,1,23,0.678
1,7.45,1,10,0.799
2,29.88,0,22,0.924
1,29.37,1,14,2.743
1,15.92,1,3,1.764
3,19.42,0,22,1.205
3,13.57,0,13,0.414
0,24.15,0,7,3.241
1,0.57,1,14,0.046
0,21.63,1,14,5.931
4,8.06,1,0,0.015
4,10.8,1,9,0.01
0,8.51,0,4,1.179
1,24.16,1,21,2.871
3,5.73,0,18,0.283
0,2.28,0,8,0.648
4,18.2,0,10,0.022
3,28.86,0,16,2.127
3,11.94,0,18,0.362
4,18.88,1,13,0.011
0,10.0,0,8,1.78
1,26.55,0,20,2.671
4,20.87,0,14,0.026
1,17.27,0,8,1.483
4,20.77,1,13,0.018
4,28.83,0,4,0.03
3,18.7,0,2,0.679
2,19.62,1,5,0.719
4,21.22,0,6,0.027
4,28.26,0,4,0.017
2,28.57,1,11,0.766
0,12.59,0,2,3.009
3,25.23,1,22,1.999
3,9.14,1,5,0.581
3,27.38,1,9,1.387
1,4.3,0,19,0.466
3,27.96,1,5,2.223
1,27.48,1,7,2.711
4,22.44,1,7,0.052
1,24.46,0,7,2.384
1,12.21,1,3,1.219
0,6.35,1,23,0.915
2,9.15,0,7,0.435
3,1.33,1,2,0.048
1,3.24,0,4,0.228
0,10.78,1,19,3.439
2,11.42,1,10,0.422
4,11.81,1,18,0.02
0,20.47,1,22,3.039
0,14.36,0,13,2.991
2,8.02,1,13,0.224
3,25.87,0,20,1.462
3,8.37,0,12,0.551
1,23.64,1,9,2.111
0,7.25,0,13,1.124
4,28.9,0,10,0.055
0,2.13,0,6,0.391
2,1.53,0,13,0.039
0,10.83,0,9,2.033
1,1.01,0,6,0.102
3,29.69,1,14,2.035
3,29.34,0,17,1.683
2,5.84,0,12,0.248
1,23.84,0,6,1.982
2,13.75,0,10,0.299
3,14.67,1,10,0.977
1,27.85,1,13,2.285
2,19.71,0,10,0.765
4,29.23,0,4,0.016
0,1.93,1,8,0.627
4,11.79,0,10,0.021
2,19.58,1,18,0.855
1,11.01,1,11,1.203
4,9.01,0,0,0.014
4,20.12,1,5,0.03
4,8.41,0,1,0.011
1,24.91,0,21,1.788
2,25.5,0,7,1.266
1,17.06,1,22,1.541
4,15.68,0,0,0.014
0,0.54,0,8,0.075
3,25.1,1,15,1.129
0,21.5,1,15,4.301
0,11.1,0,8,2.129
3,24.67,0,11,1.136
2,17.42,0,16,0.81
2,18.6,0,2,0.452
0,11.79,0,14,2.074
4,19.86,1,21,0.018
4,28.86,0,1,0.027
1,20.36,0,21,1.869
2,4.37,0,12,0.184
3,9.04,1,23,0.603
1,12.44,0,3,1.175
3,20.86,0,9,0.759
3,28.76,1,6,1.825
0,22.75,1,4,3.777
1,7.67,1,13,0.664
3,1.53,0,18,0.077
4,4.64,1,5,0.011
2,20.64,0,14,0.533
1,26.12,0,12,2.273
3,25.37,0,0,1.037
4,26.13,1,4,0.048
4,6.51,0,1,0.01
2,14.55,0,3,0.331
4,21.93,0,23,0.021
0,14.36,1,7,3.159
4,14.16,0,0,0.012
2,13.8,0,16,0.454
0,15.75,0,23,3.248
1,27.47,0,9,2.368
4,16.3,1,17,0.022
0,18.89,0,15,3.3
4,17.92,1,8,0.037
2,2.16,0,15,0.048
0,22.51,0,7,5.673
1,25.08,1,5,2.05
2,19.12,0,21,0.56
2,21.11,0,9,0.628
3,1.65,0,1,0.057
4,14.13,0,1,0.01
1,11.71,1,6,1.154
2,22.4,0,10,1.072
4,29.0,0,4,0.02
2,2.92,1,5,0.119
0,1.53,0,1,0.329
2,12.07,0,7,0.452
0,12.82,1,15,2.577
3,0.56,1,16,0.026
3,12.34,0,18,0.468
2,2.57,1,11,0.064
2,13.82,0,5,0.443
0,27.93,0,3,4.562
0,18.62,1,10,5.72
1,21.67,1,14,1.892
3,9.43,0,22,0.364
3,25.32,1,22,1.198
3,3.94,0,23,0.229
3,2.77,1,12,0.123
0,14.06,1,17,2.2
2,22.47,1,22,1.204
4,24.0,0,22,0.043
0,15.03,0,17,3.223
1,8.14,1,23,0.578
2,12.69,0,15,0.458
2,15.22,0,7,0.344
4,1.53,0,12,0.01
3,10.49,0,21,0.593
2,11.27,1,14,0.598
3,15.68,1,15,1.077
0,4.97,0,20,1.407
2,12.27,1,15,0.417
3,22.27,1,3,0.902
2,22.55,0,11,0.833
0,23.36,0,22,3.092
1,27.86,1,19,3.075
0,5.78,0,14,1.194
4,13.2,1,15,0.019
0,16.78,0,16,2.309
3,29.4,1,3,1.906
2,11.59,0,3,0.311
1,17.7,0,0,1.81
3,28.66,1,4,1.203
0,26.91,1,21,8.235
0,23.24,0,12,4.377
1,2.9,0,3,0.254
0,27.04,0,17,5.463
4,1.37,1,6,0.01
1,1.49,1,20,0.137
4,18.41,1,15,0.022
4,5.99,1,14,0.01
1,22.96,1,1,2.309
4,23.15,1,14,0.047
3,24.5,0,2,0.886
4,24.37,0,2,0.03
0,26.94,0,15,5.986
3,2.69,1,1,0.182
0,2.94,1,4,0.428
3,27.15,0,23,1.034
2,22.59,1,5,0.676
3,15.09,0,14,0.688
3,7.26,1,16,0.459
2,11.33,0,23,0.251
1,4.74,1,19,0.432
4,25.02,0,6,0.049
1,1.5,0,12,0.106
3,2.51,1,15,0.136
3,10.57,0,10,0.45
3,16.52,1,13,1.111
4,1.13,1,23,0.01
4,27.42,0,19,0.027
0,17.02,1,9,3.391
1,19.31,1,22,1.727
4,22.06,1,10,0.016
0,29.0,1,16,6.529
3,2.15,0,12,0.15
4,3.68,0,5,0.01
1,5.33,0,22,0.454
4,7.46,1,2,0.01
3,1.05,1,8,0.07
1,4.2,1,13,0.318
3,13.46,1,5,0.587
4,15.05,0,6,0.028
0,12.52,0,23,1.892
1,24.92,0,14,2.115
4,25.25,1,15,0.021
4,19.13,1,13,0.03
3,8.0,0,8,0.45
3,27.93,0,23,1.904
2,23.25,1,21,0.697
4,7.94,0,14,0.015
1,5.56,0,22,0.521
1,29.83,1,21,3.295
1,4.39,1,5,0.378
3,2.6,1,12,0.2
1,19.16,0,18,1.816
1,11.22,1,18,1.103
3,18.6,0,14,1.137
3,27.15,0,8,1.669
0,17.92,1,4,3.855
1,14.56,0,15,1.141
4,2.18,0,16,0.01
1,20.8,0,5,1.829
4,9.73,0,3,0.012
3,29.6,0,19,0.96
0,9.7,1,1,2.474
2,4.86,1,2,0.121
0,20.72,1,9,6.034
4,7.52,0,12,0.01
3,16.92,0,2,1.041
4,12.63,1,6,0.012
1,19.96,1,18,1.61
4,10.85,1,9,0.022
0,29.92,1,13,6.824
3,13.44,1,7,1.05
3,9.87,1,5,0.447
2,3.27,0,22,0.067
2,7.6,1,15,0.41
2,1.06,1,3,0.031
3,29.88,0,1,1.303
2,2.93,1,9,0.109
3,28.24,1,12,2.167
0,27.41,1,3,6.349
2,20.88,0,3,0.537
0,12.2,1,16,2.405
1,29.15,0,12,2.215
2,13.49,0,3,0.593
1,22.55,0,17,2.352
4,27.66,0,19,0.049
2,21.12,0,4,1.037
1,21.77,0,14,2.09
1,25.11,0,18,2.055
2,20.93,1,13,0.635
0,12.34,0,8,3.489
4,28.81,0,12,0.019
0,12.32,0,6,1.516
3,19.57,0,17,1.429
3,22.15,0,19,1.196
0,6.97,0,0,1.643
1,1.05,1,5,0.118
2,3.49,0,2,0.082
3,25.42,1,10,1.501
1,28.85,0,6,3.078
0,10.54,1,1,2.364
1,10.81,1,6,1.01
3,20.79,1,6,1.32
1,2.92,0,14,0.263
1,21.04,0,22,1.981
3,25.62,1,10,1.503
3,23.15,0,5,0.886
1,9.02,0,12,0.706
0,21.3,0,6,4.494
2,18.81,0,0,0.706
3,6.12,1,7,0.3
3,25.41,0,16,0.795
0,26.1,1,8,4.985
0,27.31,0,6,5.547
0,10.94,0,6,1.59
2,9.2,1,15,0.469
2,5.07,1,7,0.271
0,24.23,1,4,4.29
3,5.28,0,23,0.33
4,22.44,0,16,0.045
2,18.36,0,22,0.828
3,22.92,0,1,1.276
3,6.99,0,20,0.443
3,17.24,1,21,0.622
2,4.13,1,15,0.165
3,28.12,1,22,1.057
1,12.57,1,17,1.166
1,9.75,0,10,0.925
0,12.69,0,3,1.866
3,12.41,0,7,0.534
2,19.6,0,19,0.772
0,29.66,0,15,5.382
0,5.44,1,0,1.139
3,24.48,1,4,1.389
4,4.68,0,1,0.01
3,22.46,1,3,1.631
1,23.2,1,14,2.214
2,16.48,1,4,0.527
3,8.9,0,17,0.468
3,15.96,1,16,0.94
3,21.74,1,19,0.987
2,4.93,0,15,0.143
4,24.9,1,0,0.036
3,2.43,1,2,0.153
1,11.59,1,6,1.007
3,14.18,1,3,0.832
1,29.23,1,11,2.977
0,28.68,1,13,4.685
0,19.1,0,20,4.854
1,25.75,1,9,3.152
3,14.29,0,20,0.96
1,21.37,1,0,2.035
0,12.37,0,2,2.907
3,23.23,0,10,0.749
4,2.61,0,22,0.01
2,12.56,0,14,0.585
3,12.12,0,2,0.796
1,27.02,0,14,2.28
2,9.74,0,12,0.325
4,11.79,0,20,0.01
0,25.24,1,1,3.886
2,9.57,0,10,0.244
2,15.0,1,4,0.471
1,18.6,1,15,1.435
3,28.97,1,13,1.82
1,27.43,0,5,2.195
4,27.35,1,7,0.03
3,15.44,0,22,0.6
3,28.68,0,17,1.332
3,12.73,1,16,0.815
3,7.67,0,19,0.286
4,1.45,0,22,0.01
1,3.69,0,12,0.28
1,19.41,1,18,1.752
4,11.62,0,8,0.011
4,1.82,0,0,0.01
0,14.05,1,20,4.544
1,10.07,0,16,0.729
1,7.33,0,9,0.702
4,6.78,1,21,0.01
1,12.54,1,11,1.184
4,29.63,1,13,0.054
2,9.14,0,0,0.285
1,0.76,1,3,0.065
2,29.44,1,2,1.525
4,24.36,1,2,0.028
1,6.85,0,2,0.506
2,10.72,0,7,0.347
0,3.31,1,18,0.821
1,28.37,0,7,2.65
3,8.12,1,8,0.399
3,6.59,0,8,0.437
0,27.21,0,10,4.414
3,4.78,0,2,0.283
2,29.59,0,13,1.356
1,10.85,1,2,0.858
4,13.43,0,6,0.01
4,8.74,0,7,0.017
4,7.92,0,1,0.015
3,1.96,0,20,0.114
2,21.08,0,14,0.71
0,24.48,0,11,3.925
1,21.44,0,10,2.388
4,18.79,0,20,0.013
0,14.79,0,22,2.658
0,4.4,0,10,0.676
3,4.51,0,17,0.306
4,8.88,0,10,0.013
3,27.08,1,19,1.713
1,5.78,0,8,0.511
2,7.24,0,19,0.364
2,5.58,0,14,0.229
2,5.75,0,19,0.241
3,22.77,0,5,1.301
4,15.47,0,17,0.023
2,23.56,1,15,1.131
3,11.48,0,5,0.417
0,1.61,1,22,0.25
1,8.04,0,9,0.627
0,14.81,0,19,3.937
2,11.65,1,5,0.455
3,23.62,0,12,1.569
2,1.64,1,10,0.091
2,20.93,1,3,0.659
2,28.39,1,15,0.99
1,4.98,1,5,0.487
3,7.71,0,4,0.471
0,15.01,0,12,2.635
1,19.98,0,14,1.721
1,7.02,0,10,0.717
3,0.69,0,1,0.032
0,24.76,0,4,3.218
4,18.78,0,12,0.027
2,13.24,1,5,0.594
0,9.49,0,7,2.288
3,2.15,0,11,0.135
4,5.9,0,4,0.01
2,18.78,0,15,0.589
4,8.81,0,17,0.017
2,22.71,0,5,0.707
4,9.02,0,15,0.01
2,11.16,1,23,0.574
0,21.5,0,10,3.867
2,2.96,1,18,0.092
0,4.24,0,0,0.961
0,27.94,0,16,4.732
3,24.16,0,18,0.892
4,26.12,1,19,0.048
1,25.67,1,15,2.21
3,3.59,0,2,0.123
4,17.78,1,20,0.026
0,23.73,0,13,5.269
1,4.23,0,8,0.439
2,21.09,1,22,1.0
4,3.03,1,5,0.01
2,6.59,1,14,0.327
2,27.87,1,14,1.571
3,7.15,0,3,0.267
4,9.98,0,12,0.012
1,20.69,0,4,1.465
3,4.69,0,6,0.262
3,2.17,0,11,0.081
0,25.89,1,22,7.449
3,29.74,0,17,1.44
0,15.73,1,12,3.247
0,27.67,0,1,6.572
3,24.25,1,2,1.358
1,14.0,1,13,1.585
2,0.99,0,0,0.041
2,23.76,0,1,1.072
3,27.29,0,22,0.937
3,18.4,0,13,0.736
2,14.49,1,7,0.766
0,4.24,0,23,0.572
4,10.28,0,6,0.01
0,8.97,0,22,1.412
2,21.76,1,20,0.497
1,15.47,0,11,1.212
3,12.89,0,13,0.821
3,15.97,0,21,0.817
4,16.89,0,6,0.013
0,24.86,0,22,4.334
4,20.58,0,18,0.027
0,29.94,0,8,7.401
2,11.89,0,1,0.387
3,4.19,0,17,0.163
0,11.4,1,19,2.404
2,23.83,0,23,0.835
3,17.95,0,4,0.604
2,10.31,1,22,0.418
1,7.81,0,6,0.554
1,16.46,0,21,1.631
4,21.49,0,20,0.017
1,18.06,1,16,1.548
4,9.21,1,8,0.01
2,4.57,1,0,0.11
1,25.77,1,3,1.765
0,29.88,0,11,5.923
4,19.45,1,20,0.014
1,3.92,1,1,0.403
4,8.4,0,15,0.011
3,22.29,0,13,0.89
2,9.19,0,2,0.374
4,21.47,1,14,0.04
3,15.07,0,3,1.041
3,13.7,1,4,1.05
3,14.47,1,6,0.687
0,2.73,1,1,0.68
2,26.27,0,15,1.087
0,7.28,0,12,1.216
1,8.77,1,16,0.848
4,27.12,0,22,0.026
2,9.29,1,22,0.267
0,24.17,1,2,5.515
1,18.18,0,23,1.169
0,4.99,0,11,1.411
1,8.3,1,11,0.857
0,29.94,0,16,4.487
0,27.19,1,19,5.493
1,1.22,0,2,0.126
2,12.65,1,22,0.536
0,13.24,0,13,2.705
1,7.33,0,17,0.557
4,21.51,1,1,0.035
4,5.3,0,18,0.01
3,11.39,0,17,0.349
1,15.24,1,1,1.323
0,20.32,0,17,6.008
2,8.75,0,6,0.421
3,7.46,1,0,0.327
4,29.77,0,11,0.017
1,18.92,1,5,1.412
1,18.78,0,4,1.45
4,18.3,1,4,0.019
1,20.13,1,23,1.996
4,5.79,1,22,0.013
2,15.41,0,2,0.396
2,24.67,1,1,0.657
3,29.52,0,7,0.852
0,7.02,1,6,1.841
3,14.14,1,10,0.843
1,13.07,1,2,1.142
3,24.81,0,19,1.365
4,16.1,1,19,0.01
1,29.21,0,0,2.524
1,4.33,1,8,0.44
4,28.81,0,12,0.051
0,22.14,1,1,3.697
2,7.98,0,9,0.376
1,13.09,0,13,0.98
4,11.95,1,7,0.012
3,21.11,0,7,1.248
1,24.16,1,11,2.243
2,24.24,1,11,1.332
4,8.36,0,0,0.01
0,7.02,1,22,1.286
0,13.96,0,16,2.406
1,11.68,1,13,1.13
3,13.35,1,11,0.489
0,19.87,1,20,4.729
4,23.19,1,1,0.015
1,19.16,1,0,1.987
3,19.81,0,4,0.861
0,25.86,1,23,5.015
2,9.24,0,16,0.281
4,23.84,0,7,0.019
2,1.25,0,10,0.064
1,25.4,1,16,2.303
1,24.08,0,21,2.34
1,21.9,0,20,1.822
0,9.91,0,8,2.026
0,4.24,0,4,1.027
2,6.23,1,16,0.28
2,9.66,1,12,0.454
3,18.78,1,20,1.088
2,13.86,0,4,0.458
4,27.02,0,2,0.032
3,6.94,1,3,0.356
3,29.99,1,20,1.069
2,19.13,1,14,0.598
3,11.68,0,17,0.523
0,17.33,1,18,3.855
2,10.88,1,8,0.404
1,4.36,1,3,0.373
4,25.51,0,20,0.037
0,13.27,0,0,2.695
4,9.77,0,19,0.01
3,28.19,0,10,1.986
3,21.57,1,10,1.149
3,28.73,0,21,1.397
4,17.55,0,15,0.022
0,22.77,0,23,5.12
4,9.08,0,9,0.013
0,29.92,0,23,6.648
1,18.17,1,8,2.219
4,26.49,0,2,0.037
2,17.17,1,0,0.929
2,26.9,1,20,0.752
4,16.29,1,22,0.019
2,3.56,0,8,0.085
4,17.39,0,9,0.017
1,27.02,0,5,2.061
4,4.04,1,0,0.01
4,29.65,1,18,0.061
1,5.56,0,16,0.468
4,9.25,0,8,0.017
2,13.11,0,21,0.442
4,19.15,0,23,0.026
1,9.37,1,20,0.749
0,1.84,0,10,0.449
4,23.13,1,19,0.03
3,26.04,1,1,1.809
1,17.89,1,21,1.896
1,10.33,1,4,0.756
2,8.42,1,10,0.3
3,10.9,1,6,0.767
3,28.34,0,18,1.817
3,0.5,1,20,0.033
1,2.06,1,22,0.166
2,16.31,0,20,0.362
1,11.5,0,3,0.851
4,21.69,1,10,0.013
1,23.39,0,19,2.481
3,10.06,0,11,0.723
0,20.98,0,11,4.218
4,24.26,1,16,0.036
0,9.56,0,21,2.028
1,4.39,1,14,0.334
4,26.85,0,18,0.047
3,26.52,1,15,2.015
2,29.55,0,0,1.365
4,29.27,0,5,0.035
0,6.15,1,15,1.02
1,28.36,0,14,2.119
1,29.73,1,18,3.277
0,5.69,0,20,1.257
3,12.5,0,15,0.795
2,13.83,1,20,0.691
0,7.08,0,11,1.129
0,10.97,0,20,1.932
1,26.17,0,20,2.03
2,8.93,1,22,0.225
0,10.84,1,4,1.589
4,16.74,1,15,0.017
0,5.48,1,20,1.675
0,29.81,1,23,5.96
1,10.11,0,7,0.884
0,12.48,0,3,2.235
3,2.04,1,23,0.085
1,24.05,1,5,1.576
2,26.41,0,10,0.756
1,3.77,0,3,0.273
4,21.27,0,9,0.016
3,15.54,1,9,0.602
1,12.96,1,22,0.97
0,16.88,0,18,4.941
4,4.57,0,5,0.01
3,7.83,1,14,0.583
3,13.51,1,18,1.073
4,27.25,0,3,0.042
4,27.42,1,12,0.032
4,25.31,0,19,0.041
3,6.21,0,18,0.259
2,14.94,1,14,0.725
1,28.13,0,21,3.228
1,4.18,0,6,0.26
0,2.77,0,0,0.599
0,22.68,1,8,4.757
3,13.16,0,21,0.949
2,21.88,0,2,0.433
4,27.07,1,16,0.016
1,2.65,0,5,0.225
1,8.91,1,23,0.768
2,9.85,1,9,0.392
3,27.45,0,15,1.089
1,21.83,0,1,1.904
2,2.11,0,6,0.065
4,15.57,1,0,0.023
1,15.47,1,20,1.659
3,27.27,0,5,0.959
0,25.24,0,15,6.639
0,22.22,0,9,3.563
3,26.62,1,22,1.264
2,25.15,0,19,0.711
0,1.63,0,18,0.339
3,8.41,0,19,0.502
4,1.42,0,18,0.01
2,27.96,0,16,1.024
3,17.53,1,12,0.914
1,15.37,0,19,1.192
0,14.05,0,1,2.183
3,25.23,0,6,1.44
1,9.9,0,23,0.641
0,15.69,1,4,2.483
1,22.76,0,11,2.337
2,18.89,1,9,0.503
3,23.11,0,12,1.328
1,11.57,0,23,1.043
0,8.46,0,19,1.494
0,8.9,0,13,1.809
4,5.54,0,2,0.011
1,2.08,1,23,0.142
3,9.74,0,15,0.409
3,26.53,0,3,0.916
0,0.52,0,8,0.129
2,7.75,0,12,0.334
2,14.14,0,21,0.301
1,11.51,1,10,1.021
3,3.59,1,9,0.281
1,2.48,0,16,0.208
2,27.7,0,18,1.387
4,28.63,1,16,0.055
4,3.53,1,9,0.01
4,8.72,0,13,0.01
3,22.73,0,7,0.866
1,11.06,1,13,0.816
3,2.78,1,7,0.116
0,2.58,0,20,0.588
3,5.41,0,18,0.236
4,7.71,1,5,0.01
3,26.9,0,4,0.917
0,8.77,1,3,1.538
0,22.69,0,19,4.306
0,17.07,1,7,4.235
1,23.28,1,20,2.926
1,2.29,1,18,0.209
4,12.43,0,16,0.015
3,4.71,1,17,0.314
0,7.67,1,20,2.237
2,29.33,1,12,1.319
4,17.62,0,14,0.03
4,7.78,0,5,0.01
1,12.52,0,22,0.756
1,25.74,0,9,2.001
0,10.41,1,13,2.059
0,1.12,1,6,0.226
1,16.73,0,16,1.205
3,10.29,0,12,0.536
1,21.58,0,1,2.066
0,17.58,0,15,3.091
4,13.5,1,11,0.024
4,25.55,1,11,0.055
2,23.08,1,23,0.848
0,22.53,1,5,5.21
4,17.82,1,9,0.012
3,16.5,0,1,1.101
1,25.39,0,14,1.845
0,2.13,1,2,0.482
3,20.47,0,12,0.691
2,22.54,1,7,1.136
1,25.36,1,18,2.714
0,5.95,0,1,0.819
1,4.12,0,8,0.458
1,23.56,1,15,1.764
4,20.06,0,7,0.04
2,18.41,0,1,0.737
4,21.43,1,19,0.034
2,18.03,1,18,0.534
2,6.6,0,1,0.168
1,24.03,1,22,2.208
2,24.96,1,21,1.286
3,28.62,0,9,1.846
3,18.58,1,11,1.084
4,8.33,1,0,0.016
4,15.92,1,16,0.035
0,10.62,0,3,1.762
3,17.91,0,3,1.222
3,18.37,1,12,0.691
1,1.81,0,11,0.143
0,27.26,1,2,4.16
2,5.59,1,20,0.206
1,27.62,0,3,1.948
2,17.54,1,20,0.839
0,28.51,1,11,5.64
4,29.32,1,12,0.049
0,19.92,1,1,3.633
1,28.16,0,3,2.067
1,5.6,0,12,0.492
0,11.62,0,19,2.45
2,23.18,1,20,1.158
1,5.63,0,16,0.424
1,13.56,1,13,1.467
1,9.76,1,2,1.021
2,2.79,0,23,0.066
4,12.54,0,13,0.01
4,23.81,0,7,0.028
2,21.57,1,12,0.662
1,12.64,0,4,1.067
4,17.09,1,21,0.021
1,9.9,1,16,0.751
2,21.96,0,11,0.57
4,11.39,0,10,0.013
4,12.07,1,18,0.016
0,12.78,1,6,3.001
4,0.93,0,7,0.01
3,23.97,1,11,1.211
4,20.9,0,12,0.026
2,11.81,1,5,0.596
1,20.68,0,14,1.244
0,1.58,0,21,0.425
0,18.74,0,18,4.484
0,10.58,0,13,1.562
3,13.3,0,1,0.883
0,16.48,0,14,3.198
3,18.65,0,14,0.889
0,1.48,0,22,0.287
4,28.16,1,11,0.037
2,10.39,0,13,0.443
0,15.2,1,16,2.481
0,9.01,0,9,2.258
1,22.08,1,21,2.257
3,29.7,1,11,1.226
3,14.7,1,8,1.014
1,27.54,1,5,1.976
0,28.31,1,18,8.177
2,22.38,1,6,0.844
3,3.12,0,5,0.186
2,6.64,0,9,0.21
1,26.16,1,8,3.376
4,18.37,1,20,0.038
0,23.89,1,21,7.566
3,8.03,0,0,0.475
1,8.78,1,2,0.94
3,17.28,0,9,1.021
4,2.91,1,11,0.01
0,12.4,1,18,3.553
4,29.27,1,19,0.032
3,12.98,0,17,0.917
3,24.8,0,10,1.622
0,14.91,1,0,3.277
1,12.12,1,20,1.313
1,22.98,0,6,2.321
3,13.87,1,15,1.052
3,13.45,1,9,0.76
3,18.64,1,5,0.943
3,17.61,0,19,1.261
0,15.79,1,22,3.075
4,27.98,1,21,0.05
2,2.13,1,0,0.058
0,9.61,1,11,1.573
1,20.22,1,3,1.822
1,17.22,1,6,1.93
2,16.16,0,19,0.858
3,9.97,0,8,0.685
4,22.02,1,6,0.021
4,18.28,0,19,0.012
1,25.53,0,0,2.299
0,20.98,1,17,4.264
1,7.85,0,18,0.571
2,27.79,1,5,1.247
4,3.5,1,12,0.01
4,20.43,1,13,0.034
4,11.32,0,23,0.023
3,15.84,0,23,1.058
3,17.13,1,17,1.307
2,19.11,1,23,0.614
3,27.58,1,21,1.51
4,7.24,0,21,0.012
1,4.83,0,1,0.432
0,22.17,1,12,5.129
4,15.72,0,23,0.029
0,28.74,1,22,6.491
0,29.71,0,8,6.104
4,2.51,1,1,0.01
3,10.0,1,12,0.673
1,12.46,1,1,0.936
1,26.34,1,20,2.381
0,28.26,1,16,4.993
0,29.45,1,20,5.176
0,1.3,1,10,0.244
4,22.03,0,18,0.022
3,18.67,0,21,0.646
4,25.8,0,16,0.026
2,15.78,1,23,0.475
2,29.31,0,16,1.506
3,14.19,1,2,0.893
1,8.16,0,3,0.506
2,1.57,0,6,0.061
2,10.87,1,23,0.466
3,17.3,1,3,0.781
1,17.97,1,11,2.147
4,21.51,0,5,0.011
0,14.01,1,19,4.374
0,5.15,1,7,1.047
3,24.98,0,7,1.232
1,29.53,0,14,2.336
1,29.88,1,1,2.171
3,18.24,1,21,0.869
2,4.58,0,5,0.16
3,27.87,1,23,1.96
4,20.46,0,10,0.012
2,15.54,1,20,0.608
1,28.47,0,6,1.881
1,1.1,0,12,0.082
1,24.24,0,5,2.302
2,2.56,1,4,0.077
1,27.89,1,13,2.482
4,10.14,0,12,0.015
3,25.47,0,1,1.758
1,12.76,1,7,0.983
4,12.26,1,23,0.026
0,14.76,0,22,2.696
3,13.2,1,19,0.712
0,14.71,1,2,2.243
0,26.98,0,10,4.856
1,6.89,0,6,0.663
0,24.26,0,10,3.69
2,3.62,1,5,0.151
0,22.71,0,20,5.91
3,9.19,0,10,0.293
1,4.46,0,15,0.471
1,8.13,0,12,0.517
0,8.21,0,10,1.94
4,6.75,0,4,0.013
1,11.54,0,10,1.273
2,17.35,1,17,0.774
3,17.51,0,21,1.146
1,19.61,1,19,1.634
1,12.01,1,0,0.827
3,22.23,0,19,1.11
0,4.0,1,4,0.706
1,20.02,1,21,1.866
4,16.63,0,12,0.03
4,0.65,1,0,0.01
3,20.78,0,23,1.246
1,20.47,1,1,1.843
2,6.78,0,5,0.229
0,15.18,0,1,3.447
4,18.08,0,9,0.033
3,24.57,1,17,1.326
3,2.75,1,13,0.112
0,24.13,0,6,6.366
2,3.18,0,18,0.068
0,22.72,1,2,5.144
3,7.85,0,5,0.505
0,29.05,1,11,8.033
0,14.57,0,18,3.765
4,4.71,0,15,0.01
2,8.31,0,21,0.399
1,9.42,0,0,0.939
3,12.76,1,9,0.625
1,14.29,0,4,1.481
2,22.89,1,22,0.67
3,10.99,0,7,0.534
3,23.6,1,22,1.746
0,11.17,0,17,3.014
1,1.92,0,8,0.146
1,21.86,0,22,1.978
1,9.67,0,23,0.771
2,22.19,0,11,0.7
2,29.87,1,3,0.875
2,3.05,0,1,0.094
2,27.13,0,12,0.828
3,28.2,1,23,0.958
3,18.43,0,6,0.693
1,21.22,1,7,1.724
4,8.62,1,2,0.013
3,12.61,1,5,0.673
2,14.2,1,21,0.461
1,10.34,1,14,1.066
0,0.98,0,0,0.173
1,17.2,1,15,1.331
4,24.84,0,12,0.043
2,6.47,0,16,0.276
2,26.08,1,20,1.121
3,26.07,1,23,1.342
2,20.7,0,11,0.81
3,3.18,1,23,0.156
1,14.4,1,17,1.408
0,3.78,1,16,0.745
4,5.73,0,0,0.01
3,15.66,1,12,1.048
3,20.97,1,12,1.46
2,11.04,1,16,0.402
1,15.45,0,2,0.941
2,6.9,0,22,0.267
2,24.69,1,23,1.144
0,7.49,0,1,1.397
2,1.14,0,19,0.028
1,6.95,1,8,0.687
1,16.77,0,20,1.548
3,22.84,0,11,1.254
2,28.61,0,1,1.207
4,21.78,0,6,0.042
4,19.27,0,20,0.014
4,10.24,1,10,0.016
3,27.97,0,5,1.475
4,22.41,0,18,0.042
2,14.19,0,6,0.442
4,27.16,1,5,0.019
3,15.54,1,23,0.604
2,23.17,0,19,0.724
3,10.33,0,20,0.544
2,15.45,1,18,0.853
3,20.18,1,3,1.013
2,6.46,1,8,0.17
1,3.08,0,23,0.238
2,9.68,0,21,0.337
4,29.43,0,18,0.022
0,13.22,0,23,2.389
0,2.34,1,7,0.596
3,27.98,1,8,1.462
0,16.43,1,6,4.073
0,14.03,0,19,2.239
1,4.79,0,10,0.416
0,6.13,0,7,0.78
0,25.17,1,1,4.154
4,21.57,0,7,0.021
2,11.24,1,12,0.638
4,18.79,0,3,0.024
0,7.26,1,16,1.493
0,12.3,0,9,3.332
0,7.23,1,16,1.424
2,11.23,0,4,0.474
2,13.39,1,23,0.755
2,0.75,0,16,0.03
0,3.46,1,8,0.929
4,20.04,0,13,0.027
1,20.95,1,13,1.984
1,3.75,0,19,0.303
4,28.2,0,7,0.052
3,7.6,0,16,0.409
4,27.99,1,1,0.042
0,18.92,1,6,4.0
1,18.67,1,21,1.883
2,3.86,0,11,0.107
1,19.67,1,0,1.666
4,27.23,1,1,0.017
2,14.59,0,12,0.505
0,5.91,0,23,0.986
2,24.24,0,23,0.731
1,19.33,0,14,1.8
3,19.49,0,19,0.598
2,16.3,0,12,0.784
2,9.63,1,21,0.334
3,20.4,0,15,1.047
3,1.52,0,20,0.101
2,28.15,0,19,1.085
1,13.84,0,2,1.217
0,12.93,1,23,3.39
4,29.1,1,4,0.059
4,18.11,1,14,0.036
2,22.27,0,22,0.521
1,19.52,0,8,2.216
0,26.86,1,8,8.03
0,19.22,1,21,3.811
0,29.6,0,20,6.069
1,21.45,1,22,1.667
2,23.53,1,21,1.296
2,11.44,0,21,0.441
3,13.69,1,9,1.044
3,26.63,1,14,1.936
2,22.12,1,1,0.891
2,16.61,1,2,0.553
0,23.26,0,9,4.302
3,20.08,1,20,1.275
1,29.19,0,8,2.512
3,13.47,1,23,0.628
0,0.72,0,9,0.154
1,15.05,1,14,1.526
2,7.44,0,10,0.169
3,28.34,0,14,1.314
0,25.93,1,5,5.196
1,16.01,1,0,1.192
4,17.66,1,20,0.026
3,0.76,1,2,0.041
0,15.6,0,7,3.754
1,9.19,1,17,0.848
1,17.37,0,8,1.517
1,22.49,1,10,2.639
1,19.73,1,8,1.483
2,12.66,1,5,0.661
1,22.14,1,23,1.797
2,1.43,1,21,0.042
1,21.26,0,15,1.798
3,8.13,1,19,0.281
4,19.73,1,9,0.026
2,28.45,1,8,1.359
4,7.89,0,2,0.012
2,13.13,1,19,0.61
1,18.86,1,11,1.704
0,6.44,0,21,1.329
0,28.5,0,13,6.387
4,5.79,0,9,0.01
1,17.6,0,21,1.811
4,27.78,1,3,0.053
1,17.68,0,23,1.251
3,4.68,0,16,0.306
2,26.24,0,9,0.56
1,2.61,1,23,0.311
2,3.43,1,1,0.163
4,5.63,1,10,0.01
4,22.56,0,17,0.034
2,19.22,1,7,0.59
2,12.45,1,12,0.338
1,19.52,0,8,1.69
1,23.64,1,18,2.427
4,5.1,1,23,0.011
1,16.46,0,15,1.258
3,26.74,1,21,1.344
0,2.56,1,18,0.744
2,8.76,0,13,0.447
4,9.0,0,20,0.019
1,25.6,0,2,2.35
4,24.46,0,23,0.017
1,11.93,0,1,1.049
3,14.94,0,4,0.761
0,12.17,1,4,2.538
3,13.96,1,13,0.745
2,10.07,1,20,0.341
2,9.57,0,10,0.268
0,17.45,0,19,4.254
1,7.83,1,7,0.576
0,8.68,0,6,1.275
1,4.47,0,6,0.338
0,8.77,1,15,2.075
4,29.19,1,15,0.058
3,27.37,0,15,1.595
2,3.66,1,17,0.175
2,13.93,0,6,0.402
2,17.59,0,6,0.675
2,13.63,0,17,0.616
2,4.92,1,7,0.168
0,21.45,0,17,4.664
2,2.26,1,23,0.112
2,25.08,1,19,0.692
4,24.04,0,10,0.03
3,19.04,0,19,0.759
2,21.51,0,4,0.837
1,13.32,1,13,1.515
3,25.95,0,4,1.327
1,18.1,0,4,1.619
4,13.5,0,16,0.016
2,12.83,1,10,0.487
2,11.75,1,4,0.401
3,29.04,0,18,1.009
3,14.76,1,1,0.63
0,2.74,0,15,0.37
0,12.07,1,6,3.191
1,7.26,1,6,0.777
3,17.34,0,12,0.884
4,29.57,0,8,0.042
1,25.26,1,17,2.57
3,18.55,1,14,1.007
0,13.68,0,16,2.924
1,3.16,1,22,0.324
3,2.93,0,10,0.172
4,3.41,0,4,0.01
0,19.56,1,20,6.0
4,19.3,1,19,0.027
1,3.43,1,2,0.389
0,4.56,0,10,1.262
4,3.85,1,16,0.01
2,21.3,1,16,0.604
4,23.66,0,10,0.014
4,24.04,0,0,0.033
3,3.95,0,20,0.181
1,12.14,0,2,0.941
0,10.31,0,8,1.979
1,12.51,0,23,1.283
2,10.56,1,9,0.411
4,17.97,1,4,0.02
2,4.35,1,14,0.151
1,12.52,0,5,1.094
2,27.0,1,15,1.35
3,16.8,1,19,0.927
1,23.71,1,2,2.082
3,20.12,0,21,0.749
3,29.19,1,22,1.558
2,7.21,1,10,0.354
1,10.98,0,3,1.103
1,25.67,0,12,2.055
3,12.62,1,0,0.57
2,19.34,1,21,0.664
0,17.32,1,17,3.24
2,9.06,1,0,0.248
1,24.95,0,22,2.277
4,28.63,1,20,0.033
3,5.01,0,0,0.278
0,20.77,1,10,4.155
3,27.4,0,23,1.306
4,26.98,1,11,0.036
1,11.22,0,4,0.938
2,25.65,1,0,0.719
0,18.52,0,1,3.207
4,25.93,0,3,0.035
0,16.45,0,11,4.297
2,11.51,0,5,0.487
2,26.43,0,15,0.835
2,6.18,1,16,0.229
3,19.74,1,20,1.406
1,29.63,1,1,2.678
2,11.29,1,1,0.286
3,29.57,1,17,1.327
0,13.87,1,15,3.689
4,15.07,1,18,0.021
0,29.61,0,4,5.574
1,14.13,1,1,1.529
3,1.0,1,4,0.071
4,21.32,0,3,0.012
4,11.27,0,21,0.01
2,16.29,1,5,0.531
0,19.33,0,13,3.889
2,26.32,1,21,0.913
2,21.2,0,7,0.933
4,16.17,0,21,0.03
2,25.88,0,22,1.087
0,20.67,0,15,3.192
3,11.84,1,4,0.759
3,5.5,1,3,0.452
1,16.85,1,0,1.306
2,8.01,0,11,0.282
0,13.86,0,3,2.543
3,23.97,0,0,1.034
0,21.61,1,23,4.708
3,17.86,0,12,0.847
2,29.87,1,9,1.312
2,5.49,0,12,0.192
1,27.66,1,17,3.322
2,17.53,1,10,0.764
0,18.57,1,17,4.768
0,24.69,0,13,5.745
4,13.88,1,2,0.013
3,25.72,1,6,1.786
2,27.49,1,7,0.875
2,3.1,0,4,0.114
0,7.04,1,0,1.99
4,18.4,1,11,0.012
1,7.77,1,22,0.772
1,8.17,0,19,0.578
4,9.16,0,1,0.016
0,2.49,0,18,0.618
0,12.52,0,11,2.487
0,10.53,0,14,2.339
1,11.93,0,11,1.026
2,5.97,0,8,0.301
0,27.81,1,10,6.339
1,13.93,1,16,1.368
2,1.08,1,3,0.03
0,27.6,0,17,5.747
1,15.98,1,10,2.102
3,5.74,0,8,0.376
4,15.82,1,21,0.029
4,17.2,1,5,0.016
4,14.51,0,11,0.017
3,4.92,0,16,0.324
3,10.69,0,20,0.651
1,21.8,1,15,1.661
2,8.07,0,1,0.314
1,1.35,1,8,0.149
2,22.39,1,1,1.145
3,1.99,1,11,0.11
0,9.23,0,10,2.608
2,10.65,1,5,0.356
1,7.33,1,4,0.778
3,27.35,1,20,1.451
2,26.63,1,10,0.773
0,28.44,0,20,5.282
1,25.14,0,3,1.86
3,28.45,0,18,1.636
1,20.08,0,23,1.541
4,27.43,0,22,0.026
2,1.12,0,20,0.058
4,4.23,1,10,0.01
0,12.74,0,3,1.822
4,13.37,0,13,0.011
4,15.8,1,17,0.037
3,14.54,1,12,0.775
0,26.95,1,21,7.902
1,9.19,1,23,0.775
4,27.12,1,15,0.016
1,20.28,1,16,1.793
1,7.53,1,18,0.956
0,8.63,1,23,1.586
0,5.68,0,6,1.077
4,8.71,1,4,0.01
0,25.2,1,22,4.245
4,15.81,0,22,0.018
0,11.83,1,19,3.255
1,2.75,0,23,0.192
0,4.7,1,16,1.096
1,16.26,1,16,1.414
1,18.92,0,3,1.469
4,24.93,1,14,0.041
1,4.57,0,9,0.482
4,11.98,1,11,0.01
2,11.95,0,19,0.338
1,19.84,0,17,2.023
0,17.46,1,17,4.325
0,15.81,1,20,3.59
3,1.92,0,22,0.083
3,22.87,0,16,1.624
1,20.67,1,8,1.982
3,5.07,0,13,0.298
0,20.65,0,11,5.203
0,27.5,1,2,6.855
0,14.18,0,17,4.104
3,24.29,1,8,0.879
3,29.34,1,15,2.19
3,10.0,0,10,0.62
2,24.79,1,13,1.17
2,3.12,1,1,0.102
4,25.68,0,10,0.026
3,1.63,0,6,0.08
0,12.84,0,22,2.335
3,7.3,1,19,0.391
1,24.93,0,19,2.621
2,7.35,0,8,0.299
4,6.93,0,18,0.01
2,13.16,0,11,0.364
0,12.51,0,4,2.651
4,16.72,0,8,0.028
3,8.89,1,14,0.443
2,25.05,1,8,0.777
3,29.74,0,11,1.929
4,1.23,0,21,0.01
3,15.0,1,14,0.784
2,9.55,0,8,0.401
3,16.02,0,11,0.789
4,5.96,1,6,0.01
0,12.51,1,0,3.473
4,11.66,0,19,0.016
1,2.47,0,8,0.272
1,10.67,0,19,0.892
3,14.26,1,7,0.656
2,6.71,0,9,0.319
4,1.54,0,11,0.01
0,25.69,0,16,5.327
2,18.42,0,3,0.568
4,28.04,0,6,0.049
1,28.22,0,23,1.996
1,8.63,1,22,0.777
2,11.84,1,21,0.471
4,22.59,0,22,0.027
3,9.8,0,3,0.405
2,27.37,1,23,1.164
4,29.06,0,16,0.027
2,2.92,0,2,0.129
2,3.1,1,18,0.088
2,1.11,1,23,0.059
3,2.55,0,2,0.115
4,2.29,1,22,0.01
0,6.61,0,20,0.985
0,25.96,0,6,6.065
4,28.47,0,5,0.015
4,9.02,0,4,0.01
2,11.95,1,20,0.568
1,22.42,0,19,2.166
1,2.57,1,0,0.216
2,2.11,1,3,0.075
1,20.72,0,6,1.725
4,7.49,0,2,0.01
0,4.66,0,2,0.824
0,0.98,0,16,0.126
0,29.46,1,3,6.132
2,24.87,1,20,1.203
2,19.96,0,7,0.666
4,12.8,0,12,0.02
3,21.26,0,0,0.777
0,13.78,1,9,3.026
4,18.19,1,0,0.031
2,4.78,0,1,0.221
2,9.17,0,4,0.299
4,12.83,0,17,0.026
3,10.13,0,15,0.366
0,17.49,1,7,2.945
1,2.36,0,6,0.165
3,12.24,1,18,0.662
2,16.83,0,8,0.511
3,21.87,0,12,1.047
4,2.94,0,12,0.01
0,12.78,1,1,2.988
2,24.51,1,20,0.916
0,3.56,0,9,0.699
1,3.06,0,21,0.36
0,28.81,0,12,6.105
4,23.28,0,13,0.043
0,17.17,0,4,2.847
2,18.94,0,11,0.941
3,23.61,1,21,0.98
0,9.06,1,17,1.626
1,12.97,1,15,1.296
1,26.68,0,7,1.794
1,3.28,0,4,0.289
4,22.44,1,17,0.014
0,26.53,0,2,6.267
1,4.58,0,17,0.41
2,20.71,1,21,0.687
0,7.09,1,0,1.62
4,15.77,1,23,0.022
2,14.47,1,0,0.588
0,7.46,1,9,2.049
4,23.52,1,14,0.05
1,6.52,0,4,0.437
1,7.2,0,16,0.431
0,23.95,1,22,6.485
2,14.3,0,2,0.309
4,26.01,0,9,0.037
2,29.71,0,23,1.189
1,8.56,1,1,0.989
3,28.39,0,2,1.229
4,5.43,0,22,0.01
2,11.32,1,11,0.339
1,28.87,1,9,3.162
1,4.3,0,3,0.336
4,13.94,1,17,0.011
2,3.99,1,2,0.09
3,26.83,1,5,1.106
4,28.82,0,23,0.053
4,5.59,1,14,0.01
0,26.83,0,4,4.589
2,12.06,0,15,0.391
1,22.68,0,11,2.239
4,21.92,1,16,0.022
4,15.32,1,4,0.028
3,10.11,0,5,0.514
1,21.53,1,4,2.191
0,2.6,0,8,0.538
4,4.13,0,3,0.01
0,13.34,1,2,2.638
1,2.89,0,23,0.26
2,25.92,0,16,0.998
3,6.46,0,14,0.359
0,17.41,0,13,2.975
1,21.04,0,9,1.605
4,23.42,1,5,0.03
0,25.96,0,18,5.585
0,24.77,1,1,3.448
2,13.8,0,12,0.524
4,14.81,1,8,0.031
3,24.72,1,4,1.437
3,0.65,1,16,0.026
2,22.77,0,7,1.215
1,12.57,1,7,1.057
2,9.95,0,22,0.342
4,2.94,1,20,0.01
2,19.94,0,18,0.844
3,17.3,1,20,0.819
4,20.43,0,14,0.035
4,5.6,1,6,0.01
1,14.28,0,1,1.237
4,23.59,1,13,0.014
2,28.56,0,15,1.288
3,21.65,0,16,0.99
0,1.34,0,18,0.225
3,28.32,0,21,1.621
3,29.21,0,22,1.091
2,12.56,1,0,0.514
2,19.85,0,8,0.401
0,2.58,0,2,0.468
1,4.98,1,1,0.458
3,1.66,1,1,0.06
4,9.49,1,3,0.018
3,2.11,0,22,0.079
1,22.41,0,16,2.349
0,20.94,1,5,4.735
1,2.84,0,9,0.295
0,16.14,1,9,4.122
4,28.31,0,15,0.031
0,11.0,1,15,2.541
0,27.84,1,15,4.47
3,23.85,1,15,1.48
3,26.81,0,3,1.406
4,0.97,1,16,0.01
3,9.53,1,21,0.594
4,15.63,1,16,0.036
0,16.77,1,21,4.249
1,19.24,0,7,1.447
2,19.98,1,0,0.909
1,19.4,0,19,1.879
4,20.66,0,8,0.044
4,1.93,0,6,0.01
4,16.44,0,22,0.022
2,2.15,1,16,0.083
3,27.08,1,8,1.156
2,2.66,1,7,0.137
2,12.42,0,21,0.591
3,15.49,0,9,0.891
0,19.19,1,3,3.686
4,27.11,0,20,0.056
1,27.21,0,21,3.039
3,11.55,1,4,0.448
0,23.91,0,12,3.242
1,14.12,0,23,1.07
3,9.04,1,8,0.334
1,10.14,0,23,0.977
1,3.73,0,2,0.387
4,21.06,0,11,0.036
1,22.54,0,22,2.127
2,27.17,1,17,0.752
0,3.47,0,17,0.861
4,5.49,0,1,0.01
4,25.01,0,6,0.043
2,11.61,0,14,0.38
4,27.88,0,10,0.038
1,5.44,0,7,0.375
2,3.29,0,7,0.125
4,4.33,0,14,0.01
4,20.7,0,11,0.021
1,0.71,1,9,0.092
4,26.66,1,16,0.052
2,17.35,0,18,0.452
0,15.06,0,23,2.003
2,7.33,1,23,0.191
3,18.54,0,18,1.172
4,25.69,0,14,0.017
0,5.11,1,14,1.279
4,24.66,1,14,0.034
2,27.87,1,19,0.968
0,6.33,0,20,0.998
1,19.6,1,9,2.349
0,24.68,1,4,5.222
3,17.68,0,1,0.729
3,10.56,1,7,0.43
4,13.0,0,9,0.01
1,21.56,1,2,2.203
0,25.48,0,14,4.641
4,3.72,0,20,0.01
2,29.27,0,10,0.852
1,7.35,0,18,0.754
2,12.63,1,10,0.536
2,20.68,1,12,1.143
0,7.93,1,6,2.26
2,22.64,0,15,1.088
3,7.05,0,4,0.305
2,23.97,0,17,0.964
2,8.14,1,3,0.333
1,5.45,0,13,0.356
0,7.53,0,0,1.347
1,16.34,0,1,1.287
4,22.59,1,14,0.052
0,28.9,1,5,5.07
0,16.69,0,20,4.405
4,21.61,1,6,0.031
3,19.64,1,12,1.515
4,12.68,0,7,0.017
1,4.97,1,5,0.36
0,9.44,0,9,2.735
0,6.68,0,15,1.121
3,6.89,1,10,0.365
4,2.08,1,13,0.01
0,15.35,0,19,4.715
0,6.61,0,12,1.051
2,21.44,0,17,0.958
2,9.45,1,9,0.223
0,5.85,1,9,1.406
0,14.64,1,15,2.372
0,29.1,0,7,6.676
1,29.21,0,14,2.766
2,11.05,1,6,0.327
3,18.39,1,6,0.776
2,22.87,1,12,0.809
2,27.39,1,2,1.196
2,20.55,0,0,0.506
3,15.63,0,12,0.615
0,28.65,0,2,6.216
1,21.98,0,18,2.18
0,5.21,0,15,0.944
1,8.48,0,21,0.802
1,29.58,1,1,2.935
3,24.07,1,2,1.228
2,25.45,1,17,0.878
2,12.99,1,19,0.529
1,22.42,1,12,1.56
3,27.46,0,13,1.292
2,15.2,1,15,0.759
0,2.69,0,10,0.799
1,25.36,1,10,2.652
0,26.08,1,1,5.304
4,2.76,1,21,0.01
3,29.59,1,11,1.368
2,4.9,1,19,0.214
2,0.86,0,12,0.022
1,3.78,0,12,0.231
0,8.84,1,5,1.509
1,24.15,1,17,2.114
4,7.21,1,16,0.013
1,4.32,1,18,0.471
3,21.0,1,1,0.925
1,20.39,1,21,2.708
4,27.34,0,2,0.023
2,15.84,0,12,0.396
1,2.39,1,8,0.209
1,10.06,0,8,1.227
4,15.8,1,19,0.032
2,18.35,1,23,0.62
2,3.53,0,19,0.149
2,13.61,1,11,0.505
2,6.29,0,6,0.259
4,26.77,0,10,0.044
2,28.32,1,16,0.855
2,15.02,0,10,0.575
2,1.62,1,9,0.074
4,4.3,1,16,0.01
3,12.29,0,23,0.79
2,24.91,1,22,1.218
0,3.42,1,11,1.033
3,18.88,1,10,0.969
4,29.81,1,17,0.037
3,13.69,0,7,1.0
2,17.5,1,0,0.791
2,18.53,0,4,0.922
3,12.55,0,21,0.602
1,9.48,0,17,0.832
2,15.86,1,0,0.634
1,25.85,0,2,2.465
1,17.61,1,2,1.394
4,16.22,1,4,0.027
2,25.98,0,20,0.681
4,8.36,0,6,0.017
3,19.02,1,4,1.069
0,1.46,1,22,0.266
3,13.48,1,0,1.052
0,18.68,1,15,3.237
4,11.87,1,18,0.01
0,1.74,1,17,0.407
2,29.54,0,3,0.821
0,28.59,0,3,4.588
1,12.64,1,0,0.937
0,7.79,1,5,1.844
2,27.52,1,6,1.381
1,2.83,0,10,0.239
1,24.22,0,2,2.078
2,1.07,1,8,0.051
2,24.92,1,9,0.776
4,6.21,1,14,0.014
0,1.69,1,20,0.497
4,16.39,0,7,0.023
0,23.34,1,9,4.709
2,14.52,0,5,0.328
0,6.79,0,18,1.167
0,8.35,0,16,1.046
2,1.75,1,7,0.081
4,9.02,1,10,0.011
2,4.64,0,1,0.096
4,14.75,0,2,0.01
4,8.02,1,23,0.01
3,11.03,1,22,0.901
1,23.79,0,17,2.397
3,25.3,1,22,1.461
1,24.68,1,12,2.328
3,5.51,0,17,0.252
1,25.32,1,12,1.897
3,17.67,0,9,1.02
3,15.61,0,1,0.78
2,28.77,0,19,1.123
0,1.13,0,12,0.252
3,17.02,1,20,1.26
4,13.83,1,10,0.028
4,16.11,0,18,0.03
1,19.04,1,11,1.627
4,3.19,1,0,0.01
3,16.94,1,11,0.947
2,8.47,1,0,0.207
3,29.26,0,13,0.939
1,19.38,0,11,1.322
4,1.85,0,10,0.01
0,23.02,0,4,5.615
4,15.08,0,8,0.015
1,15.88,1,17,1.465
2,6.58,1,19,0.17
3,23.43,0,5,1.588
1,15.2,0,0,1.248
4,14.57,0,17,0.024
4,24.73,0,15,0.023
0,20.5,0,3,3.154
4,14.96,1,19,0.023
1,0.54,0,21,0.051
1,24.43,0,7,2.287
4,14.2,0,6,0.01
1,0.95,0,1,0.1
4,7.82,1,12,0.012
4,25.7,1,17,0.02
2,6.48,0,13,0.163
2,23.66,1,23,0.752
3,29.9,1,5,1.226
2,17.05,0,5,0.346
0,9.28,1,10,1.487
1,26.52,0,19,2.697
3,28.97,1,19,1.917
2,16.65,1,2,0.932
4,19.03,0,1,0.014
0,12.7,0,20,2.97
3,17.61,0,3,0.884
1,8.79,0,15,0.654
1,11.71,0,6,0.838
3,28.28,0,13,0.943
0,16.82,0,11,4.373
3,5.3,0,21,0.255
1,8.8,0,23,0.611
4,27.18,0,5,0.025
0,6.11,1,12,1.239
0,22.75,1,9,4.528
1,4.01,0,13,0.273
2,12.45,0,0,0.363
4,28.57,0,19,0.042
1,5.5,0,1,0.493
1,1.06,0,0,0.071
2,5.34,1,7,0.142
4,2.45,1,16,0.01
4,27.43,1,14,0.043
3,21.21,0,7,1.309
0,27.05,1,19,7.038
1,19.03,1,0,1.899
4,21.66,1,0,0.051
1,8.03,0,12,0.515
0,2.25,0,11,0.497
3,29.42,0,21,2.002
4,29.21,1,3,0.033
0,11.54,0,19,2.052
3,5.99,0,21,0.236
0,16.69,0,10,3.87
1,5.34,1,16,0.364
0,9.67,1,13,1.558
4,8.54,1,13,0.012
4,22.39,1,13,0.027
3,15.39,1,1,0.715
4,10.4,0,22,0.013
1,26.43,1,5,2.201
2,27.8,1,16,0.857
4,15.91,0,15,0.012
2,20.77,1,9,0.649
2,3.24,1,1,0.129
0,27.51,0,9,8.011
3,1.59,0,1,0.078
1,11.71,0,10,1.257
1,1.61,0,3,0.135
0,14.04,0,0,2.857
3,2.6,0,19,0.133
1,11.6,1,18,1.351
3,4.73,0,11,0.323
4,24.11,1,14,0.028
1,12.57,0,20,1.136
2,15.61,1,5,0.428
1,6.68,0,17,0.463
1,13.78,0,0,0.982
0,9.87,1,2,2.708
2,14.21,1,5,0.745
1,5.51,0,4,0.358
1,10.18,1,23,0.999
2,5.48,0,19,0.258
3,11.57,1,16,0.433
2,22.02,0,7,0.602
1,18.14,1,8,1.934
1,26.24,1,9,2.875
1,14.0,0,1,1.261
0,17.61,0,5,2.432
3,22.6,1,8,1.005
0,6.79,1,7,1.421
1,22.25,1,19,2.727
4,5.69,0,0,0.01
0,8.03,1,14,1.228
1,5.81,1,13,0.508
4,9.77,0,13,0.013
2,3.79,0,4,0.194
3,16.45,0,18,0.771
3,25.36,1,4,1.205
1,20.8,1,14,2.184
0,23.4,1,8,5.185
0,3.88,1,5,0.811
0,28.18,0,3,5.761
1,14.95,1,9,1.55
4,18.75,1,11,0.02
4,18.47,1,19,0.039
0,25.53,1,20,5.328
3,9.48,0,1,0.68
3,4.42,0,13,0.23
3,5.06,0,12,0.354
3,10.12,0,4,0.526
3,24.47,0,18,1.04
0,8.84,0,1,1.749
0,14.72,0,10,3.889
1,18.72,1,1,1.853
3,29.06,0,14,1.738
0,1.72,1,11,0.333
2,0.84,0,3,0.02
0,0.78,1,23,0.206
2,6.8,0,0,0.302
3,15.84,0,1,0.936
4,22.27,1,4,0.028
2,25.91,1,3,0.709
0,0.68,0,14,0.139
3,17.57,0,3,0.828
4,19.78,1,7,0.038
4,23.64,0,22,0.024
4,6.82,0,14,0.011
2,7.62,0,19,0.274
4,26.6,0,22,0.034
0,10.15,0,2,1.965
0,20.46,0,16,3.737
0,22.4,0,23,4.357
2,25.03,1,4,0.781
4,3.78,0,6,0.01
4,26.67,1,20,0.056
3,12.42,0,0,0.66
2,18.17,1,7,0.999
1,22.06,1,7,1.763
3,2.52,0,16,0.083
1,23.58,0,23,1.602
4,21.9,0,11,0.045
3,24.57,1,8,1.595
4,10.66,0,0,0.022
4,2.9,0,17,0.01
3,21.98,0,3,0.714
0,14.3,0,22,2.096
2,12.59,1,21,0.674
2,5.34,0,2,0.218
3,14.61,1,11,0.889
1,22.0,0,14,2.157
1,25.1,1,2,2.147
3,1.1,0,5,0.038
0,11.47,1,1,1.652
1,15.29,0,1,0.97
4,22.45,1,3,0.048
2,5.71,1,6,0.308
4,15.42,1,23,0.028
2,6.79,0,12,0.277
3,7.81,1,14,0.601
3,9.69,0,0,0.358
4,14.91,1,13,0.01
1,27.49,1,6,2.587
4,22.12,0,21,0.027
2,28.78,1,4,1.076
1,6.73,0,17,0.554
1,23.03,0,10,1.975
2,14.22,0,19,0.312
2,0.52,0,10,0.021
3,14.45,0,19,0.5
3,26.34,0,19,1.464
2,11.58,0,5,0.302
4,3.37,1,11,0.01
2,7.2,0,3,0.324
0,5.87,1,22,1.532
4,5.43,1,23,0.01
4,27.87,1,6,0.036
4,26.13,0,5,0.026
2,28.57,1,5,1.087
3,21.31,0,12,0.916
0,16.48,1,16,2.812
4,12.79,1,5,0.018
2,6.26,0,2,0.175
3,15.98,1,0,0.861
2,22.82,1,19,0.531
4,9.57,1,18,0.016
4,28.34,0,23,0.041
1,8.33,0,17,0.935
2,28.71,1,10,0.847
4,15.17,0,20,0.03
1,27.38,0,17,3.183
1,25.66,1,14,1.742
1,13.9,0,13,1.394
2,16.49,1,16,0.515
4,20.79,1,14,0.036
2,8.9,1,15,0.29
0,8.62,1,16,1.54
3,21.11,1,17,0.908
1,15.93,1,5,1.065
3,0.63,0,9,0.024
1,19.03,1,3,1.849
4,23.18,1,20,0.014
3,28.85,0,6,1.757
3,29.81,0,21,1.542
0,20.11,1,19,3.817
4,10.69,0,3,0.019
4,7.79,0,15,0.01
4,9.29,1,17,0.017
3,17.61,1,22,1.358
4,8.75,0,10,0.011
2,19.27,1,17,0.462
0,25.98,1,10,6.584
3,29.54,1,21,1.988
3,28.58,0,10,0.873
4,1.83,1,0,0.01
1,22.21,0,22,2.039
0,26.06,0,2,6.42
3,29.89,1,12,1.047
3,12.96,1,13,1.04
3,7.83,0,21,0.37
4,27.04,0,7,0.048
2,16.17,0,17,0.739
4,12.83,1,7,0.018
4,15.77,1,5,0.013
1,22.74,1,3,2.047
3,6.79,0,18,0.385
3,16.77,1,2,1.206
1,16.36,0,4,1.755
2,29.55,0,8,1.292
3,5.32,1,22,0.352
1,5.96,0,16,0.434
2,23.63,0,16,1.006
2,17.01,0,15,0.829
0,0.98,1,0,0.177
4,23.16,1,2,0.025
0,12.93,0,16,1.87
4,23.1,0,21,0.029
4,10.53,1,7,0.011
0,23.04,1,10,5.906
3,8.43,0,0,0.44
2,20.74,1,21,0.893
2,13.19,1,14,0.43
2,21.45,1,6,0.951
0,6.93,0,5,1.533
0,27.93,1,10,5.655
2,7.27,1,17,0.249
2,26.82,0,14,0.603
4,14.59,0,13,0.023
0,2.57,0,10,0.496
0,22.7,1,13,4.108
1,5.73,1,17,0.49
4,5.71,0,3,0.01
0,15.57,0,18,2.335
0,23.32,1,8,6.072
4,8.55,0,9,0.014
0,12.75,1,17,3.96
0,6.66,1,0,1.509
4,22.08,1,17,0.031
0,25.6,0,23,4.592
1,17.95,1,10,2.088
4,6.19,0,22,0.01
4,21.78,1,4,0.015
2,13.6,0,12,0.647
0,24.31,1,1,3.771
2,8.5,1,9,0.353
0,26.92,1,19,5.582
4,17.5,0,9,0.014
2,16.62,0,9,0.535
4,5.98,0,16,0.01
4,7.42,0,18,0.01
4,9.39,0,17,0.01
2,25.43,1,17,0.763
4,5.28,0,3,0.011
3,25.94,1,4,0.951
0,4.55,1,16,0.912
3,6.82,1,17,0.428
4,16.52,0,18,0.016
2,17.66,1,12,0.955
0,18.41,0,9,3.668
1,28.71,1,23,2.486
4,16.6,0,14,0.029
1,8.66,1,19,0.897
2,9.08,1,7,0.337
2,3.33,1,15,0.117
0,1.53,1,2,0.266
0,15.17,1,18,4.455
1,24.88,1,10,2.926
3,19.21,1,14,1.504
4,25.3,0,16,0.024
3,26.07,1,4,1.249
3,25.1,1,23,1.341
2,22.63,1,4,0.613
2,23.64,0,17,1.199
0,22.83,1,7,3.585
3,28.74,1,12,1.729
1,27.24,0,6,2.212
1,14.76,0,15,1.346
0,3.83,1,14,0.611
3,20.91,1,12,0.702
2,10.23,0,9,0.23
4,1.39,1,14,0.01
1,22.92,1,23,2.164
4,6.38,1,5,0.01
2,13.45,0,21,0.625
4,22.2,0,20,0.019
2,29.54,1,17,0.76
0,20.84,0,13,4.38
1,18.94,0,1,1.829
4,3.73,0,20,0.01
0,26.57,0,8,5.272
1,21.55,1,13,1.578
0,14.84,0,12,3.895
2,28.89,1,23,0.808
0,8.01,0,5,2.011
4,13.38,0,4,0.025
4,17.91,0,19,0.015
1,10.26,1,12,0.985
3,11.9,0,10,0.761
3,26.34,0,14,0.779
0,13.7,1,21,4.241
2,20.15,1,9,1.002
1,21.61,0,3,1.826
4,20.65,1,19,0.041
0,9.53,0,9,2.324
3,8.38,1,21,0.416
2,13.41,1,3,0.367
1,14.06,0,4,1.113
1,5.49,0,0,0.432
4,13.49,0,12,0.017
1,19.11,1,7,1.467
1,29.66,1,16,2.652
0,3.49,1,7,0.589
4,10.31,0,7,0.01
2,19.91,0,18,0.843
4,27.79,1,1,0.038
0,22.27,1,22,6.386
1,23.1,1,6,1.901
2,25.58,1,0,1.312
0,29.48,0,0,5.305
3,4.95,1,5,0.19
2,11.5,0,2,0.465
2,28.38,0,9,0.776
4,16.34,1,8,0.036
1,19.09,0,19,1.445
0,26.37,1,0,6.451
3,3.3,1,4,0.234
2,26.79,0,17,1.296
1,10.43,1,3,1.167
2,29.91,0,17,1.169
3,13.86,1,0,0.672
4,14.13,0,10,0.017
4,14.34,0,6,0.015
0,26.49,0,16,3.535
0,29.44,1,8,4.96
2,23.6,0,22,0.576
1,5.49,1,11,0.49
2,23.11,0,10,0.732
2,23.66,0,1,1.201
3,3.22,1,21,0.21
4,15.66,0,13,0.024
3,6.86,1,15,0.331
0,9.26,1,12,1.714
3,10.65,1,6,0.768
3,23.28,1,22,1.144
4,8.85,1,5,0.016
1,20.1,1,6,2.083
4,14.38,0,8,0.024
2,29.55,0,9,1.31
1,1.18,0,5,0.095
4,15.18,0,5,0.023
4,18.21,0,18,0.024
2,27.54,1,23,0.884
4,26.03,1,14,0.052
0,7.44,0,15,1.732
4,16.83,1,14,0.031
0,15.9,0,5,3.317
3,22.93,0,23,1.06
1,7.71,0,22,0.482
3,18.73,1,0,1.346
0,10.39,1,11,3.402
3,9.04,1,23,0.554
0,5.83,1,14,1.19
3,25.55,1,9,1.179
1,27.7,1,2,2.86
2,19.97,0,11,0.94
4,14.08,0,23,0.011
4,23.75,1,14,0.044
2,12.91,0,21,0.316
2,7.12,1,9,0.225
0,25.49,1,23,4.62
2,20.18,1,12,0.742
2,5.19,1,3,0.25
0,18.33,1,2,2.515
4,9.62,0,20,0.012
0,22.0,0,1,3.883
0,11.38,0,20,2.485
3,25.59,1,4,1.834
0,5.08,0,5,1.184
1,23.31,0,12,1.467
0,2.66,0,22,0.536
2,11.08,1,21,0.412
3,9.99,1,16,0.497
0,5.64,0,14,1.037
4,22.0,0,7,0.029
3,21.58,1,6,1.033
3,22.22,1,2,1.138
4,11.14,0,4,0.01
2,7.43,1,2,0.18
2,7.51,1,19,0.272
4,5.07,0,10,0.01
4,15.12,0,12,0.018
0,23.6,1,5,5.775
1,2.6,1,21,0.286
1,8.81,0,10,0.741
1,10.78,1,22,0.955
1,8.73,0,23,0.508
3,15.12,0,11,0.456
3,18.48,1,9,1.346
4,17.38,1,20,0.034
0,2.06,0,13,0.442
1,29.35,0,10,3.116
4,4.18,0,1,0.01
3,18.27,0,20,1.061
3,7.66,0,8,0.306
2,5.98,0,1,0.17
4,3.93,0,6,0.01
1,22.25,0,12,1.626
3,26.53,1,13,1.09
0,4.36,0,21,0.682
0,28.23,1,21,5.571
3,9.95,1,10,0.536
1,13.3,0,3,1.205
2,24.43,0,22,1.32
2,15.88,1,21,0.787
1,5.17,0,15,0.333
1,15.17,1,3,1.54
3,1.52,0,8,0.106
3,26.27,0,20,1.817
3,6.52,0,15,0.261
3,9.06,0,7,0.487
1,14.46,0,23,1.175
3,11.93,1,4,0.526
0,21.59,1,7,4.782
2,27.62,1,4,0.801
4,19.62,0,15,0.03
4,12.41,1,9,0.016
4,26.02,1,2,0.034
3,9.94,1,20,0.68
1,18.55,1,15,1.508
1,21.86,1,20,1.949
3,24.45,0,14,1.105
0,21.49,1,13,3.376
3,5.86,1,8,0.208
1,2.35,0,10,0.276
2,10.28,0,13,0.41
4,15.05,0,2,0.028
2,28.72,0,12,1.151
0,11.51,1,16,1.771
0,7.55,0,18,1.24
2,11.79,0,1,0.43
0,2.62,0,6,0.605
1,11.99,1,16,1.301
1,21.86,1,11,1.895
1,10.58,0,19,0.817
0,18.7,1,0,3.683
1,24.57,1,17,2.898
0,1.51,1,10,0.256
3,17.11,0,1,1.034
4,15.88,0,5,0.018
3,16.69,1,21,0.656
0,3.07,1,11,0.528
2,4.26,0,0,0.087
2,18.76,0,18,0.895
3,1.71,0,18,0.075
1,11.57,1,4,0.868
1,8.06,0,4,0.775
1,8.78,1,20,0.885
3,6.63,1,6,0.36
3,11.43,1,21,0.484
1,18.64,0,14,1.224
2,22.84,1,11,1.118
2,3.85,0,10,0.168
4,14.32,0,23,0.01
1,9.12,0,22,0.606
1,6.91,0,6,0.5
2,22.43,0,1,0.884
0,20.63,1,3,4.062
4,14.6,0,14,0.026
1,25.29,0,10,2.394
2,28.92,1,9,1.292
0,20.16,1,8,3.968
0,14.27,1,1,2.107
0,20.39,0,1,4.904
3,23.8,1,18,1.636
1,8.86,0,15,0.6
0,22.33,1,21,4.861
0,19.34,1,12,4.634
0,7.59,0,17,1.366
4,13.9,0,23,0.026
1,23.55,0,15,1.718
4,6.84,0,2,0.01
3,22.47,0,8,1.399
0,17.07,0,19,5.148
2,19.62,1,0,1.036
3,7.33,1,15,0.567
0,2.5,1,22,0.477
1,17.69,0,7,1.553
0,11.69,1,22,2.071
0,17.79,0,22,2.106
2,6.8,1,7,0.181
2,27.96,1,7,0.74
4,8.62,0,13,0.01
3,27.9,0,5,1.397
1,2.97,0,22,0.283
2,21.47,0,3,0.759
4,22.9,0,12,0.022
1,15.38,1,21,1.902
4,3.15,0,1,0.01
4,24.21,1,20,0.03
4,5.5,1,3,0.01
2,15.26,1,1,0.726
0,16.08,1,16,3.885
3,17.56,1,14,0.702
1,4.13,0,4,0.357
3,25.39,1,1,1.041
0,2.74,0,7,0.652
4,11.35,0,12,0.01
2,3.62,1,22,0.098
1,25.57,1,16,1.944
1,11.84,1,11,1.422
1,20.39,1,8,2.129
2,21.5,0,21,0.742
0,4.68,1,18,0.771
2,20.57,1,10,0.708
3,5.69,1,2,0.34
4,23.89,1,8,0.021
4,14.35,1,5,0.019
2,8.05,0,2,0.244
0,25.13,0,22,6.464
3,12.8,1,8,0.702
2,10.01,1,5,0.442
0,20.39,0,16,2.938
1,18.2,0,8,1.537
1,16.33,0,3,1.411
0,29.55,1,5,6.198
3,7.98,1,4,0.466
3,14.53,0,6,0.99
1,10.67,1,19,1.312
2,1.07,0,21,0.031
2,28.19,1,12,0.865
1,25.12,0,1,1.662
0,26.46,1,12,6.055
0,3.47,0,13,0.41
3,1.24,1,13,0.047
3,2.07,1,11,0.164
0,24.68,0,15,5.887
1,11.64,0,21,1.055
4,18.26,1,23,0.035
4,23.42,0,16,0.05
0,1.83,1,8,0.571
0,2.65,1,23,0.539
4,6.17,0,0,0.01
2,2.64,0,0,0.139
2,16.4,0,23,0.384
1,5.82,1,5,0.55
1,10.52,0,21,0.949
3,12.5,1,22,0.914
3,17.64,0,21,0.637
1,3.76,1,17,0.342
1,5.47,1,19,0.538
1,25.74,1,20,3.052
2,22.0,1,4,0.915
3,21.96,0,12,1.567
1,12.32,0,9,1.333
3,15.75,0,14,0.64
2,8.13,0,17,0.391
1,8.26,1,3,0.867
2,29.1,0,18,0.644
1,10.42,1,13,0.814
4,13.94,0,9,0.027
3,20.15,0,9,1.259
0,13.67,0,10,3.776
4,4.74,1,7,0.01
1,21.22,1,16,2.081
2,16.15,1,7,0.599
3,19.83,0,7,0.911
2,3.28,1,15,0.113
3,26.51,0,9,1.391
1,1.91,1,8,0.238
4,9.53,1,3,0.01
3,7.61,1,7,0.36
1,4.53,0,23,0.38
3,7.76,1,20,0.598
0,5.04,0,20,1.117
0,14.88,0,22,3.212
4,12.51,0,17,0.01
2,26.77,1,8,1.259
3,13.0,0,12,0.687
0,11.18,0,12,1.476
3,25.17,1,17,0.866
1,9.05,1,18,0.774
2,4.13,0,15,0.19
0,29.97,1,20,7.725
0,2.91,1,4,0.826
0,0.77,1,15,0.201
1,29.8,1,22,2.48
0,1.49,1,14,0.238
0,27.38,0,19,6.658
2,18.24,0,1,0.528
3,2.52,1,18,0.118
4,19.04,1,3,0.013
4,15.83,1,20,0.018
3,15.88,1,20,0.772
3,21.61,1,15,1.027
4,9.72,0,21,0.018
1,28.81,1,11,3.063
0,16.99,1,0,3.461
3,21.91,1,8,1.13
2,0.96,0,17,0.021
3,3.64,0,8,0.179
0,5.88,0,15,1.15
0,3.41,1,17,0.867
3,17.48,1,16,0.996
4,12.68,1,17,0.022
4,13.33,1,13,0.026
1,15.51,0,21,1.708
0,3.76,1,13,0.905
3,1.42,1,6,0.113
0,21.8,0,16,3.945
3,2.43,0,19,0.114
2,20.93,1,5,1.161
2,24.5,1,16,0.955
1,14.74,1,13,1.412
1,8.9,1,22,1.02
4,18.92,0,8,0.036
4,21.53,1,22,0.032
3,17.55,1,1,1.079
4,16.66,1,7,0.01
0,10.97,0,22,2.473
1,10.22,0,23,0.875
1,22.55,1,4,1.585
1,3.81,0,12,0.333
4,27.75,0,11,0.049
0,26.25,0,7,6.144
3,8.96,0,21,0.571
0,7.76,0,9,1.141
3,5.05,0,23,0.264
3,27.8,1,1,1.465
0,20.97,1,18,3.875
3,4.57,1,16,0.208
3,8.09,1,10,0.393
2,16.93,1,11,0.569
4,16.44,0,19,0.029
0,2.69,1,20,0.531
2,21.5,1,21,0.929
0,11.48,1,19,2.889
2,4.44,1,18,0.201
4,24.11,0,16,0.029
3,27.25,1,2,2.017
2,3.81,1,0,0.17
3,17.38,1,22,1.187
4,28.91,0,2,0.058
3,16.12,0,5,0.982
0,4.71,0,14,0.734
1,7.6,1,13,0.547
4,20.81,1,20,0.017
2,7.26,0,1,0.196
1,4.7,1,9,0.595
0,14.76,1,15,3.029
3,29.77,1,11,1.623
2,29.78,1,3,1.091
0,26.4,0,18,6.484
0,1.67,1,6,0.242
1,9.21,1,9,0.96
1,5.9,0,3,0.57
4,5.39,0,13,0.01
0,28.14,1,1,7.554
4,12.67,0,5,0.024
2,5.94,1,1,0.183
2,24.17,1,11,0.939
0,13.27,1,4,2.861
3,1.65,0,8,0.058
0,18.5,0,5,3.796
1,20.29,1,0,1.606
4,7.3,0,11,0.012
4,3.05,1,5,0.01
1,1.61,0,1,0.16
0,22.88,0,21,6.483
0,9.22,1,14,2.35
1,8.62,0,5,0.576
4,6.77,1,6,0.01
4,19.53,0,0,0.036
0,21.49,1,18,5.594
3,20.88,1,17,0.845
4,0.98,1,2,0.01
0,6.6,1,0,1.328
2,25.47,1,7,1.391
3,2.91,1,4,0.186
2,24.58,0,20,1.252
4,11.77,0,14,0.012
0,3.92,1,22,0.98
0,20.61,1,18,4.089
3,4.13,1,15,0.16
2,2.37,1,19,0.094
4,7.33,0,17,0.01
1,0.78,0,9,0.062
1,25.02,1,22,2.205
4,3.26,1,1,0.01
3,24.61,0,11,1.376
3,1.54,0,15,0.069
4,20.4,1,8,0.034
0,25.27,0,20,3.466
3,11.85,0,18,0.812
0,22.93,0,19,6.152
2,21.23,1,14,1.16
1,5.26,0,1,0.459
2,20.62,0,17,0.893
2,23.62,1,20,0.584
1,12.58,0,13,1.192
4,27.42,0,18,0.029
4,14.57,0,2,0.02
3,28.63,0,19,1.671
1,28.98,0,23,1.777
4,17.64,1,8,0.019
3,27.28,0,9,1.739
4,4.65,1,6,0.01
2,27.18,1,9,0.947
0,10.1,0,10,2.672
3,14.3,1,11,1.076
4,12.57,0,10,0.022
3,18.93,0,14,1.124
0,7.3,1,7,1.808
4,8.98,1,3,0.01
3,20.86,1,15,0.875
0,1.29,0,22,0.208
3,21.78,0,19,1.175
3,26.26,1,0,1.011
1,15.95,1,18,1.441
1,25.28,1,18,2.5
3,13.19,0,0,0.951
1,12.26,1,6,1.126
2,16.78,1,20,0.431
4,22.91,0,6,0.015
2,20.22,0,12,0.973
4,0.6,1,17,0.01
3,27.21,0,6,1.207
0,14.07,0,18,3.418
3,21.72,0,23,1.135
0,8.55,0,2,1.254
4,10.81,1,9,0.014
3,10.64,1,20,0.744
2,26.21,0,21,0.589
3,15.01,0,5,0.644
2,4.75,0,19,0.118
0,6.42,1,3,1.777
1,11.01,1,6,0.912
3,17.06,0,20,0.963
1,7.11,0,19,0.498
4,2.59,1,3,0.01
3,25.7,1,19,0.836
1,26.1,1,6,2.308
0,29.8,1,15,7.196
3,26.06,1,6,1.806
0,11.44,1,21,2.194
2,1.89,0,8,0.059
3,17.58,0,18,0.799
1,2.84,1,2,0.212
4,22.98,1,18,0.017
1,21.28,0,6,1.685
0,7.62,1,1,1.507
3,15.07,1,10,0.89
2,16.95,1,8,0.684
0,0.95,1,1,0.271
2,1.84,0,2,0.061
2,18.66,0,13,0.878
0,24.33,1,11,6.952
4,15.46,0,5,0.011
2,29.03,0,21,1.379
2,29.96,1,16,0.941
1,0.77,0,10,0.07
3,17.19,0,8,0.818
0,11.91,1,23,2.868
4,19.17,1,23,0.035
3,14.81,0,9,0.918
1,2.31,1,9,0.245
4,28.45,0,3,0.045
0,6.67,1,12,1.0
3,22.69,1,1,1.511
2,13.2,0,1,0.509
0,16.61,0,21,3.166
2,17.94,0,3,0.905
2,19.37,0,9,0.86
2,29.45,1,14,0.923
2,17.85,0,4,0.864
1,14.43,1,15,1.35
0,3.39,1,10,0.646
4,26.35,1,7,0.028
0,16.24,1,21,4.48
4,18.91,1,6,0.035
0,4.77,0,14,0.899
1,1.96,0,19,0.167
3,2.51,0,17,0.101
1,5.82,0,4,0.349
3,16.7,0,15,0.806
1,19.04,0,1,1.405
0,5.38,1,7,0.898
4,22.49,1,2,0.024
3,14.14,1,1,0.543
3,3.45,0,14,0.196
3,13.23,0,9,0.521
3,12.77,0,3,0.806
2,3.48,0,22,0.129
0,17.62,0,13,3.453
3,26.45,1,5,2.048
0,19.97,1,16,4.269
1,16.6,0,7,1.23
0,7.09,0,23,1.192
1,29.87,0,9,3.542
4,26.19,0,5,0.037
2,3.11,0,23,0.122
0,5.51,1,23,1.374
2,11.81,1,17,0.565
1,22.85,1,17,2.832
3,7.2,0,23,0.364
0,4.25,0,11,1.184
4,27.51,1,4,0.027
3,21.02,0,9,1.187
2,20.42,0,21,0.724
3,27.63,1,0,1.123
0,11.73,0,17,2.875
0,24.46,1,3,4.299
4,21.17,0,9,0.026
3,27.13,1,4,1.935
4,27.39,1,22,0.033
4,10.69,1,20,0.023
0,25.35,1,16,7.108
1,23.59,0,21,2.13
4,27.45,0,18,0.054
3,5.38,0,23,0.159
4,1.54,0,22,0.01
4,4.4,0,21,0.01
2,13.0,0,23,0.471
0,4.45,1,22,0.883
4,21.1,1,20,0.013
3,20.77,0,20,1.286
4,13.53,1,15,0.012
0,7.47,0,12,1.144
3,25.35,0,20,1.313
4,29.62,0,14,0.042
0,18.01,1,15,4.115
1,5.89,1,5,0.537
2,16.86,0,15,0.841
2,13.95,0,14,0.292
0,10.19,1,19,1.855
3,11.58,1,8,0.596
0,7.54,0,21,1.574
2,18.64,1,9,0.695
1,10.03,1,6,1.033
2,3.95,1,15,0.211
2,9.58,1,21,0.478
0,11.19,0,5,1.668
0,16.15,1,9,4.459
0,6.68,1,20,1.585
2,14.02,0,1,0.451
0,21.44,0,3,3.421
4,10.59,1,18,0.01
0,19.18,1,6,5.546
1,16.1,0,9,1.455
4,25.56,0,9,0.033
4,6.84,1,19,0.01
1,26.57,1,6,2.711
0,26.4,0,20,5.304
4,0.76,0,20,0.01
1,4.98,0,12,0.538
2,12.91,0,5,0.543
1,5.38,1,22,0.413
2,20.04,0,3,0.926
2,6.62,0,18,0.17
1,10.73,0,14,0.857
4,21.73,1,8,0.028
2,11.77,0,20,0.418
0,19.82,1,13,3.509
4,17.45,0,10,0.026
2,0.68,0,8,0.028
3,10.46,1,19,0.743
4,21.72,1,7,0.025
1,10.28,1,7,1.063
3,23.43,0,16,1.178
1,11.31,0,1,0.743
1,17.67,1,16,1.482
2,0.84,0,4,0.035
4,13.21,0,6,0.02
1,14.81,1,16,1.145
0,28.1,1,21,8.229
0,9.28,1,12,1.767
4,28.86,1,14,0.06
4,13.68,1,3,0.011
0,10.77,0,22,2.037
0,19.84,1,6,3.86
4,18.57,0,12,0.026
2,9.56,0,17,0.464
3,15.73,1,1,1.141
4,0.61,0,18,0.01
1,25.15,1,10,2.384
4,11.1,1,6,0.01
4,18.63,1,7,0.031
3,25.66,0,11,1.432
4,15.61,1,23,0.016
3,29.6,1,22,2.062
2,21.43,1,9,0.53
0,20.73,1,20,4.176
4,7.89,0,11,0.01
3,22.91,1,10,1.429
0,5.94,1,0,1.365
4,17.22,1,1,0.024
1,6.78,0,11,0.576
3,1.69,1,18,0.069
1,6.08,1,18,0.529
0,4.52,1,15,0.789
0,13.42,0,22,2.056
1,4.3,1,22,0.42
2,7.56,1,16,0.236
2,1.42,1,22,0.064
3,22.86,0,23,1.164
3,19.75,1,22,1.45
1,3.11,1,20,0.353
2,15.68,0,10,0.39
0,29.4,1,5,6.479
2,23.42,0,7,0.994
4,7.73,0,16,0.01
2,1.76,1,11,0.048
3,17.03,0,14,1.166
4,25.86,0,13,0.048
3,0.75,0,2,0.025
4,19.91,1,18,0.04
4,14.86,1,0,0.025
1,24.67,1,22,1.621
3,7.82,0,13,0.303
2,11.66,1,4,0.351
2,11.36,0,19,0.329
2,17.05,1,9,0.798
3,6.88,1,9,0.396
2,8.5,0,21,0.285
3,8.58,0,5,0.439
4,27.27,0,4,0.032
3,28.74,1,15,1.861
4,1.31,0,1,0.01
1,8.08,0,16,0.802
3,21.74,1,0,1.614
3,28.26,1,14,1.026
4,5.88,0,5,0.011
1,5.82,1,8,0.564
4,13.67,1,1,0.01
4,29.17,1,2,0.031
2,29.32,1,22,1.44
3,20.89,0,21,1.334
1,28.02,0,17,3.316
2,24.29,0,15,0.982
1,26.51,0,13,1.933
0,3.8,1,15,1.082
3,13.11,1,23,0.681
4,5.99,0,21,0.01
4,7.38,1,18,0.01
4,11.77,0,21,0.012
3,21.54,1,6,0.778
1,2.64,1,21,0.229
3,20.14,0,21,0.911
0,8.59,0,12,1.1
1,29.46,1,23,3.062
3,14.38,1,15,0.516
4,6.12,0,8,0.01
0,26.58,1,10,4.765
1,13.81,0,8,1.261
1,25.19,0,3,2.579
1,2.8,0,3,0.28
2,11.62,1,2,0.57
0,21.47,1,9,6.329
0,10.24,1,17,3.014
0,22.16,1,19,4.78
1,6.38,0,3,0.423
4,10.96,1,2,0.017
3,28.46,0,17,1.029
4,13.63,0,12,0.013
1,11.65,0,2,0.947
1,7.39,1,3,0.857
4,11.19,1,22,0.01
4,23.91,0,9,0.036
3,11.97,0,20,0.431
2,16.29,0,22,0.68
3,24.76,0,10,1.231
3,0.85,1,2,0.051
2,9.47,1,7,0.383
0,7.96,1,10,2.507
3,21.85,1,9,1.163
2,21.7,1,21,0.728
4,23.43,1,18,0.051
3,9.04,0,5,0.623
1,4.22,1,3,0.447
2,5.38,0,3,0.262
4,8.64,0,13,0.01
3,8.46,1,19,0.473
3,16.06,0,12,0.71
2,24.83,1,11,0.824
3,2.5,1,9,0.178
0,16.51,0,20,2.344
0,16.2,1,9,5.029
0,9.58,1,5,2.575
3,1.73,1,4,0.097
2,25.97,0,21,1.273
3,27.54,1,12,1.894
3,3.54,1,3,0.218
1,18.37,1,16,1.725
1,11.34,1,5,0.942
3,15.69,1,19,1.013
1,3.39,0,3,0.274
4,11.36,0,11,0.012
0,8.9,1,16,1.899
1,10.18,0,2,0.678
2,26.72,1,6,0.598
0,25.28,0,10,6.399
0,18.99,1,16,4.159
0,19.58,0,10,4.369
2,1.94,1,7,0.057
2,3.56,1,0,0.142
3,19.84,1,16,0.703
3,15.51,1,17,0.967
3,22.04,0,12,0.877
1,18.85,1,7,1.74
4,10.51,0,4,0.015
3,8.2,0,1,0.384
4,7.59,0,7,0.01
1,2.08,0,7,0.174
4,19.14,1,9,0.042
3,21.9,0,9,1.26
4,13.93,1,11,0.017
4,28.76,1,6,0.022
1,16.4,0,11,1.532
2,27.77,0,14,0.734
2,23.97,1,0,0.833
3,21.81,1,10,1.421
4,9.35,0,14,0.01
4,26.57,1,12,0.036
3,18.32,0,19,0.978
2,14.92,1,10,0.421
2,18.88,1,11,0.574
4,12.62,0,18,0.021
2,25.84,1,7,0.826
2,2.96,1,8,0.114
3,20.75,0,7,1.205
2,27.14,1,19,0.799
0,21.57,0,1,4.954
3,29.52,0,17,1.946
2,11.68,1,12,0.468
1,29.21,0,3,2.711
1,15.92,0,16,1.557
4,5.71,1,4,0.01
4,27.58,0,22,0.022
3,25.81,0,6,1.555
2,24.23,1,23,0.698
3,26.35,1,2,1.749
0,24.96,0,17,6.467
4,12.77,1,10,0.018
2,12.02,0,20,0.534
3,25.83,1,2,1.812
1,8.29,1,6,0.745
3,27.3,1,1,2.083
0,24.8,0,20,5.889
1,13.4,0,5,1.336
3,5.34,1,2,0.411
3,22.38,0,18,0.763
4,10.96,0,20,0.01
1,26.1,0,11,1.837
1,1.47,1,11,0.158
3,8.38,0,5,0.545
3,17.71,1,5,1.357
4,2.51,1,22,0.01
2,20.08,1,4,0.933
3,14.36,1,2,0.965
4,4.07,0,1,0.01
3,4.02,1,10,0.147
0,24.68,1,12,4.221
3,0.78,1,19,0.04
4,15.85,0,23,0.019
1,28.34,1,7,2.17
0,20.9,0,4,4.488
0,29.22,0,23,6.116
2,13.66,1,22,0.508
4,8.08,1,9,0.016
1,16.34,0,6,1.381
0,10.26,0,13,2.462
4,11.59,0,8,0.013
2,1.72,1,21,0.085
3,6.37,0,2,0.27
4,8.81,1,22,0.016
0,5.86,1,11,1.381
3,14.41,1,23,0.718
4,18.26,0,7,0.03
0,27.95,1,18,8.555
4,4.11,1,10,0.01
1,12.51,1,4,1.35
1,23.71,0,8,2.462
2,5.55,1,6,0.32
3,12.28,0,20,0.438
1,18.93,1,6,1.712
2,7.24,0,16,0.351
1,27.58,1,11,3.456
0,12.3,0,14,1.983
4,14.76,0,5,0.016
4,4.41,1,22,0.01
1,28.18,0,20,3.11
0,21.94,0,1,2.914
1,25.55,1,13,2.043
3,13.41,0,7,0.822
4,23.73,0,9,0.048
0,25.26,1,23,5.358
0,1.86,1,19,0.367
4,27.42,1,17,0.055
2,25.31,1,4,1.461
4,14.96,1,6,0.019
4,24.49,0,18,0.046
2,25.65,1,17,1.17
2,5.87,1,16,0.311
3,18.19,1,20,0.904
3,12.11,1,10,0.599
1,21.29,0,20,2.17
0,4.75,1,19,0.763
1,19.33,0,15,1.749
3,22.6,0,17,1.686
1,14.4,1,11,1.825
3,20.48,0,15,1.477
3,4.57,1,21,0.211
3,2.19,1,20,0.081
4,23.48,0,3,0.046
4,29.31,1,8,0.062
3,17.9,0,1,1.031
2,20.26,1,15,1.126
2,11.65,0,8,0.49
0,28.66,0,6,4.616
4,5.91,1,6,0.014
1,27.81,1,16,2.101
0,14.78,1,4,3.428
0,20.09,0,1,3.595
1,20.34,0,2,1.602
2,16.09,0,0,0.72
4,1.02,1,1,0.01
1,11.9,0,19,1.139
0,19.19,0,5,3.504
0,4.27,0,3,0.936
2,0.59,0,11,0.019
4,3.13,0,20,0.01
3,16.92,0,11,0.579
3,27.63,1,16,2.024
4,7.81,1,9,0.014
3,8.86,1,17,0.429
4,24.19,1,17,0.042
0,11.49,0,1,2.461
0,18.57,1,18,5.065
2,1.1,0,14,0.054
3,4.85,1,5,0.348
1,3.86,1,18,0.373
3,28.24,1,12,1.694
3,21.97,0,19,0.787
2,10.43,1,17,0.541
3,29.18,0,2,1.287
3,13.61,0,7,0.404
0,23.1,0,21,5.157
3,17.93,1,6,0.794
1,29.29,1,10,3.011
0,28.14,0,10,4.403
1,11.96,0,11,1.322
2,26.15,0,14,0.752
4,25.67,0,8,0.041
0,27.09,1,19,4.307
0,23.05,0,14,4.615
1,4.24,0,14,0.397
0,27.35,1,17,7.453
4,21.64,1,15,0.049
0,15.68,1,10,4.463
4,19.7,1,12,0.022
3,2.03,0,21,0.101
3,8.36,1,10,0.617
1,20.72,0,6,1.422
0,9.25,0,16,1.303
3,25.6,1,19,1.518
3,23.91,0,7,1.135
4,2.72,1,20,0.01
4,7.29,0,20,0.01
1,0.91,1,12,0.106
2,6.07,1,14,0.3
4,26.98,1,11,0.061
3,15.86,1,7,1.204
1,17.76,0,7,1.316
2,13.75,0,22,0.352
4,19.42,1,13,0.037
2,25.22,1,14,0.805
4,28.49,0,1,0.033
1,16.82,0,18,1.273
3,12.7,0,1,0.711
0,15.13,1,22,2.133
4,22.87,1,16,0.014
4,7.22,1,6,0.01
1,24.0,1,10,2.252
1,19.39,1,14,1.64
2,25.87,0,12,1.001
3,2.9,0,17,0.164
0,12.12,0,6,1.654
1,23.89,0,3,1.684
4,25.41,0,23,0.016
0,24.86,0,21,3.358
3,10.03,1,2,0.405
3,17.13,0,23,0.945
4,19.96,0,8,0.03
4,18.7,0,22,0.013
2,11.39,1,7,0.469
2,18.12,0,4,0.431
0,14.3,0,15,2.468
0,2.49,1,6,0.601
3,20.82,1,18,1.312
2,1.73,1,14,0.042
4,23.88,0,2,0.044
2,16.37,0,23,0.733
0,5.78,1,10,1.408
4,23.22,1,19,0.042
3,29.92,0,5,1.178
1,11.81,0,12,1.137
1,14.27,0,14,1.129
0,4.01,1,20,0.643
2,29.42,1,22,0.832
0,13.59,1,16,3.743
3,21.24,1,2,0.986
1,16.27,0,17,1.965
0,20.53,1,10,3.394
0,16.96,0,17,2.75
3,14.62,0,0,0.762
4,1.73,1,14,0.01
0,28.1,1,9,6.995
3,13.22,1,21,0.577
1,13.5,1,7,1.525
4,11.84,0,3,0.022
4,23.51,1,1,0.019
1,22.42,0,4,1.381
0,2.45,0,23,0.432
4,13.05,0,1,0.021
3,9.62,1,6,0.644
0,19.23,1,0,5.348
2,21.35,0,11,0.474
1,10.74,1,13,1.171
4,12.1,0,23,0.018
4,16.22,1,14,0.015
0,29.08,1,0,6.019
0,26.66,1,0,5.524
2,3.0,0,15,0.131
0,9.39,1,10,2.896
2,12.41,1,16,0.568
1,28.47,0,15,2.799
2,28.36,0,16,1.044
4,19.04,1,23,0.041
1,26.67,1,9,3.04
4,7.62,0,12,0.011
4,19.57,0,3,0.011
0,0.56,1,11,0.159
2,6.47,0,8,0.159
4,4.27,1,13,0.01
0,26.11,0,5,5.715
4,2.45,1,22,0.01
1,2.58,1,18,0.2
3,9.18,0,12,0.311
0,23.5,1,8,5.17
4,18.78,0,1,0.033
4,4.16,1,17,0.01
2,27.39,0,12,0.962
0,13.39,0,9,2.439
4,22.13,0,15,0.044
0,14.2,0,5,2.791
1,20.43,1,20,2.426
3,7.99,1,12,0.451
1,22.58,1,21,2.576
0,2.5,1,22,0.549
0,1.7,1,12,0.465
3,23.3,0,10,0.701
3,25.11,1,18,1.355
0,12.06,1,9,2.956
1,14.98,0,20,1.65
3,28.01,0,12,1.324
4,27.86,1,2,0.052
2,29.06,0,15,1.405
1,21.98,0,23,1.853
0,13.32,0,10,3.154
2,7.27,0,9,0.275
2,4.37,1,17,0.187
3,14.34,0,13,0.848
4,2.43,0,13,0.01
3,22.72,1,11,1.386
4,22.95,1,23,0.027
2,3.46,1,0,0.087
4,12.63,0,3,0.024
2,12.81,1,14,0.36
3,13.88,0,2,0.586
4,23.97,0,19,0.024
3,15.08,0,11,1.015
3,9.96,1,21,0.698
1,22.26,1,10,2.887
2,17.53,1,6,0.633
1,27.49,1,4,1.997
4,13.8,1,16,0.024
1,27.71,1,10,2.462
1,4.92,0,5,0.454
4,19.9,0,7,0.037
2,27.75,1,9,1.113
0,12.46,0,8,2.318
3,14.14,1,19,0.973
1,2.23,0,8,0.259
3,24.47,0,6,1.519
2,12.08,1,12,0.328
4,11.86,0,12,0.021
3,5.46,0,17,0.363
1,21.67,0,21,2.074
2,27.29,1,10,0.841
3,28.54,0,23,1.841
4,12.73,0,1,0.01
4,15.62,0,5,0.013
0,1.39,0,12,0.312
1,2.46,0,4,0.155
2,5.62,0,23,0.129
1,15.66,0,3,1.444
4,18.35,1,19,0.014
2,23.26,1,21,1.19
4,26.96,0,17,0.024
0,22.98,0,16,5.719
2,12.07,1,6,0.545
4,8.2,0,20,0.013
3,8.41,0,15,0.541
1,28.45,0,12,1.883
2,23.5,0,17,0.789
0,15.84,1,2,4.148
2,9.31,1,8,0.252
0,19.66,0,15,5.013
1,9.03,0,14,0.6
4,7.48,1,0,0.01
1,7.73,1,19,0.874
3,5.84,0,9,0.416
2,9.64,1,16,0.447
1,12.69,1,4,1.159
1,23.42,1,18,2.381
3,19.79,1,21,1.402
2,11.56,1,21,0.535
4,12.68,0,6,0.022
0,22.65,0,3,5.918
3,20.39,1,9,1.612
4,14.58,0,16,0.011
2,21.3,1,8,0.968
4,18.07,0,2,0.019
1,13.19,0,7,1.309
1,17.76,0,8,1.675
2,25.62,1,21,0.767
2,21.62,0,12,0.896
0,9.32,0,19,2.486
4,19.55,1,12,0.039
2,13.41,0,6,0.326
2,10.28,1,5,0.37
0,4.4,1,15,1.013
1,27.0,1,13,2.216
3,3.66,1,5,0.132
0,29.58,0,12,4.088
3,23.73,1,18,0.885
1,3.01,1,17,0.322
0,2.74,0,15,0.483
2,20.82,0,4,0.793
3,14.67,0,4,0.468
2,12.77,0,6,0.512
3,16.44,0,17,0.732
4,25.51,0,15,0.034
1,24.96,0,1,2.1
3,20.26,0,6,1.253
2,25.24,0,14,0.724
4,10.99,0,16,0.022
4,16.19,1,3,0.015
3,16.01,1,20,0.69
4,7.27,1,5,0.014
4,10.52,1,1,0.013
3,2.45,1,6,0.18
4,1.5,1,23,0.01
1,6.93,1,5,0.484
1,23.56,0,5,2.39
0,16.64,1,15,4.215
3,6.35,1,6,0.25
0,14.69,0,4,2.359
2,18.07,1,20,0.66
4,24.49,0,1,0.016
2,25.54,0,8,0.848
2,13.39,0,21,0.706
3,2.9,0,13,0.096
3,29.13,0,7,1.837
0,9.24,1,18,2.211
1,25.17,1,5,2.241
1,25.28,0,23,2.662
1,1.94,0,22,0.144
4,22.94,0,14,0.015
2,15.41,0,7,0.326
3,1.5,1,4,0.099
2,14.18,1,12,0.691
4,6.59,0,4,0.012
2,15.02,0,0,0.628
3,13.84,1,2,0.88
1,21.37,1,11,2.702
4,26.52,1,15,0.049
1,23.71,0,23,2.407
0,3.26,0,1,0.616
2,22.82,0,6,1.074
1,9.5,0,14,0.682
2,23.45,1,23,0.704
0,20.63,0,16,3.607
3,23.14,0,2,1.178
2,1.31,1,23,0.03
2,21.05,1,23,0.704
0,29.21,0,23,6.283
3,22.98,0,17,1.612
2,22.31,0,11,0.625
2,2.87,1,2,0.119
1,12.28,0,16,0.887
4,20.18,1,3,0.029
1,9.63,0,5,0.717
2,24.85,0,16,0.584
0,7.64,0,21,2.227
1,28.06,0,8,2.308
4,21.73,0,4,0.042
1,16.01,0,20,1.873
1,22.77,0,19,2.675
3,7.06,0,18,0.486
4,1.12,1,22,0.01
2,27.27,0,13,0.892
0,14.32,0,20,2.948
2,6.43,0,17,0.159
2,11.68,1,17,0.288
4,14.09,0,20,0.022
4,19.99,0,12,0.019
3,10.6,1,22,0.683
2,24.17,0,4,0.994
0,2.11,0,4,0.426
3,1.71,0,2,0.058
0,28.35,1,18,7.955
0,17.74,1,11,3.489
0,8.47,0,10,1.927
2,0.74,1,2,0.04
0,1.88,1,18,0.55
1,1.55,0,16,0.111
0,19.45,0,5,3.647
4,22.64,1,14,0.047
3,20.04,1,18,1.041
2,20.69,1,18,0.877
1,9.55,1,14,0.786
3,1.81,1,14,0.098
0,16.15,1,5,4.215
3,27.89,0,14,1.168
1,0.91,0,3,0.066
2,11.83,1,23,0.473
2,26.19,0,5,0.97
1,21.41,1,10,1.899
1,2.9,0,4,0.18
0,3.05,0,20,0.734
2,6.44,1,18,0.242
1,24.85,1,9,2.244
0,24.25,0,10,4.147
1,3.95,1,12,0.375
2,5.43,0,15,0.148
3,14.11,0,20,0.583
0,10.04,0,0,1.924
3,22.26,1,23,1.26
4,16.41,1,16,0.038
4,4.98,1,0,0.01
0,9.52,0,10,1.565
4,22.52,1,1,0.032
3,8.9,0,17,0.444
1,24.49,1,18,2.197
0,19.21,0,16,2.798
0,4.25,0,18,0.929
2,8.45,1,17,0.205
4,23.39,1,10,0.02
0,3.44,0,23,0.586
1,7.3,1,6,0.633
1,10.63,1,4,0.752
3,12.1,1,14,0.893
2,10.35,0,12,0.501
2,18.96,0,6,0.699
1,4.0,0,1,0.341
2,24.71,1,16,1.447
2,27.61,1,17,0.996
4,24.24,0,9,0.028
3,23.96,1,9,1.409
0,7.94,0,21,1.328
1,6.18,0,23,0.518
2,20.0,1,19,0.6
1,11.85,1,22,1.152
2,24.94,1,16,0.871
1,28.36,0,15,2.792
1,6.2,1,17,0.789
2,6.05,1,19,0.294
1,26.33,1,10,3.023
3,20.59,0,13,0.904
3,11.23,0,18,0.411
3,25.46,1,14,0.988
1,5.75,1,22,0.667
4,18.57,1,19,0.027
4,24.54,1,18,0.025
3,28.53,1,13,2.208
4,22.19,0,19,0.021
4,18.51,0,15,0.023
1,21.48,1,1,1.682
0,29.12,0,0,7.037
4,20.67,1,11,0.014
4,18.33,0,15,0.025
2,24.09,1,15,1.298
2,3.01,0,18,0.113
2,1.05,0,7,0.039
1,28.88,1,9,2.982
2,1.42,1,6,0.047
2,9.49,0,12,0.191
3,12.38,1,17,0.688
4,19.3,1,23,0.02
1,3.55,1,2,0.288
2,5.93,1,5,0.161
3,23.78,0,21,1.405
1,3.82,0,18,0.477
3,2.32,1,10,0.13
1,22.09,1,18,2.541
1,18.77,0,22,1.737
1,28.51,1,12,2.826
2,14.2,0,23,0.343
3,2.52,0,22,0.1
1,22.04,1,21,2.537
0,22.16,1,20,6.026
1,12.59,0,5,0.865
0,1.29,0,5,0.224
2,22.72,0,17,0.655
3,1.53,1,15,0.109
1,20.85,1,11,1.582
1,16.3,1,7,1.834
0,24.28,1,13,6.351
3,11.54,1,13,0.798
4,21.21,1,8,0.038
0,25.8,0,10,6.833
3,4.36,0,22,0.219
3,24.75,1,20,1.509
0,2.76,1,6,0.442
3,2.48,1,5,0.177
0,10.8,1,14,1.704
2,28.75,1,14,1.067
2,3.95,1,15,0.142
0,22.41,0,0,4.415
3,17.15,0,22,0.912
0,15.95,0,6,2.587
2,28.21,1,14,0.851
2,25.19,0,1,1.185
0,9.95,1,16,2.741
3,10.52,0,19,0.744
0,20.25,1,1,4.221
0,24.34,1,17,7.557
3,25.81,0,20,1.212
1,9.58,0,22,0.732
4,28.15,1,22,0.039
2,24.39,1,23,1.271
3,2.73,1,5,0.138
0,20.29,0,18,3.454
4,15.91,1,11,0.014
1,24.62,1,18,3.121
3,15.51,1,17,0.645
2,14.15,1,22,0.316
3,2.31,1,23,0.125
0,4.38,0,9,0.819
2,29.48,1,13,1.24
2,3.36,0,11,0.083
0,27.18,1,3,3.993
3,14.32,1,15,0.934
3,16.46,1,8,0.85
4,15.47,1,21,0.017
3,19.82,0,11,1.208
1,16.86,1,7,1.907
1,16.68,1,0,1.494
1,26.82,1,22,2.24
0,26.87,0,20,6.883
1,14.04,0,17,1.082
3,25.46,0,20,1.471
0,17.35,1,21,4.199
1,26.85,0,22,2.475
1,21.31,1,14,1.857
1,21.6,1,3,1.824
2,22.77,1,17,0.815
0,7.03,0,12,0.917
4,17.16,0,14,0.025
2,10.16,0,7,0.409
3,24.45,1,8,1.767
4,6.71,0,13,0.011
4,25.91,0,10,0.046
3,19.09,1,1,0.779
0,20.54,0,10,5.613
1,17.43,1,2,1.226
2,1.73,1,2,0.057
3,3.6,0,14,0.257
3,3.38,0,20,0.254
0,21.63,0,7,3.345
3,27.4,1,0,1.438
4,17.29,1,7,0.032
3,8.57,0,1,0.471
4,1.96,0,23,0.01
2,8.36,0,22,0.354
2,11.65,0,12,0.493
4,2.17,1,5,0.01
4,20.06,0,11,0.036
0,12.7,1,22,2.818
2,18.0,0,17,0.573
3,21.72,0,18,1.523
0,10.05,1,5,1.532
2,1.22,1,7,0.037
4,12.01,0,7,0.01
0,28.09,1,5,5.777
4,11.81,0,23,0.016
2,4.51,0,22,0.193
4,13.23,1,19,0.016
3,27.35,1,22,1.897
0,28.91,0,10,5.41
4,17.08,1,16,0.01
0,4.48,1,23,1.04
4,12.69,0,3,0.018
1,6.67,1,15,0.615
2,18.96,1,13,1.018
0,15.25,1,9,2.59
4,1.25,1,10,0.01
4,24.09,0,8,0.02
4,21.34,0,6,0.037
1,1.07,0,6,0.108
4,12.35,0,4,0.017
3,10.87,1,3,0.491
3,22.99,0,17,1.497
2,13.85,1,20,0.653
3,20.79,0,10,0.903
4,29.24,0,15,0.024
1,1.03,0,21,0.099
1,3.03,1,5,0.276
3,0.88,1,7,0.066
4,6.86,1,21,0.01
2,3.49,1,12,0.147
2,25.45,0,22,0.698
4,29.35,0,22,0.025
2,10.82,0,11,0.561
0,27.99,0,4,4.307
2,19.56,1,9,1.067
4,7.8,0,12,0.014
4,8.16,1,17,0.01
1,24.38,0,5,2.321
4,23.35,1,14,0.025
3,18.97,0,7,0.689
0,23.08,0,12,4.824
3,22.51,1,11,1.205
3,15.75,0,0,0.708
4,16.58,0,4,0.034
1,26.54,0,15,1.888
4,11.3,1,7,0.01
0,5.63,0,20,1.453
0,18.28,0,6,4.845
2,21.08,0,7,0.808
0,20.2,1,23,4.35
0,11.57,1,21,2.187
0,17.44,0,7,2.966
0,22.84,1,23,5.505
2,10.45,0,9,0.277
0,9.3,1,7,1.187
3,6.53,1,20,0.514
0,17.85,1,3,3.099
4,16.15,0,16,0.023
1,24.62,1,7,2.434
1,25.64,0,3,1.691
1,15.21,0,17,1.267
1,18.97,0,21,1.944
0,26.84,1,21,5.291
2,6.99,0,4,0.223
4,9.01,0,12,0.013
2,21.22,1,5,0.704
1,20.26,1,0,1.554
2,29.64,0,2,1.108
2,15.97,0,19,0.342
0,28.11,1,7,7.473
3,12.05,0,5,0.7
0,25.56,0,18,3.77
2,21.28,0,4,0.491
4,24.95,1,20,0.045
4,25.84,0,8,0.033
0,7.99,1,13,1.602
0,20.96,0,2,3.494
3,23.54,1,7,0.865
0,29.35,1,6,6.567
1,5.0,1,19,0.447
1,24.03,1,15,1.822
0,25.67,0,6,6.362
4,23.03,1,1,0.017
4,0.57,1,7,0.01
0,8.78,0,6,1.824
3,13.47,0,4,0.501
3,15.13,0,2,0.543
4,4.25,0,0,0.01
0,14.74,1,11,3.457
2,7.95,1,0,0.269
0,13.7,0,11,3.797
4,1.05,0,13,0.01
2,22.02,0,18,0.841
3,11.81,1,19,0.856
0,7.03,1,0,1.354
3,9.36,0,20,0.301
2,25.49,0,12,0.68
3,18.74,0,14,0.962
1,9.9,1,5,0.914
4,0.99,0,0,0.01
2,18.92,0,10,0.426
2,8.32,1,4,0.256
1,1.51,0,19,0.167
1,26.58,1,8,3.538
4,8.36,1,6,0.01
3,1.67,0,22,0.116
4,25.35,0,8,0.014
2,9.8,1,19,0.368
0,27.36,0,20,4.594
0,28.15,0,23,5.515
4,25.82,0,13,0.036
4,3.76,0,23,0.01
3,14.49,0,3,0.524
0,25.65,1,21,7.994
0,26.38,0,13,4.497
0,11.15,0,15,2.638
2,2.23,1,9,0.08
0,29.35,1,23,6.584
1,17.94,1,8,1.47
2,5.64,1,19,0.171
1,2.46,1,0,0.242
3,19.65,0,5,1.111
0,29.38,1,5,4.93
2,7.93,1,5,0.404
3,19.73,1,17,0.662
3,16.13,0,3,0.916
0,8.88,1,6,2.407
4,4.42,0,8,0.01
0,5.04,0,15,1.29
4,24.99,1,6,0.032
2,8.22,0,23,0.378
1,6.22,0,6,0.518
4,10.63,1,2,0.01
1,11.67,0,23,0.981
0,18.84,1,1,2.884
2,24.28,1,7,1.039
0,2.41,0,9,0.333
2,12.59,1,0,0.423
2,15.51,1,21,0.4
0,21.33,0,5,5.178
2,2.01,0,20,0.072
2,5.31,1,15,0.154
2,13.78,0,4,0.521
1,13.5,0,5,1.307
0,2.96,1,23,0.825
3,3.09,1,10,0.183
4,22.91,1,5,0.022
2,3.33,1,18,0.08
3,21.57,1,17,1.586
4,4.26,0,0,0.01
0,4.45,0,19,1.134
2,7.67,1,7,0.384
2,18.61,1,17,0.471
3,15.94,1,4,1.085
4,1.11,0,18,0.01
1,18.18,0,1,1.403
1,26.75,1,13,2.202
2,11.23,1,5,0.511
2,0.56,1,14,0.021
0,14.71,0,18,2.458
1,10.37,0,21,1.057
2,20.53,1,13,0.823
3,22.39,0,11,0.949
4,25.75,0,22,0.033
2,5.65,1,19,0.189
0,26.73,1,10,6.419
3,11.03,0,2,0.385
0,11.69,1,4,2.098
3,14.03,1,18,0.527
3,11.55,1,23,0.591
0,4.24,0,5,0.86
1,10.36,0,4,0.955
1,15.28,1,13,1.041
2,15.16,0,5,0.633
0,10.45,1,23,2.554
0,29.3,0,4,3.604
1,8.56,0,17,0.82
3,17.68,1,16,1.228
2,10.86,1,1,0.527
0,25.05,1,16,4.496
3,19.15,0,15,1.081
2,27.34,0,22,1.178
2,6.3,0,0,0.191
4,6.6,0,14,0.011
0,5.44,1,20,1.565
1,25.76,1,22,2.262
1,15.78,0,3,1.551
4,2.8,1,0,0.01
1,2.61,1,1,0.203
3,8.82,1,18,0.673
0,29.56,0,17,4.478
1,11.06,0,19,0.939
1,24.32,1,4,2.644
3,2.33,1,22,0.079
2,29.18,1,18,0.879
3,20.11,0,5,0.892
3,16.23,1,5,0.807
3,8.4,0,2,0.462
1,25.7,1,0,1.797
0,1.38,0,18,0.367
4,5.61,0,16,0.01
4,11.7,1,13,0.015
2,28.7,1,15,1.236
1,27.33,1,3,3.252
0,14.4,1,20,3.322
1,19.95,1,13,1.426
1,27.29,1,3,1.996
3,16.92,1,20,1.04
2,6.64,0,22,0.327
1,27.1,1,16,2.333
0,3.6,1,13,0.917
4,1.01,1,2,0.01
0,17.97,0,23,2.417
2,14.38,1,18,0.394
4,3.57,0,9,0.01
2,25.13,0,17,0.526
4,25.05,0,19,0.032
2,28.27,1,16,0.804
1,3.27,0,8,0.308
3,7.07,0,2,0.308
4,9.09,0,18,0.01
0,14.32,0,1,2.625
4,14.47,1,0,0.025
2,16.25,0,2,0.411
2,18.56,0,1,0.386
0,8.99,0,16,1.972
2,28.74,0,3,1.116
3,21.46,0,21,0.91
3,2.38,1,17,0.098
2,5.22,1,23,0.206
3,7.77,0,10,0.345
3,19.27,0,6,0.827
1,22.32,1,3,1.87
4,16.51,0,21,0.02
3,15.76,1,20,0.872
4,19.99,1,10,0.037
0,20.02,0,16,2.831
2,3.63,0,22,0.142
3,15.79,0,3,0.724
0,18.73,1,11,5.422
4,27.51,0,5,0.014
1,29.94,0,6,2.943
3,17.41,0,10,1.039
4,3.69,1,21,0.01
2,17.66,0,21,0.888
2,11.26,0,19,0.354
0,7.46,0,23,1.114
2,13.56,0,8,0.443
4,10.5,1,17,0.018
2,7.54,0,21,0.338
3,21.76,0,1,0.891
3,23.15,0,16,1.357
2,27.01,1,2,0.913
1,7.45,1,5,0.75
1,7.71,1,2,0.59
2,28.92,1,19,1.13
3,5.32,1,0,0.38
3,3.9,0,4,0.235
0,5.34,0,20,1.493
2,29.66,1,2,1.571
4,19.32,0,16,0.02
3,27.22,1,9,1.657
1,28.0,1,5,2.777
4,24.77,1,7,0.054
0,13.17,0,2,2.083
1,12.24,0,9,1.287
0,1.86,0,16,0.235
4,7.04,0,2,0.013
1,5.48,1,1,0.448
4,4.92,1,16,0.01
2,23.41,0,4,0.898
1,12.03,0,4,1.178
0,26.67,1,7,5.204
3,7.17,0,18,0.291
1,4.12,1,6,0.437
4,13.0,1,12,0.012
2,18.36,1,6,0.997
0,14.92,1,15,3.758
1,18.3,0,0,1.503
1,7.27,1,6,0.47
4,14.23,1,8,0.013
2,20.44,0,8,0.564
4,20.81,0,16,0.026
4,5.08,1,8,0.01
1,25.46,1,16,2.341
3,10.92,0,20,0.676
0,27.85,0,0,7.046
4,21.57,1,17,0.019
2,1.17,0,3,0.038
0,2.26,0,2,0.318
1,4.35,1,9,0.489
1,22.41,0,6,1.525
1,3.65,0,4,0.252
4,17.93,0,18,0.026
2,8.8,0,12,0.272
2,14.55,0,4,0.639
0,13.84,1,13,2.323
2,25.43,0,22,0.706
0,28.92,0,1,6.445
1,23.71,1,7,1.647
1,14.77,1,6,1.648
2,17.35,0,20,0.858
3,18.84,1,14,0.841
4,25.07,0,18,0.038
0,4.45,1,17,0.816
3,17.24,1,12,0.982
0,27.75,1,2,3.658
2,13.99,0,19,0.341
0,28.88,1,9,8.493
4,6.79,0,12,0.01
3,24.74,0,2,1.411
1,7.03,0,23,0.696
2,7.68,1,21,0.273
3,3.56,0,5,0.201
1,20.07,0,12,1.193
2,8.71,0,19,0.413
3,2.76,0,8,0.097
1,9.9,0,3,0.869
0,7.9,0,5,1.543
2,22.45,1,19,1.281
3,13.13,0,5,0.676
1,15.12,0,2,1.556
4,18.04,0,9,0.03
1,3.94,1,21,0.411
0,14.51,0,4,3.096
0,25.01,0,8,7.567
3,15.16,0,13,0.976
4,24.86,1,5,0.019
3,10.44,1,10,0.599
2,29.84,0,22,1.407
1,8.92,0,8,1.044
1,5.83,1,20,0.607
3,18.52,1,4,0.872
2,4.56,1,10,0.193
1,28.77,0,21,2.287
0,0.58,1,2,0.156
1,24.79,1,8,3.17
3,27.62,1,13,1.659
3,8.11,0,3,0.364
0,5.78,0,12,0.948
3,3.57,0,13,0.204
0,26.0,1,11,7.207
2,9.17,0,20,0.364
0,14.65,1,20,4.258
2,16.54,1,14,0.401
4,28.21,0,16,0.047
3,4.5,1,22,0.247
0,24.72,1,6,6.023
1,10.55,1,6,1.079
0,12.05,1,0,3.006
2,27.53,1,18,1.48
4,18.39,0,7,0.014
4,22.55,1,20,0.042
1,14.35,1,0,1.485
4,14.93,1,10,0.017
2,4.42,0,9,0.175
1,26.61,0,21,2.101
2,29.25,1,17,1.418
2,29.65,0,0,1.177
2,15.59,0,6,0.331
2,4.9,0,3,0.218
0,15.48,1,20,4.202
0,23.25,1,2,4.129
3,22.47,1,1,1.476
0,29.82,0,17,6.009
1,20.46,1,1,2.232
2,0.95,0,20,0.037
4,0.75,0,9,0.01
4,23.67,0,15,0.047
4,22.08,0,22,0.012
2,5.24,1,0,0.294
0,12.52,1,0,1.9
1,22.44,1,6,1.559
4,3.56,0,17,0.01
2,17.88,0,9,0.594
4,13.8,0,11,0.019
3,22.42,0,20,0.954
2,1.55,1,5,0.052
3,20.32,0,11,0.665
4,16.03,0,0,0.019
3,21.49,0,21,1.147
2,23.28,1,21,1.121
2,12.02,0,7,0.528
4,9.8,1,14,0.01
4,13.98,0,8,0.024
0,7.74,0,16,1.655
1,14.41,0,8,1.358
2,1.94,0,2,0.089
4,25.75,0,21,0.021
3,18.1,1,12,0.876
2,17.38,1,2,0.542
3,6.12,1,9,0.242
1,25.9,0,10,2.225
0,14.96,0,12,2.398
1,26.58,1,7,2.719
2,16.58,1,15,0.614
4,16.09,1,23,0.022
3,18.86,1,19,1.332
2,5.24,1,19,0.228
3,20.0,0,14,0.995
3,9.18,1,8,0.513
4,17.12,1,2,0.013
2,4.35,1,11,0.229
4,29.23,0,17,0.02
2,25.27,0,5,1.147
1,3.91,0,2,0.241
0,18.25,1,4,2.987
2,22.98,1,4,0.909
0,1.66,0,1,0.33
2,26.13,0,3,0.644
2,18.14,0,18,0.615
4,2.21,1,8,0.01
2,8.54,0,16,0.399
4,10.81,0,2,0.016
0,27.28,1,4,4.814
2,15.6,1,21,0.376
4,22.43,0,17,0.019
3,16.95,1,12,1.358
2,11.07,1,6,0.394
0,16.46,1,21,4.078
0,17.33,1,11,5.601
4,21.05,1,12,0.029
2,20.14,0,0,0.907
2,23.11,0,8,0.61
2,1.56,1,8,0.048
2,10.96,0,20,0.227
4,5.97,1,21,0.011
0,12.87,1,0,2.522
1,15.29,0,4,0.965
4,28.56,0,6,0.029
2,17.42,0,14,0.419
0,3.43,1,7,0.679
0,16.77,0,12,2.326
2,11.22,0,18,0.586
0,5.28,1,12,1.396
4,5.49,0,2,0.01
1,8.89,1,8,1.095
3,10.62,1,15,0.779
4,7.82,1,16,0.016
2,2.15,0,9,0.057
3,14.19,1,17,1.012
2,6.87,1,11,0.197
3,7.15,1,9,0.274
2,4.54,1,6,0.112
4,3.11,1,14,0.01
1,14.61,1,3,1.228
3,27.19,1,8,1.271
3,27.1,1,13,1.718
2,9.5,1,19,0.307
4,1.85,1,17,0.01
1,9.11,1,21,0.849
2,28.75,1,22,0.8
1,5.98,0,22,0.452
4,8.44,0,16,0.01
0,13.62,1,8,3.093
1,28.02,0,16,3.012
4,20.33,1,18,0.046
4,4.89,1,15,0.01
3,0.62,0,23,0.028
0,22.26,1,7,3.429
3,13.91,0,8,0.593
0,29.33,0,1,7.209
1,25.61,1,12,2.526
3,29.74,1,17,1.178
3,0.98,1,19,0.06
2,7.19,0,20,0.243
0,3.21,0,11,0.541
1,25.89,0,23,2.399
4,20.77,1,11,0.043
4,5.45,0,8,0.011
2,5.17,1,13,0.194
0,8.41,0,2,1.26
2,19.06,0,9,0.861
1,12.22,0,8,1.235
0,21.94,1,6,4.731
4,18.3,1,23,0.04
4,8.84,1,18,0.01
2,24.72,1,20,1.197
0,6.14,1,11,1.282
2,11.09,0,18,0.279
4,17.08,0,19,0.03
0,27.53,1,3,6.685
0,2.94,0,17,0.682
3,6.02,1,3,0.367
3,21.36,0,8,0.9
3,2.48,0,5,0.175
1,4.29,0,13,0.256
0,15.58,0,1,1.999
0,29.84,1,8,5.763
0,5.69,0,20,1.165
1,21.7,0,3,1.972
3,24.38,1,1,0.901
0,13.77,0,3,1.801
2,8.25,0,10,0.367
3,18.48,0,7,1.242
4,18.91,1,19,0.011
3,2.3,0,11,0.082
4,20.9,1,17,0.024
1,23.94,1,15,1.679
3,27.72,0,15,1.597
3,19.07,1,20,1.109
1,27.31,1,23,2.585
0,2.93,0,22,0.394
2,24.88,1,22,1.11
3,2.75,0,12,0.154
4,16.16,1,10,0.011
4,29.83,0,0,0.02
4,20.65,0,15,0.017
3,1.63,0,18,0.099
3,12.85,1,20,0.526
0,6.19,1,4,0.959
4,9.27,1,8,0.013
0,2.3,1,22,0.628
4,14.9,1,22,0.034
1,2.75,0,13,0.238
4,4.53,0,17,0.01
2,29.12,1,2,1.102
1,10.57,0,6,1.021
4,9.28,1,3,0.01
0,22.43,0,18,3.688
0,7.38,0,16,1.753
4,20.29,1,14,0.038
3,15.51,0,12,0.481
1,10.22,0,16,0.766
2,11.19,1,6,0.446
3,14.45,1,7,0.813
0,28.3,1,2,6.155
4,3.65,1,21,0.01
2,21.22,1,5,0.555
4,23.78,0,12,0.015
0,16.96,0,1,4.024
2,22.2,1,13,0.853
1,29.24,0,14,2.986
0,1.47,1,11,0.462
1,16.52,0,10,1.974
2,22.96,0,0,1.104
4,12.44,1,10,0.01
1,26.45,0,0,2.287
1,27.06,0,12,1.78
3,12.74,1,15,0.53
3,12.09,1,3,0.457
1,5.24,0,9,0.438
1,26.44,1,23,2.329
2,16.66,0,21,0.85
0,19.41,1,12,3.271
3,16.42,1,10,0.712
3,8.38,0,14,0.541
2,3.55,0,7,0.163
2,7.91,0,9,0.19
4,0.59,0,22,0.01
2,28.42,0,2,1.403
0,13.42,0,22,2.551
0,14.61,0,20,2.235
0,13.88,1,13,2.213
2,15.2,1,20,0.579
3,23.22,1,20,0.791
2,2.11,1,21,0.052
3,6.56,0,14,0.375
2,22.59,1,3,1.216
3,29.78,1,7,2.3
1,13.42,0,1,0.993
3,9.84,1,18,0.421
4,8.59,1,3,0.01
2,6.9,1,5,0.257
1,1.23,0,18,0.096
1,10.19,1,14,1.178
2,3.82,1,5,0.184
2,26.22,1,12,1.508
1,16.91,1,18,1.751
3,14.01,1,3,0.528
0,24.27,1,15,4.653
1,29.33,0,19,2.438
3,7.5,0,11,0.459
1,11.25,0,11,1.092
2,0.74,0,3,0.033
3,26.71,1,18,1.345
2,21.92,0,3,0.716
2,7.71,1,9,0.32
2,25.5,1,23,0.908
4,18.94,1,19,0.04
0,9.92,0,23,2.271
3,26.25,1,11,1.704
4,18.26,0,23,0.029
2,9.85,1,19,0.476
1,9.41,1,16,0.788
2,8.69,1,16,0.317
3,8.96,0,18,0.638
3,23.07,1,17,1.331
3,13.89,0,7,0.872
1,14.08,0,19,1.481
3,22.93,0,8,0.824
0,12.45,1,10,2.932
2,2.57,1,13,0.067
1,20.75,0,3,1.786
2,10.52,1,20,0.413
3,9.88,1,20,0.656
2,14.77,0,3,0.316
4,9.53,1,6,0.01
2,17.06,1,4,0.64
0,22.8,1,15,4.343
2,28.08,1,22,0.636
3,20.27,0,13,1.283
4,3.56,1,2,0.01
2,0.9,0,12,0.042
2,20.05,0,15,0.932
1,2.74,0,5,0.26
4,15.87,1,23,0.015
4,5.61,0,19,0.01
0,3.32,0,21,0.72
4,4.38,1,10,0.01
3,26.71,0,19,1.774
4,22.4,1,12,0.052
3,16.92,0,18,0.779
1,25.61,1,6,2.114
2,5.08,1,5,0.271
0,19.11,1,0,3.182
0,18.02,0,23,2.647
3,19.89,0,4,0.837
0,18.59,0,4,3.764
3,14.39,1,18,0.912
0,25.83,1,16,6.394
3,1.34,1,18,0.099
2,18.07,1,14,0.997
0,26.76,0,14,5.547
0,7.12,0,8,1.782
1,4.16,1,10,0.352
0,8.49,0,2,1.741
0,24.76,0,5,4.306
3,26.16,0,3,0.899
4,1.23,1,13,0.01
1,15.06,0,3,1.404
3,22.72,1,5,1.637
2,16.97,1,11,0.605
4,6.18,1,13,0.01
1,4.48,0,12,0.42
3,7.96,1,19,0.466
3,26.87,0,3,0.979
2,25.6,0,18,0.659
2,3.79,1,13,0.129
4,12.9,1,13,0.018
1,6.79,1,22,0.755
2,10.57,1,19,0.441
0,28.26,0,16,5.19
2,10.49,1,4,0.355
3,14.21,0,16,0.486
1,25.7,1,12,2.48
1,29.45,1,16,3.358
1,11.72,0,1,0.988
3,9.78,1,2,0.448
3,1.28,0,9,0.085
2,24.61,1,5,0.629
1,5.07,0,7,0.328
4,11.26,0,9,0.014
3,22.91,1,3,1.168
0,28.51,0,0,5.964
1,29.43,0,17,2.584
1,4.17,0,9,0.402
2,25.9,1,8,0.732
1,5.56,0,16,0.43
2,23.45,0,7,0.742
1,19.81,0,1,1.235
0,18.66,0,11,3.04
3,0.68,0,17,0.047
2,22.14,1,6,1.145
4,4.91,0,3,0.01
3,12.29,1,17,0.827
3,7.95,0,10,0.369
0,8.05,0,13,0.962
1,6.77,0,14,0.678
2,11.0,1,20,0.411
0,14.52,0,21,3.019
1,28.2,1,16,2.795
0,2.17,0,6,0.316
1,22.44,1,5,2.074
0,1.43,0,15,0.359
2,15.99,0,2,0.833
0,18.87,0,10,5.02
4,10.47,1,22,0.011
1,26.81,0,18,2.03
3,21.01,0,1,1.12
2,27.44,0,7,0.793
4,8.95,1,18,0.01
0,1.29,0,7,0.282
4,3.38,1,12,0.01
0,7.61,1,17,2.393
2,5.23,0,22,0.226
2,24.56,1,20,1.218
2,21.42,0,22,1.043
4,7.37,0,2,0.014
4,2.95,0,11,0.01
2,4.95,1,16,0.242
2,22.22,0,16,0.875
3,14.35,0,12,0.93
2,11.03,0,7,0.603
0,17.81,1,11,3.613
4,7.65,1,20,0.011
1,3.74,0,4,0.337
3,12.97,1,9,0.51
1,14.27,0,12,1.079
2,26.81,0,5,0.831
3,7.98,0,19,0.545
2,28.21,0,22,1.338
0,8.51,0,17,1.874
4,17.92,0,15,0.021
0,25.42,1,16,5.327
4,15.16,0,2,0.024
0,21.16,0,12,4.228
0,4.73,1,1,0.992
4,19.24,0,7,0.021
3,23.26,1,2,1.543
0,19.06,1,22,3.092
1,7.48,1,20,0.594
4,28.51,0,12,0.021
1,11.17,1,13,1.025
4,6.97,0,17,0.01
1,1.64,1,15,0.125
0,25.57,1,22,6.075
4,14.24,1,12,0.023
0,9.47,0,10,2.432
3,9.25,1,23,0.318
1,12.78,1,6,1.402
3,13.03,0,10,0.739
1,9.01,1,9,0.978
4,18.63,1,18,0.015
0,11.38,1,21,2.035
2,15.39,1,13,0.389
3,19.77,1,17,1.208
2,27.08,1,22,1.232
4,5.05,0,6,0.01
2,10.01,0,22,0.33
3,16.56,0,15,1.039
4,21.26,1,5,0.043
1,29.12,0,8,2.257
3,8.4,1,1,0.552
0,1.6,0,16,0.36
3,29.28,1,23,1.117
2,27.3,1,4,0.973
2,26.74,1,4,0.803
0,16.66,1,11,4.814
2,5.87,1,5,0.139
4,2.99,0,7,0.01
2,28.47,0,14,1.253
0,0.79,0,10,0.184
0,24.34,1,16,4.62
0,20.13,0,1,4.883
4,1.36,0,21,0.01
0,17.21,0,18,2.97
0,3.54,0,4,0.887
1,26.54,1,14,1.728
0,3.85,0,20,0.75
1,10.35,1,16,1.223
2,3.42,1,22,0.166
1,20.04,0,17,1.827
3,19.57,1,8,0.928
0,29.91,1,16,5.837
1,17.93,1,14,1.745
4,17.3,1,8,0.033
4,4.47,0,4,0.01
2,16.83,1,13,0.461
2,3.49,0,0,0.115
1,8.24,0,10,0.676
4,13.07,1,9,0.029
4,4.61,1,7,0.01
2,25.53,1,20,1.047
3,5.99,1,19,0.446
1,26.94,0,16,2.634
1,14.81,1,5,1.127
0,23.42,1,22,6.502
3,3.8,0,7,0.183
4,4.73,1,21,0.01
3,6.83,1,19,0.48
4,26.75,1,3,0.043
1,2.26,1,13,0.201
2,28.39,0,12,0.865
3,10.97,1,9,0.631
1,18.22,0,23,1.375
1,22.61,1,3,1.75
1,24.36,1,16,1.985
3,6.7,0,12,0.348
1,18.38,1,15,2.1
1,4.71,0,8,0.422
4,1.63,1,2,0.01
2,2.3,1,3,0.125
2,18.58,0,0,0.848
1,12.91,0,5,1.115
2,4.68,1,16,0.167
3,11.29,1,12,0.824
2,22.94,0,15,0.872
4,3.9,0,4,0.01
0,8.74,0,22,1.732
1,13.54,0,8,1.134
3,20.28,1,6,1.232
1,16.82,0,12,1.171
0,21.22,1,15,5.523
0,21.65,0,1,3.085
1,17.6,1,20,2.05
1,23.28,0,0,2.053
2,18.96,1,11,0.629
3,5.05,1,0,0.339
3,14.53,1,11,0.568
1,12.65,1,21,1.285
2,15.14,0,1,0.505
1,9.76,0,15,0.643
0,9.42,1,18,1.978
0,6.17,0,15,1.297
4,11.81,0,11,0.01
2,16.65,0,20,0.632
0,13.04,0,23,1.805
4,2.15,0,6,0.01
0,13.86,0,5,3.267
2,26.6,1,5,1.463
2,7.99,1,5,0.465
0,6.96,1,6,1.985
1,4.5,0,7,0.355
0,29.25,1,15,5.451
1,26.6,1,16,1.775
2,11.54,1,21,0.64
1,9.96,0,13,1.001
3,6.28,1,16,0.318
2,14.41,1,19,0.336
2,10.72,1,20,0.533
4,6.98,0,16,0.013
3,23.89,0,22,1.258
0,12.05,0,14,1.501
0,16.84,1,23,4.356
3,25.18,1,8,1.058
1,7.19,0,5,0.504
4,13.1,0,14,0.011
4,0.66,1,17,0.01
4,8.25,1,17,0.012
1,16.61,1,15,1.755
1,8.75,0,4,0.769
1,16.01,0,20,1.252
3,16.39,1,22,1.248
0,7.77,0,14,1.371
4,3.63,0,6,0.01
0,21.14,0,3,4.504
1,22.43,0,6,1.797
0,13.16,0,18,3.397
4,27.84,0,4,0.029
4,9.22,0,17,0.012
4,12.9,1,2,0.028
2,11.83,0,7,0.541
1,10.73,0,16,0.954
0,14.17,0,22,2.149
4,17.3,0,18,0.014
2,27.69,0,19,1.37
2,26.32,1,13,0.877
3,26.87,1,11,1.017
2,21.71,0,16,0.835
2,14.78,0,16,0.384
0,16.39,1,14,3.772
4,22.91,0,6,0.049
4,26.22,1,15,0.034
0,0.95,0,18,0.137
4,18.24,1,8,0.038
4,12.94,1,13,0.016
4,15.46,0,6,0.011
2,14.64,0,11,0.554
2,14.84,0,10,0.727
2,10.39,0,18,0.326
1,25.33,1,12,2.555
0,21.54,0,17,5.245
3,23.16,0,12,0.713
0,12.73,0,9,1.773
4,27.66,0,10,0.045
0,2.66,1,4,0.574
3,13.79,1,11,0.788
2,26.95,0,5,1.238
4,8.93,1,5,0.019
4,16.8,0,11,0.03
0,3.49,0,5,0.61
3,19.73,1,4,1.036
1,24.97,1,4,1.997
4,3.48,0,15,0.01
3,11.44,1,3,0.694
3,21.43,0,12,0.809
2,27.31,0,21,0.675
4,12.6,0,12,0.011
0,11.06,1,23,2.243
4,23.28,1,11,0.017
1,28.21,0,5,1.974
1,23.92,1,10,2.826
1,24.36,1,0,2.183
1,6.59,0,14,0.611
4,5.77,1,21,0.01
1,28.84,1,14,2.242
2,12.51,0,9,0.526
0,11.12,0,16,1.947
4,13.36,0,6,0.021
2,28.5,0,11,0.77
1,28.1,1,1,2.173
1,22.59,0,1,2.186
3,20.37,1,16,0.816
2,23.13,1,10,0.551
3,23.55,0,14,0.803
0,2.26,1,17,0.46
1,4.06,0,22,0.311
2,3.64,1,3,0.183
0,3.97,0,19,1.111
3,21.38,1,13,1.689
1,19.76,1,17,2.416
4,7.93,0,17,0.01
4,16.27,0,1,0.026
0,10.29,0,11,2.299
2,3.18,1,7,0.166
4,20.42,1,16,0.018
4,11.15,1,21,0.022
2,23.0,0,21,0.51
3,27.75,1,8,1.218
0,12.22,1,14,2.781
3,10.88,0,10,0.583
3,8.01,1,9,0.341
0,19.91,1,7,5.062
4,20.93,0,18,0.035
4,20.16,1,5,0.042
4,18.91,0,21,0.012
0,20.22,0,4,3.098
0,17.05,1,16,3.387
0,23.63,1,2,3.688
0,23.1,1,1,4.437
2,10.11,0,13,0.37
3,9.45,0,12,0.611
1,24.98,1,19,2.63
1,16.38,1,2,1.461
2,12.17,0,17,0.31
1,22.37,1,1,1.856
0,5.88,1,19,1.817
1,6.02,1,23,0.483
4,21.23,1,7,0.022
1,14.06,1,17,1.774
4,2.33,0,20,0.01
2,4.83,0,17,0.137
3,17.0,0,20,1.201
2,26.9,1,7,0.725
0,27.52,0,18,6.203
1,9.34,0,19,0.684
1,1.31,1,17,0.118
1,10.24,1,1,0.782
2,27.08,0,9,1.305
4,12.17,0,8,0.021
0,4.62,1,15,1.171
1,12.68,0,8,1.022
0,6.88,1,18,2.012
4,0.69,0,13,0.01
4,2.98,0,17,0.01
3,8.56,0,17,0.504
4,11.19,1,4,0.017
4,11.35,0,6,0.011
0,23.47,1,10,3.955
4,27.46,1,3,0.029
0,13.67,1,3,2.969
2,22.98,1,23,1.15
1,22.6,0,9,2.728
3,20.37,0,15,1.307
0,13.87,1,17,3.182
1,9.4,1,6,0.686
1,7.65,0,15,0.812
3,3.4,0,7,0.217
1,24.95,0,2,1.903
2,18.96,0,7,0.537
1,9.06,0,21,0.956
3,29.83,0,22,1.7
4,4.72,1,14,0.01
4,29.05,1,13,0.046
0,29.59,0,21,7.552
3,8.43,1,22,0.309
3,19.85,0,13,0.816
0,7.97,1,17,2.071
3,1.42,0,9,0.063
4,20.97,1,12,0.022
2,21.2,0,13,0.759
3,29.15,0,16,1.385
1,18.11,1,14,1.938
0,23.21,1,5,5.296
1,26.03,0,0,1.973
2,10.58,0,23,0.311
4,20.98,1,8,0.023
4,12.57,0,2,0.01
2,22.6,1,23,1.014
0,21.88,1,7,4.543
0,11.88,0,16,2.664
2,3.56,1,16,0.13
3,17.14,0,13,0.58
1,3.52,1,4,0.267
0,13.3,1,0,2.12
2,9.07,1,5,0.234
1,3.7,1,14,0.298
2,11.66,0,22,0.401
4,19.33,0,21,0.034
0,12.09,1,14,3.294
3,21.98,1,15,1.008
1,17.36,1,4,1.668
3,24.09,0,12,0.918
4,19.49,0,1,0.021
1,28.87,0,9,2.064
0,26.04,0,15,4.19
1,23.6,0,10,2.362
0,27.22,0,7,7.096
3,11.15,1,23,0.629
0,14.68,1,21,4.221
3,17.39,1,6,0.998
3,25.72,0,19,0.884
0,16.1,0,2,3.134
4,2.89,1,15,0.01
1,25.33,1,20,3.226
0,1.92,1,6,0.429
2,10.2,0,5,0.276
2,29.14,1,6,1.696
2,21.41,1,11,0.574
0,24.42,1,4,6.399
2,17.01,1,12,0.854
4,5.33,1,6,0.01
2,25.39,1,4,1.087
0,2.03,0,14,0.328
3,24.04,0,7,1.071
1,26.48,1,20,3.352
1,19.52,0,9,1.944
2,23.13,0,5,0.547
1,1.91,0,6,0.141
4,26.46,0,8,0.023
1,18.32,0,7,1.193
4,3.25,0,6,0.01
1,4.35,0,10,0.44
3,2.68,1,8,0.11
4,7.8,0,12,0.013
3,0.63,0,11,0.038
0,16.32,1,4,2.185
2,12.55,1,21,0.596
2,25.68,0,10,0.7
3,17.91,1,4,1.357
3,23.13,1,2,0.877
2,25.06,0,1,1.129
1,26.08,0,13,2.638
0,9.88,1,10,1.601
1,21.66,0,3,1.959
4,29.52,1,16,0.021
3,1.11,0,9,0.039
4,8.64,1,21,0.013
4,22.65,0,3,0.016
3,2.63,0,1,0.162
1,2.26,0,0,0.196
4,10.59,1,16,0.016
0,29.65,0,20,5.716
1,1.4,0,3,0.113
1,17.3,0,4,1.103
4,20.23,1,0,0.036
1,20.7,0,8,2.219
0,6.45,0,10,1.448
1,18.96,1,0,1.761
2,20.33,0,17,0.91
1,18.64,0,13,1.893
1,22.29,0,11,1.874
0,3.41,0,4,0.496
0,28.12,1,8,5.629
2,17.91,0,19,0.415
4,7.09,1,10,0.015
0,17.63,0,9,2.989
3,24.71,0,17,1.656
1,11.16,1,7,1.221
0,1.65,0,10,0.247
4,9.08,1,11,0.015
2,14.76,0,9,0.563
2,9.65,0,9,0.327
3,22.34,0,2,0.866
4,14.17,0,18,0.014
3,16.05,0,22,0.63
2,14.96,0,1,0.416
0,8.69,0,22,2.053
2,16.74,1,0,0.723
1,26.1,1,20,3.101
3,17.75,1,4,0.885
4,10.01,1,9,0.015
4,19.51,0,16,0.023
0,8.82,1,11,1.604
2,22.13,0,17,0.484
0,4.39,1,1,1.07
4,18.14,1,4,0.032
3,22.21,1,18,1.233
4,11.28,1,13,0.021
4,10.44,0,12,0.02
4,12.13,1,11,0.026
1,19.84,1,3,2.24
1,29.14,1,21,2.417
3,2.39,0,2,0.155
4,16.84,1,0,0.012
2,23.6,1,3,1.073
3,6.07,1,11,0.35
0,14.93,1,10,4.432
0,5.47,0,18,1.297
1,17.08,0,7,1.713
4,24.12,1,21,0.044
3,23.85,1,1,1.167
4,23.67,0,23,0.022
1,28.85,1,12,3.063
2,14.78,0,14,0.469
1,14.71,0,5,1.125
2,28.36,0,10,0.993
4,7.18,1,17,0.01
4,13.04,0,14,0.01
0,10.53,0,20,2.325
1,25.39,1,2,2.006
4,15.22,1,1,0.026
1,23.11,1,7,2.43
0,10.71,1,5,1.81
0,14.97,0,11,3.333
0,22.26,1,0,3.907
3,12.09,0,3,0.544
1,19.12,0,21,1.704
3,24.79,0,3,1.276
3,26.42,0,7,1.401
4,19.78,0,1,0.018
0,13.04,1,14,1.919
1,13.23,1,19,1.512
0,16.41,0,14,2.754
4,26.73,0,6,0.035
1,13.49,1,9,1.346
0,28.85,1,8,5.684
0,8.1,0,18,1.938
2,23.4,1,1,1.077
3,2.13,1,0,0.145
1,7.53,0,5,0.499
3,21.67,0,4,1.521
2,22.81,1,4,0.577
1,23.12,1,16,2.383
2,8.41,1,14,0.358
1,29.71,0,7,2.497
3,26.35,1,13,1.57
4,11.1,0,3,0.01
0,21.02,0,4,2.696
0,2.83,1,18,0.871
0,4.36,1,19,0.858
2,19.78,1,22,0.883
4,17.17,0,11,0.032
1,9.37,0,13,0.859
0,17.77,1,9,3.081
4,0.59,0,5,0.01
1,26.63,0,18,2.728
0,18.57,1,3,5.166
0,28.32,0,12,6.139
2,25.25,1,9,0.619
2,25.74,0,22,0.626
3,4.68,0,19,0.241
4,19.51,0,9,0.028
1,3.11,1,15,0.247
3,11.42,0,21,0.742
2,22.1,1,6,0.556
0,21.78,1,5,4.898
1,5.08,0,22,0.457
0,4.91,0,3,1.143
0,27.22,0,12,6.779
1,22.47,1,4,2.432
3,2.79,0,5,0.151
2,23.66,0,1,0.874
3,21.46,0,21,1.281
2,27.74,0,17,1.409
3,27.37,1,22,1.674
2,20.45,0,4,0.927
0,12.47,1,20,2.092
1,19.29,1,5,1.704
1,17.08,1,9,1.684
0,27.92,0,8,5.289
2,20.64,1,23,1.116
4,4.27,1,6,0.01
4,26.97,0,16,0.054
1,4.14,1,17,0.324
1,29.45,1,1,3.393
1,18.78,0,5,1.48
4,16.97,1,22,0.023
4,1.72,0,10,0.01
2,0.79,1,21,0.042
4,4.7,0,10,0.01
4,18.35,1,18,0.013
4,24.14,1,17,0.023
3,18.25,1,10,0.754
4,24.88,1,8,0.031
4,12.73,1,9,0.02
1,18.61,1,9,2.221
3,28.28,0,19,1.871
4,11.3,1,8,0.01
4,29.37,1,20,0.021
4,13.96,1,21,0.018
0,24.72,0,11,6.116
4,12.1,1,13,0.017
3,22.47,1,1,1.131
1,26.76,0,9,3.226
1,24.62,0,9,2.573
0,11.13,0,9,1.839
4,6.51,0,8,0.01
1,8.23,0,8,0.608
3,28.46,0,8,1.221
2,13.92,0,6,0.34
1,22.1,0,19,2.115
4,17.6,0,13,0.026
4,26.4,1,9,0.026
1,10.91,0,14,0.951
4,15.41,0,2,0.024
2,7.75,1,2,0.376
1,27.11,1,6,2.134
3,16.57,1,10,0.667
1,12.65,1,21,1.477
3,18.5,0,12,1.006
2,7.97,1,14,0.4
0,0.75,1,15,0.164
0,15.13,0,17,2.413
0,13.34,1,10,3.362
2,25.45,0,17,0.776
0,24.24,0,2,6.294
3,3.31,0,11,0.23
1,22.1,1,9,1.914
0,0.61,1,11,0.103
0,19.95,0,11,5.098
1,10.77,1,3,0.811
4,14.14,0,15,0.026
2,7.02,1,15,0.313
4,28.85,0,4,0.028
0,10.52,1,15,1.354
4,17.05,0,14,0.016
0,5.01,0,20,1.248
4,28.32,1,18,0.055
2,23.3,1,7,0.559
2,4.25,1,0,0.213
3,11.22,1,10,0.561
1,13.37,0,9,1.199
0,2.54,0,12,0.416
0,1.22,0,1,0.163
3,15.44,1,11,1.128
2,28.77,1,2,1.375
1,4.12,1,6,0.434
4,16.95,1,14,0.01
0,1.78,1,15,0.282
3,19.28,1,17,1.252
0,5.83,1,11,1.459
2,9.49,0,5,0.26
0,12.56,0,2,2.483
1,14.32,1,18,1.732
0,13.28,0,0,2.99
4,23.91,0,2,0.033
4,20.93,0,6,0.017
2,22.24,1,12,0.708
4,13.62,1,17,0.027
2,7.88,0,19,0.185
1,29.78,1,1,3.074
1,7.78,1,14,0.724
3,14.43,0,22,0.474
3,7.58,1,21,0.346
4,3.54,1,23,0.01
1,25.22,0,3,1.98
0,23.58,0,23,6.072
1,25.93,0,9,2.972
4,11.34,0,18,0.01
2,3.62,1,6,0.181
2,23.19,0,12,0.72
2,24.47,1,1,1.056
4,11.78,0,14,0.017
2,28.42,1,9,0.863
0,16.99,0,14,3.282
2,25.82,0,14,0.929
0,12.18,0,6,2.315
0,15.64,0,21,2.886
4,3.72,0,9,0.01
1,14.78,1,3,1.412
1,24.03,0,16,2.112
2,8.02,1,10,0.192
0,13.85,1,0,2.085
0,23.54,0,20,4.216
1,18.02,1,17,1.744
3,28.59,1,5,1.212
2,26.76,1,22,0.684
1,21.59,1,17,2.107
3,24.51,0,2,0.749
3,27.53,0,8,1.35
3,3.01,0,17,0.116
0,16.79,1,19,4.6
4,13.01,1,5,0.016
1,22.69,0,20,2.514
2,27.32,0,13,0.713
3,5.32,0,6,0.378
3,20.68,0,1,0.759
3,7.49,1,22,0.319
3,9.99,0,2,0.446
0,2.13,1,8,0.537
4,8.65,1,1,0.01
1,15.59,0,10,1.527
3,0.52,0,4,0.032
4,25.5,1,3,0.026
1,16.41,1,20,1.776
2,23.12,1,8,1.049
3,18.36,1,1,1.053
3,19.23,1,13,1.453
4,17.22,0,10,0.03
3,20.13,0,23,1.26
3,25.74,0,4,0.855
1,14.32,0,10,1.134
1,24.02,0,23,1.438
1,23.87,0,14,2.075
2,8.1,1,6,0.261
2,11.08,1,0,0.528
2,8.62,0,23,0.303
4,18.87,0,13,0.028
0,6.86,0,21,2.102
2,24.92,1,5,0.898
4,27.51,0,1,0.024
0,0.74,1,8,0.138
2,2.47,0,10,0.12
0,28.27,1,19,8.65
0,2.72,0,22,0.379
1,21.04,1,3,2.014
3,28.12,0,17,1.716
1,28.04,0,7,2.57
2,29.81,1,1,0.802
1,21.29,0,20,2.039
1,23.08,0,6,1.616
4,14.37,0,4,0.026
2,28.75,1,17,1.147
1,25.07,0,20,3.079
0,27.9,1,4,7.093
0,7.62,0,14,1.76
3,9.63,0,16,0.346
2,3.59,1,6,0.169
1,21.64,1,4,2.178
3,23.57,0,16,0.718
0,25.56,1,8,4.743
2,27.17,0,5,0.967
0,8.59,0,13,1.805
4,8.2,0,22,0.01
0,6.99,0,1,1.198
4,18.77,1,19,0.032
3,24.22,0,8,1.648
1,25.3,0,23,1.986
0,25.2,1,10,6.504
2,21.11,1,11,1.047
0,27.72,1,6,6.474
3,20.71,0,23,1.191
0,27.12,0,12,6.483
0,5.39,0,12,1.3
1,23.57,1,17,2.592
3,17.5,0,9,0.616
4,11.98,0,19,0.022
3,1.23,1,7,0.067
4,19.84,0,12,0.011
4,15.56,1,7,0.02
1,24.97,1,1,2.52
2,8.44,1,0,0.36
2,25.46,0,20,1.054
2,20.72,1,19,0.622
4,8.51,0,0,0.01
2,11.76,0,2,0.418
2,14.18,0,4,0.594
3,24.9,0,5,1.371
1,19.01,1,7,1.905
1,5.64,0,4,0.535
1,5.46,0,1,0.524
3,21.53,0,5,0.908
1,21.81,0,9,2.205
1,29.33,1,22,2.35
0,14.04,1,18,4.466
3,3.68,0,23,0.115
4,23.24,0,22,0.043
1,11.9,0,0,1.022
0,8.49,1,17,2.314
1,8.72,0,4,0.714
1,29.59,1,5,3.388
0,14.07,1,2,2.986
0,20.3,0,22,3.682
1,28.77,1,3,3.071
0,15.6,1,21,4.656
3,2.41,1,3,0.194
4,17.3,0,22,0.028
0,27.61,0,11,4.648
3,4.75,0,19,0.233
0,11.62,1,4,2.81
2,4.61,1,0,0.198
0,10.98,1,9,3.147
4,6.07,0,4,0.01
1,6.57,0,13,0.58
2,4.78,1,0,0.22
0,22.84,1,22,3.321
0,15.65,1,6,3.915
4,7.22,0,9,0.01
4,25.52,0,14,0.038
4,28.98,0,5,0.018
2,25.27,0,5,1.289
1,21.99,0,9,1.594
3,27.38,1,0,1.412
1,21.27,1,13,1.789
0,13.81,0,7,2.632
4,2.02,1,22,0.01
2,1.86,1,21,0.104
1,14.01,1,14,1.387
3,24.64,1,2,1.007
3,14.43,0,23,1.019
3,13.96,0,17,0.977
4,20.55,1,10,0.018
1,24.2,1,1,2.218
0,12.79,1,1,3.315
4,20.96,0,8,0.031
3,24.63,1,10,1.707
3,5.6,0,1,0.225
4,13.04,1,16,0.024
3,7.82,1,13,0.49
0,5.72,0,1,0.971
1,8.62,0,21,0.617
2,15.2,0,16,0.382
0,10.85,0,19,2.851
4,28.65,0,22,0.049
1,22.42,1,8,2.709
2,20.71,1,20,0.794
0,12.83,0,12,1.696
3,24.91,0,10,1.222
1,21.49,0,23,1.638
0,24.89,1,6,7.167
1,11.07,1,14,0.929
1,25.96,1,21,2.652
1,4.51,1,3,0.466
0,20.71,0,5,4.536
4,9.24,1,21,0.01
1,20.11,1,1,1.979
1,6.77,0,1,0.49
2,21.71,1,21,1.26
0,21.2,0,23,3.106
2,17.25,1,11,0.41
1,22.76,0,17,2.324
0,6.52,1,3,1.559
2,9.63,1,4,0.405
4,23.36,1,23,0.033
0,28.56,1,14,6.108
0,21.11,1,15,4.639
0,26.79,0,23,6.149
2,15.16,1,9,0.779
2,15.69,1,21,0.527
3,8.69,0,15,0.58
2,1.91,1,15,0.051
0,3.88,0,21,0.623
0,12.86,1,19,3.031
4,8.02,1,12,0.011
2,22.77,0,3,0.929
1,3.78,0,1,0.269
1,14.62,0,22,1.043
0,25.44,1,0,4.398
4,26.74,1,8,0.021
0,25.77,1,16,6.99
3,20.61,1,1,1.16
3,11.27,0,14,0.654
0,17.66,1,1,4.526
4,28.54,1,12,0.025
1,29.12,1,15,2.865
2,28.43,0,8,0.915
0,10.78,1,3,3.141
2,14.15,0,22,0.527
4,6.64,1,9,0.014
1,1.31,1,6,0.118
3,23.57,1,17,0.867
3,6.65,0,16,0.264
4,11.99,1,15,0.01
1,7.13,0,0,0.639
0,8.14,1,15,1.735
0,25.87,0,19,7.11
0,28.09,0,23,4.025
3,14.46,1,4,1.107
2,24.7,0,11,0.934
2,17.83,0,8,0.393
2,22.11,1,16,1.128
4,4.45,1,5,0.01
3,21.8,1,18,1.59
3,7.09,0,15,0.365
0,12.07,1,21,3.316
4,17.6,1,0,0.011
3,12.28,1,20,0.727
0,24.31,0,19,6.481
1,3.32,1,1,0.266
0,12.08,0,14,2.923
4,0.67,1,13,0.01
1,3.5,0,3,0.34
1,28.23,0,9,2.516
2,29.18,0,5,1.089
3,11.35,0,23,0.637
3,9.56,1,5,0.522
0,19.49,0,1,3.346
4,11.03,1,2,0.01
0,26.91,1,22,4.019
2,29.48,1,15,1.177
4,16.95,0,17,0.026
2,6.07,1,1,0.262
1,2.11,1,20,0.223
1,25.34,1,11,2.273
3,5.22,0,17,0.302
1,4.61,0,10,0.555
4,6.42,1,2,0.01
3,14.32,0,7,0.789
2,2.12,1,20,0.102
1,11.17,0,7,1.107
2,13.81,1,22,0.435
4,26.85,1,9,0.018
3,25.2,0,11,0.887
4,23.37,0,15,0.028
0,13.1,1,12,3.516
1,20.69,1,23,2.237
1,14.66,0,18,1.164
1,23.4,0,15,2.087
1,29.45,0,6,1.801
4,2.09,0,13,0.01
0,17.16,0,19,3.753
1,0.67,1,23,0.075
1,21.22,0,1,1.891
3,6.95,0,2,0.262
3,6.91,0,22,0.332
1,3.5,0,3,0.283
0,24.97,0,19,5.275
4,8.37,1,23,0.01
0,11.54,0,16,2.712
2,23.28,0,0,0.909
4,10.02,0,2,0.015
2,18.37,0,17,0.661
1,10.92,1,21,1.416
0,19.92,0,22,3.293
4,21.63,0,16,0.014
1,22.42,0,0,2.27
4,4.49,1,20,0.01
3,14.19,1,6,0.883
2,9.77,0,7,0.455
4,24.8,1,15,0.015
3,22.78,1,14,1.145
4,7.18,1,19,0.015
0,12.2,1,1,3.089
1,10.08,0,15,0.775
2,3.68,0,8,0.175
4,19.99,0,14,0.014
1,13.8,0,4,1.321
4,23.86,1,12,0.04
2,7.62,0,3,0.311
1,12.66,0,4,1.165
1,3.8,1,19,0.432
1,18.45,0,11,1.896
0,16.54,0,3,3.746
3,3.28,0,19,0.233
3,8.77,1,4,0.42
2,9.32,1,3,0.518
4,10.91,0,20,0.011
1,6.09,1,15,0.559
3,22.15,1,19,0.944
1,5.06,1,13,0.438
2,10.48,1,4,0.479
3,19.23,1,13,1.244
2,8.59,0,14,0.305
3,7.44,0,16,0.344
2,7.86,1,12,0.337
4,29.47,1,1,0.038
4,25.7,1,16,0.045
1,27.1,0,1,2.827
1,29.13,1,15,2.97
4,16.26,1,3,0.032
4,7.79,1,19,0.01
3,18.28,0,18,0.631
2,8.78,1,14,0.385
4,6.97,1,16,0.01
4,10.59,1,17,0.025
3,28.83,1,2,1.832
2,18.89,0,10,0.818
1,22.97,0,13,2.127
0,19.59,0,3,2.972
2,3.75,1,6,0.201
3,12.07,0,8,0.662
4,18.75,0,8,0.017
0,22.82,1,8,6.37
0,10.47,1,18,2.408
2,11.59,0,21,0.333
1,11.55,0,15,0.839
3,3.52,0,15,0.153
3,2.0,1,5,0.097
3,1.08,0,11,0.07
1,20.47,1,5,2.297
0,19.62,1,2,2.677
2,26.44,0,8,1.076
4,9.77,1,16,0.014
3,29.4,1,20,1.51
0,23.38,0,2,3.412
3,10.47,0,5,0.552
0,13.37,1,21,2.407
2,1.02,0,9,0.043
2,13.8,0,15,0.362
4,4.02,0,0,0.01
3,25.83,0,23,1.168
1,19.54,0,3,1.334
0,13.28,0,20,2.371
1,7.17,0,16,0.567
1,22.31,0,4,1.779
0,28.75,0,4,6.352
2,17.2,0,18,0.617
0,3.25,0,13,0.426
0,7.82,0,20,1.113
0,15.88,1,13,2.627
3,28.79,0,4,0.988
1,9.28,0,8,1.028
4,14.82,1,7,0.012
1,20.22,1,11,1.89
0,25.72,1,3,5.49
3,2.83,1,20,0.186
3,29.06,1,1,2.163
2,2.68,1,6,0.092
1,15.5,1,14,1.625
4,8.37,0,3,0.015
4,4.01,0,5,0.01
4,1.34,1,18,0.01
3,17.51,0,18,1.042
0,11.24,0,22,1.925
4,27.28,0,0,0.031
4,6.71,0,13,0.01
1,5.02,0,14,0.496
3,21.84,0,19,1.468
2,9.45,1,1,0.268
3,21.96,1,8,1.701
1,17.36,0,10,2.056
2,23.06,1,10,1.171
1,21.78,1,17,2.152
3,13.67,0,19,0.818
2,14.58,1,15,0.598
4,9.92,0,11,0.01
1,24.74,0,14,1.531
3,19.19,1,9,0.918
1,7.41,0,8,0.68
2,16.89,1,18,0.568
2,28.63,1,1,1.183
0,16.59,0,20,2.824
4,19.06,0,13,0.032
4,12.5,1,18,0.027
3,9.72,0,11,0.324
0,23.37,1,22,5.268
2,20.79,0,20,0.928
0,12.63,0,0,3.374
4,22.0,1,4,0.039
2,23.88,1,5,1.34
3,27.86,0,19,1.561
2,1.09,1,5,0.062
3,11.36,0,23,0.437
0,9.11,1,1,2.477
1,24.2,1,1,2.375
1,6.32,1,1,0.554
1,22.49,0,20,2.654
3,28.45,0,23,1.89
2,4.27,0,0,0.222
2,2.7,1,14,0.08
4,25.57,0,3,0.024
1,27.45,1,4,1.956
4,5.89,0,22,0.012
4,17.73,0,13,0.031
1,13.5,1,11,1.634
1,25.35,0,12,1.816
2,13.19,1,14,0.402
4,12.1,1,14,0.019
0,21.62,0,19,3.87
1,23.4,1,16,1.683
1,15.98,0,14,1.488
4,19.5,1,18,0.015
2,18.52,0,16,0.905
4,8.27,1,13,0.01
2,29.39,1,13,1.411
1,16.16,0,3,1.461
2,22.58,0,15,0.697
2,1.72,0,6,0.059
3,27.58,0,23,1.814
4,27.62,1,8,0.028
1,15.09,0,21,1.626
2,16.37,0,15,0.527
1,15.6,0,10,1.289
3,22.59,0,22,1.161
2,1.06,0,4,0.042
2,22.33,0,5,0.994
2,11.9,1,22,0.404
0,21.48,0,15,3.967
0,19.34,0,19,4.486
3,17.59,0,13,0.608
4,1.39,0,9,0.01
4,7.85,0,22,0.01
4,12.28,1,1,0.013
1,17.75,0,15,1.624
2,18.49,1,2,0.651
1,21.48,0,22,1.565
3,27.98,0,19,1.329
0,20.01,1,9,5.493
1,3.34,0,6,0.216
3,19.09,1,15,0.766
2,25.67,0,13,0.945
0,3.49,0,22,0.814
0,8.67,0,11,1.979
0,18.61,1,8,4.085
3,12.43,1,7,0.514
4,29.72,0,8,0.045
3,11.85,0,2,0.432
2,17.36,1,9,0.634
4,24.84,1,10,0.051
2,18.88,0,0,0.491
1,21.14,1,22,1.687
2,15.28,1,2,0.706
1,1.94,1,2,0.169
1,13.16,0,7,1.143
2,26.22,1,16,0.96
2,4.01,0,13,0.096
1,5.31,1,5,0.46
4,24.63,1,4,0.026
3,23.55,1,22,1.33
4,2.47,0,3,0.01
1,11.79,1,15,1.207
4,9.22,0,14,0.01
4,17.85,0,3,0.036
4,22.78,1,19,0.019
2,1.97,1,2,0.078
1,21.37,1,14,2.503
0,6.36,1,3,1.312
3,4.4,1,15,0.193
2,14.28,0,18,0.41
2,0.81,0,0,0.03
3,2.6,0,16,0.141
1,12.66,0,6,0.82
2,23.55,0,15,0.923
2,4.66,0,9,0.186
0,29.25,0,7,6.818
4,9.78,1,16,0.021
0,7.84,1,3,1.763
2,23.82,0,15,0.63
1,3.42,1,6,0.314
2,3.09,0,9,0.114
4,20.96,0,4,0.02
4,25.6,0,9,0.013
2,0.65,0,7,0.021
3,2.35,0,4,0.133
2,25.59,0,21,1.089
4,14.49,1,9,0.014
2,21.91,0,1,0.953
4,29.47,0,16,0.038
1,18.38,1,8,1.663
3,3.79,0,9,0.234
2,12.85,0,15,0.414
0,4.84,0,8,1.375
2,14.7,1,1,0.77
3,6.08,1,11,0.493
1,3.44,1,21,0.285
1,5.71,0,15,0.573
3,1.09,0,21,0.068
3,15.71,1,19,0.89
0,6.9,0,15,1.685
4,4.43,1,22,0.01
2,18.83,0,15,0.651
2,8.69,1,5,0.329
0,22.94,0,8,3.544
0,9.27,1,10,2.887
3,28.46,0,0,2.086
2,17.76,1,22,0.638
3,1.24,0,1,0.069
4,19.71,1,2,0.039
2,4.98,0,10,0.218
0,23.4,0,11,3.453
3,10.56,0,7,0.356
2,18.81,0,2,0.778
3,20.47,1,0,0.759
0,18.36,1,12,4.523
0,26.04,1,23,5.133
1,8.98,1,1,0.734
1,9.97,1,21,0.772
1,0.57,0,2,0.046
1,19.92,0,19,2.021
0,25.12,0,14,5.919
2,1.73,1,12,0.103
4,20.31,1,13,0.041
1,25.05,0,20,2.725
4,6.07,0,21,0.01
1,23.59,1,15,1.879
4,22.57,1,20,0.044
2,13.73,1,23,0.563
3,21.88,0,19,0.863
2,9.94,1,6,0.275
0,21.54,1,16,3.203
4,10.0,0,8,0.01
1,9.32,1,9,0.791
3,15.78,1,20,0.588
1,12.71,0,6,1.247
1,6.08,1,22,0.517
4,29.48,1,18,0.056
4,2.93,1,19,0.01
2,2.77,1,21,0.109
3,19.73,0,9,1.129
0,24.03,0,3,5.745
4,19.19,0,11,0.024
3,25.55,1,16,0.859
0,26.64,0,19,7.346
3,24.79,0,11,1.308
0,16.7,1,12,3.403
3,13.47,1,10,0.581
3,26.35,1,2,0.96
3,10.09,0,4,0.532
3,7.58,1,3,0.362
3,8.42,1,1,0.607
4,22.74,1,0,0.041
1,16.84,1,0,1.624
1,2.4,1,14,0.194
1,0.98,1,7,0.1
1,21.77,0,17,2.253
3,22.14,0,11,0.895
0,29.7,1,20,9.03
2,12.63,1,11,0.507
1,5.2,1,10,0.511
0,21.47,0,3,5.482
3,14.11,1,1,1.029
2,7.79,1,21,0.377
3,5.33,0,3,0.315
0,21.92,0,2,3.972
3,7.51,1,13,0.421
0,22.14,1,17,5.411
1,12.34,1,0,1.249
1,6.32,0,17,0.466
1,23.25,1,9,1.872
2,6.65,1,7,0.192
2,21.13,0,0,0.783
2,6.69,1,13,0.381
3,8.08,1,3,0.511
3,14.08,1,6,0.695
2,14.5,0,16,0.703
3,25.95,1,11,1.414
4,20.25,1,19,0.034
1,19.79,1,22,2.052
0,28.53,1,6,6.271
2,25.55,0,22,0.823
3,7.87,1,20,0.371
4,4.69,1,9,0.01
2,2.59,0,20,0.109
0,13.46,1,17,1.973
1,6.82,0,0,0.45
3,12.01,1,4,0.965
4,10.88,1,17,0.01
1,23.07,1,20,1.823
0,17.25,0,8,4.198
4,24.26,1,21,0.019
0,14.72,1,1,2.432
2,8.09,0,20,0.268
4,10.01,0,8,0.017
0,27.91,1,11,8.59
0,6.4,1,16,1.124
3,22.44,0,1,0.855
0,23.78,0,12,4.609
4,29.27,1,2,0.056
4,9.25,0,21,0.01
2,17.78,0,0,0.912
2,27.23,1,17,1.21
3,27.36,1,5,1.943
0,23.88,0,5,3.907
4,7.65,1,9,0.017
4,12.02,0,1,0.016
3,29.19,1,20,1.002
2,10.38,0,18,0.371
3,18.87,1,9,0.705
1,8.22,0,9,0.723
2,8.61,1,3,0.357
2,12.54,0,23,0.495
3,8.24,1,11,0.492
3,10.93,0,15,0.555
0,7.49,0,11,1.084
2,2.76,0,20,0.099
3,19.13,1,9,0.745
4,9.47,1,6,0.01
2,12.18,0,6,0.49
1,20.41,0,8,1.794
4,11.57,0,5,0.017
2,26.33,0,11,0.798
3,27.61,0,18,1.809
2,1.43,1,13,0.05
3,19.82,1,3,1.126
2,15.45,1,14,0.803
3,4.94,1,5,0.226
4,7.56,1,18,0.016
4,3.74,0,17,0.01
1,23.81,0,6,1.807
1,13.18,1,15,1.212
3,16.66,1,22,1.332
3,19.45,1,1,0.898
4,2.89,0,23,0.01
0,9.76,1,1,2.329
1,3.09,0,4,0.317
0,7.28,1,4,1.007
1,4.76,0,3,0.389
0,14.29,0,23,2.068
1,27.1,0,1,2.657
3,14.6,1,9,1.058
2,21.07,0,18,0.724
0,6.5,0,8,1.849
1,1.17,1,9,0.097
3,7.53,1,17,0.481
1,12.72,0,15,1.217
0,8.64,1,9,2.151
4,27.16,1,5,0.051
3,28.5,0,16,1.971
4,14.07,0,12,0.028
0,8.85,1,19,1.817
3,21.14,0,8,0.798
0,17.67,1,11,5.249
1,19.55,1,5,2.051
2,3.45,1,7,0.099
1,9.26,1,22,0.891
3,29.86,0,9,1.333
1,5.53,0,22,0.423
1,18.21,1,22,1.982
3,8.8,0,7,0.473
2,22.03,0,21,0.61
1,25.94,1,8,3.319
4,14.48,1,13,0.01
4,9.48,0,10,0.01
0,29.49,1,16,6.963
3,15.03,1,8,1.014
3,12.99,1,8,0.613
2,15.14,0,15,0.731
2,29.45,0,17,0.858
4,11.97,1,19,0.01
4,27.15,1,13,0.028
0,9.16,1,8,2.041
4,18.71,0,10,0.024
3,9.34,1,2,0.485
0,27.81,1,1,7.558
3,14.58,0,19,1.049
4,7.08,0,22,0.01
4,7.0,0,14,0.013
1,29.27,1,15,2.638
2,27.59,1,5,1.055
4,14.42,0,15,0.01
1,24.75,0,22,1.802
2,3.98,1,16,0.138
3,21.67,1,2,1.365
2,7.86,1,22,0.461
1,24.68,0,2,1.974
0,20.17,1,3,4.676
1,25.58,1,6,1.699
0,22.45,1,2,3.022
1,21.56,0,9,2.34
0,10.37,1,12,1.913
0,21.17,1,9,5.777
4,23.4,1,13,0.035
0,8.32,1,3,2.38
4,11.01,0,21,0.019
3,8.4,0,6,0.47
2,6.21,1,4,0.185
3,24.25,1,4,1.393
3,10.16,0,7,0.494
3,11.78,1,15,0.605
0,29.61,0,15,3.697
2,0.84,1,0,0.03
1,6.37,0,17,0.64
4,6.98,1,19,0.01
2,0.95,1,4,0.038
3,6.79,1,10,0.315
0,18.91,1,11,3.611
0,25.19,1,22,6.346
3,1.43,1,9,0.114
4,1.06,1,16,0.01
1,13.34,1,14,1.351
2,4.49,1,17,0.13
4,14.76,0,3,0.021
1,17.34,1,4,1.799
0,8.39,0,23,1.643
3,8.94,1,4,0.62
1,26.06,0,19,2.424
4,19.54,0,5,0.021
3,27.15,0,3,1.34
3,28.35,0,21,1.417
2,5.48,1,20,0.285
3,4.29,1,21,0.339
2,6.01,1,1,0.22
2,3.14,0,3,0.156
0,19.77,0,5,2.925
1,17.95,0,20,1.449
3,11.51,0,20,0.724
1,2.47,0,1,0.209
1,12.63,1,15,0.949
1,11.75,1,20,1.045
4,1.04,1,14,0.01
4,12.32,0,21,0.011
2,5.72,0,16,0.279
1,5.67,0,23,0.512
1,3.66,0,9,0.387
3,27.83,0,3,1.115
3,20.97,1,2,1.209
3,17.35,1,22,0.7
4,16.58,1,6,0.013
2,6.76,0,16,0.204
0,6.3,0,18,1.029
0,13.89,0,6,2.122
2,27.09,1,7,0.652
0,24.02,0,21,4.182
0,24.18,1,18,4.019
1,27.53,1,11,2.353
3,28.18,0,19,1.341
4,12.08,1,7,0.022
4,17.49,1,3,0.01
4,20.54,1,15,0.038
3,11.44,0,22,0.766
0,22.06,0,6,3.909
3,27.36,0,7,1.583
3,13.92,1,6,0.875
1,4.73,1,19,0.424
2,15.07,1,2,0.487
3,25.19,1,18,1.173
4,20.74,0,0,0.033
4,12.39,0,10,0.01
2,25.52,1,14,0.775
3,26.06,0,16,1.194
4,8.43,1,1,0.011
1,28.35,1,15,2.001
0,18.7,0,4,2.896
3,29.0,0,6,1.834
2,24.29,1,4,0.583
3,28.04,1,8,2.09
1,29.11,1,11,3.296
1,18.85,1,11,1.784
4,24.09,0,12,0.039
2,16.67,0,10,0.632
1,21.58,0,14,1.823
0,18.63,0,11,4.201
2,13.49,0,2,0.414
0,19.98,0,16,2.926
1,29.69,0,19,3.487
3,3.26,0,7,0.212
1,8.09,0,21,0.783
1,3.85,1,16,0.348
0,25.74,0,17,6.702
3,25.55,1,13,1.331
2,8.4,1,6,0.478
0,4.08,1,15,1.014
0,23.76,1,23,3.197
1,23.54,1,23,1.927
4,27.03,1,11,0.052
4,24.45,0,13,0.038
0,20.5,1,6,5.367
3,3.48,0,1,0.204
0,23.59,1,21,5.521
0,19.9,1,22,5.78
2,19.76,0,23,0.869
1,21.13,1,6,2.3
0,1.35,0,7,0.283
2,29.22,1,1,0.807
4,27.79,1,7,0.053
1,12.09,1,22,0.986
4,21.77,1,2,0.038
0,12.76,0,11,2.647
1,5.94,1,4,0.54
1,12.27,0,16,1.316
3,4.03,1,4,0.191
0,24.67,0,4,3.397
0,8.68,0,3,2.025
0,11.16,0,1,2.051
0,0.97,1,13,0.27
1,23.97,0,10,2.336
1,15.07,0,20,1.348
3,1.19,1,10,0.083
2,5.55,0,14,0.241
4,20.73,1,8,0.027
2,19.93,1,22,0.719
4,18.44,1,20,0.021
4,22.5,0,17,0.021
0,1.43,1,19,0.426
0,1.69,0,7,0.246
1,2.11,0,10,0.158
1,19.77,1,5,1.857
3,6.72,1,19,0.257
3,22.03,0,20,0.951
3,4.64,0,4,0.276
3,9.75,1,13,0.644
3,23.86,1,15,1.204
4,29.85,0,23,0.044
1,19.37,1,6,1.47
3,26.18,0,11,1.492
3,16.64,1,10,0.606
1,4.3,0,12,0.426
4,6.03,1,13,0.013
3,4.51,0,8,0.297
0,24.4,1,0,4.362
1,7.88,0,9,0.682
0,4.26,1,19,1.096
2,28.01,0,22,0.777
3,24.74,1,16,1.88
4,1.67,1,19,0.01
4,2.54,1,10,0.01
2,7.63,1,12,0.188
4,22.47,1,14,0.021
1,24.79,0,17,1.63
3,27.49,0,12,1.357
3,23.32,1,19,1.237
0,5.96,0,23,0.861
3,19.74,1,4,1.265
4,17.27,1,15,0.021
3,12.11,0,12,0.523
2,13.34,0,22,0.621
3,2.73,0,13,0.144
0,9.8,0,11,2.342
1,28.14,1,21,3.237
0,26.76,1,20,5.909
1,7.15,1,18,0.785
0,21.83,1,15,5.767
4,19.49,0,2,0.029
0,0.71,1,21,0.178
3,25.58,0,16,1.258
4,3.97,1,19,0.01
0,2.72,0,0,0.63
0,25.98,1,16,5.579
3,19.08,0,0,1.323
0,22.51,1,5,6.374
2,20.96,0,23,0.564
2,29.16,0,11,0.726
3,27.73,1,17,2.071
3,12.88,1,11,0.989
4,14.82,1,23,0.021
2,20.55,1,12,0.565
0,23.89,1,0,5.846
4,4.29,0,22,0.01
3,25.21,1,21,0.991
4,13.81,0,19,0.021
1,3.15,1,6,0.309
3,18.02,0,9,1.284
1,15.76,0,16,1.601
3,1.27,0,6,0.05
3,29.32,0,23,1.341
0,13.16,1,17,2.68
1,0.61,0,2,0.04
4,16.65,0,18,0.01
4,7.29,1,3,0.01
0,10.46,0,23,2.035
1,17.34,1,20,1.514
4,8.81,0,13,0.013
1,0.71,1,9,0.096
4,13.01,0,13,0.017
2,16.66,0,2,0.537
3,10.04,1,4,0.46
4,18.55,1,9,0.037
1,11.58,1,14,0.969
2,22.73,0,20,0.692
0,20.91,1,11,3.399
0,1.87,0,23,0.374
0,1.99,1,1,0.426
2,6.17,0,20,0.265
1,17.67,0,1,1.432
0,2.36,0,7,0.351
0,1.21,1,6,0.317
2,21.89,0,11,0.806
3,15.71,0,23,0.623
1,28.87,0,5,2.745
4,12.74,0,15,0.027
1,9.08,1,4,0.952
2,28.77,0,19,1.256
0,16.93,0,9,4.719
2,27.9,0,19,1.182
2,0.93,0,1,0.027
2,28.45,0,22,1.379
2,7.5,1,3,0.2
2,0.9,0,5,0.021
3,25.81,0,21,1.698
2,11.56,0,21,0.339
2,26.45,0,22,1.0
1,17.04,1,18,2.085
4,12.09,1,0,0.011
1,6.55,0,0,0.693
2,25.05,0,23,1.128
3,29.5,1,13,1.276
2,23.54,0,9,1.11
3,10.57,1,23,0.712
1,26.72,1,23,2.427
0,13.67,0,9,2.862
1,15.6,0,0,1.4
2,16.84,1,0,0.934
4,27.82,1,10,0.017
3,5.48,1,12,0.226
1,10.29,0,13,1.038
4,1.08,0,2,0.01
3,8.31,0,5,0.379
1,6.36,0,15,0.651
0,2.86,0,6,0.597
2,17.28,0,20,0.642
1,27.58,1,11,3.357
1,9.11,1,0,0.868
2,16.18,0,18,0.518
3,12.92,1,9,0.532
0,9.24,1,19,2.013
2,27.13,1,7,1.497
3,17.32,0,13,0.555
4,8.48,1,17,0.016
1,15.01,0,1,1.05
1,28.37,1,11,2.282
1,3.5,0,2,0.228
3,21.23,1,6,0.902
0,2.86,1,15,0.508
3,23.51,1,9,1.434
4,7.75,1,23,0.01
0,6.49,1,14,1.141
3,10.86,1,17,0.725
3,16.49,0,21,0.514
1,26.76,0,20,3.018
0,28.56,1,7,7.973
1,11.78,1,13,1.022
2,11.34,1,11,0.285
3,13.8,1,1,1.111
0,5.68,0,15,1.387
4,9.63,1,5,0.017
3,8.36,1,14,0.379
4,17.16,1,6,0.015
4,26.33,0,14,0.045
2,9.7,0,21,0.424
4,6.86,1,13,0.011
4,19.56,0,1,0.013
4,2.74,1,14,0.01
0,19.58,1,14,4.447
4,1.04,0,4,0.01
0,6.51,0,12,0.763
3,20.94,1,4,0.93
2,22.68,0,10,0.638
3,10.9,0,7,0.474
4,29.23,0,7,0.047
3,15.44,0,23,0.943
4,8.59,1,17,0.012
4,2.06,1,17,0.01
2,2.99,0,4,0.137
0,12.46,1,8,3.764
0,23.17,1,6,5.345
0,24.92,0,6,4.787
0,1.17,1,14,0.25
3,16.12,1,23,0.615
2,20.68,1,21,0.674
3,10.25,1,11,0.726
1,3.11,1,15,0.242
0,21.78,0,0,5.68
2,23.11,0,19,0.96
0,3.18,0,17,0.715
3,20.82,1,6,0.823
1,16.01,1,7,1.702
0,18.54,1,17,4.197
2,28.97,0,3,1.302
2,2.98,0,4,0.121
2,29.62,0,9,0.681
1,28.07,1,5,2.61
4,17.33,0,22,0.017
4,20.67,0,14,0.011
4,19.08,1,15,0.021
0,25.09,1,12,5.025
2,1.85,0,14,0.063
0,8.28,0,14,1.613
4,5.77,0,21,0.01
2,13.11,1,3,0.356
2,8.8,1,7,0.259
0,27.21,0,13,4.498
2,13.54,0,17,0.535
3,13.65,1,13,0.83
2,10.43,0,20,0.478
0,21.96,0,17,3.73
1,0.96,0,22,0.097
3,24.94,1,15,0.937
1,7.4,0,3,0.621
0,11.18,0,3,2.006
4,4.17,0,15,0.01
1,15.08,1,22,1.251
4,25.74,0,0,0.052
1,12.67,0,17,1.392
3,7.74,1,22,0.253
0,28.2,0,7,3.889
1,29.74,0,10,3.542
2,16.56,0,3,0.811
2,8.55,0,16,0.268
4,22.67,0,21,0.033
2,6.67,0,15,0.198
3,17.33,0,1,0.732
4,18.68,1,12,0.013
3,15.09,1,0,0.881
4,27.54,1,21,0.041
1,24.75,1,15,2.784
0,1.91,1,1,0.44
3,4.25,1,16,0.157
4,26.29,1,21,0.044
4,12.66,1,0,0.025
4,23.79,0,23,0.02
2,26.1,0,15,0.787
0,17.85,1,12,2.8
3,29.4,0,4,1.915
4,13.68,1,8,0.029
3,15.53,0,22,0.63
4,25.33,0,1,0.048
4,24.03,1,10,0.031
0,24.77,0,3,3.796
1,7.23,0,21,0.651
1,29.45,0,18,2.335
1,25.04,0,9,2.569
3,29.82,1,18,2.245
2,25.87,0,3,0.966
1,15.13,0,16,1.61
0,1.06,0,13,0.261
2,1.81,1,2,0.076
3,10.65,1,21,0.669
0,22.23,1,19,4.157
2,6.43,1,8,0.157
2,22.94,1,3,0.81
4,12.62,1,0,0.016
0,24.1,1,19,4.759
1,19.6,1,18,2.308
4,1.9,1,6,0.01
2,5.59,0,8,0.226
1,18.36,1,9,1.807
1,25.74,0,6,2.506
2,14.28,0,2,0.691
2,29.22,1,12,1.558
2,3.49,0,12,0.121
3,0.56,1,7,0.046
4,6.56,1,11,0.01
1,26.9,1,21,3.143
0,14.84,0,19,3.156
3,5.1,1,15,0.371
1,13.35,0,16,1.037
1,13.17,1,14,1.04
2,28.04,1,12,0.787
1,10.87,1,10,1.277
3,5.49,0,2,0.381
0,3.57,0,19,0.872
1,14.06,0,15,0.88
3,23.17,1,12,1.149
3,26.05,0,17,1.12
0,19.36,1,22,3.762
3,21.14,1,7,1.428
2,23.38,0,12,0.641
1,9.55,1,2,0.962
1,12.22,1,7,1.197
3,26.26,0,14,1.335
1,1.38,0,12,0.132
2,10.54,0,9,0.33
3,20.04,0,21,0.747
3,5.68,0,17,0.328
0,28.94,1,20,4.696
3,26.64,1,1,1.398
4,6.34,1,5,0.01
3,28.45,0,11,1.51
4,8.88,0,8,0.018
2,13.24,1,0,0.338
3,7.67,1,10,0.598
2,13.38,0,11,0.553
2,9.57,1,3,0.432
1,13.52,1,10,1.651
1,1.45,1,13,0.115
0,24.73,1,13,5.355
0,29.33,1,9,8.68
3,29.32,0,4,0.978
0,3.67,1,3,0.634
3,12.58,1,8,1.015
3,8.81,1,14,0.439
3,20.52,1,13,1.354
2,17.24,0,21,0.444
1,11.89,0,14,0.793
1,28.32,0,10,2.898
4,24.16,1,17,0.026
0,6.1,0,14,0.777
0,8.59,0,0,1.909
0,15.03,0,3,1.785
3,13.13,1,20,0.8
2,26.75,1,19,1.339
0,9.04,0,6,2.1
2,18.0,0,5,0.931
1,15.27,1,21,1.305
1,27.03,1,6,2.078
2,9.54,0,3,0.354
3,29.61,0,21,1.424
1,21.17,1,4,1.593
4,17.19,0,9,0.017
3,21.03,1,14,0.9
0,9.17,1,19,2.141
4,7.92,0,0,0.01
3,13.06,1,5,0.979
1,13.83,0,17,1.274
3,22.59,1,22,1.748
1,23.89,0,22,2.421
0,28.13,1,9,7.424
3,14.6,0,5,0.516
0,3.81,1,23,0.557
3,8.48,1,2,0.396
3,26.15,0,6,1.038
2,1.6,0,5,0.058
3,19.89,1,22,0.957
1,29.23,1,0,3.051
1,22.3,1,4,2.277
2,23.78,1,11,0.688
0,24.36,0,2,4.44
0,18.93,0,23,2.678
3,5.31,1,0,0.226
1,27.35,0,20,3.044
4,5.26,1,3,0.01
2,0.52,1,6,0.023
4,21.84,0,18,0.018
0,26.52,1,15,4.534
3,4.53,1,23,0.212
3,0.64,1,8,0.029
1,1.02,0,7,0.1
0,8.09,0,18,2.196
2,15.83,0,18,0.343
2,6.21,1,0,0.232
2,1.74,0,1,0.051
2,29.79,1,4,1.404
2,19.16,0,3,0.705
1,29.1,0,22,1.791
2,19.2,1,8,0.618
1,14.01,1,20,1.382
2,4.6,0,20,0.189
4,13.13,0,19,0.025
3,29.55,0,11,1.653
1,26.01,1,11,2.22
4,17.58,1,21,0.02
3,28.89,1,21,1.559
1,17.24,1,21,1.482
4,2.73,1,6,0.01
1,22.97,0,14,1.889
2,0.55,0,6,0.017
0,20.89,0,5,4.758
0,10.35,0,7,2.308
4,8.28,0,9,0.01
2,20.52,1,9,0.491
3,18.05,0,21,0.952
4,29.73,1,11,0.042
4,19.42,0,20,0.037
1,6.08,1,16,0.453
3,8.67,1,13,0.53
2,29.79,1,9,1.601
0,24.72,1,7,3.652
4,8.22,1,16,0.01
3,24.37,0,21,1.318
3,11.03,1,21,0.458
3,17.85,0,3,1.139
0,12.3,0,18,1.818
1,12.93,1,8,1.51
3,7.44,0,11,0.404
4,29.19,0,18,0.02
1,7.97,1,13,0.692
2,20.41,1,3,0.599
0,23.99,1,21,6.076
4,15.31,1,1,0.031
0,0.85,0,12,0.191
2,10.48,0,10,0.439
1,7.57,1,16,0.68
2,19.81,1,20,0.576
1,6.53,0,7,0.575
1,25.66,1,7,2.434
1,29.97,1,0,2.964
2,19.52,0,0,0.41
0,2.17,1,3,0.568
1,15.6,0,1,1.534
3,17.67,0,2,1.128
0,27.83,0,14,7.32
3,20.2,1,13,0.918
3,9.69,0,9,0.324
3,13.12,1,14,0.895
0,26.91,0,19,5.533
0,1.26,1,18,0.212
3,21.79,1,9,1.544
3,13.26,0,6,0.386
2,14.97,0,3,0.657
2,9.5,0,19,0.454
1,19.14,0,14,1.362
3,10.89,0,14,0.356
4,24.73,1,19,0.043
1,29.43,1,12,3.087
2,18.98,0,11,0.68
2,4.78,0,1,0.121
0,21.05,1,8,6.77
4,8.47,1,7,0.01
2,28.82,0,20,0.706
0,17.6,0,1,4.129
3,5.36,1,22,0.242
2,4.33,1,1,0.253
4,26.6,0,20,0.026
1,4.28,1,9,0.452
3,24.26,1,2,1.331
2,25.0,1,13,1.054
4,8.42,1,17,0.01
0,29.17,1,19,7.995
3,27.27,0,4,1.549
2,22.33,1,1,0.676
4,7.72,1,4,0.016
1,11.55,1,15,1.352
2,1.03,1,0,0.042
1,26.86,0,20,2.348
2,9.57,0,14,0.288
0,12.29,0,14,2.174
0,22.56,0,13,6.092
2,10.84,1,14,0.535
0,18.9,1,4,4.069
4,27.68,1,15,0.033
0,19.74,0,9,5.886
0,27.19,1,3,3.942
3,10.78,1,20,0.841
1,29.7,1,7,2.217
3,16.94,0,23,1.096
0,8.42,0,0,1.872
1,11.5,1,17,1.294
2,8.47,0,14,0.372
0,14.14,0,2,3.013
3,24.12,0,7,0.79
2,26.33,1,18,1.336
3,13.42,0,22,0.556
0,21.98,1,20,4.269
1,12.35,0,10,1.003
0,5.52,0,22,1.003
3,26.7,0,5,1.03
4,27.07,1,22,0.036
2,8.27,1,19,0.224
0,26.17,1,6,4.514
1,27.33,0,8,2.735
1,15.56,1,19,1.6
4,1.32,1,16,0.01
4,15.29,1,0,0.01
0,26.79,1,17,6.643
1,15.65,0,9,1.647
0,8.45,0,7,2.116
4,7.39,0,23,0.013
3,2.47,1,22,0.111
4,18.45,0,6,0.028
3,21.29,1,5,1.084
3,26.95,0,19,0.846
3,3.47,1,11,0.136
3,17.56,1,18,1.316
4,23.61,1,10,0.03
4,1.21,0,0,0.01
0,24.01,1,12,6.658
2,2.25,1,4,0.05
1,18.2,1,21,2.199
2,16.52,0,21,0.689
0,27.59,0,19,5.019
1,0.68,1,9,0.079
3,2.22,1,6,0.112
0,27.44,0,5,3.737
3,4.47,0,0,0.299
1,26.72,0,10,2.701
3,23.36,0,0,1.541
3,28.8,0,20,1.896
0,13.5,1,5,3.305
4,19.47,1,5,0.04
3,26.08,0,14,1.658
1,22.64,1,6,1.686
0,1.82,0,6,0.284
1,13.86,1,10,1.458
3,25.4,1,17,1.169
2,3.31,1,8,0.145
4,16.14,0,22,0.03
1,5.16,0,21,0.541
3,22.02,0,4,1.556
4,6.82,0,23,0.012
1,25.37,0,20,1.817
1,6.11,1,23,0.419
3,26.8,1,8,1.33
0,7.28,0,0,1.146
4,19.74,1,21,0.036
4,14.64,1,13,0.017
0,9.52,0,19,2.709
1,14.02,1,22,1.279
4,21.34,0,9,0.037
1,10.24,0,3,0.799
1,10.14,1,19,1.009
2,10.82,0,12,0.244
4,15.65,1,10,0.01
1,3.18,0,16,0.276
3,11.0,0,7,0.429
0,17.82,1,3,3.598
1,10.72,0,21,0.917
2,16.72,0,6,0.833
2,8.68,1,8,0.383
3,13.92,1,8,0.576
1,26.54,1,3,2.859
0,14.23,0,12,3.017
4,29.02,0,1,0.027
3,20.17,1,13,0.932
1,18.44,1,13,1.59
3,8.07,1,10,0.566
3,7.32,1,15,0.473
1,23.9,0,1,1.67
2,6.19,0,8,0.213
2,1.24,1,21,0.056
3,17.26,0,6,0.983
3,7.28,1,14,0.304
0,17.15,1,19,3.691
1,5.8,0,23,0.348
1,5.03,0,13,0.491
2,28.4,0,4,1.525
2,27.83,0,21,1.177
3,23.81,0,16,1.007
2,22.38,0,17,0.907
2,12.21,0,12,0.476
0,19.24,1,4,4.915
3,18.38,0,19,0.748
4,18.07,0,19,0.021
3,6.43,1,9,0.307
0,6.6,1,3,1.351
3,28.97,0,10,0.988
4,11.03,1,0,0.021
2,14.35,0,19,0.752
0,8.78,1,12,2.596
3,29.63,1,22,2.331
1,26.76,0,19,1.956
0,5.15,0,11,1.155
1,4.2,0,19,0.427
1,1.14,0,1,0.085
0,4.05,1,17,0.802
0,11.62,0,15,2.498
4,12.86,1,18,0.018
4,14.86,1,19,0.019
2,3.49,1,21,0.082
2,13.87,1,19,0.323
3,26.08,0,11,1.375
4,15.96,0,21,0.02
1,4.75,1,10,0.41
0,8.98,1,5,2.109
0,23.49,1,3,3.977
0,5.19,1,18,1.215
2,2.04,1,19,0.104
1,25.99,1,12,2.135
2,27.39,1,10,0.854
2,2.18,1,10,0.09
2,19.65,1,15,1.001
1,21.16,0,8,1.443
4,7.81,1,6,0.011
2,12.21,1,7,0.298
3,2.87,1,13,0.147
1,10.95,1,13,0.763
1,13.42,0,1,1.209
1,22.32,0,17,2.442
2,28.77,1,10,1.381
3,12.42,1,15,0.545
2,13.33,0,10,0.708
2,15.68,1,10,0.44
3,11.2,0,22,0.435
0,4.97,0,4,0.923
4,29.48,0,21,0.017
1,8.71,1,12,0.695
4,20.76,0,11,0.038
0,20.4,1,10,3.996
3,7.06,1,11,0.272
1,15.14,1,4,1.309
1,16.92,1,15,1.825
2,20.41,0,4,0.645
2,10.52,0,3,0.298
3,28.74,1,17,2.117
0,14.68,1,17,3.685
1,13.87,0,5,1.334
4,2.84,1,19,0.01
3,10.4,1,17,0.685
3,19.98,0,1,0.906
2,24.63,0,12,1.199
3,1.61,0,20,0.095
3,19.57,0,19,1.396
2,5.1,1,22,0.132
4,11.97,0,22,0.021
2,4.2,0,4,0.166
2,4.69,0,6,0.22
3,4.21,0,11,0.153
4,2.83,0,12,0.01
3,5.41,0,14,0.232
2,26.61,0,3,0.972
0,5.82,1,2,1.155
1,12.71,1,0,1.094
2,17.24,0,9,0.685
3,17.81,1,20,1.152
4,27.61,0,15,0.041
3,27.38,1,14,1.574
0,11.97,1,2,1.753
4,20.54,0,13,0.038
2,1.72,0,3,0.059
2,5.99,1,18,0.337
0,26.37,0,23,3.748
2,20.88,1,8,1.005
4,21.92,0,20,0.013
3,12.94,1,20,0.903
0,24.6,0,6,5.481
0,18.88,1,2,3.359
3,11.74,1,15,0.448
2,4.71,1,13,0.175
3,23.63,0,21,1.253
1,18.37,1,9,2.09
3,2.99,1,3,0.205
2,18.86,1,7,0.611
1,27.74,1,23,2.248
2,19.55,1,20,1.025
3,27.72,0,23,1.641
1,7.58,0,20,0.575
0,25.31,0,12,4.527
4,13.95,0,1,0.019
0,13.32,0,4,2.983
0,17.38,0,1,2.728
2,22.98,1,2,1.192
3,29.1,1,13,1.821
3,24.77,1,13,1.085
4,12.92,0,1,0.015
3,29.18,1,1,2.208
1,1.29,1,9,0.13
0,19.17,1,10,4.237
4,11.92,0,2,0.011
1,12.3,0,20,1.174
0,11.26,1,3,1.479
1,20.27,1,13,2.198
0,28.52,0,22,6.03
0,15.27,0,2,3.346
0,14.92,1,0,2.746
2,15.43,1,21,0.354
3,29.26,0,17,1.993
1,20.65,1,9,2.651
0,15.64,1,14,4.204
3,16.13,1,21,0.584
2,17.6,1,10,0.726
0,22.96,0,8,3.858
1,13.76,0,12,1.345
2,4.59,1,16,0.119
0,26.31,1,20,7.052
2,22.41,0,8,0.686
1,13.62,0,19,1.689
3,5.01,1,8,0.212
3,1.74,0,23,0.07
3,21.29,1,22,1.046
2,2.35,1,15,0.076
2,15.04,0,3,0.617
0,8.3,1,20,1.887
1,25.88,1,13,2.257
3,17.36,0,20,1.089
0,25.42,0,3,5.19
4,20.51,0,23,0.043
2,10.51,1,5,0.38
4,26.02,0,16,0.041
0,6.4,1,22,0.928
1,1.15,0,15,0.096
1,19.18,0,7,1.287
1,18.57,1,1,1.809
4,25.66,1,12,0.03
2,23.32,0,19,0.955
0,27.25,1,4,7.09
0,28.26,0,7,5.465
1,20.89,1,10,2.462
1,27.33,0,22,2.69
0,5.69,1,10,1.68
3,3.95,0,23,0.215
0,26.63,1,2,3.786
3,12.33,0,22,0.573
3,11.84,1,10,0.572
3,20.88,1,10,1.025
0,17.26,0,22,2.334
3,13.49,0,3,0.527
2,16.65,0,22,0.367
2,18.75,0,2,0.668
0,2.07,1,11,0.503
3,4.38,0,0,0.225
0,19.81,1,21,4.346
1,22.49,1,3,1.56
4,2.12,1,4,0.01
3,17.59,1,6,0.741
0,26.83,0,14,6.15
4,15.07,1,6,0.012
3,6.52,0,14,0.369
2,26.92,0,23,1.273
4,27.07,0,3,0.044
4,29.13,1,16,0.018
3,6.94,0,6,0.439
0,26.3,0,18,5.335
1,16.04,1,18,2.014
4,20.42,1,22,0.037
1,6.9,0,12,0.664
4,3.24,1,23,0.01
1,17.88,1,2,1.432
2,5.52,1,10,0.292
3,26.59,0,2,1.743
2,24.76,0,9,0.682
1,1.47,0,19,0.119
1,6.86,0,14,0.605
2,21.79,0,1,0.707
1,10.2,0,22,1.059
0,14.69,0,5,3.107
2,12.29,1,11,0.541
1,23.01,0,4,1.789
2,20.29,0,11,0.46
2,25.63,0,0,0.663
3,24.16,0,17,1.297
0,17.85,1,1,4.897
0,6.69,1,5,1.625
1,29.92,0,5,1.735
0,2.95,1,4,0.527
0,25.62,1,23,6.584
3,25.44,1,13,0.988
2,11.71,0,20,0.536
3,12.72,1,6,0.957
3,12.36,0,8,0.833
3,13.48,1,19,0.945
2,15.43,1,0,0.462
4,21.61,1,0,0.034
2,12.69,0,3,0.335
4,28.48,0,1,0.044
4,19.78,0,22,0.034
1,6.29,0,20,0.571
1,3.68,1,14,0.279
1,6.31,0,22,0.445
2,3.53,1,9,0.171
1,11.79,0,5,0.73
4,7.57,0,20,0.011
2,10.85,0,20,0.433
3,28.95,0,23,1.1
4,0.57,1,16,0.01
4,25.09,0,4,0.047
1,9.57,1,1,1.053
0,9.22,1,7,1.342
4,4.28,0,15,0.01
4,13.37,0,20,0.01
3,10.83,1,15,0.513
1,22.78,0,23,1.894
1,12.98,1,18,1.082
3,2.63,1,11,0.189
3,22.42,1,5,1.259
0,7.17,1,16,1.017
1,28.87,0,16,2.2
2,27.01,1,22,1.053
2,18.73,0,21,0.832
0,13.76,1,23,2.456
4,3.38,1,20,0.01
4,23.7,0,1,0.023
1,2.39,0,19,0.221
3,2.16,1,8,0.158
0,11.66,0,2,2.827
4,9.26,1,1,0.01
0,8.93,1,7,1.482
4,26.28,1,23,0.051
2,2.31,0,14,0.07
4,24.51,0,1,0.025
0,20.79,0,3,2.738
4,13.69,0,0,0.022
2,10.89,1,23,0.439
1,25.46,0,9,2.443
3,25.09,0,0,1.812
3,0.81,0,8,0.033
3,16.08,1,3,0.97
0,11.07,1,1,2.522
2,16.66,1,13,0.56
0,27.11,1,15,4.468
2,6.29,1,6,0.146
1,12.91,0,4,1.208
3,15.35,0,10,0.752
0,22.53,0,7,2.844
0,17.32,1,11,3.086
4,23.78,1,0,0.017
4,12.93,0,19,0.02
4,29.87,1,12,0.042
2,16.96,0,16,0.465
0,28.59,1,4,8.226
0,9.83,0,10,2.725
4,13.55,1,13,0.028
4,15.36,1,12,0.02
3,22.79,0,9,0.82
0,7.93,1,4,1.22
2,14.51,1,14,0.777
4,11.96,0,21,0.021
0,28.24,0,8,5.126
1,6.17,1,22,0.472
1,6.32,0,21,0.719
1,15.77,0,20,1.105
4,26.23,1,10,0.016
4,15.34,1,11,0.016
3,26.99,0,10,0.89
0,20.45,0,17,4.65
4,18.57,0,10,0.035
4,1.24,1,20,0.01
2,14.86,0,19,0.651
2,13.69,0,5,0.36
4,18.67,0,8,0.031
3,17.28,0,16,0.813
0,10.47,1,9,3.207
0,18.31,1,1,4.296
4,11.27,0,3,0.015
2,20.86,0,22,0.859
2,20.36,1,19,0.481
0,29.44,0,2,6.475
1,16.72,1,21,1.925
4,23.01,1,20,0.035
3,19.74,1,23,1.524
3,10.63,1,17,0.53
2,13.76,0,23,0.482
2,9.62,0,15,0.253
2,21.99,0,10,1.166
3,8.44,1,7,0.408
4,9.41,0,2,0.01
0,5.23,1,18,1.329
2,3.42,0,16,0.157
1,14.36,1,16,1.298
1,20.19,1,23,1.818
4,9.67,1,3,0.015
1,16.86,0,22,1.333
1,22.78,1,11,2.641
0,25.06,0,4,3.253
4,10.66,1,6,0.014
0,18.48,1,6,3.835
3,25.6,0,4,1.22
2,14.48,1,12,0.512
0,9.61,1,21,1.64
4,14.69,0,4,0.023
3,17.89,1,22,1.329
2,24.99,1,6,0.819
2,0.68,0,3,0.023
4,18.99,0,23,0.02
2,2.91,0,7,0.085
1,2.39,0,9,0.191
4,13.68,0,5,0.012
1,8.57,1,8,0.992
4,19.06,0,1,0.035
2,22.56,0,17,0.708
1,0.68,0,1,0.051
1,15.61,1,18,1.962
0,27.46,1,21,7.493
2,27.57,0,14,1.472
1,26.15,0,2,2.102
1,18.93,0,8,1.46
3,3.07,0,1,0.205
1,6.0,1,5,0.523
2,3.75,0,4,0.189
1,26.26,1,14,2.192
0,3.65,1,18,0.932
3,3.14,0,0,0.181
1,9.2,0,4,0.833
0,10.84,0,16,2.082
0,3.05,0,7,0.555
1,4.23,0,20,0.316
3,12.13,1,0,0.454
0,18.63,1,18,5.621
2,9.87,0,16,0.345
0,12.98,1,21,3.245
1,20.26,0,7,1.434
4,19.38,1,2,0.024
3,13.75,0,13,0.517
3,9.99,0,21,0.347
0,19.97,0,2,4.033
1,2.21,1,20,0.263
2,23.52,1,11,0.848
3,2.06,1,2,0.149
1,15.23,0,9,1.54
0,8.07,0,12,1.868
4,13.83,1,19,0.015
4,19.71,1,1,0.043
1,9.52,0,14,0.927
0,17.83,0,23,2.635
1,19.56,1,14,1.621
1,10.04,1,16,0.967
4,7.08,1,3,0.01
4,26.18,0,11,0.034
1,8.88,0,13,0.587
2,20.76,0,16,0.415
0,16.83,0,21,2.8
4,8.77,1,4,0.016
0,16.88,1,3,2.753
1,2.64,1,15,0.277
1,8.09,0,13,0.82
0,18.33,0,0,4.302
0,22.27,1,6,5.461
2,25.74,1,8,1.045
1,1.91,1,13,0.177
1,0.91,0,1,0.076
2,25.39,0,3,0.944
4,18.89,0,14,0.014
1,22.0,1,8,2.347
1,20.82,0,13,1.746
2,7.8,1,9,0.312
0,7.32,1,2,1.687
3,15.86,1,13,1.158
4,6.17,1,2,0.011
2,12.32,0,14,0.502
4,22.07,1,4,0.02
0,22.61,0,14,2.957
1,24.33,1,21,1.921
3,14.43,0,3,0.92
3,27.18,1,7,1.428
2,20.94,0,4,0.779
3,12.32,0,2,0.563
3,13.41,0,9,0.809
3,2.8,0,10,0.185
4,15.27,0,21,0.026
2,25.18,0,13,0.522
3,29.12,1,11,1.308
0,4.43,0,14,0.935
2,4.9,1,22,0.123
2,1.98,1,7,0.062
4,21.7,1,16,0.025
3,28.52,0,22,1.703
4,22.3,1,0,0.038
1,12.43,1,9,1.259
4,22.97,0,17,0.045
2,15.04,1,17,0.362
3,24.14,0,10,1.283
1,8.39,0,19,0.84
3,8.03,0,8,0.316
1,18.41,1,17,2.022
2,21.52,1,13,1.131
1,28.47,1,1,2.034
3,14.2,0,0,0.732
3,3.39,0,22,0.145
2,10.26,0,11,0.304
0,3.01,0,7,0.432
1,29.89,1,8,3.639
3,9.79,0,16,0.666
2,19.97,0,6,0.791
2,1.94,0,2,0.094
2,26.22,1,18,0.745
1,9.83,0,6,0.602
3,28.95,1,13,1.646
2,2.64,1,9,0.081
3,17.5,1,5,0.758
0,10.7,1,16,2.375
1,25.92,0,11,2.591
4,9.73,0,15,0.02
0,4.62,1,8,1.592
3,28.43,0,7,1.15
1,15.42,0,2,1.207
4,8.1,1,15,0.016
1,7.48,1,23,0.657
4,11.7,0,9,0.015
1,17.29,0,19,1.466
4,20.1,0,4,0.018
2,14.24,1,14,0.56
4,28.32,1,8,0.059
0,24.64,0,21,5.067
0,14.17,1,15,2.048
2,7.34,0,7,0.217
2,8.9,1,2,0.503
1,28.29,1,4,2.687
1,4.93,0,3,0.368
3,9.95,1,6,0.592
3,23.67,0,3,0.911
1,10.94,1,10,0.905
1,21.67,0,2,1.917
4,8.45,0,3,0.014
4,27.12,0,21,0.02
3,12.16,1,19,0.645
1,22.51,0,13,1.802
3,21.67,0,8,0.894
2,29.12,1,14,0.873
4,4.11,0,2,0.01
0,7.3,1,22,2.049
4,5.62,0,20,0.01
3,27.21,1,23,0.898
1,4.62,0,0,0.311
3,5.85,0,4,0.242
1,26.82,1,10,3.145
2,19.98,1,17,0.691
4,2.9,1,12,0.01
1,4.53,0,23,0.402
4,18.2,0,8,0.033
1,17.35,0,11,1.481
4,4.36,0,20,0.01
2,10.69,0,1,0.452
4,23.22,0,3,0.043
4,29.5,1,18,0.057
0,25.58,1,2,5.39
4,19.99,0,17,0.018
2,13.18,1,17,0.377
1,9.4,0,14,0.811
4,8.97,0,22,0.019
2,1.62,0,1,0.04
3,2.24,1,5,0.14
2,7.98,1,9,0.461
3,22.12,1,18,1.618
2,17.25,0,17,0.662
4,1.31,1,15,0.01
1,9.48,0,15,0.979
2,8.72,1,20,0.422
1,16.32,1,10,1.414
3,7.81,1,1,0.414
1,5.17,1,5,0.392
2,9.31,1,22,0.247
0,25.33,0,7,3.515
1,17.82,0,3,1.652
0,27.74,1,11,8.024
0,3.78,1,22,0.695
0,27.28,1,15,5.402
0,10.58,0,0,2.263
0,24.68,1,4,5.942
1,14.69,1,23,1.12
1,27.57,0,12,2.843
3,5.54,1,2,0.412
2,7.43,0,3,0.302
2,14.38,1,5,0.499
4,28.25,1,20,0.034
1,7.57,0,13,0.558
1,18.55,0,0,1.535
2,4.93,1,17,0.268
0,0.5,1,4,0.126
1,15.91,1,4,1.545
4,6.11,0,15,0.01
3,8.17,1,13,0.476
0,19.58,0,13,2.669
4,1.91,0,4,0.01
2,22.12,0,3,0.838
1,22.58,0,8,2.657
2,7.47,0,10,0.224
4,3.79,0,7,0.01
0,5.45,1,6,0.96
2,4.22,1,23,0.214
4,0.85,1,11,0.01
3,0.96,0,5,0.041
4,21.29,0,17,0.032
2,17.6,0,5,0.748
0,18.91,0,12,4.488
2,24.48,1,4,0.995
2,8.32,0,17,0.401
1,26.94,0,2,2.369
4,9.02,0,23,0.01
1,0.86,0,16,0.079
3,25.64,0,23,1.632
4,14.88,0,4,0.021
3,11.59,1,2,0.451
1,4.55,0,12,0.368
1,3.87,0,22,0.238
0,20.47,1,4,2.942
4,12.7,1,5,0.021
2,17.82,0,1,0.835
0,7.3,1,3,1.685
0,5.53,1,2,0.825
4,20.21,0,20,0.033
0,2.59,1,17,0.387
3,21.6,1,6,1.041
1,1.42,1,15,0.114
0,15.24,0,21,3.426
2,24.11,0,11,0.693
0,25.76,1,13,6.618
4,4.54,1,4,0.01
4,21.08,0,20,0.043
1,18.23,1,18,2.17
0,24.68,0,0,4.342
2,18.48,0,3,0.782
1,22.25,1,21,2.474
1,5.88,0,7,0.39
1,1.31,0,2,0.122
3,25.3,0,10,0.795
2,23.33,0,7,1.09
1,22.35,0,16,1.688
0,29.9,0,12,6.749
1,24.19,1,16,1.765
2,7.44,1,8,0.188
1,23.96,1,0,2.459
1,1.07,0,6,0.106
3,15.73,1,6,1.06
0,11.48,0,21,1.769
0,23.64,1,14,5.034
0,21.42,0,16,4.627
1,18.61,0,10,1.576
4,26.58,0,1,0.055
0,16.93,0,13,3.573
0,27.62,1,23,6.283
0,17.69,1,2,4.554
2,9.72,0,16,0.381
3,24.96,1,7,0.96
1,5.55,0,21,0.552
1,29.11,1,6,2.465
4,14.65,1,1,0.013
4,11.46,0,8,0.012
4,20.24,0,0,0.02
1,14.52,0,4,1.428
3,14.2,1,9,0.725
4,18.63,1,16,0.027
2,18.02,1,12,0.515
4,17.53,0,3,0.037
2,25.13,0,2,0.757
3,17.69,1,18,1.33
3,20.15,0,18,0.845
0,2.62,1,14,0.553
4,9.15,0,0,0.01
2,20.0,1,9,0.507
0,10.67,1,2,2.449
0,7.91,1,10,2.229
3,26.1,1,7,0.966
0,11.34,1,21,2.674
4,11.28,1,14,0.01
3,28.14,0,23,1.7
3,1.2,0,12,0.057
0,3.32,1,2,0.519
2,4.68,1,18,0.215
0,18.86,0,1,3.654
4,19.28,1,2,0.035
0,2.09,0,5,0.453
3,16.81,0,14,0.539
2,22.11,1,0,1.087
2,24.13,0,17,0.779
2,25.04,0,19,1.216
1,7.21,1,19,0.684
3,29.72,1,7,1.127
4,7.69,0,2,0.01
2,27.13,0,6,1.254
0,24.43,0,2,3.946
4,17.41,0,5,0.019
4,22.12,1,19,0.015
1,24.46,0,7,1.565
4,2.93,1,10,0.01
2,15.69,1,8,0.584
3,24.28,1,1,1.176
0,11.72,0,1,2.491
4,15.61,0,15,0.018
2,24.78,0,6,0.527
3,28.84,0,13,1.302
1,27.93,1,16,2.834
4,20.17,1,7,0.019
0,13.0,1,21,3.311
2,16.96,1,12,0.573
4,16.15,1,10,0.033
0,24.21,1,0,3.934
2,4.22,0,6,0.086
4,8.64,1,10,0.014
3,21.33,0,17,0.727
4,24.34,0,0,0.039
3,13.68,0,21,0.756
1,20.34,0,18,2.152
0,7.99,0,12,1.437
2,3.59,0,22,0.11
1,13.81,0,20,1.582
2,8.74,0,20,0.452
1,12.76,0,21,1.554
1,20.14,1,23,2.176
2,4.42,0,7,0.183
2,19.04,0,5,0.63
4,3.35,1,13,0.01
3,27.94,0,10,1.478
2,4.22,0,0,0.191
2,13.72,0,3,0.458
0,10.75,1,16,1.948
1,21.06,0,5,1.652
1,21.44,0,5,1.366
4,28.55,1,15,0.02
1,25.24,1,19,2.16
0,22.24,1,22,5.729
1,13.87,0,3,1.316
3,1.45,1,8,0.061
3,29.77,0,18,1.755
4,18.84,0,20,0.034
1,2.52,1,19,0.224
3,16.47,0,6,0.596
4,2.81,0,19,0.01
1,14.02,1,15,1.318
2,3.97,0,19,0.207
0,16.99,1,23,4.275
4,1.86,0,8,0.01
4,26.29,1,19,0.034
2,28.91,1,1,1.424
3,15.09,1,5,0.957
4,15.78,0,4,0.02
1,6.77,0,1,0.418
1,13.03,0,22,0.919
1,20.23,1,2,2.031
4,4.36,1,20,0.01
4,24.68,0,21,0.049
1,20.29,0,14,1.836
1,24.48,0,20,1.937
3,17.39,0,15,0.615
0,5.81,0,0,0.808
1,7.74,1,6,0.708
0,7.9,1,16,1.83
0,16.05,1,6,3.775
0,17.15,1,6,3.099
4,1.7,1,18,0.01
0,9.71,0,5,1.997
0,11.0,0,17,2.594
0,20.96,1,3,4.171
1,5.75,0,2,0.352
0,7.66,0,13,1.548
1,28.77,1,17,2.383
1,8.25,1,18,1.137
4,26.75,1,19,0.048
1,7.45,0,0,0.496
1,19.08,1,18,2.104
4,15.64,1,7,0.021
3,11.38,0,20,0.44
4,18.66,1,22,0.039
4,10.6,0,3,0.015
2,23.44,1,13,0.798
0,9.14,1,19,2.842
3,29.49,1,13,1.913
1,5.22,0,14,0.404
3,2.11,1,0,0.121
2,6.49,1,9,0.246
1,20.43,0,22,1.965
1,8.18,0,10,0.958
1,8.94,1,4,0.657
2,12.42,1,15,0.681
3,10.46,0,12,0.518
2,14.96,0,8,0.417
2,4.12,1,10,0.193
3,20.72,1,22,0.954
4,5.76,1,19,0.012
2,27.63,0,0,1.254
0,7.62,1,2,1.482
1,22.98,1,6,1.893
2,22.15,0,16,0.917
3,28.69,0,9,1.988
3,4.24,0,9,0.242
3,22.99,0,12,1.542
3,3.43,0,13,0.163
4,8.38,1,16,0.011
1,21.91,0,16,1.775
2,22.9,1,7,0.684
1,10.76,1,6,1.274
3,20.47,0,19,1.327
1,7.51,0,5,0.627
3,27.77,0,5,1.772
4,19.71,1,13,0.032
2,2.21,0,8,0.116
3,15.66,0,15,1.042
2,17.84,0,16,0.43
3,25.5,1,4,1.525
0,10.66,0,23,1.615
1,20.38,0,16,1.869
4,27.36,1,21,0.063
2,10.33,0,3,0.402
3,15.66,1,17,0.866
0,17.85,0,10,4.76
2,19.26,0,5,0.473
2,20.03,1,17,0.513
0,3.16,1,4,0.743
0,23.02,1,22,5.194
1,23.15,0,15,2.046
0,2.35,0,19,0.695
2,18.61,0,14,0.662
0,22.45,0,5,5.267
4,10.91,0,5,0.01
0,15.58,1,4,2.288
3,20.86,1,17,0.98
1,7.43,1,6,0.811
0,26.33,1,5,4.449
1,13.83,0,0,1.292
3,4.81,0,18,0.286
1,11.77,1,8,1.007
1,17.76,1,11,1.788
1,11.62,1,12,1.002
2,21.14,1,8,0.579
0,25.07,0,19,4.062
1,13.14,1,13,1.555
4,21.6,1,21,0.048
3,21.61,0,4,1.146
4,18.49,1,7,0.031
3,13.85,0,16,0.921
2,13.35,0,3,0.476
1,16.25,0,19,1.324
3,8.0,1,20,0.378
4,14.74,1,18,0.019
3,5.85,0,17,0.265
3,23.91,0,10,1.806
4,27.12,0,2,0.055
3,1.96,0,1,0.072
2,12.96,1,21,0.482
1,9.27,0,14,0.602
3,17.93,0,12,0.742
4,11.99,0,11,0.023
0,29.96,1,20,8.956
0,7.96,0,10,1.508
3,28.77,1,18,1.129
2,19.45,0,19,0.806
0,14.42,1,6,2.537
3,4.94,0,20,0.296
0,6.81,0,15,1.318
1,25.69,0,4,1.744
2,20.1,0,17,0.919
0,7.54,1,11,2.044
2,7.43,1,13,0.183
4,9.84,0,13,0.016
1,24.83,0,13,1.771
0,25.93,1,9,5.808
0,23.08,0,21,3.504
3,14.75,0,11,0.699
4,16.78,0,8,0.022
4,22.55,1,21,0.039
1,13.04,1,21,1.551
0,10.78,0,15,2.107
3,18.89,0,22,1.364
1,18.72,0,3,1.187
1,29.41,1,7,2.909
0,23.36,1,22,3.145
4,1.29,1,19,0.01
1,15.12,0,20,1.453
1,27.83,0,11,2.594
4,28.37,0,11,0.053
4,2.74,0,16,0.01
3,6.87,1,1,0.478
2,25.69,1,2,1.292
0,2.69,1,23,0.558
1,2.28,1,10,0.252
2,19.42,0,14,0.52
0,10.14,1,3,2.481
1,7.04,0,20,0.69
4,6.88,1,0,0.016
0,20.21,0,3,4.712
3,28.71,1,0,1.138
4,29.75,0,7,0.031
4,18.25,0,1,0.036
2,29.46,1,4,1.677
0,17.9,0,7,2.85
3,26.34,0,9,1.025
4,17.01,0,14,0.036
3,17.67,0,4,0.903
2,14.51,1,20,0.636
0,28.04,1,20,8.694
2,1.4,0,22,0.055
4,25.8,0,12,0.039
2,17.5,1,6,0.814
2,19.09,1,11,0.952
2,2.48,0,19,0.102
3,3.5,0,9,0.207
4,14.06,1,2,0.016
1,25.8,1,0,2.683
4,24.7,1,6,0.024
0,18.37,1,12,4.941
4,20.09,0,7,0.031
0,18.05,0,4,2.765
1,18.25,0,5,1.745
0,19.68,0,8,2.765
2,19.82,0,7,0.742
4,3.22,0,19,0.01
3,0.56,1,22,0.037
4,27.84,1,16,0.02
4,27.09,0,23,0.031
1,3.51,0,5,0.28
4,27.56,1,13,0.027
4,7.1,1,15,0.015
3,15.43,1,23,0.88
0,10.68,0,16,2.566
3,5.51,1,13,0.2
0,2.25,1,21,0.534
2,20.94,0,9,0.629
3,13.71,1,13,0.929
2,3.58,0,10,0.139
3,26.0,0,14,1.839
0,2.79,1,22,0.641
1,2.53,1,15,0.193
0,29.68,0,13,5.811
2,12.96,0,17,0.603
4,15.78,0,17,0.011
4,14.1,1,2,0.014
1,12.38,0,2,1.17
3,14.3,1,19,0.896
2,16.06,0,23,0.612
4,15.23,1,18,0.028
3,1.05,0,10,0.034
0,11.37,1,18,2.932
4,12.63,1,19,0.014
1,29.0,0,13,1.953
3,23.19,0,2,0.893
0,14.8,0,23,2.972
3,21.48,1,21,1.531
4,7.86,1,0,0.01
4,23.11,1,1,0.038
0,5.51,0,22,1.354
2,7.74,0,8,0.338
3,2.21,0,6,0.115
4,7.68,0,10,0.01
0,4.65,0,13,0.874
0,14.17,0,7,1.994
3,17.16,0,2,0.876
1,23.37,1,2,2.451
4,12.03,1,22,0.01
0,16.41,0,8,3.551
0,21.74,1,6,3.188
4,3.39,1,18,0.01
4,8.62,0,22,0.01
1,14.28,0,13,0.916
1,7.5,0,1,0.654
3,7.58,1,9,0.431
4,17.57,0,17,0.02
0,13.87,0,12,3.174
4,21.36,0,15,0.024
4,7.83,0,2,0.01
1,7.74,0,22,0.512
4,20.61,1,2,0.039
1,21.87,0,16,1.613
1,8.52,0,7,0.878
3,25.27,0,16,1.782
4,0.68,1,11,0.01
4,26.26,0,23,0.025
4,8.46,0,17,0.01
0,5.86,1,23,1.631
3,26.31,0,21,1.525
0,12.31,1,21,3.418
1,9.68,1,3,0.986
2,5.79,1,12,0.236
4,12.25,0,6,0.01
0,9.02,0,2,1.935
2,19.98,1,7,1.048
2,20.59,0,13,1.077
2,12.64,1,18,0.489
0,3.51,1,10,0.671
4,1.08,0,11,0.01
4,1.66,1,18,0.01
1,23.73,0,11,2.158
2,9.6,1,17,0.248
0,8.74,0,13,1.45
3,10.0,1,12,0.746
4,19.81,1,12,0.045
0,8.02,1,15,1.147
0,27.34,1,5,4.621
0,29.91,1,13,6.918
1,2.4,0,23,0.191
3,2.21,0,11,0.142
3,20.21,1,23,0.853
4,5.46,0,5,0.011
4,13.16,0,19,0.024
0,29.38,1,14,6.822
0,2.49,1,23,0.505
1,10.12,1,16,0.883
2,1.68,1,2,0.073
1,3.23,1,2,0.309
1,10.77,1,0,0.928
2,20.12,1,18,0.999
4,0.61,0,11,0.01
1,27.53,0,12,1.768
3,29.6,0,8,1.293
0,0.51,0,10,0.126
3,5.37,1,14,0.404
3,0.59,1,12,0.042
0,19.51,0,20,5.812
1,25.95,0,22,2.459
0,12.09,1,17,2.851
1,21.94,1,13,2.138
0,5.9,1,16,1.567
1,15.63,1,13,1.525
4,16.75,0,18,0.023
0,10.52,0,19,1.712
2,20.18,1,14,0.484
0,15.41,0,3,2.129
4,2.11,1,5,0.01
2,1.84,1,12,0.095
2,3.6,1,17,0.209
4,6.93,0,16,0.01
4,29.41,1,14,0.046
4,29.93,0,14,0.021
3,5.81,0,4,0.412
1,10.93,1,22,0.788
1,14.28,1,22,1.679
2,15.86,1,8,0.898
3,15.22,0,10,0.675
4,28.95,1,10,0.058
2,16.03,0,19,0.588
3,2.02,1,3,0.108
0,7.13,0,16,1.171
0,17.68,1,19,3.358
2,23.11,1,1,0.766
3,13.69,0,12,0.99
0,16.36,0,9,4.345
4,14.87,0,11,0.025
1,26.85,0,14,1.756
1,17.17,1,11,1.438
2,22.87,0,3,0.781
4,24.03,0,2,0.035
1,28.59,0,6,2.245
1,8.48,1,7,0.845
2,2.57,0,19,0.123
3,22.84,0,15,1.125
4,5.49,0,17,0.01
2,1.09,1,21,0.052
2,20.03,0,8,0.703
1,18.52,0,23,1.63
0,5.22,0,0,0.865
1,14.36,1,7,1.042
4,6.32,1,3,0.01
0,4.58,0,4,1.031
3,9.95,1,8,0.78
4,10.95,1,8,0.019
4,14.97,0,22,0.02
3,14.95,0,10,0.88
4,22.63,1,6,0.048
3,18.67,1,16,0.842
4,13.63,0,23,0.018
3,21.49,1,4,1.12
2,21.3,1,15,0.798
3,27.89,1,9,2.229
2,12.29,0,12,0.431
1,2.33,1,17,0.274
4,21.94,0,7,0.04
2,18.92,0,3,0.511
4,18.83,1,17,0.016
3,29.6,0,13,1.378
2,29.26,1,9,1.109
3,1.68,1,14,0.132
1,19.84,1,21,2.354
3,7.83,1,12,0.364
2,8.66,0,12,0.282
3,10.06,1,23,0.443
4,17.57,0,4,0.036
4,1.52,1,18,0.01
1,16.04,1,21,1.921
0,2.72,1,21,0.477
4,3.58,1,7,0.01
3,3.21,0,23,0.191
3,8.64,0,7,0.513
4,5.24,0,12,0.01
4,17.08,1,11,0.013
4,14.97,1,16,0.02
3,12.23,1,7,0.742
1,29.75,1,7,2.599
0,17.29,0,16,3.403
2,14.6,0,18,0.51
1,10.89,1,12,1.151
0,22.66,0,6,4.235
3,19.85,1,0,1.419
3,8.41,0,5,0.401
4,25.32,1,0,0.024
0,7.44,1,20,1.954
2,1.04,0,9,0.033
2,21.8,0,3,0.709
3,20.21,0,1,0.72
3,7.49,1,23,0.327
1,10.23,1,19,1.187
2,2.05,1,16,0.104
0,14.19,0,14,3.317
3,9.42,0,13,0.568
4,1.92,1,20,0.01
4,18.35,0,8,0.016
3,11.71,1,15,0.552
4,17.96,0,13,0.034
0,23.1,1,2,6.739
3,6.9,1,9,0.49
0,16.25,1,13,3.596
2,20.5,1,4,0.739
2,8.68,1,6,0.425
0,5.77,1,8,1.692
1,25.69,0,10,2.401
2,1.19,0,12,0.059
1,25.87,1,8,3.298
1,21.47,1,7,1.475
3,21.09,0,14,1.153
2,22.17,0,12,0.588
4,1.28,0,16,0.01
0,4.83,1,19,1.0
4,8.89,1,18,0.015
2,20.09,0,2,0.733
1,18.23,1,11,1.99
2,2.43,1,4,0.083
0,4.04,1,5,1.191
0,12.29,1,10,4.035
3,20.44,1,9,1.43
0,19.72,0,17,3.353
4,21.53,0,11,0.029
1,3.56,1,11,0.31
2,18.93,0,23,0.664
1,1.39,0,13,0.094
4,7.98,1,17,0.017
2,20.89,1,16,0.701
1,22.33,1,8,2.49
0,24.73,1,8,7.294
0,29.07,0,20,6.929
1,14.87,1,9,1.38
2,16.03,1,9,0.815
3,3.56,1,0,0.225
4,19.98,1,20,0.013
3,12.25,0,17,0.719
4,17.64,1,12,0.02
1,27.63,0,15,2.753
2,25.74,0,10,0.565
2,19.87,0,20,0.911
1,10.78,0,13,0.739
1,19.55,0,3,1.971
0,19.21,0,21,3.931
0,0.51,1,18,0.11
2,21.83,1,23,0.798
3,14.1,0,7,0.688
3,12.83,0,11,0.591
2,19.91,1,7,1.061
0,21.8,0,16,4.934
4,23.23,1,0,0.021
1,24.77,0,10,1.863
0,9.8,0,20,1.83
1,7.24,1,20,0.574
1,4.8,1,3,0.452
3,18.11,1,2,0.989
0,7.33,0,19,1.518
3,25.88,1,3,1.528
4,25.88,1,18,0.041
1,29.55,1,10,3.677
4,17.31,1,3,0.016
4,23.53,0,14,0.036
0,7.16,1,14,1.595
2,25.01,0,6,1.213
4,28.42,0,11,0.059
0,24.77,1,23,5.078
0,20.47,1,0,5.731
3,20.26,1,0,0.713
2,13.59,0,7,0.488
1,17.76,0,19,1.277
1,25.86,1,13,2.634
0,23.36,1,21,4.506
4,4.89,0,5,0.01
1,6.73,1,22,0.477
2,21.11,1,3,0.606
4,19.04,0,17,0.035
0,2.67,1,6,0.464
0,6.56,1,11,1.408
0,10.72,0,13,2.534
1,21.12,1,3,1.648
4,9.09,1,9,0.016
4,6.6,1,13,0.014
2,19.83,0,15,0.666
3,8.4,1,15,0.311
1,27.82,1,23,2.003
2,23.64,0,7,0.767
4,3.56,1,6,0.01
3,16.55,0,13,0.662
0,4.42,1,2,0.804
2,26.9,0,15,0.928
4,6.78,0,9,0.01
0,6.25,0,2,0.863
2,13.23,1,5,0.308
0,21.95,0,14,4.767
0,10.2,0,21,2.44
1,28.31,0,1,2.462
4,23.81,1,17,0.05
0,7.9,1,15,1.428
2,20.23,1,19,0.606
2,20.1,0,17,0.532
2,19.08,1,4,0.872
3,3.05,1,11,0.139
2,16.49,1,3,0.533
0,21.91,0,9,4.888
4,20.68,0,1,0.04
3,10.94,0,8,0.394
1,0.67,0,18,0.056
0,26.44,0,19,6.228
2,11.76,0,15,0.548
2,9.52,0,18,0.237
1,0.96,1,11,0.115
1,25.4,1,1,1.984
0,10.39,1,17,2.039
1,27.6,1,18,2.647
4,6.79,0,23,0.01
3,22.65,1,22,0.923
2,3.88,0,12,0.097
2,27.28,0,0,0.661
0,6.1,0,8,1.526
4,22.05,1,1,0.034
1,11.23,0,7,0.811
3,27.25,1,20,1.853
0,21.2,0,15,2.846
2,24.35,0,4,0.836
4,17.99,1,12,0.041
3,17.32,1,4,1.213
1,14.91,0,1,1.179
0,4.2,0,9,0.717
4,11.33,0,19,0.01
4,2.01,0,23,0.01
4,24.9,0,13,0.028
2,2.14,1,20,0.098
0,21.0,0,16,3.626
2,9.09,0,13,0.293
2,5.08,1,15,0.173
3,24.75,0,8,1.558
0,26.97,0,2,4.605
0,28.44,1,15,5.626
4,3.81,0,5,0.01
0,1.55,1,21,0.434
0,12.93,0,17,2.229
2,3.46,0,5,0.071
0,8.64,1,5,1.981
0,9.74,0,2,2.045
2,1.02,0,14,0.034
3,26.52,0,15,1.135
4,12.34,0,20,0.011
3,5.5,1,23,0.298
4,13.09,0,6,0.013
0,20.34,0,5,4.7
0,2.34,0,12,0.501
2,19.54,0,19,0.658
4,16.23,0,9,0.01
4,4.86,0,20,0.01
4,19.46,1,5,0.03
2,1.89,0,4,0.067
1,25.96,1,4,2.162
4,24.95,0,15,0.047
1,26.15,0,10,2.781
3,17.19,1,5,0.669
2,8.95,1,14,0.313
4,14.53,1,2,0.011
1,9.05,0,11,0.734
3,3.76,0,5,0.165
2,18.11,1,4,0.443
3,1.75,0,8,0.108
1,24.36,0,21,2.082
1,5.6,1,11,0.622
3,15.15,0,18,0.949
0,24.15,1,3,3.464
0,2.53,0,23,0.451
3,18.77,0,6,0.868
0,23.82,0,17,5.899
2,18.57,1,3,0.598
1,13.35,1,8,1.287
3,6.19,0,1,0.377
3,15.5,1,6,1.049
3,12.91,0,3,0.594
1,17.24,1,14,1.411
0,24.59,0,23,3.616
4,21.33,1,20,0.022
0,9.87,0,23,1.605
3,12.9,1,18,0.881
0,11.27,1,0,3.22
4,5.43,0,12,0.01
2,8.34,1,11,0.252
1,10.11,0,12,0.851
0,23.38,1,22,3.706
1,2.88,0,6,0.214
1,6.34,1,1,0.568
2,9.5,1,22,0.487
0,16.83,1,11,5.035
2,20.68,1,2,0.796
3,1.14,1,15,0.052
2,5.02,1,10,0.209
2,12.08,0,8,0.611
4,25.44,1,19,0.055
4,11.52,0,15,0.01
1,29.6,1,20,2.665
1,8.32,1,0,0.681
1,3.79,0,8,0.364
4,11.35,1,6,0.019
1,28.42,1,16,2.217
4,28.04,1,21,0.052
0,1.19,0,11,0.295
4,24.47,1,10,0.017
0,7.82,0,14,1.776
3,16.88,0,15,0.925
0,20.3,0,12,3.324
4,3.17,1,7,0.01
1,7.26,0,6,0.522
1,14.9,1,14,1.114
3,14.13,1,8,0.639
4,5.28,1,18,0.01
4,24.03,1,9,0.015
3,24.45,1,11,1.259
0,10.41,1,3,2.267
4,29.02,0,8,0.019
4,14.58,1,5,0.026
3,24.76,1,15,1.438
4,14.48,0,15,0.014
2,28.62,1,3,1.047
4,5.7,0,5,0.012
3,0.71,0,17,0.027
3,6.92,1,1,0.358
1,14.17,1,12,1.259
4,14.97,1,17,0.013
0,22.5,1,19,4.384
2,26.29,0,5,1.143
2,29.34,1,2,0.893
4,3.9,1,10,0.01
3,4.19,0,23,0.3
4,25.91,1,5,0.015
1,18.18,1,4,1.724
4,27.08,1,0,0.048
0,18.23,1,2,4.672
3,3.29,1,5,0.24
2,11.82,0,14,0.26
3,9.41,1,1,0.682
3,1.84,1,14,0.119
0,21.66,0,16,4.116
2,19.38,0,5,0.444
4,22.1,0,3,0.016
4,4.61,1,5,0.01
2,22.06,0,16,1.112
0,21.39,1,5,5.088
1,12.71,1,17,1.194
0,13.47,0,13,3.385
0,21.09,0,1,3.673
3,28.4,0,21,1.852
4,11.18,0,9,0.01
0,4.97,0,20,1.133
0,15.53,0,7,2.233
1,10.84,1,12,1.116
0,1.55,0,14,0.287
4,28.55,1,20,0.018
4,9.06,1,13,0.011
1,7.14,1,12,0.523
2,15.5,1,8,0.62
3,22.5,1,7,1.279
2,4.01,0,4,0.112
4,17.13,1,15,0.031
0,8.6,0,3,1.636
3,21.06,1,4,1.617
0,8.96,1,11,2.408
4,7.91,1,3,0.016
2,1.01,0,17,0.031
4,14.41,1,0,0.025
4,24.84,0,2,0.033
4,8.12,1,12,0.016
3,8.92,1,23,0.499
4,15.23,1,12,0.017
0,21.94,1,2,4.563
2,20.99,0,1,0.444
1,26.21,0,0,2.221
3,21.93,0,17,1.321
1,9.09,0,22,0.825
0,7.95,1,23,1.373
1,2.68,0,15,0.214
3,6.03,0,22,0.23
0,9.31,1,19,2.879
1,8.3,1,5,0.599
2,14.45,1,8,0.787
0,3.87,1,23,0.898
2,12.62,1,1,0.399
4,10.0,1,14,0.02
3,18.42,0,14,0.928
0,9.38,1,11,2.413
1,0.92,1,15,0.084
4,21.47,0,9,0.027
2,24.23,0,11,0.536
1,0.61,0,7,0.063
3,9.09,0,1,0.476
1,27.16,1,18,3.305
4,3.87,1,15,0.01
1,24.81,1,18,2.513
2,26.5,1,10,0.767
1,12.53,1,13,1.305
3,3.3,0,12,0.2
1,2.81,1,16,0.235
2,3.01,1,9,0.115
1,8.98,1,11,1.214
2,5.97,0,12,0.234
3,8.55,1,16,0.43
4,1.93,1,6,0.01
2,18.44,0,7,0.862
1,19.47,1,18,2.183
0,22.85,0,8,3.69
4,22.3,1,14,0.033
2,20.09,1,10,0.647
0,20.97,1,19,4.399
2,26.09,0,12,1.335
2,25.16,1,8,0.989
1,8.51,1,3,0.695
1,10.38,0,20,0.963
0,28.96,1,5,6.96
3,6.18,0,12,0.403
2,8.55,0,3,0.281
2,15.3,0,22,0.482
2,13.23,1,20,0.732
3,19.68,1,10,1.302
2,23.15,0,3,0.63
3,17.13,0,9,1.188
0,23.65,1,23,5.601
1,11.24,1,11,1.337
1,6.33,0,10,0.614
3,24.7,1,10,0.975
1,6.36,0,6,0.558
0,3.74,1,2,0.739
0,20.32,1,16,4.427
3,5.58,0,3,0.238
2,28.64,0,16,1.117
0,25.49,0,8,7.695
3,15.57,0,2,0.639
1,19.67,0,14,1.812
2,26.57,1,23,0.793
0,9.94,1,3,2.32
4,0.76,0,3,0.01
4,29.35,0,22,0.031
4,1.15,0,16,0.01
2,21.23,0,7,0.819
1,17.27,1,18,1.351
2,3.05,0,22,0.14
4,24.12,0,20,0.05
4,13.25,0,5,0.018
3,17.33,0,16,0.951
2,0.78,0,12,0.032
4,22.53,1,22,0.02
0,14.79,0,7,2.491
4,29.23,0,8,0.056
1,13.75,0,2,0.967
0,22.05,0,20,4.113
1,9.1,0,8,0.78
4,0.9,1,22,0.01
1,6.98,0,22,0.584
1,26.65,1,13,1.885
4,16.85,1,23,0.011
2,18.83,1,20,0.88
2,17.44,1,19,0.48
2,20.94,1,14,1.018
1,4.89,0,4,0.325
3,28.76,1,22,1.285
1,3.39,0,9,0.272
4,15.34,1,16,0.016
1,4.37,1,14,0.42
0,21.17,1,3,6.004
1,5.6,0,1,0.578
0,22.99,0,10,3.943
3,4.16,1,19,0.212
0,4.89,0,6,0.727
0,26.85,1,7,5.972
3,8.46,1,22,0.546
1,10.03,0,14,0.694
3,6.53,1,2,0.229
0,12.98,1,21,2.296
0,10.87,1,16,1.458
1,1.86,1,2,0.172
2,15.46,1,5,0.85
4,15.0,0,20,0.019
4,1.63,0,9,0.01
4,0.91,0,7,0.01
2,15.23,1,7,0.559
2,11.86,1,5,0.634
1,1.91,1,7,0.199
2,21.04,1,11,0.475
2,3.83,0,17,0.122
2,7.17,0,1,0.218
4,24.18,0,16,0.042
1,21.53,1,23,1.779
3,19.82,0,10,1.403
1,19.69,1,1,1.632
4,9.49,1,22,0.019
4,14.66,0,12,0.031
0,4.1,1,2,0.841
2,7.34,1,15,0.226
4,6.32,0,8,0.01
3,22.93,1,7,1.627
4,19.87,1,17,0.023
0,22.89,1,13,4.383
0,20.47,1,4,4.433
2,18.94,1,8,1.035
1,25.77,1,11,2.387
2,11.25,0,14,0.526
3,14.21,1,7,0.693
0,29.36,1,18,6.106
1,19.71,0,13,1.314
0,20.87,0,8,5.89
4,11.61,0,13,0.015
4,21.1,0,21,0.034
4,13.28,1,12,0.024
3,27.79,0,1,0.947
2,11.57,0,11,0.385
3,7.24,1,19,0.257
1,16.49,1,17,1.757
1,18.19,1,3,1.922
3,9.42,0,6,0.52
2,0.83,1,2,0.045
2,18.44,1,5,0.829
1,25.73,0,8,2.984
3,14.71,0,1,0.62
3,17.9,1,4,1.35
4,27.44,0,5,0.037
3,9.92,1,6,0.429
4,23.01,1,14,0.037
4,8.44,1,8,0.011
1,22.46,0,9,2.358
3,16.14,1,6,0.908
0,2.12,1,6,0.458
1,14.83,0,23,1.107
3,14.52,0,3,0.769
0,2.05,1,5,0.436
2,5.43,1,7,0.296
0,1.82,0,8,0.26
0,10.19,1,3,1.981
4,9.17,1,10,0.018
3,17.45,1,9,0.902
2,11.51,1,5,0.381
3,12.41,1,2,0.939
3,2.28,1,20,0.091
4,26.79,0,16,0.025
2,4.57,0,11,0.141
1,9.33,1,13,0.71
2,21.74,0,12,0.69
1,20.89,0,22,2.015
3,18.53,1,11,0.629
1,24.2,1,16,1.786
1,22.69,0,17,2.314
4,26.14,0,21,0.026
2,6.72,1,11,0.389
1,17.94,1,5,1.575
2,9.88,0,14,0.371
3,27.44,0,16,1.273
1,23.96,1,19,2.45
3,19.91,0,20,1.041
0,26.71,1,10,5.867
0,21.72,0,19,5.31
1,7.17,1,6,0.732
2,16.8,1,23,0.782
0,27.36,0,0,5.033
2,19.95,0,7,0.771
2,26.4,1,19,0.61
0,5.3,0,16,0.725
0,26.18,1,22,4.195
0,15.87,1,8,5.034
2,16.88,0,10,0.846
4,2.46,0,19,0.01
2,10.3,0,11,0.469
2,18.58,1,6,0.491
1,21.2,0,16,1.99
3,13.34,1,22,0.673
0,18.33,1,11,4.592
4,16.38,1,3,0.025
0,10.92,0,20,2.09
3,9.23,0,19,0.631
1,10.97,0,23,1.067
2,18.82,0,15,0.541
3,11.93,0,5,0.66
1,27.63,1,8,2.858
2,13.46,0,4,0.308
4,4.11,0,2,0.01
0,11.35,1,18,2.803
4,23.12,0,23,0.02
4,14.17,1,5,0.033
0,16.98,1,8,4.616
0,5.77,1,5,1.502
2,15.07,1,13,0.738
1,22.05,1,18,2.487
4,14.4,1,17,0.03
2,24.21,0,20,1.073
0,17.93,1,9,4.344
3,8.86,0,3,0.45
2,1.33,1,12,0.048
3,10.02,0,21,0.488
2,18.42,0,8,0.771
4,1.55,1,8,0.01
0,24.79,1,20,3.977
2,5.24,1,12,0.146
1,15.49,0,23,1.321
0,19.05,1,4,4.234
4,7.78,1,3,0.011
4,3.44,0,16,0.01
4,16.97,1,12,0.035
2,16.9,0,7,0.618
2,1.26,0,14,0.029
3,15.25,1,17,0.516
2,22.7,0,5,1.022
2,27.82,0,23,1.126
0,5.12,0,19,1.329
4,6.48,1,1,0.01
4,15.53,0,15,0.011
0,9.04,0,0,1.193
1,17.88,0,21,1.914
2,24.36,0,16,0.796
0,20.81,0,13,4.399
0,23.32,1,16,5.285
4,4.89,1,12,0.01
2,23.77,0,5,0.758
2,17.33,1,7,0.475
3,29.12,1,15,2.05
2,5.53,0,23,0.253
2,15.4,0,6,0.461
2,16.71,0,1,0.826
1,9.78,0,21,0.679
0,10.95,1,18,2.567
2,27.2,0,9,1.175
3,6.24,0,7,0.349
2,3.11,0,6,0.137
0,22.31,1,11,4.768
1,4.06,0,22,0.245
0,14.93,1,4,2.654
0,27.84,1,15,7.466
4,21.93,0,19,0.04
0,28.8,1,18,9.815
3,2.04,0,15,0.089
4,28.61,1,23,0.056
0,6.74,1,9,1.445
4,24.8,0,0,0.014
1,9.4,1,15,1.064
3,15.22,0,21,0.563
4,29.15,1,8,0.062
1,18.89,0,13,1.409
2,25.59,1,17,1.262
3,25.14,1,9,1.276
3,20.69,0,12,1.179
2,23.1,1,0,0.869
1,27.83,0,20,2.846
0,4.57,0,14,0.863
2,5.43,1,14,0.257
4,11.09,1,3,0.01
4,8.05,0,15,0.012
3,0.56,0,15,0.021
4,23.18,0,23,0.018
4,6.35,0,4,0.012
3,24.03,0,4,1.181
0,2.22,1,8,0.438
1,29.17,0,18,2.445
4,21.57,0,13,0.04
2,21.94,0,4,0.632
2,27.79,1,4,0.929
0,27.82,1,5,4.438
2,16.38,1,19,0.905
4,23.23,0,8,0.016
1,26.49,0,10,2.728
2,23.11,1,5,1.07
4,16.18,0,9,0.032
2,28.39,0,9,0.766
4,6.85,0,4,0.01
4,18.98,1,20,0.024
3,3.66,0,12,0.239
0,27.85,0,14,4.532
3,15.88,1,14,0.919
3,13.82,0,14,0.496
1,10.71,1,15,0.98
1,19.29,1,5,2.02
2,26.9,0,22,0.759
4,29.54,0,0,0.056
2,20.39,1,9,0.814
1,14.93,1,7,1.317
1,17.5,1,21,2.055
1,26.57,1,10,2.403
0,21.57,1,23,6.237
3,25.84,1,5,1.245
4,1.26,0,16,0.01
0,24.39,0,14,3.062
1,10.94,1,6,1.112
0,12.37,1,7,2.252
3,20.97,1,5,1.33
2,25.36,1,21,0.63
1,5.1,0,19,0.516
3,9.72,0,22,0.409
1,3.16,0,22,0.262
3,7.53,1,3,0.561
0,18.91,1,21,6.135
4,20.53,1,9,0.031
0,28.96,0,7,6.037
4,17.21,1,7,0.022
2,4.95,1,18,0.233
4,9.0,0,1,0.015
2,5.92,1,17,0.306
1,15.27,1,22,1.104
4,11.57,0,23,0.014
2,29.09,0,14,0.791
4,2.35,1,17,0.01
1,19.61,1,15,1.451
3,21.4,1,11,1.772
4,8.35,0,2,0.016
2,7.1,0,17,0.233
0,4.08,0,1,0.814
4,14.65,0,22,0.022
1,3.55,0,17,0.316
2,26.23,0,19,1.091
4,23.23,1,18,0.014
4,17.16,0,16,0.025
0,4.22,1,21,1.213
2,1.85,0,22,0.094
3,27.01,1,0,1.995
0,0.79,1,12,0.164
1,11.14,1,4,1.025
3,21.68,1,5,1.639
3,7.08,0,8,0.236
0,1.62,1,22,0.293
2,28.79,1,4,1.316
2,1.23,1,7,0.041
3,9.13,1,6,0.602
4,19.22,0,15,0.029
2,1.46,0,14,0.062
2,27.09,1,0,0.685
0,7.11,0,9,2.189
4,23.78,0,2,0.038
4,18.38,1,6,0.031
4,5.62,1,6,0.01
4,15.13,1,3,0.015
0,21.1,1,13,5.076
2,3.19,0,21,0.086
4,5.6,0,10,0.01
2,15.59,1,19,0.717
2,13.53,1,9,0.634
1,13.8,0,8,1.24
3,17.98,1,21,1.22
0,20.8,0,14,4.031
1,20.93,0,8,2.104
4,13.82,0,9,0.01
4,17.54,0,7,0.014
2,29.25,0,13,0.757
1,5.16,1,14,0.517
4,29.81,0,9,0.031
4,13.14,1,19,0.021
1,9.23,1,18,1.14
1,22.64,0,10,1.812
0,21.83,1,15,4.617
1,4.62,0,21,0.565
4,4.54,0,6,0.01
0,4.57,1,0,0.845
3,2.03,0,21,0.135
2,11.2,0,9,0.577
3,0.96,0,7,0.035
1,20.09,1,20,2.562
2,4.63,1,12,0.236
1,15.01,0,16,1.074
3,2.52,0,20,0.172
3,10.94,1,22,0.759
1,9.34,1,8,0.776
0,26.12,0,23,5.872
3,17.33,0,5,1.197
1,24.84,1,18,2.534
2,26.58,1,11,1.125
2,12.47,1,16,0.478
2,10.77,1,18,0.479
3,8.73,1,0,0.666
3,20.43,1,1,1.06
2,25.4,1,14,1.279
1,7.68,1,15,0.795
4,29.76,1,1,0.067
3,19.92,1,17,1.528
0,3.11,1,8,0.858
4,11.28,0,13,0.021
1,26.34,0,0,2.419
1,3.19,0,17,0.244
0,1.59,1,11,0.526
4,3.98,0,1,0.01
1,21.8,1,15,2.407
1,10.16,0,3,0.782
1,19.86,1,7,2.124
0,7.17,0,3,1.777
2,16.42,1,17,0.506
0,15.34,1,15,2.392
3,25.97,0,4,1.358
2,8.92,0,12,0.263
1,4.62,1,2,0.332
3,23.86,1,3,1.741
4,2.22,0,15,0.01
0,8.27,0,8,1.462
1,21.22,0,7,1.96
3,0.78,1,2,0.04
2,7.57,1,2,0.442
0,29.14,1,11,6.403
2,28.89,0,17,1.126
0,26.75,1,13,4.893
1,1.38,1,10,0.117
2,15.11,1,11,0.71
4,15.52,0,9,0.029
3,25.59,1,6,1.043
2,16.56,0,18,0.576
1,29.81,0,21,2.612
0,13.58,1,14,2.433
2,22.74,1,2,1.054
4,21.59,0,17,0.042
4,12.59,1,11,0.012
1,28.0,1,15,1.973
3,11.49,0,20,0.631
4,5.51,0,8,0.01
1,19.05,0,20,1.636
3,7.95,1,1,0.519
3,5.71,0,13,0.23
3,4.12,1,8,0.253
2,18.21,1,13,0.974
2,23.71,1,18,0.877
0,29.02,0,0,5.972
3,16.3,0,7,0.973
4,2.62,0,8,0.01
3,9.69,0,3,0.31
3,26.76,1,13,1.136
4,17.63,1,18,0.017
4,2.4,1,15,0.01
1,16.27,1,14,1.348
2,9.88,1,11,0.423
2,12.52,1,13,0.587
1,1.07,1,6,0.087
2,1.02,0,5,0.038
4,11.66,1,6,0.014
2,2.12,0,4,0.078
0,18.19,0,23,4.824
2,12.64,1,12,0.382
2,3.04,0,14,0.095
2,28.8,0,2,0.783
4,15.44,0,23,0.016
3,8.25,0,6,0.342
1,26.57,1,21,3.103
1,11.27,0,19,1.132
1,5.14,1,20,0.499
0,18.7,0,10,4.974
0,13.65,0,13,3.354
0,17.6,1,16,2.791
0,18.0,1,14,4.993
0,23.85,0,0,3.616
1,17.89,0,6,1.216
1,17.32,1,8,1.76
2,26.01,0,6,1.103
2,12.17,0,19,0.378
3,4.38,0,15,0.234
3,0.51,0,7,0.03
3,1.28,0,18,0.051
4,13.37,1,17,0.02
3,20.84,1,13,1.353
4,13.59,0,10,0.011
0,1.1,1,18,0.252
3,21.19,0,21,1.001
0,16.32,1,18,2.399
0,12.64,1,9,1.896
1,24.08,0,3,1.438
3,3.9,1,20,0.209
2,16.48,0,12,0.702
1,2.24,0,17,0.196
3,21.19,1,6,1.38
0,22.97,1,21,5.036
4,15.91,1,8,0.024
2,23.74,1,21,1.048
4,26.56,0,14,0.034
3,21.14,0,23,1.092
1,24.36,1,21,2.85
3,27.79,0,23,0.907
3,21.69,0,20,1.213
4,8.04,1,13,0.01
4,4.42,1,21,0.01
4,14.76,0,15,0.012
1,9.89,0,14,0.768
1,19.74,0,5,1.759
2,3.73,1,0,0.123
1,18.89,1,20,1.697
3,17.76,1,23,0.596
4,14.16,0,8,0.025
4,2.02,1,16,0.01
2,14.1,1,4,0.514
0,17.54,1,13,3.812
1,5.69,1,22,0.625
4,15.09,1,15,0.026
4,12.1,1,6,0.026
1,21.16,1,5,1.561
0,25.2,0,0,5.354
0,26.05,0,23,4.143
2,26.05,1,0,1.052
3,19.87,0,12,0.659
2,21.04,0,18,0.813
3,9.36,0,7,0.333
2,17.79,1,6,0.961
2,8.98,1,16,0.325
2,18.51,1,9,0.706
4,18.06,1,11,0.012
1,11.06,0,12,0.912
0,6.1,0,5,0.808
3,3.47,0,10,0.201
3,15.59,0,3,0.851
3,21.6,0,18,1.169
4,28.1,1,3,0.059
0,9.79,1,18,1.857
1,10.89,1,21,1.04
2,14.98,0,14,0.387
2,3.82,0,1,0.121
0,3.3,1,7,0.761
2,11.36,0,13,0.295
0,10.63,1,14,1.588
1,26.27,1,10,2.219
4,6.08,0,7,0.012
3,9.55,0,18,0.344
3,5.31,1,13,0.298
0,24.12,0,20,4.342
0,7.19,1,17,1.299
0,10.11,1,11,2.311
2,28.5,1,0,1.489
2,3.0,0,3,0.126
0,14.44,0,21,2.838
4,9.4,1,6,0.02
2,10.0,0,2,0.233
2,20.73,1,4,1.001
0,9.85,0,9,2.459
3,19.65,1,11,0.877
3,12.4,1,21,0.437
4,8.6,1,20,0.014
0,9.76,1,23,2.172
3,15.79,0,17,1.152
0,20.07,0,7,3.886
1,18.05,0,7,1.297
0,14.78,1,10,3.699
0,9.61,1,22,2.157
1,11.72,1,9,1.375
1,3.12,0,5,0.197
4,22.55,0,17,0.041
4,21.29,1,16,0.045
0,18.13,0,22,4.296
2,14.57,1,9,0.767
2,12.58,0,1,0.598
2,20.05,1,23,0.875
0,6.77,0,6,1.685
0,11.34,1,8,1.93
3,24.01,0,5,0.956
1,26.43,0,23,1.809
0,1.67,1,2,0.456
2,12.94,0,9,0.333
1,17.73,0,19,1.811
4,27.68,0,16,0.057
1,27.47,1,13,2.947
1,13.08,0,20,1.607
2,17.93,1,11,0.734
2,12.6,1,10,0.602
1,8.77,0,15,0.844
0,1.65,0,8,0.366
3,5.2,0,19,0.24
4,7.76,0,0,0.01
2,28.1,1,15,1.539
3,23.8,1,0,1.754
4,26.81,0,17,0.028
0,13.5,0,0,3.011
0,3.22,1,0,0.504
4,15.55,0,16,0.014
1,16.84,0,19,1.524
4,26.4,1,10,0.044
1,8.78,1,7,0.661
2,8.1,0,2,0.378
2,13.14,1,11,0.439
3,19.5,1,8,1.479
0,25.46,1,11,7.127
1,21.23,0,0,1.558
2,9.6,0,16,0.374
0,21.17,0,13,4.852
2,22.52,1,11,0.725
1,13.21,1,9,1.414
0,25.25,0,8,5.549
1,1.78,1,18,0.19
4,8.95,1,10,0.011
3,6.22,0,16,0.396
3,20.56,0,18,1.374
0,24.45,0,2,4.006
3,0.75,0,20,0.035
4,12.8,1,7,0.022
3,16.51,0,1,0.715
4,17.08,0,15,0.03
1,11.83,0,19,1.365
4,23.59,0,20,0.03
2,29.81,0,4,1.045
4,17.38,0,11,0.022
0,25.8,1,9,5.799
0,12.64,1,17,3.075
3,22.8,0,23,1.514
3,7.49,0,18,0.391
0,11.22,0,17,2.295
2,21.56,1,22,1.158
2,27.73,0,16,0.759
1,16.94,1,9,2.16
1,11.72,0,18,0.897
3,2.69,0,22,0.175
1,19.09,0,13,1.782
4,11.61,0,18,0.02
3,7.84,0,9,0.536
0,23.42,1,7,4.968
2,22.06,1,5,0.624
1,19.07,1,22,1.733
1,7.27,0,9,0.596
0,25.21,1,6,6.874
3,23.55,0,10,0.918
1,8.52,0,15,0.794
2,9.17,1,21,0.342
0,25.1,0,17,3.607
3,6.35,1,19,0.428
0,4.95,1,7,0.902
0,29.05,1,9,6.682
4,23.86,1,1,0.05
0,22.81,1,11,5.736
1,26.0,0,23,2.095
3,15.28,0,7,0.875
3,20.23,1,12,1.383
3,6.21,0,4,0.276
3,24.15,0,12,1.488
4,8.67,1,11,0.016
3,20.72,1,1,1.395
2,20.1,1,1,0.791
1,5.33,0,18,0.637
0,17.82,1,2,4.923
0,7.89,1,15,1.115
1,20.23,0,20,2.186
2,10.71,0,13,0.294
1,26.74,0,21,2.329
2,6.32,1,14,0.16
2,19.87,0,9,0.901
1,15.91,1,3,1.314
4,13.12,1,3,0.019
3,18.79,0,0,1.131
2,9.48,0,19,0.379
1,1.15,0,12,0.073
2,18.34,0,16,0.503
0,26.51,0,20,6.809
3,11.03,0,2,0.367
4,24.95,1,1,0.055
2,8.08,1,20,0.423
4,23.78,1,22,0.035
4,21.93,0,11,0.017
4,18.21,0,14,0.019
2,1.55,0,10,0.065
3,7.34,0,5,0.365
1,0.99,1,12,0.075
2,11.4,0,19,0.353
2,15.89,1,18,0.825
4,6.75,1,20,0.01
1,21.29,1,12,2.121
1,11.49,0,8,0.875
0,22.85,1,2,3.871
3,10.36,0,15,0.596
4,14.6,0,13,0.012
1,13.83,0,11,1.291
0,14.84,1,18,4.566
4,2.45,1,10,0.01
4,11.82,0,8,0.01
2,28.28,0,17,1.465
3,14.35,1,23,0.719
2,7.2,1,9,0.387
3,17.25,0,17,0.639
1,24.96,1,13,1.992
4,11.73,1,2,0.014
3,15.56,1,4,0.545
2,12.64,1,10,0.408
4,29.81,1,23,0.048
0,22.71,1,23,4.229
0,20.95,0,8,5.495
2,19.49,0,2,0.62
4,29.21,1,5,0.055
1,10.48,1,21,1.052
4,20.43,0,0,0.02
0,29.21,0,12,6.506
4,29.91,0,16,0.042
0,18.63,0,6,2.165
3,18.31,0,21,0.623
3,16.06,0,20,0.587
4,18.11,1,19,0.017
0,22.54,1,12,5.209
3,22.14,1,10,0.785
0,24.03,0,18,3.503
0,9.36,1,5,1.533
3,15.82,0,16,1.196
0,12.63,0,10,1.845
4,7.44,1,1,0.01
4,27.53,0,19,0.033
3,14.17,0,14,0.893
1,20.44,0,4,1.879
1,9.19,1,11,0.871
4,24.89,1,10,0.025
0,4.12,1,20,0.651
4,13.01,1,14,0.01
4,17.24,0,3,0.017
3,11.22,0,17,0.763
2,1.87,0,12,0.058
4,1.68,0,17,0.01
0,22.6,0,18,5.918
0,7.36,0,2,1.768
1,4.66,1,16,0.527
1,14.5,1,5,1.569
2,17.5,0,0,0.885
4,24.18,0,1,0.015
4,8.27,0,0,0.012
1,26.76,1,2,2.131
3,23.48,1,21,1.113
2,10.53,1,19,0.415
1,1.11,1,11,0.13
3,18.58,0,19,0.974
0,21.4,0,4,3.356
2,6.01,1,4,0.206
1,15.78,0,2,1.081
1,8.54,0,13,0.775
1,28.92,1,6,2.595
4,3.01,1,17,0.01
3,5.58,1,3,0.3
3,12.57,1,22,0.424
0,19.97,1,7,4.21
0,10.45,0,22,1.902
4,8.74,0,14,0.014
1,25.18,1,4,1.875
3,5.18,0,14,0.164
3,18.62,1,22,1.207
1,11.7,1,5,1.142
3,7.95,0,8,0.361
3,10.14,1,3,0.775
4,11.51,1,11,0.017
2,20.68,1,13,0.739
4,22.91,1,3,0.014
4,4.91,1,3,0.01
1,10.68,0,23,0.732
0,24.91,0,10,6.567
0,3.98,1,20,1.264
1,26.6,0,11,1.928
4,10.92,0,16,0.023
4,28.13,1,18,0.024
4,9.32,0,12,0.013
4,27.0,1,23,0.051
4,6.51,1,1,0.013
0,5.88,0,14,1.238
3,28.03,0,18,2.075
2,11.04,0,6,0.36
1,23.32,0,6,2.015
1,15.97,1,3,1.684
1,20.64,0,14,1.828
3,20.96,0,19,1.026
2,28.7,1,17,0.746
0,15.97,1,17,3.152
3,0.88,1,23,0.044
1,18.18,1,2,1.81
1,24.54,0,7,1.804
0,11.03,0,13,2.746
0,10.19,0,3,2.556
3,25.66,0,10,1.158
4,9.88,0,20,0.013
0,27.86,0,23,7.249
2,14.19,0,22,0.437
1,16.88,0,1,1.444
4,19.08,1,5,0.038
4,18.48,0,2,0.016
1,28.74,1,20,2.68
0,10.27,0,18,3.119
2,7.03,0,14,0.19
1,7.77,0,2,0.501
1,16.2,0,12,1.473
4,16.59,0,17,0.016
0,11.89,1,14,2.986
1,0.8,1,15,0.068
0,14.79,1,21,4.514
3,19.87,0,18,1.027
4,18.6,0,10,0.017
2,23.28,1,13,1.195
3,6.32,1,23,0.245
0,18.43,1,17,4.44
1,24.32,1,4,2.668
4,19.25,0,15,0.016
4,6.77,0,13,0.01
4,22.73,1,4,0.018
4,1.39,0,4,0.01
1,22.44,0,14,1.849
0,7.86,0,9,1.386
2,12.93,0,20,0.337
3,25.1,0,6,1.138
3,26.59,1,8,1.504
1,5.1,1,0,0.379
2,10.3,0,10,0.475
4,11.47,0,16,0.01
2,25.75,0,19,0.847
2,1.07,1,13,0.025
3,5.28,0,20,0.264
3,7.71,1,3,0.369
4,1.21,1,12,0.01
1,1.6,1,1,0.182
2,12.09,1,0,0.686
3,27.32,1,12,1.623
3,27.35,1,14,1.072
0,18.27,0,7,2.437
0,14.15,0,22,3.094
2,21.48,1,8,1.156
0,10.35,0,2,2.131
3,4.81,1,11,0.308
0,6.4,1,18,1.746
3,1.45,0,1,0.097
1,29.71,0,1,2.635
4,3.69,0,15,0.01
4,22.1,0,19,0.029
0,21.99,0,1,4.67
2,5.78,1,4,0.156
4,19.6,1,15,0.041
1,27.28,1,10,3.587
1,28.47,1,15,3.19
4,2.07,0,11,0.01
2,16.9,0,17,0.769
2,27.94,1,18,0.838
2,27.54,1,5,1.042
2,14.81,1,16,0.492
2,23.12,1,16,0.874
0,9.71,1,6,1.747
1,28.71,1,4,1.967
1,29.58,0,9,2.56
2,22.26,0,7,1.033
3,7.62,1,11,0.458
4,26.27,1,0,0.048
3,12.84,1,10,0.761
3,21.63,0,4,0.951
4,7.2,0,16,0.01
2,1.29,0,22,0.053
3,10.74,1,0,0.795
2,26.84,0,20,1.275
4,20.72,0,18,0.023
4,2.01,1,2,0.01
1,28.56,0,13,2.053
3,2.9,0,12,0.113
4,8.28,1,14,0.01
4,7.22,0,8,0.01
1,27.18,0,23,1.727
3,27.36,0,5,1.561
3,4.66,0,15,0.16
3,7.32,1,13,0.314
3,15.6,1,2,0.813
0,25.65,0,4,6.437
0,3.68,1,0,1.066
1,9.44,0,20,0.786
1,11.91,0,10,0.914
1,11.4,1,1,1.075
4,25.29,0,14,0.048
1,29.9,1,2,2.679
2,19.23,0,10,0.89
2,21.41,1,6,0.826
1,22.71,1,0,1.814
3,9.69,1,5,0.525
4,16.63,0,20,0.018
0,10.72,1,20,3.472
0,24.81,1,2,7.113
4,24.58,1,11,0.039
1,8.78,1,23,0.836
4,20.14,1,22,0.032
4,29.15,0,15,0.051
0,8.5,1,22,2.059
2,11.32,0,7,0.225
1,7.79,0,1,0.729
2,27.84,0,23,1.082
4,2.02,1,14,0.01
2,1.85,1,17,0.052
2,24.27,0,18,0.894
4,29.07,1,15,0.056
4,9.17,1,22,0.017
1,0.98,0,18,0.069
0,7.75,1,8,1.872
1,8.21,1,21,0.923
2,3.94,1,5,0.182
4,11.46,0,20,0.01
4,10.49,0,2,0.013
4,7.79,0,12,0.01
0,2.13,0,18,0.4
4,5.87,0,10,0.011
1,10.29,0,10,1.105
0,7.0,0,16,1.345
3,21.1,0,22,1.399
1,7.75,1,23,0.612
4,12.96,1,4,0.026
0,2.09,0,17,0.482
0,1.51,0,0,0.268
2,9.27,1,0,0.368
3,18.13,1,17,1.322
0,7.29,1,8,2.355
2,25.19,0,17,0.619
3,1.12,1,13,0.088
1,13.0,1,18,1.205
2,28.41,1,20,1.402
1,20.94,1,7,1.472
2,21.83,1,21,0.672
3,23.95,0,2,0.969
1,6.95,1,1,0.515
1,6.03,0,20,0.587
3,11.9,1,21,0.676
3,9.72,0,15,0.356
2,7.17,0,18,0.202
2,2.23,1,0,0.111
0,15.51,1,8,2.852
3,21.13,0,18,0.703
0,18.13,0,6,4.481
3,19.53,1,3,0.911
2,27.21,0,1,1.17
0,14.31,0,0,2.02
2,13.44,0,3,0.374
1,5.21,0,9,0.463
2,25.93,1,22,1.135
3,22.43,1,9,1.772
3,10.65,0,12,0.68
3,2.49,0,17,0.105
0,26.44,0,8,7.324
4,16.84,0,5,0.03
1,24.42,0,13,2.371
0,16.95,0,6,2.223
2,20.3,0,16,0.426
2,6.06,1,0,0.22
0,7.92,0,14,1.91
3,5.0,1,18,0.222
3,15.23,1,1,0.611
0,1.32,0,2,0.26
3,29.61,0,22,1.613
3,24.08,0,6,1.605
0,5.02,0,6,1.25
0,25.31,1,9,5.018
1,7.81,1,15,0.788
0,17.29,1,9,4.354
1,19.3,0,10,1.501
4,26.07,1,13,0.034
1,3.09,1,2,0.293
1,23.33,0,15,2.089
0,3.34,1,6,0.84
0,12.3,0,23,2.794
2,9.13,0,4,0.306
1,19.77,0,7,2.071
2,15.5,1,7,0.403
3,16.47,1,12,1.038
4,24.3,0,22,0.022
1,13.32,1,18,1.786
1,18.29,0,9,2.051
1,20.91,0,10,1.94
3,0.61,0,6,0.045
2,26.85,0,1,0.86
3,4.54,1,22,0.166
4,3.24,1,23,0.01
3,2.96,1,0,0.128
4,11.18,0,5,0.015
2,18.45,1,23,0.546
0,14.4,0,9,2.454
4,19.78,0,2,0.013
4,28.97,0,13,0.042
3,0.58,1,19,0.041
3,13.41,1,9,0.621
4,21.87,1,11,0.018
1,18.96,1,14,1.961
1,26.59,0,13,2.479
0,7.35,1,3,2.043
4,4.18,0,2,0.01
3,29.59,1,18,2.396
4,13.67,0,5,0.023
2,17.43,1,13,0.847
0,8.77,1,15,2.541
2,26.52,0,9,0.964
4,1.77,0,6,0.01
0,14.79,1,17,2.419
4,17.98,1,15,0.01
1,25.67,1,5,2.264
2,20.25,0,20,0.827
1,4.5,1,13,0.339
0,11.83,0,5,2.241
1,24.51,0,4,1.709
1,25.98,0,22,2.784
3,17.8,1,21,1.298
3,5.26,0,9,0.261
0,16.05,0,10,2.632
4,13.74,0,3,0.028
1,28.77,0,10,2.744
2,21.21,0,4,0.84
4,11.38,0,20,0.019
3,8.38,1,22,0.511
1,7.96,0,7,0.571
1,21.29,1,0,2.467
1,23.21,0,23,2.006
2,23.4,1,10,0.848
3,9.76,1,23,0.446
4,8.9,0,14,0.017
4,17.22,1,2,0.015
2,25.22,0,11,0.859
2,20.17,1,5,0.72
0,18.96,1,8,3.1
4,10.76,0,13,0.01
4,0.84,0,21,0.01
1,6.79,1,10,0.594
2,6.89,0,5,0.33
2,3.72,1,9,0.145
1,18.15,1,1,1.62
0,22.58,1,6,5.898
1,19.26,0,4,1.816
2,25.26,1,14,0.878
4,20.93,1,16,0.035
3,11.85,0,15,0.344
2,1.87,0,14,0.09
2,26.55,1,10,0.879
3,2.84,1,23,0.184
2,20.35,1,9,1.031
1,14.7,1,21,1.234
3,3.31,0,18,0.195
1,1.79,1,14,0.128
1,14.7,1,6,1.171
0,23.83,1,22,5.807
4,15.64,1,16,0.016
2,8.79,1,14,0.365
0,24.07,1,22,3.497
3,12.84,0,10,0.741
4,29.77,0,16,0.044
4,17.21,1,3,0.035
1,3.91,0,9,0.363
4,7.76,0,5,0.01
2,29.99,0,16,1.448
3,18.07,0,1,1.145
1,23.04,1,6,2.371
0,1.69,0,17,0.402
2,10.54,1,6,0.36
2,15.9,1,6,0.925
3,4.34,0,10,0.197
3,14.46,1,13,1.09
2,3.07,1,21,0.084
3,26.66,0,19,1.646
1,6.16,1,5,0.502
3,5.28,0,18,0.191
4,15.2,0,22,0.023
0,3.1,1,19,0.706
3,21.81,1,18,0.782
3,3.03,1,20,0.166
1,21.9,1,10,1.837
0,20.02,0,11,3.46
4,24.74,0,4,0.031
0,1.99,1,17,0.393
0,18.04,0,20,5.078
4,8.55,0,4,0.01
3,29.09,0,3,1.703
0,13.49,0,15,2.496
3,6.29,0,17,0.418
3,14.29,1,23,1.018
2,2.48,0,7,0.131
1,18.82,0,15,1.914
1,3.11,1,0,0.26
3,28.35,0,9,0.949
4,5.51,0,4,0.01
1,28.3,1,22,1.809
4,0.94,1,12,0.01
3,29.58,1,6,1.894
0,3.93,0,15,0.896
0,22.92,1,23,4.089
1,19.39,0,13,1.561
1,23.4,0,12,2.188
1,20.62,0,13,1.884
2,5.75,1,17,0.129
1,1.1,1,0,0.075
0,5.11,0,9,1.263
0,23.71,1,18,5.165
3,23.22,1,5,1.274
1,26.6,0,7,1.868
0,18.23,0,5,3.636
3,9.32,1,3,0.725
0,6.97,0,6,1.361
1,29.01,0,8,2.864
2,2.23,0,13,0.1
1,6.96,1,7,0.753
3,19.52,0,2,0.854
4,5.93,0,3,0.01
0,15.41,0,7,1.867
3,9.96,0,15,0.317
2,6.08,1,18,0.278
0,12.72,1,0,2.509
0,23.26,1,7,4.583
3,16.14,1,8,0.844
0,27.78,1,0,5.509
0,22.91,1,19,3.902
2,23.55,0,13,0.876
4,28.58,1,19,0.027
4,18.53,1,13,0.034
1,20.72,0,8,1.522
1,17.61,1,21,1.529
4,26.9,1,13,0.063
4,14.67,0,0,0.031
4,4.99,0,13,0.01
0,0.76,0,13,0.196
1,26.79,0,7,2.239
3,26.06,0,22,1.528
4,16.44,0,10,0.018
4,16.06,1,0,0.027
1,0.85,0,7,0.065
2,20.56,0,14,0.492
0,11.85,1,15,1.887
3,21.03,0,14,1.045
1,18.04,1,19,2.067
2,10.21,0,22,0.393
2,4.34,0,20,0.204
0,12.43,1,22,2.063
2,13.45,1,10,0.65
1,14.03,1,14,1.512
1,29.7,0,0,2.064
0,22.52,1,12,3.653
4,11.08,0,15,0.01
2,7.98,0,16,0.218
2,15.03,1,23,0.577
2,22.84,0,12,0.723
2,3.91,0,6,0.205
2,6.15,1,22,0.326
0,29.29,1,14,5.13
2,26.55,0,1,0.557
2,19.22,1,1,0.701
1,28.28,0,15,2.397
4,15.3,0,11,0.011
1,28.46,0,6,2.638
4,12.65,0,12,0.018
2,1.46,0,20,0.037
3,21.02,1,1,1.666
3,16.07,1,1,0.691
2,26.58,0,1,0.929
0,8.6,1,11,1.844
3,3.69,1,18,0.156
2,12.09,0,16,0.402
3,1.88,0,1,0.074
2,14.56,1,17,0.808
3,9.49,0,22,0.593
2,6.69,0,2,0.249
3,29.32,1,9,1.513
1,28.01,1,22,2.691
2,4.38,0,20,0.157
2,0.56,0,15,0.017
3,19.92,1,6,1.569
4,1.16,0,20,0.01
0,2.1,1,4,0.517
0,19.77,1,9,4.878
0,27.81,0,3,3.918
2,29.17,1,16,0.854
1,10.7,0,22,0.731
2,4.7,0,9,0.154
3,9.59,1,13,0.709
2,23.44,0,2,0.856
0,17.72,0,7,3.447
4,7.09,1,20,0.01
2,19.32,0,10,0.577
0,21.87,0,8,5.894
2,21.95,1,16,0.862
0,4.25,1,4,1.039
4,14.4,1,21,0.026
4,9.44,0,10,0.01
4,19.54,0,17,0.016
3,13.02,1,1,0.468
1,20.09,1,23,1.879
2,8.15,0,11,0.264
4,23.8,0,23,0.016
3,14.19,1,8,0.728
4,9.51,1,12,0.01
3,20.64,1,10,0.874
1,12.99,0,21,1.416
1,27.98,0,22,2.098
4,25.94,0,22,0.047
2,6.75,1,5,0.171
0,29.01,1,6,7.041
3,9.09,0,15,0.294
2,7.0,0,0,0.306
0,25.62,0,0,5.956
4,9.7,1,17,0.014
1,10.46,0,21,0.803
3,24.37,1,2,1.699
4,27.64,1,1,0.03
0,15.87,0,14,3.617
4,9.95,0,9,0.01
3,6.92,0,8,0.422
0,12.07,1,22,3.345
0,11.64,1,0,2.66
2,19.84,1,14,0.943
2,0.53,0,15,0.017
1,2.03,0,18,0.158
1,6.57,0,15,0.427
2,13.89,0,23,0.703
4,14.04,1,16,0.012
2,24.81,0,0,0.965
1,17.94,0,0,1.284
2,5.62,0,17,0.177
1,15.3,0,15,1.105
2,9.06,0,9,0.377
1,5.79,0,8,0.384
3,11.31,0,18,0.493
2,12.66,1,3,0.641
3,25.05,0,15,0.955
1,23.37,0,7,2.378
0,22.94,0,8,3.627
4,20.25,0,13,0.041
2,16.7,1,3,0.834
2,12.5,0,12,0.648
3,27.68,0,6,1.615
1,5.84,0,11,0.481
0,11.21,0,0,1.659
4,26.82,0,20,0.035
3,14.16,1,5,0.482
1,13.89,1,21,1.18
3,15.01,0,23,0.743
3,24.86,1,16,1.424
4,28.23,1,6,0.026
1,14.95,0,13,1.198
3,24.4,0,8,0.891
2,22.56,0,6,1.05
4,11.13,1,3,0.021
2,10.86,1,8,0.418
4,12.25,1,7,0.026
3,29.95,0,5,1.256
2,11.64,0,1,0.274
1,2.32,0,12,0.219
3,1.31,1,8,0.058
1,21.67,0,8,2.048
2,20.89,0,20,1.055
3,24.49,0,12,1.311
3,22.65,1,11,1.058
3,15.85,1,4,0.786
4,29.51,0,1,0.035
4,6.71,1,5,0.01
2,13.31,0,20,0.279
4,6.83,1,20,0.01
1,26.57,0,12,2.04
1,2.65,0,20,0.293
3,8.36,0,4,0.532
2,21.58,1,10,0.699
2,20.83,1,8,1.075
1,11.22,0,16,1.102
1,18.54,0,0,1.536
3,13.74,1,2,0.841
2,4.23,0,4,0.162
4,10.77,1,16,0.022
3,12.33,1,14,0.809
0,7.29,0,18,1.072
0,8.46,0,17,1.266
1,6.33,0,23,0.422
1,4.77,1,7,0.383
1,5.11,1,3,0.352
0,13.25,0,0,1.975
0,16.06,1,17,4.23
0,14.79,0,13,3.669
3,9.72,0,18,0.418
2,26.7,1,13,1.14
1,25.07,1,4,2.001
4,29.11,0,5,0.027
3,3.22,1,1,0.241
2,19.59,0,21,0.828
3,23.2,0,23,1.451
4,10.24,1,19,0.01
2,3.43,1,20,0.2
4,16.81,1,22,0.023
1,9.78,0,6,0.799
2,12.03,1,22,0.417
3,15.35,1,10,0.534
1,7.23,1,11,0.903
1,26.44,0,14,2.247
4,4.46,0,18,0.01
2,5.18,0,15,0.21
0,22.85,1,2,4.156
2,3.28,0,3,0.136
1,2.4,1,10,0.304
1,28.36,1,21,2.529
2,12.62,1,15,0.645
4,21.36,1,1,0.031
4,26.18,1,11,0.016
3,4.44,0,23,0.188
3,21.46,0,2,1.451
4,11.38,1,17,0.02
2,26.62,1,17,1.057
0,10.28,1,21,2.22
0,8.27,0,3,1.643
0,6.88,1,9,1.173
4,26.98,1,15,0.051
4,15.85,0,8,0.01
1,17.19,0,10,1.644
3,11.01,0,0,0.363
3,6.68,1,23,0.237
3,19.46,1,19,1.005
2,9.53,0,7,0.272
1,7.97,0,23,0.689
3,21.14,0,11,1.253
1,22.72,0,22,2.161
1,7.86,0,1,0.751
4,13.82,1,23,0.031
1,2.97,0,1,0.25
0,16.18,0,4,2.103
0,1.75,1,14,0.357
1,26.94,1,11,3.355
1,28.43,1,21,3.143
2,9.6,0,20,0.294
4,22.3,1,22,0.019
4,23.5,0,20,0.027
1,14.31,1,11,1.583
0,29.64,1,0,7.195
3,22.15,0,17,0.733
0,12.25,1,12,2.498
4,26.93,1,17,0.045
1,19.15,0,11,1.396
4,26.39,1,5,0.032
1,5.31,1,13,0.422
2,29.11,0,6,0.738
0,4.83,0,21,0.763
3,9.52,0,14,0.452
1,13.83,1,3,1.007
1,4.11,1,10,0.436
1,16.24,0,7,1.551
3,7.76,0,2,0.374
3,9.26,1,21,0.593
0,1.88,1,13,0.369
3,3.47,0,13,0.202
2,15.32,1,8,0.453
1,24.82,0,8,2.359
2,23.93,0,22,1.119
3,15.9,0,4,0.794
4,27.6,1,14,0.054
2,27.29,1,16,1.191
1,9.62,0,15,0.69
1,3.07,1,11,0.276
2,16.49,0,18,0.845
0,2.37,0,15,0.477
2,10.98,1,7,0.541
0,13.71,1,14,2.71
4,24.1,1,6,0.053
3,10.34,1,21,0.605
2,16.6,1,17,0.48
2,19.29,1,14,0.425
2,17.6,0,10,0.812
3,2.99,1,9,0.181
0,12.51,1,3,1.75
1,24.15,1,3,1.96
0,10.09,0,15,1.22
0,11.84,1,13,2.71
3,19.65,0,13,1.225
4,19.94,0,10,0.037
1,0.54,1,14,0.054
3,9.3,0,17,0.698
3,14.5,1,3,0.714
0,14.35,0,3,2.216
2,14.13,1,21,0.761
1,11.8,0,19,0.961
2,28.45,1,19,1.145
2,11.08,0,5,0.303
0,18.63,0,8,3.154
3,4.69,1,2,0.195
1,23.14,0,19,2.639
1,12.59,0,15,0.877
2,4.64,1,17,0.212
2,1.95,0,17,0.094
3,26.52,1,16,1.948
3,10.63,1,7,0.543
2,17.73,0,7,0.419
4,11.5,0,22,0.01
4,19.94,0,18,0.037
0,14.12,0,22,2.959
4,18.42,1,4,0.012
2,6.64,0,3,0.33
1,27.59,0,9,2.273
0,21.57,0,19,4.429
2,15.94,1,12,0.758
4,10.75,0,18,0.01
2,1.06,1,9,0.041
3,12.83,0,13,0.575
4,21.31,0,6,0.03
2,26.37,0,14,0.55
0,2.89,0,17,0.586
1,26.54,0,7,2.079
1,27.37,0,3,2.502
4,18.87,1,4,0.037
1,27.82,1,2,2.198
0,26.88,1,17,5.804
4,25.32,1,20,0.044
0,13.6,1,3,2.284
4,5.87,1,20,0.01
1,25.4,1,7,2.411
4,14.3,1,13,0.01
3,9.05,1,12,0.542
0,21.46,1,0,4.353
3,24.64,1,11,1.084
1,26.74,1,10,3.093
1,3.89,1,19,0.343
4,13.23,1,1,0.015
1,20.54,1,0,1.457
2,22.75,0,1,0.511
2,22.89,0,23,0.804
1,16.89,0,19,1.883
1,10.68,1,16,0.964
1,29.74,0,20,3.342
1,14.07,1,17,1.477
0,23.09,0,4,4.658
3,25.72,0,20,1.105
2,1.52,0,22,0.074
2,23.75,1,10,0.892
1,4.86,0,15,0.462
2,18.3,1,17,0.717
2,4.3,1,21,0.126
0,11.9,1,13,1.74
2,24.39,0,1,1.099
2,24.2,1,21,1.201
4,12.71,1,5,0.021
0,11.4,1,21,2.264
2,8.59,0,3,0.442
0,4.81,1,12,0.727
3,21.63,0,4,0.745
0,20.93,0,17,6.066
4,12.63,0,11,0.013
1,6.9,0,16,0.543
1,12.86,1,5,1.191
0,5.27,1,4,1.149
4,18.81,1,21,0.032
0,17.89,1,10,4.24
2,21.21,0,4,0.809
3,24.29,1,16,1.087
3,1.36,1,15,0.096
3,0.99,1,17,0.044
3,3.82,0,9,0.273
0,22.15,0,16,5.861
4,22.59,0,8,0.016
4,16.81,0,8,0.025
2,16.68,0,3,0.557
1,22.86,0,18,2.402
4,27.61,1,0,0.02
2,22.41,1,22,1.044
3,7.38,0,0,0.298
0,9.95,1,5,1.859
1,5.4,1,0,0.415
4,14.96,1,3,0.028
1,22.01,1,17,2.657
1,8.24,1,8,0.861
4,16.77,0,21,0.032
4,2.57,1,6,0.01
1,14.66,0,20,1.422
3,20.82,0,14,1.088
4,21.98,0,10,0.015
1,21.36,1,18,2.436
3,5.55,0,11,0.398
3,3.08,0,19,0.135
0,19.34,0,8,4.891
4,17.36,1,3,0.015
2,23.56,1,19,0.643
1,10.55,0,23,0.874
4,4.37,0,9,0.01
2,3.63,1,22,0.101
2,16.88,1,9,0.448
1,17.71,0,6,1.246
2,15.49,1,6,0.387
0,13.6,0,5,2.384
2,18.36,1,19,0.788
4,21.42,1,17,0.035
3,28.26,0,4,1.498
1,7.03,0,20,0.631
1,12.03,0,0,1.033
1,11.87,0,2,0.734
3,24.05,1,19,1.533
3,23.05,1,9,1.311
3,15.45,0,8,0.614
2,12.15,0,8,0.365
4,15.75,1,8,0.017
3,21.22,1,12,1.69
3,23.87,0,13,1.343
2,14.85,0,3,0.691
2,18.72,0,9,0.801
1,21.24,1,8,2.212
1,6.03,1,4,0.566
2,25.59,1,8,0.747
2,10.74,0,23,0.398
3,27.66,1,23,1.317
2,9.38,1,11,0.454
4,18.74,1,0,0.02
3,14.58,0,22,0.695
1,21.93,0,3,1.886
3,6.41,0,22,0.328
1,16.93,0,18,1.614
4,14.84,1,13,0.021
0,6.07,0,17,1.091
3,22.35,1,15,1.419
0,22.84,0,19,3.364
1,11.12,0,3,0.737
2,23.0,0,10,0.842
4,16.71,1,16,0.034
4,20.08,0,4,0.013
1,6.11,1,0,0.589
2,4.54,0,9,0.22
4,4.54,1,0,0.01
0,8.97,0,11,1.998
1,11.6,0,21,1.119
1,18.08,0,4,1.531
1,16.43,0,10,1.321
4,26.72,0,7,0.045
4,15.8,0,6,0.03
0,25.47,0,2,5.156
2,13.55,0,17,0.445
0,2.49,0,7,0.47
3,29.12,1,1,1.114
1,8.79,0,1,0.855
0,11.61,1,3,2.728
1,22.37,1,22,2.403
1,21.53,1,14,2.388
3,8.74,0,11,0.508
1,25.19,1,6,2.221
3,9.02,1,3,0.362
1,13.27,1,13,1.046
4,26.54,0,17,0.016
2,26.61,0,11,0.866
4,5.75,0,2,0.01
3,24.36,0,20,1.544
4,20.53,1,6,0.044
3,29.33,0,17,0.967
3,20.91,1,14,1.385
1,14.04,0,1,1.308
2,25.79,1,21,0.591
1,10.0,1,7,0.853
2,16.39,0,20,0.799
4,3.9,1,20,0.01
2,15.89,0,7,0.725
1,2.38,0,22,0.151
3,25.34,0,6,1.09
1,22.53,1,2,2.153
2,24.01,1,13,1.382
2,8.72,1,2,0.393
2,29.69,1,16,1.385
3,7.17,1,14,0.244
0,18.62,1,5,4.615
3,0.66,0,7,0.033
3,22.86,1,10,1.347
4,24.8,0,21,0.037
2,9.55,0,3,0.212
1,25.8,1,15,1.847
1,7.97,0,5,0.871
0,28.39,1,8,5.32
0,19.45,0,10,5.235
0,19.24,0,11,5.802
0,8.63,1,1,2.007
2,28.44,1,15,1.506
1,22.23,1,1,2.302
3,24.91,1,22,1.152
4,12.84,0,20,0.023
3,22.2,0,17,0.865
4,11.24,0,18,0.011
3,0.66,1,23,0.023
1,14.64,0,7,0.987
4,3.16,0,6,0.01
2,26.6,0,11,1.145
2,29.1,1,1,0.939
3,25.55,1,8,1.584
2,26.34,0,12,1.043
3,5.83,0,22,0.199
0,17.66,1,17,3.086
0,25.68,0,1,3.021
3,6.08,1,6,0.329
4,14.7,1,10,0.013
0,15.92,0,13,3.397
2,18.2,1,21,0.628
1,13.79,0,9,1.538
4,28.11,0,4,0.038
1,23.65,0,4,2.06
1,11.81,1,17,1.269
2,29.24,1,14,1.231
0,10.35,0,17,2.485
4,24.94,0,7,0.035
0,29.61,1,4,7.237
4,4.83,1,13,0.01
0,15.3,1,11,4.283
0,6.44,1,20,2.12
0,11.92,1,2,3.235
1,5.09,0,14,0.325
4,15.07,1,9,0.023
4,1.24,0,8,0.01
1,25.43,0,8,2.881
1,11.25,1,15,1.248
3,9.0,1,0,0.629
0,3.14,1,16,0.661
3,15.09,0,18,0.644
4,28.54,1,21,0.043
0,23.79,1,3,4.991
0,16.75,1,13,2.745
4,2.11,0,10,0.01
2,16.15,1,11,0.385
4,23.43,1,12,0.045
0,8.97,1,7,2.102
1,28.3,1,22,2.536
0,28.96,1,14,7.407
2,17.75,0,17,0.817
1,28.39,1,2,2.095
3,27.73,0,21,1.717
3,23.17,1,22,1.01
4,20.38,0,5,0.029
2,4.79,0,11,0.1
4,29.7,1,21,0.06
2,20.24,0,5,0.701
0,24.68,0,4,4.219
4,21.68,1,19,0.034
4,2.64,1,22,0.01
0,12.54,1,22,3.161
1,23.98,0,22,1.913
3,21.39,0,13,1.347
4,21.21,1,12,0.04
4,9.87,0,10,0.01
1,13.02,1,0,1.139
0,10.09,1,11,1.717
4,4.82,1,13,0.01
2,17.16,1,23,0.972
2,19.96,1,5,0.534
2,8.68,0,0,0.355
2,26.01,0,1,1.066
4,26.65,0,0,0.056
4,5.33,0,16,0.01
4,28.34,0,11,0.051
3,3.85,1,23,0.165
4,29.46,1,7,0.04
3,18.68,1,10,1.076
3,10.74,0,8,0.79
2,9.01,0,15,0.42
4,22.07,1,12,0.034
1,15.81,1,6,1.591
2,7.93,0,3,0.194
2,7.64,1,13,0.421
3,18.09,1,16,1.333
0,10.41,0,2,2.59
3,6.45,1,15,0.424
4,23.26,1,9,0.013
1,12.9,1,18,0.954
4,26.41,0,19,0.026
4,16.24,1,12,0.011
3,16.03,0,18,0.677
4,24.17,0,19,0.03
3,20.4,0,18,0.804
1,5.2,1,8,0.488
2,7.02,1,11,0.171
1,18.34,0,10,1.752
2,9.23,1,16,0.244
3,3.19,1,1,0.118
2,8.39,1,4,0.187
2,28.49,1,13,0.689
0,29.26,1,7,4.859
3,23.14,1,1,1.03
1,12.73,1,1,1.371
2,29.21,1,16,1.214
3,15.47,0,19,0.746
1,14.58,0,20,1.441
1,20.47,1,23,1.336
1,27.2,1,5,3.018
3,13.1,0,22,0.881
1,20.68,0,14,1.38
4,24.49,1,8,0.046
3,23.95,1,21,0.864
4,7.08,1,4,0.01
1,6.66,0,2,0.534
2,29.81,0,17,0.679
1,10.58,1,5,1.126
3,27.37,1,5,1.175
3,21.88,1,16,1.191
2,18.39,1,23,0.733
1,8.62,1,18,0.858
2,19.2,0,9,0.724
1,23.4,0,18,1.773
2,15.82,1,7,0.853
1,5.58,0,21,0.495
3,20.25,0,18,1.09
2,25.64,0,20,0.789
4,3.0,1,14,0.01
2,8.05,1,15,0.355
4,7.8,0,10,0.01
2,7.03,1,16,0.258
0,13.74,1,2,3.487
0,24.54,1,8,4.873
2,19.13,1,17,0.616
0,12.08,0,12,2.834
3,14.34,1,12,0.644
0,16.62,0,22,3.617
2,22.55,1,6,1.176
3,13.66,0,6,0.855
4,28.58,1,16,0.039
3,27.05,1,17,1.046
3,21.64,1,13,0.851
4,21.02,0,5,0.013
2,9.77,1,6,0.318
3,1.81,0,18,0.068
4,22.58,1,10,0.024
3,17.91,1,6,1.318
1,11.42,1,4,1.243
1,21.95,0,17,2.269
2,10.55,1,15,0.521
2,22.74,0,21,1.02
4,17.43,0,0,0.023
0,20.21,0,17,3.916
4,20.99,0,8,0.032
0,18.64,1,5,3.622
1,3.35,1,5,0.262
0,8.29,0,0,1.193
1,6.64,0,23,0.664
2,4.67,1,4,0.127
3,6.0,1,22,0.215
2,0.65,1,17,0.019
1,6.74,1,15,0.626
4,1.52,0,0,0.01
2,26.87,1,10,1.355
3,18.69,0,6,0.894
2,5.77,1,9,0.303
4,21.5,1,14,0.043
3,10.05,1,14,0.69
0,14.03,1,6,1.996
3,1.04,0,11,0.054
1,18.42,1,1,1.266
4,24.11,1,8,0.016
0,1.51,0,4,0.405
2,11.43,0,1,0.553
0,6.42,1,14,1.33
4,14.42,0,8,0.026
1,8.85,0,0,0.852
2,3.13,1,1,0.144
2,18.22,0,4,0.645
2,3.87,0,14,0.161
2,3.64,1,9,0.172
1,10.95,0,17,0.984
4,22.93,0,19,0.017
3,12.56,0,15,0.79
2,13.85,1,16,0.547
0,0.55,0,5,0.136
0,19.8,0,12,2.74
0,26.85,0,8,6.167
4,11.65,0,5,0.01
0,22.34,1,11,5.465
1,14.06,1,16,1.49
2,1.6,0,4,0.052
3,19.75,1,6,1.024
1,10.94,1,4,0.821
4,15.49,1,5,0.028
4,25.87,1,13,0.025
2,3.44,0,16,0.11
3,26.83,0,17,1.132
2,4.23,0,0,0.125
0,8.45,1,3,1.394
4,0.96,1,4,0.01
3,0.92,0,16,0.034
3,1.12,0,1,0.043
3,22.6,0,6,1.264
0,9.74,0,0,1.16
2,5.12,1,20,0.17
3,11.74,1,23,0.865
3,22.89,1,23,1.316
1,25.15,0,5,2.143
4,10.13,0,5,0.01
1,9.32,0,4,0.771
0,8.39,0,6,1.948
1,29.94,0,1,1.894
4,12.82,0,23,0.015
3,5.65,1,17,0.415
4,1.02,0,6,0.01
2,11.88,0,11,0.275
2,2.57,1,11,0.086
3,25.82,0,22,1.393
2,7.48,1,3,0.201
4,11.16,1,15,0.017
4,20.64,1,18,0.043
1,12.26,1,2,1.471
3,24.03,0,16,1.068
0,24.15,1,4,7.136
3,19.49,1,0,0.996
3,23.06,0,16,1.652
4,2.31,0,18,0.01
3,27.55,0,22,1.279
1,0.62,1,13,0.058
0,2.2,1,1,0.523
1,4.14,1,16,0.371
1,19.95,0,19,1.842
0,5.5,0,1,1.205
3,14.5,1,3,0.71
0,15.42,1,3,2.947
4,9.7,1,22,0.013
2,5.01,0,14,0.222
2,4.46,0,5,0.13
2,2.3,1,21,0.071
4,22.43,0,14,0.018
4,27.09,1,8,0.051
1,9.21,0,21,0.804
0,18.68,0,20,2.949
2,14.63,1,4,0.358
2,26.01,1,4,0.889
1,21.61,0,15,1.571
3,0.67,0,11,0.03
0,12.84,0,11,2.128
1,11.26,0,2,0.925
4,12.58,0,22,0.017
2,2.86,1,2,0.163
1,10.13,0,18,1.104
0,29.04,1,18,4.427
3,14.01,1,17,0.776
1,27.57,1,2,2.227
0,0.83,0,9,0.152
3,26.51,1,4,1.735
0,24.52,1,22,5.858
3,11.04,0,23,0.654
2,24.86,0,11,1.204
4,14.94,0,19,0.013
1,24.12,1,15,2.244
0,7.61,1,9,1.749
2,27.0,1,21,0.952
0,19.52,0,2,2.672
1,23.02,0,2,1.739
3,17.03,1,5,0.794
0,16.74,1,22,3.476
0,6.87,1,14,1.531
1,27.4,1,20,2.87
4,18.2,1,22,0.014
2,15.34,0,3,0.336
3,26.14,0,6,1.23
1,16.63,0,21,1.727
1,6.69,1,17,0.861
1,17.99,0,21,1.511
3,17.65,0,5,1.149
2,8.55,0,15,0.41
3,28.14,0,6,2.023
2,28.7,0,15,1.179
1,23.17,0,14,1.581
3,21.8,0,11,1.236
3,24.97,0,18,1.497
2,8.67,0,18,0.276
2,7.64,1,22,0.341
0,12.87,1,11,2.848
3,2.29,0,22,0.126
1,2.84,1,21,0.31
3,22.96,0,0,1.483
4,3.81,0,1,0.01
0,2.13,0,2,0.493
3,8.93,0,2,0.322
4,0.84,1,21,0.01
1,10.98,0,0,0.751
3,23.11,0,7,1.032
2,27.4,1,3,1.109
2,2.08,1,5,0.066
0,12.65,0,18,1.707
0,28.57,0,21,4.328
2,25.88,0,1,1.004
0,17.14,1,6,3.019
2,9.07,0,4,0.368
0,9.05,1,16,1.698
2,8.07,1,21,0.241
3,10.51,0,5,0.363
4,2.39,0,8,0.01
3,1.13,1,9,0.042
0,23.44,0,15,3.649
4,25.65,1,10,0.044
2,25.61,0,19,0.995
2,23.75,1,19,1.183
0,17.78,1,21,4.306
4,29.44,1,13,0.025
2,13.1,0,1,0.401
4,28.93,1,2,0.024
3,3.43,1,4,0.226
1,28.9,0,22,2.655
1,8.29,0,11,0.826
0,22.03,0,4,4.287
0,10.31,0,15,1.529
0,18.26,0,16,4.622
3,2.27,1,19,0.19
0,16.79,1,19,4.008
3,28.0,0,21,0.995
4,18.48,1,14,0.012
4,19.65,1,5,0.039
4,17.88,1,23,0.014
3,13.01,0,19,0.647
1,17.1,0,2,1.579
3,14.66,0,6,0.812
1,1.42,1,12,0.16
0,10.99,1,6,2.821
3,22.5,1,15,1.52
0,28.53,0,10,5.861
4,5.19,0,14,0.01
2,11.67,0,4,0.426
0,10.48,0,18,2.292
2,11.23,1,9,0.367
1,14.71,0,15,0.94
0,24.21,0,20,6.027
3,4.07,1,5,0.239
4,9.93,1,7,0.013
3,27.72,0,6,1.222
3,17.35,0,17,1.118
3,14.41,1,8,0.552
0,12.92,0,23,2.731
1,29.61,1,1,2.39
0,11.27,0,11,2.058
4,13.95,1,2,0.01
3,15.82,1,15,0.952
0,20.65,0,14,4.263
0,0.86,1,1,0.163
1,10.21,0,20,0.708
3,2.45,1,21,0.096
1,21.4,1,9,2.516
0,4.46,1,0,0.809
2,29.55,1,2,0.932
3,8.69,1,15,0.636
2,27.8,0,18,0.87
2,6.33,0,1,0.292
2,17.57,1,18,0.69
1,5.88,1,11,0.452
3,4.7,0,19,0.289
0,28.73,0,15,6.217
3,28.56,1,18,1.054
0,14.96,1,18,2.594
4,3.96,1,3,0.01
3,25.84,0,17,1.648
1,0.73,1,3,0.085
1,25.96,1,14,2.784
2,27.19,1,18,1.242
3,7.85,1,9,0.38
0,15.19,1,19,3.779
2,19.78,0,16,0.662
4,16.09,1,21,0.036
4,6.8,1,6,0.015
3,12.32,0,16,0.651
1,12.13,1,15,0.815
0,12.38,0,2,2.32
1,29.04,0,5,1.942
4,14.07,1,9,0.01
4,25.92,1,17,0.02
4,23.47,1,12,0.037
1,14.28,0,11,1.027
0,23.73,1,23,5.327
3,15.21,1,2,0.751
1,25.42,0,5,2.317
3,26.86,1,7,1.113
4,22.12,1,21,0.041
3,16.06,1,22,0.916
1,16.57,0,4,1.11
0,9.18,0,7,1.76
4,21.59,1,10,0.047
1,18.45,1,13,1.369
1,22.3,0,16,1.863
0,11.22,0,15,2.826
0,2.83,1,13,0.473
2,19.45,0,8,0.508
4,16.27,0,14,0.018
1,16.63,0,4,1.188
4,27.72,1,6,0.063
4,21.97,1,11,0.021
4,0.8,1,14,0.01
4,24.96,0,2,0.029
1,7.08,0,16,0.658
3,29.9,0,4,1.361
3,9.96,0,22,0.648
2,20.08,0,11,0.978
4,22.39,0,6,0.013
1,14.13,0,11,1.664
0,13.92,1,18,3.532
0,10.15,0,19,2.342
3,3.7,0,15,0.129
2,28.28,1,5,1.555
0,27.84,1,3,6.295
3,2.1,0,7,0.121
3,25.43,1,15,1.667
3,16.06,1,1,1.007
2,25.38,0,11,0.822
3,12.45,1,18,0.644
0,19.86,0,7,3.548
1,0.56,0,13,0.05
4,25.76,0,2,0.044
4,28.89,0,10,0.019
3,11.51,0,5,0.482
1,3.73,1,15,0.323
3,4.85,1,20,0.35
0,23.96,0,23,3.418
0,4.25,0,17,0.757
3,3.79,0,13,0.204
2,9.69,0,12,0.511
3,9.68,1,10,0.675
1,6.5,1,17,0.657
1,6.53,0,17,0.65
3,12.53,0,12,0.663
4,14.72,1,16,0.027
0,22.38,0,4,5.169
0,18.41,0,6,3.617
0,11.9,1,21,1.821
0,24.95,0,17,6.629
1,26.04,0,18,2.868
2,3.61,1,5,0.083
0,21.72,1,1,3.815
1,1.42,1,0,0.127
1,25.95,0,12,2.046
0,14.9,0,17,3.46
1,12.23,1,12,0.88
4,27.57,1,19,0.031
2,26.12,1,15,0.576
1,10.93,0,20,0.93
4,1.02,0,6,0.01
3,3.28,1,13,0.208
0,13.97,0,17,4.085
0,9.43,1,7,2.419
3,20.48,1,5,1.459
0,14.32,1,16,2.165
1,1.96,1,17,0.234
4,24.58,0,1,0.04
3,27.23,1,0,1.093
2,22.7,1,18,1.294
3,24.83,1,3,1.217
3,28.71,1,11,1.23
3,29.87,0,20,1.597
4,23.76,1,20,0.034
1,15.02,0,3,1.385
2,13.57,1,21,0.534
0,27.44,1,15,5.264
1,25.16,1,20,3.158
0,22.28,0,10,5.327
2,6.87,1,22,0.394
3,26.31,0,12,0.898
2,2.1,0,2,0.059
4,7.99,1,1,0.01
2,20.39,0,17,0.755
1,27.57,1,14,1.816
4,26.89,1,2,0.023
2,5.35,1,23,0.168
3,23.56,1,8,0.962
1,9.13,1,6,0.75
2,6.03,0,13,0.131
0,3.74,0,19,0.648
0,16.17,0,22,2.562
0,16.54,0,10,3.891
1,0.58,0,12,0.053
2,6.36,0,19,0.217
2,2.49,1,16,0.089
1,29.83,0,9,3.732
3,4.16,1,13,0.166
1,4.49,1,18,0.483
3,1.3,0,5,0.051
1,12.14,0,13,1.123
1,26.07,0,1,2.037
2,20.84,0,4,0.694
0,14.92,1,18,3.314
0,25.46,1,21,4.325
3,20.74,0,19,1.497
3,14.59,1,11,0.769
0,15.9,1,11,3.165
0,3.46,1,21,0.912
0,19.36,0,11,5.202
0,15.1,0,20,3.958
2,19.12,1,19,0.955
2,21.8,1,5,0.823
3,6.22,1,2,0.271
4,23.8,0,8,0.036
2,6.69,0,12,0.207
4,18.42,1,20,0.018
4,5.25,1,6,0.01
3,11.7,1,1,0.836
1,22.33,1,17,2.61
0,18.89,0,16,3.731
3,26.63,0,22,1.049
2,11.94,0,19,0.536
3,9.21,1,21,0.492
3,29.18,0,2,1.395
4,9.81,1,4,0.011
1,15.97,1,14,1.554
1,8.93,0,0,0.688
4,16.44,0,23,0.032
1,11.22,1,8,1.436
0,6.62,0,7,1.134
4,10.32,0,2,0.014
2,26.9,0,3,0.686
1,6.67,1,10,0.599
2,20.45,1,2,0.588
4,9.6,1,18,0.016
2,2.34,1,19,0.087
0,28.01,0,0,6.71
3,16.54,0,15,0.498
4,21.69,0,14,0.029
2,8.64,0,11,0.437
4,7.04,0,10,0.013
3,29.49,0,1,1.236
0,8.7,0,7,1.159
2,26.36,1,16,0.819
1,7.56,0,14,0.551
1,19.86,1,3,1.926
2,7.95,1,8,0.397
4,20.01,1,3,0.03
1,29.88,0,1,2.646
4,12.49,0,5,0.027
4,5.88,1,20,0.01
3,1.76,1,12,0.089
2,12.41,0,1,0.275
0,6.49,1,0,1.628
1,20.87,1,18,2.148
0,10.75,1,12,2.573
2,19.56,0,6,0.951
0,19.96,0,2,2.524
2,28.94,0,15,1.374
2,29.62,1,9,0.951
0,9.29,1,23,2.181
3,17.84,0,17,0.954
4,6.71,0,15,0.01
1,12.68,1,3,1.128
0,19.94,1,23,3.66
4,9.74,0,7,0.01
4,11.91,1,22,0.025
0,23.43,0,10,3.938
2,28.19,0,16,1.343
4,25.92,1,8,0.04
1,28.14,1,4,2.839
3,10.17,0,5,0.375
3,11.67,1,20,0.784
2,2.81,0,23,0.123
0,15.92,1,10,3.48
0,3.13,0,20,0.858
4,26.35,0,18,0.032
2,20.71,1,8,0.867
0,27.06,0,17,7.016
1,19.06,0,17,1.472
2,10.44,1,9,0.585
4,29.94,1,8,0.025
4,26.63,0,10,0.03
0,13.82,0,22,3.468
1,12.92,1,10,1.318
4,24.16,0,6,0.045
3,5.37,1,7,0.326
0,19.61,1,13,3.637
3,21.06,1,2,1.413
1,9.19,0,11,0.889
4,22.97,1,23,0.027
1,16.04,1,16,1.709
0,1.47,0,19,0.384
4,19.1,1,20,0.018
0,13.37,1,6,3.11
4,2.13,1,5,0.01
3,24.24,1,23,1.626
0,21.82,1,0,4.557
1,11.7,0,4,1.112
3,22.92,0,2,1.523
0,9.9,1,16,1.427
0,28.88,1,19,7.365
0,3.64,0,22,0.683
4,14.84,1,20,0.029
2,23.77,1,4,0.743
2,8.14,0,21,0.348
3,3.89,0,22,0.23
4,22.37,1,16,0.037
3,2.09,1,15,0.128
1,24.07,1,19,2.757
0,20.07,0,22,3.627
1,10.17,1,16,0.866
4,8.71,1,5,0.012
4,27.87,0,13,0.041
0,10.93,1,18,3.303
3,3.02,1,23,0.204
4,26.48,1,11,0.024
4,18.98,1,11,0.013
4,13.34,0,20,0.01
2,26.24,1,11,1.136
1,23.53,1,22,2.519
0,5.67,1,18,1.444
2,24.78,0,15,1.117
2,13.36,1,3,0.409
0,20.97,1,19,4.494
3,15.8,1,15,0.975
0,27.24,0,5,4.322
0,12.37,0,2,3.025
3,12.68,0,11,0.498
4,25.42,1,22,0.03
4,15.15,1,13,0.019
2,22.24,0,23,0.847
2,3.22,0,16,0.118
3,28.7,1,3,1.044
2,9.87,0,12,0.362
2,18.32,0,5,0.834
4,7.61,1,8,0.014
3,18.63,0,12,0.734
1,25.71,0,11,2.373
3,25.14,1,10,1.39
0,3.71,0,9,1.092
3,1.43,1,17,0.083
1,15.82,1,21,1.629
2,24.26,0,12,0.824
2,18.47,0,7,0.861
0,1.12,0,5,0.18
2,11.73,1,16,0.363
3,10.73,1,21,0.467
1,9.5,0,2,0.815
2,11.73,0,1,0.476
1,15.53,0,4,1.469
4,28.89,1,22,0.023
4,27.79,1,6,0.05
1,12.28,0,11,1.22
0,22.9,1,6,4.965
2,4.7,0,0,0.121
4,22.44,1,9,0.018
2,6.47,0,23,0.163
2,26.01,1,3,1.283
3,7.84,1,3,0.579
0,6.83,1,16,1.487
4,8.2,0,1,0.016
4,9.59,1,11,0.016
1,26.79,0,21,2.313
4,5.75,0,21,0.01
3,11.68,1,6,0.773
3,14.42,1,16,1.151
2,16.64,0,17,0.336
2,6.15,1,2,0.217
0,25.91,0,0,5.336
2,28.11,1,20,1.332
2,26.26,0,1,1.154
1,16.86,0,22,1.621
0,24.78,0,18,6.277
3,1.54,0,2,0.07
4,8.38,0,17,0.01
1,3.91,1,18,0.479
3,29.47,0,15,1.352
2,26.42,1,20,0.929
0,14.7,0,16,1.822
1,18.27,0,8,2.061
2,17.86,1,16,0.873
4,5.94,0,8,0.01
2,11.16,1,4,0.624
1,23.68,1,5,2.014
3,26.12,0,11,0.867
1,29.47,0,2,2.15
2,10.69,1,15,0.252
3,19.91,0,1,1.039
1,9.1,1,11,0.879
3,24.18,0,15,0.981
4,6.5,1,3,0.01
0,20.56,1,23,3.404
3,18.32,1,11,1.247
4,20.85,0,5,0.035
3,11.0,1,18,0.67
2,11.82,1,2,0.703
1,27.05,1,13,2.534
3,20.06,0,7,1.262
3,7.79,0,7,0.336
4,6.23,1,8,0.01
1,3.04,1,11,0.328
4,5.37,0,8,0.011
3,7.82,0,0,0.451
4,3.99,0,15,0.01
2,21.51,0,15,0.508
4,9.85,0,19,0.012
1,22.94,1,13,2.119
1,22.84,0,12,2.118
2,16.55,1,9,0.442
3,26.64,1,9,1.567
1,14.81,1,21,1.365
4,7.96,1,23,0.013
0,19.43,1,14,3.825
2,22.49,1,23,0.853
0,15.52,0,21,2.21
1,16.34,0,10,1.49
4,29.06,1,16,0.041
1,15.08,0,20,1.696
0,19.94,0,5,4.677
0,15.96,0,7,1.995
2,5.57,0,0,0.232
1,17.04,0,17,1.315
1,5.43,1,23,0.41
0,15.92,0,15,3.061
4,13.62,1,18,0.026
1,26.95,0,2,2.209
1,15.24,1,0,1.469
0,26.66,0,8,5.521
1,28.61,1,9,2.399
3,23.85,0,17,1.36
3,4.04,1,3,0.317
0,19.19,0,10,4.493
3,2.53,1,20,0.131
0,26.46,0,4,5.299
3,1.63,1,3,0.112
3,8.02,0,21,0.447
2,16.57,1,4,0.586
3,16.85,0,23,0.594
4,15.48,0,23,0.029
4,15.35,0,4,0.028
1,14.78,1,16,1.402
1,27.83,0,5,1.824
2,10.85,1,1,0.391
1,24.19,0,11,1.817
1,22.45,0,12,2.064
3,26.04,1,12,1.048
0,16.77,1,3,2.955
3,23.89,1,15,1.161
2,25.7,0,4,0.55
0,27.96,1,19,6.568
1,8.03,1,8,1.001
3,5.9,0,6,0.246
0,2.55,1,22,0.527
2,23.89,1,9,0.862
3,10.06,1,1,0.338
1,24.88,0,5,1.539
1,22.85,0,23,2.184
4,18.81,1,9,0.022
1,6.06,1,5,0.605
0,19.76,1,5,3.701
0,24.45,0,7,5.385
3,10.78,1,10,0.466
3,25.01,1,13,1.897
1,3.63,1,18,0.384
3,5.08,0,9,0.195
1,19.97,1,0,1.61
1,29.5,1,7,2.354
1,19.16,1,22,1.632
1,22.6,0,8,1.667
4,21.24,0,10,0.035
1,26.06,1,7,1.987
1,24.77,1,1,1.799
3,22.07,1,4,1.321
3,1.87,0,7,0.075
0,1.39,1,13,0.237
3,0.69,0,0,0.044
2,22.91,0,7,0.66
3,4.1,1,9,0.22
4,12.15,1,21,0.015
2,3.8,1,2,0.092
0,12.98,1,16,3.611
1,14.85,1,19,1.367
4,27.47,0,10,0.02
1,17.26,0,2,1.58
0,2.87,0,5,0.656
3,27.17,0,0,1.557
0,29.86,1,7,4.7
0,18.42,0,6,3.414
2,16.85,1,8,0.732
4,24.54,1,13,0.048
2,11.91,1,7,0.298
1,26.92,1,11,2.221
0,12.27,0,22,2.029
3,1.6,0,21,0.046
2,8.3,1,2,0.272
3,26.89,1,15,1.749
3,27.81,1,0,1.9
4,27.59,1,11,0.034
3,14.11,0,3,0.887
3,20.78,0,12,1.346
4,19.64,0,9,0.02
1,19.2,1,2,1.623
0,14.45,0,23,3.553
1,11.59,0,5,0.987
2,13.76,1,5,0.555
3,24.18,1,7,1.577
4,29.91,0,15,0.062
1,5.85,0,5,0.491
1,6.63,1,13,0.68
2,29.27,0,4,0.842
1,19.16,0,16,1.942
0,15.58,1,17,4.293
3,25.21,0,9,1.346
4,3.63,1,22,0.01
2,8.31,0,23,0.361
3,23.74,1,9,1.606
2,17.73,0,2,0.575
4,18.66,1,4,0.013
1,15.38,0,3,1.317
1,9.24,0,19,1.0
0,1.24,0,1,0.279
0,28.89,0,21,6.758
2,23.65,0,22,1.16
3,23.17,1,3,1.674
3,16.16,0,14,0.741
1,26.41,0,6,2.484
4,18.95,0,0,0.033
1,27.72,0,5,2.034
4,5.87,0,10,0.01
4,10.15,1,4,0.01
1,3.1,0,16,0.24
4,10.19,0,18,0.011
1,2.19,1,2,0.164
0,11.57,0,1,1.993
2,19.11,0,19,0.492
1,21.51,0,5,2.214
3,22.84,1,16,0.963
2,10.3,1,20,0.523
0,14.89,0,23,2.711
3,2.37,0,8,0.081
1,22.9,1,23,2.123
4,2.84,0,12,0.01
3,21.33,1,18,0.887
2,16.76,1,9,0.698
1,20.58,1,13,2.01
0,4.9,1,18,0.864
4,13.89,1,17,0.032
3,28.16,0,21,1.838
1,5.24,0,10,0.569
3,26.39,1,20,0.95
1,7.45,0,17,0.626
4,17.88,1,2,0.015
2,13.97,1,5,0.69
1,6.57,1,9,0.747
4,12.08,0,20,0.025
1,24.71,0,23,2.014
4,7.39,0,5,0.01
4,18.21,1,14,0.032
2,13.4,0,6,0.543
0,10.51,1,15,1.955
3,5.67,0,7,0.186
4,18.45,1,10,0.018
0,24.33,0,11,7.382
4,18.59,1,9,0.013
3,5.62,1,9,0.426
0,22.98,0,16,5.32
4,23.98,1,6,0.051
2,26.77,0,23,1.096
0,5.52,1,8,0.872
1,10.3,0,2,0.895
2,19.53,1,2,0.827
4,4.06,0,0,0.01
3,24.14,1,15,1.036
4,20.73,0,20,0.011
2,24.14,1,7,0.681
0,22.85,1,1,5.355
1,15.2,0,4,1.104
4,10.32,1,2,0.019
3,19.94,1,16,1.476
2,27.93,1,6,1.009
2,5.55,0,13,0.26
3,5.08,0,18,0.218
4,15.69,1,20,0.03
0,20.93,0,22,2.949
0,3.61,1,1,1.016
4,18.91,1,3,0.02
3,6.79,0,1,0.215
1,16.35,1,17,1.376
4,26.39,1,11,0.03
2,12.06,0,6,0.372
1,13.19,1,11,1.099
2,17.53,0,3,0.424
3,22.99,0,16,1.321
2,29.8,0,22,1.457
0,23.1,0,19,6.032
3,1.57,1,9,0.092
4,18.4,1,19,0.022
0,16.4,0,6,3.568
3,12.87,0,22,0.714
2,12.42,0,21,0.355
1,16.08,0,6,1.604
3,4.19,0,14,0.249
0,9.38,1,17,1.876
0,22.92,1,20,6.431
1,14.74,1,20,1.473
2,11.49,1,9,0.415
1,25.35,0,6,1.747
2,28.07,0,13,1.335
4,6.37,0,5,0.01
4,11.54,1,20,0.02
0,2.81,0,16,0.371
0,21.78,1,8,3.787
0,2.23,1,15,0.43
1,13.69,0,6,1.278
3,11.69,0,18,0.531
4,25.63,0,7,0.039
4,28.78,1,19,0.055
4,19.93,0,8,0.039
2,21.06,0,3,1.083
4,26.49,0,1,0.018
3,21.99,1,10,0.917
0,17.83,1,18,5.49
3,20.61,0,5,0.777
0,10.78,0,11,2.785
2,11.02,0,9,0.527
2,28.75,0,21,1.081
0,19.68,1,7,3.324
4,15.6,1,9,0.021
1,9.12,1,2,0.776
1,21.93,0,6,1.745
1,22.32,0,18,1.642
1,25.43,1,13,1.722
1,28.3,1,19,3.275
3,16.6,1,18,0.717
2,0.94,1,12,0.037
1,26.35,1,1,2.075
1,2.31,1,15,0.206
4,29.08,1,1,0.028
0,0.98,1,22,0.224
4,22.56,1,3,0.038
2,12.88,1,0,0.323
1,24.64,0,15,1.777
3,1.37,0,12,0.067
3,12.78,1,0,0.799
4,4.24,0,11,0.01
0,29.24,1,20,4.876
4,10.71,0,4,0.017
4,22.44,0,0,0.033
2,27.76,0,4,1.305
1,15.12,0,1,1.194
3,8.02,0,6,0.397
1,9.03,1,14,0.922
4,4.21,1,18,0.01
1,11.48,0,5,1.121
2,12.15,1,10,0.54
2,25.64,0,14,0.602
0,16.11,1,20,3.331
3,18.38,1,4,1.095
4,20.82,1,13,0.042
0,22.65,1,14,4.183
3,4.48,1,18,0.311
0,19.12,0,23,4.136
0,28.38,0,14,4.11
3,25.84,1,12,1.873
0,11.67,0,4,2.431
3,1.81,0,8,0.093
3,6.7,0,0,0.319
2,13.19,0,6,0.46
4,15.48,0,17,0.017
2,20.15,1,15,0.51
3,11.03,1,20,0.43
2,23.33,0,5,1.216
1,15.71,0,3,1.339
4,19.33,0,15,0.011
4,22.32,0,13,0.043
0,4.83,1,23,1.308
4,25.98,1,3,0.053
1,15.02,0,9,1.191
3,15.61,1,22,1.202
0,3.29,0,3,0.652
0,3.27,0,19,0.734
2,22.61,0,1,0.841
2,27.49,1,1,1.15
4,5.41,0,0,0.01
2,2.54,0,8,0.074
4,29.69,1,20,0.059
2,16.06,1,2,0.463
4,27.39,1,16,0.022
4,6.79,1,21,0.013
3,5.17,0,20,0.359
1,15.56,1,10,1.677
2,15.56,1,2,0.468
0,15.45,1,6,3.49
4,19.32,1,17,0.037
4,27.94,1,9,0.026
2,29.19,0,9,1.017
3,21.62,1,8,1.383
1,16.52,1,14,1.24
3,0.97,1,15,0.032
0,4.5,0,5,1.123
1,20.75,0,14,1.936
4,28.99,0,1,0.04
3,15.81,0,11,1.08
0,7.13,1,3,1.621
0,21.85,0,11,5.887
3,1.15,1,18,0.078
3,25.77,1,18,2.042
3,13.38,1,1,0.599
1,21.12,0,5,1.816
0,1.78,0,23,0.376
1,9.45,0,21,1.043
3,28.09,1,22,1.636
2,8.04,0,9,0.285
1,21.37,0,8,2.129
0,21.35,1,8,3.433
3,11.86,1,3,0.39
3,6.34,0,19,0.351
2,10.23,1,16,0.263
2,21.73,0,21,0.432
4,27.41,0,16,0.049
4,2.13,0,22,0.01
1,29.73,0,6,2.684
3,22.52,0,3,0.758
3,17.01,0,9,1.05
1,29.97,1,5,2.281
2,21.93,0,3,0.842
3,21.63,1,20,0.765
2,29.39,1,9,1.516
3,0.5,1,23,0.035
3,27.63,1,14,2.024
4,17.06,0,6,0.029
2,29.4,1,11,1.381
3,21.58,1,18,1.497
3,17.35,0,22,0.946
0,1.24,1,11,0.34
1,3.25,0,1,0.273
3,1.94,0,6,0.088
4,17.45,1,23,0.014
0,10.94,0,8,1.948
1,1.59,0,6,0.144
3,5.64,0,3,0.334
4,20.28,1,6,0.037
2,18.8,1,23,0.869
1,7.84,1,4,0.642
1,12.31,0,5,0.974
0,8.59,1,19,2.0
2,19.08,1,23,1.072
1,2.09,0,16,0.194
2,15.19,1,16,0.815
0,26.62,1,16,5.259
2,4.5,1,8,0.182
1,20.42,0,18,2.325
4,22.49,0,16,0.039
1,2.11,1,1,0.232
0,8.93,1,20,2.057
1,10.28,1,16,0.865
1,22.05,1,10,2.652
2,23.05,0,23,0.648
1,8.45,0,17,0.984
2,18.93,0,18,0.871
0,28.45,1,14,5.94
2,2.3,0,1,0.105
3,28.78,1,8,1.879
2,2.5,0,19,0.054
2,17.49,0,14,0.358
1,4.17,1,10,0.352
4,25.67,0,6,0.042
0,9.92,0,16,1.533
0,8.18,0,17,1.868
4,23.43,1,12,0.018
0,24.08,0,12,5.397
2,23.47,1,14,0.65
0,22.63,1,0,5.246
2,11.34,1,15,0.47
3,14.52,1,22,0.879
1,15.7,1,4,1.647
0,20.62,1,2,5.592
2,25.83,0,22,0.953
3,23.79,0,22,1.169
1,10.21,0,14,0.985
4,3.07,1,1,0.01
3,23.22,0,2,1.068
0,7.75,0,8,2.102
0,26.18,0,19,4.728
1,17.61,1,6,1.839
3,19.92,1,3,1.239
1,3.08,0,0,0.25
2,12.76,0,8,0.325
2,24.82,0,9,0.652
2,21.88,0,10,0.796
0,6.45,0,12,0.816
3,26.64,1,18,1.474
4,23.83,1,0,0.035
2,14.48,1,2,0.584
2,10.33,1,20,0.264
1,16.33,0,8,1.34
4,14.9,0,8,0.019
3,22.48,1,6,1.125
0,8.61,0,11,2.228
0,23.46,0,12,3.004
1,4.1,0,17,0.472
3,26.57,1,8,2.076
0,14.57,1,20,2.958
2,4.74,0,18,0.19
4,19.45,1,12,0.021
4,4.81,1,17,0.01
4,23.33,0,14,0.022
3,15.15,1,10,0.792
0,13.93,0,2,2.365
2,7.72,0,19,0.164
3,1.54,0,18,0.073
0,13.44,0,13,2.705
0,5.74,0,9,1.513
3,7.58,0,13,0.505
3,1.07,0,12,0.069
0,0.81,1,22,0.199
4,12.2,0,3,0.01
3,16.72,1,19,0.958
1,14.46,0,12,0.896
4,18.71,0,6,0.021
3,10.69,1,23,0.712
0,19.32,1,12,2.796
0,0.91,0,1,0.233
1,5.3,1,17,0.435
1,22.36,1,23,1.802
4,27.95,0,8,0.034
1,28.72,1,1,2.651
0,25.47,1,0,4.65
2,20.82,0,11,0.814
4,8.66,1,19,0.015
2,20.74,0,6,0.801
3,26.12,1,3,1.856
4,7.65,0,17,0.01
2,23.68,1,23,1.039
2,11.74,0,12,0.533
3,16.87,1,11,1.08
1,17.83,1,11,1.67
3,29.71,0,23,1.32
4,26.02,1,23,0.016
2,23.82,1,7,1.03
1,27.73,1,22,2.838
3,28.54,1,15,1.491
1,2.42,1,6,0.195
4,27.4,1,19,0.024
2,23.5,0,10,0.463
1,11.49,0,4,1.117
1,19.43,0,19,1.351
2,6.89,1,5,0.216
1,21.74,1,17,2.163
4,14.78,1,12,0.015
4,18.5,1,22,0.017
3,1.63,0,10,0.096
2,15.6,1,5,0.477
0,7.44,1,4,1.392
1,10.35,1,10,1.177
0,3.1,1,1,0.795
3,16.87,0,19,0.583
2,1.86,1,19,0.07
2,18.59,1,23,0.8
4,2.83,1,22,0.01
2,26.41,1,21,1.417
2,13.61,1,8,0.48
3,20.52,0,18,0.8
3,9.86,1,11,0.377
1,11.1,1,9,1.264
2,4.37,1,3,0.139
1,22.75,1,22,2.571
1,8.21,1,17,0.93
4,23.74,0,2,0.048
1,12.73,0,21,1.223
0,20.03,1,20,4.892
4,5.47,0,13,0.01
0,10.16,1,22,1.615
4,15.74,1,7,0.013
0,9.59,0,8,2.406
2,29.75,0,4,0.754
3,0.6,1,17,0.033
3,25.14,1,19,1.823
4,2.03,0,15,0.01
1,15.3,0,23,1.206
1,22.93,1,19,2.422
4,9.69,1,3,0.01
2,9.41,0,9,0.305
4,15.89,1,4,0.016
3,21.97,1,12,0.805
1,4.86,0,3,0.483
3,24.42,1,12,1.392
2,2.67,1,11,0.126
2,9.31,0,18,0.354
3,12.16,0,1,0.756
1,20.88,0,15,2.015
4,14.42,0,17,0.029
4,9.48,1,13,0.01
4,13.52,1,2,0.01
3,19.17,1,21,0.882
0,12.91,0,2,2.355
3,5.34,1,22,0.294
3,5.63,1,0,0.386
2,18.29,1,6,0.644
0,28.91,0,9,4.353
2,24.21,1,19,1.415
2,15.5,1,9,0.537
0,5.16,1,13,1.445
4,12.08,0,6,0.011
1,23.86,1,0,2.66
2,27.47,0,5,0.717
0,19.17,1,13,2.904
4,4.36,1,5,0.01
4,17.93,0,19,0.031
0,4.14,0,0,0.588
4,8.61,0,4,0.01
4,1.29,0,14,0.01
3,9.66,0,10,0.341
1,12.4,1,17,1.592
3,9.69,0,11,0.507
4,5.5,1,8,0.01
2,5.38,0,2,0.127
4,6.59,1,13,0.01
0,25.51,1,17,5.261
0,28.46,0,13,4.831
3,16.9,1,11,0.772
0,27.32,1,16,6.502
2,6.52,1,3,0.309
4,28.27,1,0,0.055
1,1.47,0,20,0.173
3,10.08,1,3,0.728
2,10.27,1,13,0.28
4,24.12,0,4,0.032
4,11.04,0,15,0.016
0,5.41,0,17,1.652
4,10.33,0,1,0.019
1,0.78,0,4,0.057
4,14.7,0,9,0.031
0,18.76,1,13,3.661
2,4.98,0,3,0.243
1,16.81,1,4,1.5
3,24.55,1,0,1.892
3,7.48,1,8,0.524
4,21.29,1,4,0.028
0,17.29,1,23,4.51
4,12.01,1,7,0.027
0,16.21,0,4,2.748
2,19.42,0,23,0.569
2,14.58,0,3,0.712
1,17.52,0,2,1.429
4,9.04,0,0,0.01
2,26.62,0,0,1.144
2,25.18,1,18,1.151
1,0.5,0,4,0.048
2,11.57,0,14,0.356
0,13.73,0,4,3.451
2,9.15,0,15,0.229
3,29.25,1,17,1.755
4,0.6,0,7,0.01
2,9.21,1,22,0.327
2,15.21,0,19,0.664
4,5.16,0,0,0.01
3,28.31,0,17,1.123
0,6.66,1,23,1.531
2,6.16,1,4,0.162
4,23.42,1,6,0.03
2,6.9,1,21,0.242
0,16.14,0,21,3.208
2,18.21,1,2,0.934
4,27.8,0,19,0.028
4,11.55,0,9,0.015
1,14.09,1,8,1.495
3,10.96,1,10,0.731
0,22.24,0,3,5.083
3,29.28,1,4,1.537
0,8.76,1,13,1.325
0,2.71,0,7,0.461
3,0.93,0,10,0.055
1,13.04,1,0,0.936
2,19.26,1,21,0.91
3,10.02,0,2,0.554
0,29.14,0,8,8.109
2,7.52,0,14,0.197
4,19.45,1,13,0.013
1,19.32,1,20,1.727
3,8.2,0,12,0.353
0,15.04,1,7,2.404
3,5.48,0,9,0.219
0,21.57,0,11,3.215
1,15.0,1,12,1.218
1,8.07,1,19,0.98
1,13.16,1,4,0.987
4,16.79,1,10,0.038
3,24.74,0,11,1.418
0,19.47,1,8,5.873
0,4.22,1,3,1.145
0,3.82,0,14,0.684
3,28.0,0,1,1.43
1,5.53,1,11,0.696
0,25.84,0,8,6.448
3,0.59,1,10,0.028
1,2.18,0,8,0.185
4,2.37,0,8,0.01
2,23.64,0,9,1.103
4,5.55,1,9,0.01
3,14.92,1,3,0.782
1,23.92,1,4,1.81
0,25.55,0,2,5.724
0,17.4,0,6,2.97
1,24.99,0,4,2.507
3,6.58,0,9,0.228
0,9.24,0,18,1.895
1,9.33,0,15,0.733
2,8.08,0,7,0.332
4,8.75,0,13,0.015
4,28.89,0,20,0.054
3,28.69,1,5,1.639
2,13.98,1,19,0.361
2,9.39,0,2,0.332
2,8.61,1,18,0.412
4,15.8,0,19,0.01
4,6.9,1,1,0.012
2,16.71,0,13,0.764
3,0.7,1,14,0.032
3,23.54,1,17,0.884
3,16.36,0,20,0.821
1,20.71,0,9,1.828
1,18.85,1,15,1.695
3,24.85,0,21,1.024
2,16.12,1,3,0.816
4,25.06,0,6,0.027
4,17.01,1,16,0.016
4,15.94,1,12,0.011
2,5.93,0,10,0.171
2,18.96,0,12,0.479
3,5.2,0,10,0.223
4,19.43,0,4,0.024
3,2.22,1,21,0.1
1,10.18,1,4,0.722
2,25.21,1,16,0.768
2,29.73,0,23,0.833
3,1.92,0,2,0.08
4,2.96,1,3,0.01
4,4.52,1,1,0.01
1,5.43,1,4,0.481
3,22.31,1,0,1.546
1,5.09,0,8,0.536
3,22.44,1,1,1.04
0,19.8,0,14,3.107
3,8.89,0,4,0.615
1,17.2,0,11,1.568
2,23.42,1,20,0.551
0,2.61,1,22,0.526
2,22.12,0,1,1.151
2,29.92,0,1,1.244
1,3.98,0,18,0.367
1,18.12,0,11,1.83
1,12.52,1,11,1.192
4,25.37,0,11,0.035
1,0.72,0,8,0.066
0,7.84,1,10,2.556
2,5.21,0,10,0.179
4,10.73,1,22,0.018
3,10.8,0,6,0.39
2,5.14,0,8,0.224
0,18.48,0,22,3.677
2,25.92,0,2,1.144
4,22.4,0,18,0.015
4,19.71,1,16,0.014
3,22.87,1,17,1.571
1,16.25,0,23,1.323
1,20.35,0,3,1.593
3,18.25,1,12,0.962
4,29.27,0,20,0.035
0,13.03,0,18,3.262
3,27.47,1,8,1.264
0,2.9,1,17,0.784
3,14.79,0,2,0.833
0,10.72,0,13,2.312
1,7.06,1,5,0.746
1,8.83,0,8,1.018
2,27.1,1,2,0.891
1,11.66,1,14,0.823
0,16.21,0,12,3.203
2,28.76,0,23,1.362
1,9.03,1,17,1.077
2,4.63,0,22,0.2
2,20.97,0,18,0.466
1,28.86,1,16,2.917
1,28.58,1,6,1.879
0,13.96,1,13,2.772
4,14.81,1,1,0.011
2,3.38,1,23,0.164
2,7.9,1,7,0.311
2,28.54,1,21,0.619
3,27.41,0,11,1.476
0,13.08,0,14,1.958
2,12.33,1,0,0.405
3,11.68,0,13,0.347
0,28.4,0,16,5.509
4,28.48,1,16,0.032
4,21.19,1,3,0.018
0,10.9,1,14,1.497
4,11.44,1,17,0.017
2,8.96,1,1,0.256
3,15.23,1,17,0.64
1,15.96,1,0,1.555
0,27.66,0,5,4.039
0,7.4,0,4,1.753
3,14.55,1,13,0.835
4,24.78,0,2,0.015
3,24.47,1,8,0.882
1,14.18,1,20,1.811
1,12.53,1,15,1.324
1,27.44,1,10,2.667
1,2.67,0,23,0.232
2,24.68,1,23,0.873
3,7.66,0,16,0.448
3,18.17,0,2,1.135
4,14.78,0,7,0.011
2,3.91,1,13,0.151
0,24.31,1,13,4.439
0,23.16,0,3,3.928
1,26.95,1,1,2.65
1,11.69,1,8,1.419
4,3.82,1,15,0.01
2,26.76,0,4,0.749
1,14.71,0,6,1.409
2,25.19,1,10,1.2
4,12.14,0,6,0.019
1,6.13,1,9,0.505
4,5.13,1,2,0.01
2,7.65,0,11,0.175
1,14.79,0,23,0.907
0,23.8,1,4,5.918
4,28.95,0,7,0.035
4,3.11,1,6,0.01
1,21.92,0,13,1.846
4,20.0,0,12,0.013
4,20.5,1,10,0.014
1,10.88,0,13,1.09
4,27.79,0,3,0.038
3,25.82,1,8,1.08
2,29.74,0,7,1.48
0,19.16,0,19,3.829
1,0.62,1,6,0.069
1,24.96,1,10,2.147
0,14.14,1,11,2.099
0,21.32,0,12,5.62
4,29.73,1,20,0.018
0,4.19,1,3,0.967
0,22.27,0,19,3.832
4,12.67,0,16,0.012
1,9.79,0,15,0.842
1,25.05,1,23,1.99
4,7.09,0,7,0.01
0,6.57,0,8,1.071
0,12.44,0,4,2.045
0,7.86,0,13,2.037
1,20.27,1,15,1.306
0,17.48,1,5,2.991
1,21.16,1,19,2.409
0,29.83,0,22,5.438
3,20.77,1,1,1.231
4,17.68,1,14,0.037
0,4.05,1,0,1.175
2,2.88,1,12,0.09
3,9.96,1,8,0.39
2,29.9,1,3,0.877
1,14.63,1,6,1.066
3,19.05,0,22,1.189
2,6.79,1,21,0.18
2,3.17,1,5,0.132
1,4.55,0,3,0.267
2,1.22,0,12,0.026
2,2.49,1,0,0.124
1,12.42,1,23,1.228
4,29.94,1,2,0.025
3,25.98,1,21,1.98
2,18.04,0,14,0.549
2,29.69,0,9,1.271
1,7.25,0,4,0.471
1,7.05,1,16,0.644
1,15.08,0,21,1.543
4,11.2,1,8,0.023
1,23.14,0,2,1.495
3,12.01,0,1,0.638
3,20.45,1,20,0.872
4,26.57,0,16,0.026
1,16.47,1,19,1.252
0,12.83,1,17,3.291
2,22.72,1,1,1.135
4,9.42,0,11,0.01
4,24.8,0,18,0.021
2,8.39,0,2,0.376
4,0.8,1,2,0.01
4,7.0,0,17,0.01
3,25.81,1,19,1.505
1,25.04,1,9,3.033
0,29.15,0,18,8.519
1,6.8,0,17,0.516
1,26.07,1,17,3.117
4,13.22,0,23,0.01
4,4.01,0,23,0.01
2,27.33,1,22,0.87
0,18.88,1,7,2.849
3,6.22,0,21,0.382
0,17.42,0,20,3.904
2,25.99,1,18,0.654
0,25.22,0,21,6.116
2,13.91,0,19,0.533
0,2.16,0,16,0.317
1,9.48,1,11,1.008
0,18.52,1,10,5.519
0,2.12,1,3,0.536
2,28.21,0,20,0.969
3,15.01,0,19,0.61
2,21.71,0,4,0.511
0,17.3,1,14,2.528
2,26.67,1,21,1.232
0,21.08,1,13,5.637
0,26.1,1,16,5.191
3,20.12,1,8,1.577
1,22.77,0,8,1.704
4,10.11,0,3,0.01
1,24.44,1,9,2.373
4,20.58,0,12,0.042
2,27.95,0,4,1.41
3,3.8,1,1,0.182
2,3.13,1,4,0.166
0,15.37,1,23,2.231
0,4.62,0,17,1.144
0,1.57,0,22,0.207
2,20.46,1,17,0.685
2,7.37,0,7,0.2
4,25.36,0,1,0.026
3,13.31,1,16,0.964
3,11.43,0,0,0.473
0,3.5,0,12,0.487
1,6.74,1,16,0.741
3,9.55,0,17,0.529
1,15.14,1,8,1.751
2,0.6,0,10,0.02
1,7.99,1,23,0.561
2,21.1,0,4,1.003
2,8.78,1,2,0.44
2,23.34,0,11,0.585
4,9.84,0,0,0.015
4,5.33,0,16,0.01
1,16.85,1,20,1.421
0,2.98,0,22,0.58
0,4.29,1,19,0.791
4,23.95,0,16,0.025
1,28.33,0,7,2.452
2,27.38,1,4,1.332
0,15.96,1,11,3.108
2,20.36,0,15,0.797
1,6.5,0,16,0.676
1,23.96,0,9,2.369
1,18.28,1,2,1.404
2,7.39,1,1,0.308
0,3.84,1,8,0.988
4,5.56,1,10,0.01
1,6.51,0,9,0.493
4,29.5,0,14,0.016
4,17.06,1,21,0.016
1,0.65,1,0,0.068
4,12.14,1,9,0.015
0,12.52,1,0,3.334
0,27.34,0,7,5.392
3,29.6,0,13,2.03
0,25.13,0,14,3.184
2,11.09,1,16,0.534
2,4.45,1,4,0.151
3,15.27,0,3,0.493
1,2.01,1,3,0.185
2,11.63,0,17,0.382
1,29.49,1,14,2.724
4,6.95,1,19,0.015
3,4.38,1,18,0.285
2,3.31,0,20,0.088
1,26.55,1,22,1.977
0,15.97,0,13,3.184
1,17.11,1,0,1.238
2,19.83,1,12,0.578
1,3.03,1,4,0.288
2,7.67,1,10,0.283
3,22.68,0,19,0.885
2,19.34,1,15,0.484
0,8.23,0,17,1.446
0,14.29,1,20,4.62
1,19.8,0,12,1.788
4,12.46,1,6,0.018
4,11.62,1,16,0.02
4,12.98,0,5,0.025
4,11.58,1,9,0.021
2,10.32,1,17,0.255
0,20.45,1,17,3.232
1,1.64,1,23,0.152
3,16.8,0,8,0.97
1,12.29,1,10,1.323
2,3.54,1,13,0.109
1,15.13,1,4,1.174
1,2.24,1,5,0.18
2,9.23,1,23,0.391
1,10.4,1,23,0.792
4,18.99,0,18,0.022
1,26.1,1,2,2.227
2,15.92,0,23,0.713
1,2.58,1,9,0.306
0,4.55,1,0,0.881
4,27.31,0,22,0.036
1,12.88,0,8,1.393
3,14.9,1,4,0.744
0,28.49,0,7,4.978
0,13.36,0,9,2.225
0,16.25,0,20,3.722
1,26.95,1,21,2.971
0,18.36,1,6,3.684
2,22.2,1,12,0.534
1,24.79,0,22,1.685
2,15.09,1,15,0.729
0,29.28,1,13,6.334
1,0.5,1,21,0.051
3,18.86,1,17,1.084
0,5.86,0,7,0.915
4,12.1,1,21,0.021
3,5.49,1,13,0.203
0,2.2,0,22,0.38
1,15.64,1,20,1.585
4,13.4,1,0,0.013
1,11.58,1,21,1.473
2,3.91,0,15,0.159
3,11.96,0,11,0.432
1,29.88,1,3,3.134
4,23.87,0,17,0.037
0,22.95,1,16,6.453
2,22.6,1,6,1.315
1,15.06,1,0,1.261
0,12.75,0,6,2.978
4,14.43,0,1,0.028
2,3.47,1,4,0.097
1,22.5,0,8,1.993
4,4.39,1,1,0.01
2,15.85,0,21,0.421
0,21.73,0,8,5.045
1,19.93,0,20,1.837
1,11.05,1,15,0.936
0,13.36,0,19,2.815
1,7.28,1,1,0.548
4,0.58,0,15,0.01
3,19.36,1,5,1.167
3,18.56,1,0,0.647
3,19.57,0,13,0.694
3,5.09,0,9,0.284
3,7.89,1,15,0.259
0,17.67,1,17,3.166
4,6.44,1,23,0.014
4,26.69,0,22,0.052
3,23.88,0,16,1.279
2,8.11,0,5,0.164
0,23.33,0,15,3.842
3,23.11,0,4,0.968
3,14.82,0,8,0.905
0,17.73,1,9,3.126
4,20.86,1,22,0.038
2,19.25,0,9,0.937
2,26.3,0,7,0.695
4,17.33,0,21,0.03
1,23.19,1,0,1.804
2,10.25,0,14,0.214
3,23.2,1,21,1.513
4,24.91,0,23,0.027
0,19.67,1,16,2.849
4,21.54,0,8,0.046
4,3.48,0,15,0.01
2,17.73,0,15,0.646
4,14.42,0,1,0.01
3,14.81,1,11,1.06
0,13.35,1,12,3.158
1,2.17,1,12,0.168
3,8.68,1,23,0.66
1,28.95,1,0,3.102
1,9.16,0,15,0.872
2,2.35,0,11,0.107
0,9.37,0,9,1.988
0,5.66,0,7,1.069
1,23.71,0,11,1.799
2,27.2,0,7,0.667
0,20.76,1,17,5.304
3,29.98,1,9,1.512
1,21.21,0,0,1.511
4,27.02,0,8,0.051
3,28.06,1,20,1.394
1,17.78,0,13,1.19
0,13.14,0,12,2.376
1,21.84,1,16,1.817
3,15.72,1,4,0.874
2,17.67,1,12,0.673
1,3.95,0,7,0.253
4,11.48,1,22,0.014
0,3.48,1,10,0.777
2,15.73,1,7,0.806
3,13.59,1,3,0.464
1,19.33,1,14,1.993
0,0.54,0,20,0.081
4,24.18,0,13,0.034
3,10.99,0,11,0.672
2,23.12,0,8,0.827
4,24.42,1,2,0.022
4,8.1,1,19,0.011
0,16.41,0,16,2.475
4,22.84,0,13,0.015
3,11.07,0,7,0.595
4,16.68,1,5,0.027
0,27.1,0,7,5.151
2,0.87,1,9,0.028
4,22.55,0,12,0.03
4,17.56,0,14,0.031
0,12.41,1,3,2.113
2,27.28,1,23,1.283
3,26.77,1,21,1.954
4,27.69,1,21,0.034
0,21.5,0,19,5.431
0,15.69,1,15,3.273
0,6.92,1,4,1.872
2,29.39,1,15,1.533
4,20.96,0,11,0.036
4,23.95,1,15,0.029
0,14.16,0,3,2.106
2,5.46,0,9,0.262
3,20.53,1,17,1.422
4,12.13,1,8,0.027
4,3.9,1,19,0.01
2,18.05,1,13,0.54
2,24.4,1,15,0.69
4,18.56,1,12,0.024
0,18.01,1,22,2.731
3,7.05,1,10,0.341
3,29.67,0,11,1.086
3,29.23,1,19,2.328
3,27.95,1,5,1.966
2,18.91,1,17,0.462
1,12.51,1,17,1.069
4,10.37,1,19,0.014
1,9.87,1,8,1.069
0,18.61,1,2,4.544
3,8.8,1,10,0.526
3,29.09,1,13,1.577
0,9.98,0,22,1.829
0,10.09,1,16,2.54
2,1.3,0,14,0.051
0,25.13,0,17,7.293
4,2.97,0,15,0.01
0,20.89,0,1,3.987
2,3.5,0,21,0.116
3,21.64,0,13,1.097
3,16.8,1,17,0.747
4,12.6,1,1,0.024
4,12.55,0,2,0.018
1,29.05,0,21,2.256
1,8.44,1,9,1.026
2,22.52,1,5,0.583
0,1.75,1,23,0.466
1,20.44,1,17,1.585
3,27.23,0,6,1.642
0,4.61,1,21,1.249
1,28.15,1,1,2.712
1,1.16,0,2,0.11
4,7.96,1,18,0.01
2,15.43,1,13,0.418
3,1.76,1,23,0.076
2,17.79,1,12,0.475
2,25.56,0,5,0.575
4,18.24,1,20,0.013
2,14.73,0,10,0.693
4,23.34,0,14,0.021
2,5.21,0,9,0.136
0,21.38,1,15,5.514
4,26.79,1,17,0.016
4,21.0,0,13,0.042
2,4.63,0,20,0.177
0,6.31,1,12,1.537
3,8.95,1,10,0.717
1,11.51,1,6,0.85
0,4.24,1,15,1.017
0,25.8,0,5,6.554
1,8.82,0,5,0.601
0,1.93,1,9,0.333
4,21.39,0,11,0.017
4,21.33,1,10,0.014
0,6.75,0,0,0.995
3,28.81,1,11,1.013
2,19.35,1,19,0.874
3,5.92,0,16,0.371
0,29.4,1,6,4.592
2,2.63,0,15,0.097
3,4.43,1,5,0.272
3,11.36,1,9,0.451
1,26.22,1,10,2.139
1,1.67,1,2,0.141
2,18.99,0,18,0.714
3,2.38,1,2,0.133
4,23.63,1,1,0.046
1,25.23,0,4,2.539
4,24.45,1,5,0.037
3,22.99,1,21,0.976
2,3.01,1,14,0.169
1,7.64,1,4,0.611
1,27.57,1,23,1.923
0,1.03,1,15,0.228
2,25.13,1,11,0.573
0,3.72,0,0,0.634
4,21.53,1,21,0.013
3,11.73,0,19,0.629
2,12.6,1,4,0.619
1,28.35,0,17,3.333
0,7.73,0,22,1.831
3,17.51,0,18,0.911
3,9.59,0,21,0.683
0,12.64,1,6,3.006
2,9.37,1,11,0.34
1,27.41,0,12,2.004
2,17.58,0,9,0.887
2,28.07,0,10,0.931
4,10.18,0,5,0.018
1,6.9,0,14,0.48
4,4.59,0,16,0.01
1,24.43,0,11,2.582
0,23.09,1,0,5.307
2,20.81,0,20,0.602
0,19.87,0,21,4.845
3,9.65,0,21,0.639
4,11.7,0,0,0.01
3,5.76,1,14,0.223
4,27.93,1,12,0.018
2,26.82,1,6,1.525
0,11.08,0,19,2.554
4,1.7,1,14,0.01
0,1.19,1,21,0.218
3,2.89,1,22,0.12
0,22.73,1,22,4.225
2,22.96,0,7,0.692
3,4.12,0,16,0.258
0,26.68,1,15,4.049
1,26.47,1,3,2.455
1,12.9,1,7,1.359
1,16.67,1,11,1.764
4,15.15,1,3,0.026
2,14.44,1,8,0.512
4,7.81,1,14,0.01
3,8.11,0,7,0.404
0,11.72,0,19,2.42
1,24.26,1,4,2.027
2,0.84,0,9,0.021
0,19.04,1,7,4.37
3,25.3,1,9,1.316
0,10.83,1,12,1.509
4,19.13,0,22,0.022
2,13.25,1,13,0.656
0,19.52,1,9,3.579
3,18.77,1,7,1.224
2,23.01,1,10,0.669
0,26.35,1,13,6.784
0,7.33,1,1,1.026
2,26.54,1,20,0.807
2,25.76,1,5,1.214
4,15.7,1,12,0.026
4,10.59,1,3,0.013
4,18.77,1,16,0.037
1,1.92,0,0,0.189
1,18.3,0,13,1.117
3,5.84,0,12,0.344
2,8.21,0,13,0.41
4,13.02,1,16,0.025
3,15.28,1,13,1.107
1,4.33,0,14,0.279
0,11.3,1,11,3.734
2,16.99,0,12,0.79
0,5.25,0,15,0.727
1,10.67,1,23,1.2
2,24.14,1,6,1.324
0,22.33,1,8,7.037
1,23.54,0,14,2.261
1,26.42,0,19,3.162
0,13.04,0,1,3.105
3,5.61,1,12,0.209
4,19.09,1,16,0.024
4,11.81,0,22,0.013
2,5.61,1,22,0.134
4,10.46,0,1,0.016
1,8.01,1,6,0.901
3,8.82,0,2,0.341
0,23.59,0,8,3.645
0,3.31,0,14,0.662
0,18.11,0,20,5.246
4,25.11,1,12,0.025
3,1.81,0,1,0.085
0,1.84,1,16,0.404
2,16.02,0,0,0.57
2,21.84,1,9,0.966
3,5.66,1,21,0.267
2,19.64,1,23,0.69
4,1.14,1,13,0.01
3,14.03,1,20,0.949
1,12.95,1,6,1.057
4,16.84,0,15,0.026
4,6.71,0,12,0.01
0,7.9,0,23,1.809
0,26.05,0,12,3.98
2,5.02,1,0,0.166
3,2.01,0,14,0.068
0,23.48,1,2,5.13
3,18.15,1,17,0.735
0,22.79,1,0,4.878
1,8.69,1,16,0.764
2,28.81,1,17,1.367
0,16.12,1,12,3.994
4,20.41,0,20,0.023
1,1.42,1,20,0.158
4,15.73,0,0,0.019
4,6.27,0,18,0.011
3,17.85,0,17,0.643
2,4.64,1,22,0.116
1,23.19,1,4,1.573
1,22.58,0,4,1.901
2,26.31,0,4,0.829
2,14.7,1,19,0.469
2,27.99,0,8,1.191
0,13.19,1,22,2.739
4,12.5,1,17,0.017
1,3.5,0,9,0.328
0,9.01,0,18,1.605
3,1.01,0,20,0.053
1,6.92,1,3,0.75
0,18.63,0,1,2.398
0,24.64,1,14,4.087
4,21.83,1,15,0.04
3,18.7,0,12,0.631
2,18.09,1,22,0.629
4,21.9,1,22,0.041
0,25.14,1,2,3.868
1,1.11,0,16,0.092
2,21.06,0,5,0.58
1,2.62,1,10,0.263
4,10.29,1,6,0.01
4,9.63,0,14,0.01
4,10.69,1,11,0.01
1,18.94,0,1,1.785
2,24.63,0,13,1.076
0,15.98,0,21,3.104
4,8.12,0,7,0.014
1,7.54,0,7,0.522
1,9.62,1,23,0.974
0,9.35,1,10,1.48
3,11.1,0,7,0.484
2,17.72,0,7,0.684
3,9.85,1,7,0.661
4,1.61,1,21,0.01
1,22.77,0,1,1.614
0,22.56,0,1,3.297
1,1.55,1,19,0.15
0,29.92,1,3,5.637
2,9.4,1,10,0.496
0,19.41,1,15,3.705
0,18.78,0,0,3.037
0,26.65,1,4,6.932
0,28.56,1,14,4.448
3,18.31,0,1,1.255
0,9.63,0,19,1.824
1,14.82,1,3,1.48
0,29.24,1,12,5.589
1,18.52,1,2,2.049
1,9.19,0,20,0.687
0,7.55,0,7,1.277
2,27.83,1,10,1.055
4,13.37,0,5,0.014
2,22.77,0,17,0.782
2,7.65,1,13,0.195
0,23.32,0,5,5.19
1,4.88,0,12,0.333
3,28.89,1,8,1.611
3,4.13,1,5,0.281
0,10.67,1,17,2.767
3,18.65,0,9,0.715
2,18.63,1,17,0.812
4,6.99,0,17,0.01
0,23.82,0,21,7.069
4,8.08,1,5,0.017
2,16.64,1,14,0.554
2,14.36,1,16,0.669
1,4.19,1,19,0.497
0,29.43,0,5,5.523
0,22.87,1,10,5.58
4,9.05,0,12,0.018
1,15.85,0,11,1.429
1,16.57,1,3,1.471
0,16.94,0,5,2.769
2,29.61,0,23,0.84
2,28.04,1,10,1.335
4,7.61,0,12,0.01
3,19.86,1,19,1.057
1,25.64,0,16,2.588
3,29.54,1,23,1.344
0,15.31,1,16,3.152
4,29.96,0,6,0.031
4,19.5,1,18,0.036
2,4.89,1,7,0.181
1,3.39,0,5,0.298
1,7.29,1,22,0.771
3,24.49,1,11,1.165
4,5.54,0,0,0.01
1,26.31,1,4,1.971
2,17.32,0,0,0.752
3,10.26,0,14,0.643
3,0.64,1,15,0.047
2,10.63,1,17,0.499
1,23.29,0,9,2.581
4,26.15,0,16,0.038
4,11.14,1,21,0.01
2,10.64,1,15,0.307
0,22.66,0,8,3.351
0,14.85,0,18,3.071
0,2.63,1,5,0.441
1,25.93,1,10,2.712
1,12.56,0,6,0.934
3,4.09,1,1,0.185
3,7.87,1,5,0.535
3,4.0,1,18,0.282
0,26.85,0,5,4.669
2,29.33,1,8,1.508
2,21.31,1,15,0.574
1,18.74,1,9,1.772
0,1.09,0,21,0.162
3,4.07,1,10,0.152
1,10.04,0,3,0.576
3,25.12,0,18,1.695
3,25.53,0,15,1.626
1,9.04,1,5,0.726
3,12.08,1,22,0.956
0,19.9,0,21,3.27
1,16.97,0,10,1.578
4,9.83,1,1,0.01
3,6.81,1,11,0.266
4,7.82,1,13,0.017
0,14.84,0,10,4.019
1,10.53,0,12,0.899
3,29.72,0,17,1.22
4,0.52,1,14,0.01
3,13.67,0,19,0.442
0,28.41,1,2,5.816
3,18.51,1,19,0.963
3,8.85,1,2,0.648
2,2.15,0,21,0.102
2,3.6,1,16,0.081
3,12.41,0,15,0.667
0,18.9,0,18,3.348
4,14.9,0,2,0.012
0,15.81,0,19,3.373
4,1.93,0,3,0.01
2,13.02,0,22,0.387
2,6.23,1,4,0.195
3,23.88,0,2,0.911
0,29.01,0,5,6.739
4,13.87,1,0,0.013
3,3.07,1,17,0.177
2,8.79,0,17,0.201
3,13.46,1,0,0.899
3,28.51,1,11,1.726
2,20.37,0,10,0.567
2,3.43,0,22,0.183
4,7.88,1,22,0.011
2,29.37,1,20,1.548
1,20.25,0,8,1.613
0,25.62,1,11,4.915
0,9.04,0,19,2.716
4,15.43,0,15,0.026
2,14.61,0,16,0.488
2,9.04,0,12,0.365
3,28.67,0,5,1.514
4,6.69,1,11,0.011
3,16.24,1,3,0.665
2,17.66,0,2,0.804
3,12.25,0,8,0.543
2,18.85,0,14,0.684
4,2.11,1,13,0.01
1,4.96,0,0,0.346
0,6.21,1,16,1.145
3,6.2,1,0,0.504
0,1.56,0,19,0.369
1,20.56,1,8,2.31
3,9.83,0,12,0.45
2,22.52,0,5,0.752
1,19.91,1,1,1.6
1,4.69,1,15,0.332
2,0.79,1,3,0.028
3,9.09,0,7,0.41
1,1.15,0,7,0.098
3,2.75,1,4,0.129
3,11.35,1,14,0.761
2,10.28,1,21,0.519
3,23.13,1,18,1.286
1,13.62,0,12,1.211
4,1.31,0,0,0.01
3,18.49,1,4,1.094
4,4.81,0,1,0.01
2,27.43,0,18,0.732
2,13.31,1,17,0.375
2,0.97,0,14,0.022
0,2.71,1,5,0.563
1,1.19,1,20,0.158
2,27.4,0,17,1.1
3,4.15,1,21,0.252
0,16.08,1,1,3.563
4,25.84,1,22,0.029
2,4.41,0,1,0.205
4,4.32,0,12,0.01
0,6.93,0,17,1.045
2,4.83,0,0,0.191
2,28.49,1,6,1.616
2,5.2,1,18,0.283
0,1.05,0,0,0.198
2,7.08,1,12,0.265
3,1.08,0,12,0.048
4,4.71,1,17,0.01
4,0.76,0,10,0.01
4,4.74,0,20,0.01
4,24.91,1,13,0.041
0,21.41,1,3,3.172
4,15.71,1,8,0.017
3,10.01,0,20,0.641
2,13.89,0,8,0.313
4,15.63,0,19,0.01
2,24.43,1,20,0.59
2,13.45,0,18,0.656
4,1.27,1,20,0.01
1,4.11,1,0,0.319
4,13.01,0,19,0.01
1,20.9,0,5,1.527
4,16.07,1,0,0.026
1,11.7,0,11,1.203
4,5.68,1,11,0.01
4,13.23,0,21,0.015
3,12.67,1,6,0.872
3,19.24,0,2,1.231
4,1.51,0,22,0.01
3,5.72,1,2,0.26
0,14.9,1,20,3.666
1,19.22,0,17,1.874
0,20.31,0,22,5.345
2,10.08,0,6,0.237
3,3.7,1,19,0.199
1,26.22,1,22,2.122
1,1.66,1,5,0.144
4,15.34,0,8,0.021
0,22.98,1,23,3.625
1,5.51,0,11,0.57
0,9.68,0,16,1.822
2,3.93,1,11,0.098
0,16.9,1,8,4.444
0,27.61,1,2,4.066
0,16.06,0,8,3.166
2,26.74,0,13,1.134
2,9.3,0,23,0.239
3,3.76,1,13,0.259
1,13.14,1,11,1.333
4,14.34,0,15,0.01
4,23.79,1,20,0.039
1,3.08,0,16,0.225
1,26.19,1,8,2.509
0,23.51,1,13,4.402
1,21.39,0,13,1.973
1,29.34,0,5,1.928
0,17.04,1,11,3.382
4,19.33,0,1,0.029
2,24.27,1,1,1.067
0,9.28,1,22,1.662
2,2.16,1,13,0.05
1,26.22,1,14,1.954
2,9.27,0,1,0.437
3,1.92,1,1,0.117
4,11.29,1,8,0.01
0,9.82,1,18,1.821
3,8.9,1,5,0.658
0,4.67,1,2,0.948
4,2.86,0,4,0.01
4,14.9,0,10,0.017
2,9.46,1,0,0.399
2,19.12,1,9,0.564
4,18.01,0,12,0.027
3,14.13,0,6,0.785
3,14.57,1,8,0.628
4,28.95,1,21,0.032
4,17.09,0,7,0.014
3,25.91,0,20,1.725
1,17.51,0,15,1.344
3,15.32,0,15,0.71
3,26.27,1,4,1.169
1,23.86,1,10,3.129
4,4.93,1,16,0.01
0,8.6,1,5,1.739
0,1.93,0,5,0.437
4,19.35,0,12,0.011
3,4.42,1,16,0.234
0,17.35,1,18,2.874
2,21.0,0,11,0.481
1,7.33,0,21,0.822
0,12.2,1,10,3.696
3,13.72,1,3,0.811
1,23.79,1,5,2.199
2,10.99,0,7,0.429
0,3.43,1,3,0.55
3,19.27,0,22,1.453
1,29.54,1,18,2.898
1,2.32,0,23,0.227
2,17.97,0,7,0.638
1,12.39,1,13,1.336
4,29.87,1,18,0.033
3,7.71,0,0,0.473
4,14.75,0,23,0.012
0,25.86,1,11,5.34
2,20.58,0,7,0.596
4,17.43,0,23,0.021
0,7.19,0,15,1.57
3,25.84,0,15,1.509
4,2.89,0,2,0.01
2,25.75,0,15,1.122
4,8.51,0,22,0.011
2,14.46,1,21,0.447
3,24.95,0,21,1.083
2,6.76,0,23,0.345
1,7.08,0,3,0.665
0,7.63,0,19,2.01
2,26.54,1,14,0.73
0,24.24,0,3,4.15
1,12.12,0,7,0.845
0,24.22,1,8,6.514
3,10.3,1,17,0.422
2,21.54,0,7,0.603
0,29.03,1,19,4.686
4,21.36,0,10,0.016
1,25.68,1,2,1.953
4,16.21,1,9,0.018
0,9.65,0,18,1.692
0,3.79,1,2,0.74
4,8.05,0,19,0.011
1,13.87,1,12,1.121
3,29.63,0,5,1.298
2,2.65,1,8,0.085
0,6.76,0,2,1.55
1,0.58,0,5,0.043
1,11.92,0,6,0.946
0,3.54,0,7,0.885
4,18.82,0,21,0.035
1,19.74,0,0,1.602
4,9.09,1,13,0.015
2,26.38,0,12,1.223
4,3.83,0,3,0.01
4,3.88,0,11,0.01
3,13.68,0,22,0.739
2,6.35,1,0,0.332
1,2.71,1,18,0.344
3,2.4,1,14,0.174
0,23.05,1,2,4.683
3,17.0,1,13,1.095
0,28.08,1,13,4.035
4,1.66,1,12,0.01
1,8.81,0,13,0.633
0,28.35,1,20,4.96
3,14.87,0,12,0.691
3,21.9,0,9,1.127
2,17.87,1,15,0.484
1,4.65,0,15,0.332
4,13.81,1,9,0.018
3,13.88,1,21,0.74
4,29.68,1,5,0.035
1,12.23,0,18,1.108
2,10.03,0,11,0.287
3,4.54,0,22,0.279
2,23.26,0,21,0.722
3,1.27,1,12,0.078
4,14.1,1,22,0.019
4,12.05,1,19,0.017
2,10.5,0,7,0.343
3,16.93,0,19,0.853
0,24.73,1,6,4.875
2,9.39,0,5,0.453
4,8.5,1,21,0.012
0,14.94,1,19,4.607
1,2.68,1,12,0.242
2,8.21,1,0,0.321
1,0.97,1,0,0.093
3,19.72,0,8,1.156
0,1.81,1,7,0.261
2,20.72,1,5,1.07
0,19.0,1,21,6.559
3,28.53,0,3,1.88
3,1.76,0,1,0.126
0,10.79,1,19,2.74
4,29.59,0,22,0.047
2,29.35,1,0,1.264
2,3.21,0,9,0.1
2,22.2,0,13,1.099
2,9.29,0,2,0.387
3,1.59,1,22,0.082
2,3.63,1,18,0.194
3,8.53,0,20,0.276
2,25.11,0,15,0.623
3,13.3,0,5,0.728
4,11.08,1,21,0.015
1,20.31,1,2,1.73
0,6.0,1,11,0.899
2,21.15,0,0,0.815
1,19.21,0,2,1.526
2,14.6,0,0,0.691
0,3.51,1,9,0.529
1,1.72,1,10,0.146
4,1.46,1,0,0.01
1,16.85,1,12,1.618
4,20.75,0,21,0.016
3,2.96,0,1,0.18
1,6.93,0,9,0.544
4,14.1,0,14,0.011
3,8.4,0,22,0.311
3,26.18,0,18,1.449
4,24.24,0,19,0.015
1,25.96,1,19,2.41
4,24.75,0,18,0.051
2,24.46,1,8,1.244
1,25.88,0,20,1.959
2,26.72,1,3,1.294
3,8.08,1,23,0.507
0,25.99,1,21,5.535
2,20.7,0,22,0.74
0,10.23,0,5,2.165
3,11.52,0,10,0.416
0,7.75,0,15,1.243
0,20.62,0,12,4.758
0,23.83,1,9,5.905
0,2.22,0,4,0.474
4,11.78,0,19,0.011
0,29.37,1,3,7.523
0,19.3,1,12,2.74
4,19.82,1,2,0.032
2,15.87,0,20,0.533
0,23.25,1,4,5.716
4,21.62,1,15,0.015
3,3.44,0,14,0.127
3,20.29,0,5,0.867
2,6.19,1,5,0.304
4,8.0,0,3,0.017
3,27.27,1,7,1.664
2,8.49,0,6,0.225
3,10.76,0,9,0.435
1,21.63,1,19,2.851
3,25.59,0,13,1.595
0,1.74,1,10,0.28
4,17.58,0,2,0.01
2,3.88,1,12,0.096
4,14.02,0,8,0.02
1,25.52,1,12,2.211
3,15.83,0,10,0.529
0,1.71,1,14,0.223
0,6.4,0,23,1.51
0,19.02,1,17,5.567
0,22.76,1,12,5.184
0,7.01,1,18,2.241
4,10.66,1,19,0.015
4,14.89,0,1,0.011
3,13.75,1,18,0.466
1,2.08,1,11,0.197
1,7.29,1,16,0.536
0,27.59,1,11,8.548
2,24.98,1,2,1.285
0,5.05,1,17,1.516
0,19.21,1,17,5.735
3,25.83,1,0,1.109
3,10.1,0,1,0.51
0,19.08,0,14,4.287
0,12.17,0,11,1.875
2,7.63,1,15,0.253
3,29.58,0,14,1.582
0,25.82,1,2,3.989
3,2.87,1,14,0.138
3,25.26,0,14,1.081
2,29.49,1,16,1.012
3,2.31,1,14,0.156
3,29.53,1,17,1.412
3,9.99,0,15,0.684
0,28.58,0,2,7.238
0,8.21,1,3,1.604
1,0.69,1,6,0.046
4,16.15,0,5,0.01
2,6.43,1,20,0.16
2,18.53,0,6,0.397
3,24.73,1,1,1.396
4,10.48,1,13,0.02
2,27.93,1,14,1.465
4,22.44,1,9,0.041
1,5.49,0,8,0.454
3,2.4,1,21,0.134
0,0.72,0,19,0.198
3,17.08,0,7,1.024
0,15.61,1,5,3.991
4,23.17,1,6,0.014
3,13.19,0,1,0.769
2,26.0,1,2,1.401
1,13.39,1,10,1.132
3,23.34,0,0,1.392
2,13.89,1,21,0.387
1,8.98,0,17,0.722
0,25.43,1,6,5.055
1,18.15,1,3,1.777
1,10.49,1,9,0.97
3,2.56,1,1,0.09
1,29.46,0,19,2.587
0,25.31,0,14,6.094
1,19.48,0,18,1.792
4,21.76,0,20,0.046
3,3.35,0,19,0.203
1,20.86,0,19,1.668
4,11.74,1,22,0.021
2,4.31,1,22,0.209
2,21.26,0,13,0.539
4,21.53,0,6,0.015
3,18.77,0,12,1.283
4,25.1,1,10,0.021
1,16.53,0,14,1.592
1,27.29,1,12,2.784
3,7.77,0,10,0.409
4,4.94,0,14,0.01
4,11.93,0,17,0.01
3,11.55,0,5,0.676
2,9.01,1,17,0.483
2,4.31,0,23,0.176
4,15.09,1,20,0.01
3,18.99,0,12,0.964
2,6.0,0,6,0.239
0,10.01,0,19,2.318
1,23.74,0,6,1.571
3,10.16,1,18,0.8
0,13.6,0,10,3.811
0,11.66,1,0,3.177
1,20.52,1,19,2.524
3,16.58,1,8,1.347
1,23.54,0,2,2.545
3,18.4,0,0,1.336
4,3.16,0,16,0.01
1,24.06,0,20,2.103
2,1.16,0,11,0.035
2,3.52,1,1,0.106
2,21.65,0,23,1.043
0,29.81,1,22,7.112
3,12.74,0,6,0.529
2,18.15,1,13,0.809
0,1.07,1,15,0.246
0,5.6,0,6,0.851
1,29.73,1,11,3.361
3,12.94,1,20,0.812
1,14.56,0,23,1.362
0,12.62,1,18,2.909
0,13.72,1,1,3.613
2,3.07,0,1,0.093
0,12.2,0,12,2.141
1,7.62,1,10,0.689
4,21.14,0,7,0.016
0,8.34,0,8,1.38
4,10.19,1,20,0.021
3,27.3,0,15,1.787
4,26.9,0,17,0.024
3,19.55,1,12,1.509
3,1.1,1,8,0.051
1,6.59,1,2,0.547
1,5.88,1,23,0.528
4,24.13,1,7,0.035
3,0.89,0,15,0.051
0,6.58,1,15,0.987
4,18.93,1,9,0.022
4,15.02,1,15,0.027
3,10.5,0,23,0.615
2,14.99,1,19,0.71
1,26.69,0,1,2.43
2,27.54,0,0,1.172
2,28.42,1,12,0.899
3,7.86,0,20,0.502
0,19.53,1,16,3.66
1,10.75,1,20,1.16
1,25.34,1,2,2.092
0,9.34,1,8,1.504
3,24.41,1,10,1.736
3,23.62,0,3,1.564
4,15.24,1,6,0.027
0,15.45,0,3,3.202
2,2.68,1,16,0.088
3,20.5,1,1,0.703
2,8.69,1,15,0.218
3,12.11,0,11,0.814
3,26.91,1,23,1.813
0,10.64,1,7,2.459
4,25.38,0,5,0.022
2,2.71,0,11,0.111
2,24.12,0,16,0.805
3,14.32,1,6,0.527
2,16.37,0,5,0.586
1,3.06,0,0,0.224
1,22.52,1,7,2.453
1,11.83,1,11,1.424
2,1.22,0,8,0.032
1,24.44,1,7,2.087
4,1.76,0,10,0.01
3,20.18,1,21,0.932
4,26.85,1,8,0.034
3,23.6,1,20,1.009
0,4.12,0,8,0.547
3,8.39,0,19,0.252
3,20.95,0,10,1.203
4,19.85,0,21,0.011
3,9.26,1,11,0.632
0,24.46,0,22,3.198
1,10.35,1,4,0.971
1,10.08,1,6,0.957
0,3.63,1,23,0.901
2,6.13,0,17,0.26
1,13.17,1,9,1.627
0,10.25,1,20,2.231
0,22.74,0,10,5.865
0,1.99,0,14,0.399
2,25.93,1,17,0.717
0,13.18,1,22,3.737
1,8.07,1,18,0.766
4,17.77,1,18,0.025
3,18.66,0,19,0.855
4,16.21,1,20,0.028
0,10.19,0,3,1.436
2,29.55,1,21,1.422
4,7.56,1,5,0.012
3,25.28,0,13,0.912
2,11.26,0,0,0.259
1,7.86,0,17,0.571
3,23.64,0,16,1.541
0,7.05,0,8,1.084
4,27.7,0,2,0.042
3,4.8,0,3,0.248
4,28.77,0,15,0.055
1,10.92,1,20,1.464
0,12.76,0,16,3.019
2,16.19,0,14,0.36
1,17.18,1,4,1.652
0,17.94,1,15,4.002
4,6.97,1,3,0.01
0,15.38,1,6,2.853
3,13.84,0,0,0.623
2,3.28,1,22,0.161
0,15.83,1,11,3.626
3,17.26,0,22,0.986
3,19.02,0,5,0.944
3,11.68,0,18,0.356
3,26.32,1,11,1.53
1,15.86,0,3,1.341
0,29.38,0,15,6.027
2,19.78,0,4,0.39
2,21.5,0,4,0.946
1,11.65,0,5,0.93
3,21.87,0,9,1.086
3,8.49,0,1,0.392
4,16.91,1,22,0.014
4,22.46,1,15,0.037
4,14.45,0,10,0.016
3,2.57,1,12,0.135
0,10.7,0,5,1.515
1,4.96,0,6,0.305
3,14.92,1,4,0.909
1,22.58,0,13,1.982
4,16.63,1,8,0.035
1,6.09,0,8,0.62
3,5.77,1,19,0.263
0,13.9,1,6,3.763
4,7.45,1,4,0.013
3,1.06,1,9,0.047
2,10.77,1,1,0.596
1,11.29,1,13,1.117
0,13.31,1,17,2.663
1,4.67,0,6,0.43
3,6.81,1,14,0.335
2,10.89,0,12,0.508
3,17.59,1,16,1.431
4,19.5,0,15,0.031
1,5.78,0,2,0.486
2,4.8,0,22,0.186
2,1.97,1,14,0.105
3,28.52,0,23,1.594
2,11.43,1,4,0.286
4,20.45,0,4,0.037
3,11.73,0,20,0.537
0,28.32,1,21,8.484
0,2.51,0,1,0.371
4,25.68,1,16,0.02
0,8.9,1,11,1.501
1,19.72,1,7,1.603
3,27.78,1,20,1.194
0,21.85,0,2,3.532
4,19.64,1,19,0.033
4,8.69,0,1,0.011
0,21.09,1,6,4.804
1,17.44,0,20,1.468
2,22.7,0,11,1.008
2,11.14,0,19,0.368
3,10.87,0,10,0.474
4,15.17,0,3,0.03
0,14.72,0,7,3.43
3,5.07,0,18,0.198
3,20.32,1,15,1.071
2,20.41,0,13,0.75
4,29.49,1,3,0.048
3,4.78,0,23,0.199
0,2.9,0,8,0.761
3,4.39,1,3,0.19
3,8.76,0,23,0.45
1,26.61,0,10,3.061
3,4.29,1,9,0.281
3,22.51,1,3,0.939
4,0.73,0,5,0.01
0,24.46,1,17,6.583
4,8.49,0,3,0.015
4,27.48,0,5,0.052
1,10.04,1,14,0.925
4,25.08,0,12,0.032
0,6.57,0,19,1.398
2,14.88,0,23,0.352
3,25.51,1,21,1.923
2,0.88,1,12,0.028
2,29.2,1,13,1.324
2,6.56,0,22,0.303
4,20.75,1,8,0.026
0,2.67,0,7,0.698
0,11.92,1,18,3.628
0,8.4,1,12,1.388
1,21.52,0,23,1.703
2,22.17,1,9,1.234
4,2.68,0,22,0.01
1,19.59,1,12,1.37
0,10.93,0,6,2.542
3,27.69,1,6,1.206
0,27.19,1,15,6.154
2,11.06,0,2,0.293
2,29.75,1,13,1.322
0,26.92,1,2,7.422
0,18.61,1,12,4.606
2,22.73,0,14,0.983
4,12.8,0,4,0.019
1,9.1,0,16,0.806
1,9.3,0,7,0.81
1,12.05,0,11,0.848
1,27.12,1,23,2.223
3,8.26,1,14,0.606
1,21.28,0,8,1.557
0,28.27,1,14,8.274
3,8.19,1,2,0.391
3,18.38,0,3,0.995
3,27.28,1,2,1.991
1,3.98,0,7,0.284
3,4.23,1,19,0.265
0,5.47,0,15,0.827
3,26.75,0,1,0.933
1,7.33,1,18,0.976
4,4.56,1,19,0.01
3,6.48,1,16,0.271
3,27.72,1,10,1.094
4,26.56,1,4,0.028
3,21.9,0,16,1.027
0,19.26,1,22,5.03
1,0.69,1,17,0.071
1,24.79,0,16,1.875
0,3.57,0,18,0.832
4,15.03,1,7,0.027
0,20.96,1,4,3.183
1,5.04,1,6,0.528
3,14.27,1,21,0.826
3,15.53,1,5,0.576
2,28.79,1,2,1.104
4,14.7,1,10,0.025
1,18.83,0,15,1.623
0,13.57,1,21,2.744
3,19.03,0,19,0.661
2,10.1,0,14,0.213
2,23.07,0,0,0.83
0,5.79,0,9,0.996
1,6.88,1,21,0.572
1,15.21,0,17,1.564
2,20.24,0,5,0.435
1,15.78,0,1,0.964
0,22.73,0,23,3.879
0,28.47,0,9,5.774
4,11.57,1,12,0.026
4,7.33,0,20,0.01
0,11.24,0,12,2.786
3,23.25,1,21,1.826
3,24.34,1,3,1.405
1,15.58,0,1,1.327
0,19.76,0,17,4.457
3,3.31,0,21,0.168
3,3.06,0,7,0.168
1,28.17,1,6,2.238
2,14.66,0,14,0.468
2,9.25,0,6,0.273
4,1.97,0,1,0.01
0,21.71,1,20,7.105
2,5.29,1,20,0.233
1,9.7,0,23,0.799
4,10.71,0,20,0.014
1,0.81,1,8,0.073
2,0.66,1,6,0.03
0,26.05,0,6,6.936
1,5.0,0,18,0.402
4,7.69,0,1,0.011
4,17.09,1,19,0.027
1,7.28,1,8,0.841
4,16.43,1,14,0.013
1,21.05,1,8,2.147
0,7.16,1,21,2.011
3,6.58,1,23,0.347
1,3.13,0,23,0.202
3,5.15,0,20,0.346
0,3.37,0,5,0.676
0,26.64,0,13,5.63
0,13.78,1,18,3.693
3,4.85,0,14,0.293
0,2.04,0,0,0.393
3,2.73,1,0,0.14
3,2.03,0,7,0.115
1,28.89,1,7,3.148
2,20.5,0,16,0.754
1,11.55,1,6,1.082
1,6.53,0,14,0.608
2,0.78,0,20,0.022
4,25.86,1,16,0.021
0,27.06,0,9,7.028
3,2.99,1,22,0.126
3,23.34,0,6,1.109
3,8.16,1,18,0.327
0,12.38,1,5,3.167
0,24.44,0,1,6.162
0,0.99,0,0,0.23
2,16.27,0,20,0.523
1,9.49,1,20,1.189
2,3.79,0,18,0.126
0,4.11,0,23,1.047
1,3.08,0,4,0.21
0,4.2,1,12,0.621
1,7.71,0,20,0.765
2,7.42,1,18,0.173
1,20.01,1,22,1.476
1,16.06,1,3,1.247
4,12.57,0,19,0.011
4,23.03,1,12,0.016
2,18.51,1,16,0.514
2,21.06,0,23,0.998
3,22.18,0,7,1.01
3,17.14,1,10,0.635
3,25.74,0,20,1.042
4,20.77,1,2,0.034
1,26.91,1,5,3.025
1,22.19,1,11,1.776
3,29.98,0,23,2.096
2,17.43,1,1,0.499
0,1.46,1,19,0.322
4,25.91,1,21,0.045
0,22.09,1,8,6.447
3,24.53,0,6,1.014
2,28.51,0,2,0.862
3,6.64,1,9,0.497
2,22.22,0,9,0.723
0,2.85,1,21,0.467
2,15.84,0,6,0.657
1,21.49,1,12,2.228
0,1.15,1,7,0.258
1,3.51,0,16,0.268
3,6.06,1,3,0.208
4,7.55,1,20,0.015
4,7.28,0,23,0.016
2,9.15,1,10,0.337
3,29.51,0,7,1.724
0,19.97,0,5,4.57
1,27.92,0,12,2.009
2,21.24,1,15,1.182
3,21.38,0,0,1.376
0,29.95,0,9,8.221
3,15.36,1,21,1.09
0,26.93,1,14,3.9
2,5.97,0,15,0.16
3,18.35,0,3,1.046
1,27.34,1,8,2.627
0,2.9,1,0,0.673
2,17.17,1,6,0.608
2,1.28,1,1,0.056
2,22.69,0,11,1.229
0,29.43,0,23,4.346
3,17.93,0,8,0.815
2,19.94,1,21,0.724
0,28.72,0,9,3.934
2,6.8,1,20,0.2
4,5.03,0,11,0.01
0,4.25,1,4,0.879
3,13.2,0,4,0.605
0,19.71,1,22,3.088
2,5.89,1,22,0.167
4,18.15,0,18,0.035
2,10.94,1,16,0.412
2,6.45,1,13,0.325
1,1.3,0,8,0.105
1,15.3,1,4,1.21
4,24.65,0,23,0.045
4,3.23,0,20,0.01
1,20.36,1,6,1.896
4,11.37,0,5,0.01
3,19.75,0,13,0.695
2,27.3,0,9,1.256
2,18.07,1,10,0.449
0,5.29,1,12,1.069
0,8.85,0,14,2.167
4,13.23,1,14,0.028
0,26.28,1,19,4.469
4,7.78,0,0,0.01
1,28.04,1,1,3.262
3,8.08,0,0,0.331
0,8.9,1,18,1.966
0,6.84,1,21,1.555
0,14.05,0,13,2.536
4,18.71,1,15,0.035
1,10.52,0,8,0.958
1,9.07,1,1,0.711
2,9.31,1,8,0.311
2,18.32,0,14,0.895
1,2.59,1,3,0.211
4,4.34,0,22,0.01
2,7.72,1,21,0.35
4,25.21,0,7,0.034
2,26.63,0,7,0.616
0,24.55,1,8,6.506
2,9.22,0,22,0.484
4,5.08,1,18,0.01
2,10.55,1,18,0.614
1,9.39,1,23,0.663
4,26.33,1,17,0.027
3,11.74,1,9,0.868
3,18.99,1,14,1.226
3,20.12,0,8,0.989
0,23.52,0,18,5.48
3,26.35,1,5,1.054
2,17.93,0,8,0.849
1,28.5,0,6,2.139
1,22.3,1,11,2.037
1,21.88,1,23,2.254
3,13.38,1,4,0.877
2,22.12,1,6,0.55
3,28.55,1,11,1.298
2,15.91,1,21,0.603
4,23.24,1,19,0.02
2,3.38,0,15,0.118
4,21.96,1,17,0.018
1,11.39,1,20,1.417
1,3.06,1,11,0.41
1,6.23,0,12,0.457
0,24.86,0,12,4.192
2,7.44,0,15,0.264
0,21.97,1,13,3.674
4,24.96,1,12,0.02
0,21.52,1,21,6.748
4,22.43,0,6,0.025
0,16.01,0,5,2.568
4,17.32,0,3,0.018
0,0.8,0,3,0.2
4,13.34,1,12,0.02
2,2.12,1,11,0.059
3,2.05,0,20,0.154
0,24.07,0,2,4.186
2,28.32,1,15,1.11
1,27.59,0,22,2.378
3,19.68,1,3,0.794
0,16.55,1,12,3.225
3,7.77,0,16,0.532
4,9.21,1,16,0.018
1,22.94,1,22,1.982
4,19.99,1,10,0.027
0,12.27,1,9,2.643
2,22.09,1,15,0.783
2,5.56,0,5,0.28
3,3.25,0,0,0.108
0,18.53,0,23,3.461
3,18.14,1,17,1.12
0,15.44,1,14,2.951
2,14.69,0,1,0.528
0,18.26,1,6,5.061
4,27.26,1,16,0.033
2,13.28,1,1,0.376
0,13.39,0,23,2.714
1,3.39,0,12,0.221
4,26.09,1,14,0.053
1,3.98,1,16,0.312
1,25.18,1,2,2.449
1,27.37,0,19,3.265
1,4.98,0,7,0.415
2,22.91,1,9,1.281
3,24.74,1,13,1.155
4,11.2,0,6,0.022
1,8.92,0,9,0.692
1,0.65,1,11,0.053
4,29.59,1,0,0.036
3,22.18,1,18,1.71
3,1.01,0,9,0.061
3,20.65,1,4,0.915
4,3.84,0,14,0.01
4,2.17,1,23,0.01
2,4.87,1,17,0.259
4,25.35,1,11,0.033
3,10.89,0,9,0.49
3,0.7,0,12,0.028
0,5.4,0,21,1.512
4,7.01,0,5,0.01
1,10.97,1,15,0.799
1,18.14,1,8,2.023
1,5.85,1,6,0.576
0,29.4,1,8,8.1
1,17.45,1,2,1.4
0,4.15,0,9,0.813
2,1.18,1,19,0.048
1,2.62,0,1,0.165
0,18.69,0,9,2.883
1,7.11,1,21,0.755
1,3.36,1,21,0.363
4,22.83,0,8,0.024
4,17.17,1,9,0.019
4,8.87,1,9,0.01
3,9.83,1,13,0.468
2,18.44,0,1,0.503
1,14.59,1,8,1.335
1,6.72,1,3,0.608
0,2.38,0,10,0.538
3,3.51,0,16,0.178
0,16.86,0,6,4.113
2,16.0,1,10,0.516
3,8.01,1,6,0.64
3,19.92,1,10,1.189
4,16.72,0,23,0.028
4,27.45,0,7,0.046
4,18.12,1,17,0.015
3,21.36,1,10,0.726
4,16.85,0,9,0.01
2,24.43,0,15,0.844
4,18.62,0,19,0.032
2,8.89,0,21,0.25
3,20.22,0,3,1.166
3,7.45,0,12,0.528
1,2.14,0,13,0.148
1,16.13,0,21,1.74
2,10.0,0,22,0.287
0,4.34,1,0,0.611
4,15.7,0,9,0.033
1,16.27,1,2,1.632
3,4.32,1,9,0.16
2,19.53,0,13,0.468
4,6.12,0,4,0.01
0,27.43,1,8,7.106
2,3.42,0,3,0.128
4,18.59,0,6,0.022
0,26.37,1,5,4.278
4,21.86,1,7,0.035
3,15.35,0,18,1.088
3,6.86,1,9,0.364
3,17.33,0,14,0.548
0,6.7,1,5,1.49
0,13.57,0,16,1.601
3,6.89,0,9,0.479
0,16.72,0,17,3.085
2,2.91,1,11,0.164
2,28.8,0,16,0.695
0,28.19,0,15,5.422
3,22.31,0,21,0.742
4,24.11,1,11,0.029
4,29.24,1,7,0.039
3,24.08,1,22,0.805
4,15.69,0,0,0.019
2,14.14,1,6,0.7
3,3.18,0,20,0.162
3,29.04,1,20,2.023
2,7.58,1,1,0.226
0,25.02,1,11,4.474
2,17.12,1,2,0.688
2,13.21,1,2,0.487
4,8.22,0,18,0.01
0,7.37,0,5,1.47
0,12.4,0,16,2.859
0,11.15,0,23,1.745
4,26.78,1,21,0.046
2,18.12,0,20,0.758
1,27.33,0,0,2.534
0,26.81,1,3,5.719
3,2.16,1,19,0.093
3,23.21,0,2,0.851
2,14.05,1,20,0.406
1,15.69,0,4,0.933
1,13.27,1,5,1.269
1,25.93,1,6,1.718
1,6.53,1,15,0.449
2,27.76,1,9,0.596
0,13.39,1,15,3.469
1,14.37,1,3,1.227
2,21.0,1,23,0.974
1,4.77,0,20,0.375
0,1.02,1,18,0.181
4,8.94,1,15,0.02
4,13.87,1,3,0.027
4,8.3,1,13,0.015
3,24.58,0,13,0.754
4,8.47,0,1,0.013
1,11.23,1,22,0.833
1,4.02,1,2,0.27
4,6.11,1,16,0.01
4,3.07,1,3,0.01
1,15.87,1,19,1.773
2,24.19,0,13,0.697
0,8.43,1,4,1.636
2,19.01,1,12,1.013
0,21.59,0,0,4.412
2,24.67,1,4,1.129
0,12.64,1,23,2.726
1,11.19,1,13,0.848
3,11.64,0,9,0.786
0,21.5,1,1,4.253
4,17.56,1,20,0.021
3,3.14,1,2,0.217
0,8.5,1,5,1.849
2,22.19,0,15,0.487
2,5.19,1,17,0.282
2,7.42,1,23,0.347
1,27.42,1,5,2.022
0,27.74,1,19,5.323
4,23.43,1,11,0.045
1,17.72,1,14,2.037
1,11.48,0,17,0.991
4,6.0,0,9,0.01
2,3.53,0,4,0.178
2,25.74,1,3,1.255
2,29.76,1,16,0.892
4,11.44,1,17,0.014
4,28.04,1,22,0.042
4,28.03,0,6,0.042
3,5.72,1,12,0.282
1,7.47,1,13,0.557
0,24.97,0,8,6.857
2,11.47,1,8,0.372
1,15.96,0,3,1.299
4,13.28,1,14,0.028
4,22.05,1,10,0.025
3,1.74,1,16,0.069
2,11.31,1,14,0.642
4,12.62,1,17,0.013
3,25.93,1,11,1.294
2,10.45,0,5,0.3
3,8.39,0,16,0.421
2,8.67,1,18,0.216
0,27.81,0,22,5.252
0,3.51,0,21,0.952
4,26.8,1,2,0.054
4,22.05,0,9,0.037
2,15.41,0,22,0.732
1,4.98,0,10,0.464
4,13.3,0,17,0.015
1,7.05,1,15,0.483
4,6.32,0,0,0.01
2,27.53,1,13,0.694
0,7.1,1,10,1.557
0,7.26,0,14,1.421
3,3.52,1,6,0.209
4,2.09,0,23,0.01
1,10.31,0,21,0.86
3,28.07,1,1,1.161
4,19.07,1,22,0.021
2,16.18,1,11,0.874
0,26.41,1,8,6.889
2,6.23,0,21,0.206
1,6.87,0,20,0.648
0,26.06,1,2,4.935
4,4.27,0,18,0.01
2,19.44,1,0,0.558
2,14.69,1,11,0.474
1,24.17,1,5,1.885
3,14.16,1,15,0.584
4,18.53,0,11,0.024
0,24.29,0,1,3.534
2,14.33,1,11,0.393
0,27.04,1,7,5.476
1,2.57,0,6,0.164
0,5.67,0,0,0.969
3,3.7,1,17,0.254
2,14.87,0,21,0.509
1,19.85,0,0,1.235
4,29.51,0,15,0.028
4,10.84,0,11,0.02
1,26.53,0,5,2.508
4,21.95,0,5,0.016
1,15.65,0,7,1.119
3,1.22,0,18,0.065
0,2.62,1,23,0.598
1,15.62,0,1,1.447
2,22.91,1,15,0.654
4,14.23,1,18,0.012
2,9.63,0,14,0.498
0,10.45,1,14,1.513
4,6.36,0,11,0.01
0,11.42,1,8,2.684
0,7.76,0,9,1.497
1,24.06,0,23,1.821
3,4.13,0,3,0.27
2,12.92,1,7,0.4
4,10.66,1,3,0.015
4,27.42,1,11,0.016
4,13.6,0,7,0.01
1,17.6,1,18,1.418
2,19.23,1,14,1.076
2,20.49,0,15,0.454
4,2.39,1,17,0.01
0,23.77,1,13,5.788
4,4.54,1,19,0.01
2,14.71,1,10,0.346
3,12.44,0,16,0.416
1,4.43,1,12,0.427
1,8.45,0,10,0.902
1,7.7,1,7,0.813
2,1.15,0,2,0.045
4,5.18,1,18,0.01
1,7.82,1,16,0.56
1,8.65,0,13,0.885
1,21.97,0,2,1.676
4,29.53,0,0,0.02
3,21.26,1,16,1.005
0,20.28,0,16,4.918
1,16.93,0,14,1.616
4,11.67,0,12,0.018
1,2.21,0,10,0.157
3,13.74,1,20,0.585
4,9.38,0,13,0.01
0,2.9,1,16,0.525
2,10.21,1,18,0.27
2,10.01,1,4,0.503
1,7.0,1,11,0.74
0,28.64,0,5,6.776
2,7.28,1,11,0.194
0,8.1,1,12,1.326
0,15.32,1,14,4.381
2,16.0,1,17,0.397
2,25.26,0,23,0.974
3,16.06,0,8,0.68
3,19.72,1,11,0.794
1,1.22,1,5,0.124
3,9.93,0,12,0.608
3,2.97,0,8,0.179
2,8.58,1,21,0.246
4,26.99,0,20,0.034
3,6.44,0,11,0.227
1,19.6,1,19,1.78
0,1.19,1,11,0.407
0,27.92,1,23,4.06
2,24.51,0,9,0.881
2,19.19,1,22,0.538
3,28.81,1,20,2.29
1,19.53,0,1,1.93
3,22.21,0,18,0.909
0,27.08,1,7,7.648
3,16.06,0,19,0.893
1,27.46,0,18,2.507
2,18.84,0,15,0.861
0,18.76,0,1,2.665
2,6.67,1,18,0.187
1,17.81,0,14,1.272
4,0.63,1,16,0.01
3,17.2,0,11,1.12
0,6.13,0,2,1.533
4,15.98,0,4,0.032
1,15.81,1,22,1.383
4,27.87,0,12,0.044
2,8.4,0,22,0.263
4,3.63,1,20,0.01
2,26.19,0,2,1.368
1,28.3,0,2,2.121
4,20.92,0,12,0.011
0,2.79,1,5,0.69
3,3.51,0,20,0.183
4,5.34,1,17,0.01
1,16.66,1,4,1.144
4,16.42,0,2,0.023
1,29.58,1,23,3.064
3,5.59,0,7,0.335
3,4.59,0,22,0.157
0,21.97,1,5,5.858
0,24.05,1,3,3.724
3,20.96,1,15,1.277
0,16.2,1,7,2.349
1,25.49,1,4,1.93
2,4.31,0,21,0.1
1,19.66,1,14,1.891
3,2.72,1,8,0.221
2,14.15,1,6,0.352
4,18.43,1,5,0.027
0,29.02,1,12,5.532
2,15.65,0,19,0.409
1,6.67,1,22,0.513
4,7.71,1,2,0.01
1,29.76,0,4,2.379
4,15.48,1,5,0.018
4,17.31,1,3,0.032
1,10.97,0,14,0.86
3,10.77,1,17,0.447
0,5.79,1,9,1.775
3,19.98,0,5,1.235
1,4.1,1,0,0.409
1,1.93,0,4,0.166
4,13.86,1,13,0.03
0,5.36,1,6,0.892
0,16.2,0,3,2.755
1,22.55,0,6,1.297
2,26.33,1,6,1.32
4,29.85,0,21,0.038
4,18.98,0,5,0.024
2,9.25,1,16,0.218
4,24.26,0,20,0.023
4,5.91,0,7,0.012
4,15.65,1,7,0.025
0,3.91,1,16,0.697
1,0.91,0,15,0.089
3,20.38,0,9,0.956
3,20.15,1,22,1.022
1,24.07,0,16,2.083
2,6.76,1,17,0.185
4,13.24,1,18,0.025
3,3.98,1,4,0.179
2,10.03,1,1,0.48
2,21.24,0,23,0.458
3,17.48,0,17,0.643
0,20.23,0,14,2.598
3,14.96,1,8,0.89
0,16.16,1,6,4.181
4,24.63,0,16,0.016
2,26.22,0,10,0.712
3,6.67,1,10,0.277
0,21.19,1,16,4.024
3,9.21,0,6,0.564
0,29.73,1,18,7.965
4,27.8,0,4,0.027
3,5.38,1,13,0.293
1,20.02,1,4,1.372
1,22.68,1,20,2.335
4,2.81,0,20,0.01
0,21.88,0,0,5.269
1,27.27,0,11,2.182
0,17.25,1,7,3.484
1,10.7,1,2,0.885
1,5.39,1,5,0.529
4,29.07,0,2,0.026
3,7.33,1,10,0.476
0,6.42,1,19,1.636
0,13.32,0,5,2.468
0,4.08,0,23,0.682
4,2.93,1,11,0.01
0,22.43,0,19,4.922
4,13.46,1,2,0.02
0,28.27,1,0,4.345
2,21.69,0,22,0.755
3,27.78,0,19,1.812
4,16.19,0,15,0.032
4,26.77,0,13,0.014
0,26.92,1,23,6.364
4,22.13,1,23,0.04
0,11.78,1,11,2.639
4,19.74,1,7,0.011
3,21.57,0,16,1.44
4,13.13,1,14,0.027
2,7.42,0,23,0.31
3,20.93,0,11,1.389
0,20.28,1,10,5.32
3,7.26,0,16,0.238
4,9.14,1,2,0.012
4,11.98,0,21,0.015
4,8.03,0,9,0.013
1,5.82,1,6,0.575
1,26.24,1,10,2.741
0,16.88,0,13,3.211
1,26.29,0,23,1.895
2,26.64,0,14,0.626
2,6.82,1,7,0.361
3,8.74,1,22,0.375
2,21.34,0,0,0.834
0,9.88,0,1,2.419
4,13.03,0,1,0.02
3,25.33,0,22,0.858
1,13.51,1,2,1.218
1,6.61,0,1,0.664
3,16.28,1,16,0.574
1,1.0,0,10,0.076
4,24.85,0,20,0.019
0,26.5,1,22,4.95
4,23.89,1,21,0.043
0,27.05,0,11,7.989
0,21.45,1,22,4.389
3,4.25,1,17,0.232
3,12.67,0,14,0.404
0,10.29,1,16,2.348
4,1.76,1,6,0.01
3,17.14,0,3,0.943
3,3.91,0,11,0.235
3,21.36,1,17,1.069
3,17.51,1,1,1.087
1,28.82,0,2,1.894
4,25.01,0,17,0.022
0,12.9,0,17,2.442
2,27.34,0,10,1.396
3,2.57,1,6,0.194
4,20.32,1,20,0.035
4,4.75,1,11,0.01
2,2.29,0,7,0.065
4,23.43,0,12,0.046
3,1.25,1,16,0.053
1,27.34,1,5,2.495
3,14.0,0,5,0.562
0,11.83,1,5,2.449
2,27.0,1,12,1.413
0,23.02,1,19,4.072
1,3.21,1,14,0.209
0,27.26,0,19,8.039
1,23.29,1,5,2.465
3,25.75,1,11,0.948
0,23.9,1,2,5.907
0,24.61,1,20,4.234
2,20.81,1,8,0.734
0,6.58,1,10,1.115
4,28.43,0,5,0.051
3,8.62,0,19,0.347
2,9.13,1,4,0.524
0,13.41,0,0,2.654
2,13.13,0,11,0.423
3,28.51,1,6,1.226
1,11.48,0,18,1.266
1,11.73,1,19,1.231
3,2.62,1,3,0.139
4,5.13,1,11,0.01
2,7.4,0,10,0.253
0,20.46,0,12,3.722
4,1.01,1,0,0.01
3,11.75,0,20,0.5
0,8.52,0,10,2.149
4,5.12,1,16,0.01
4,27.96,0,11,0.033
1,21.61,0,8,1.916
0,1.39,1,20,0.429
1,12.25,0,0,1.097
0,11.62,0,4,1.948
1,24.02,1,4,1.884
1,6.86,1,5,0.629
0,17.2,1,4,3.028
3,27.6,1,0,1.118
0,29.47,1,10,5.6
2,8.35,0,8,0.231
3,4.76,0,20,0.296
2,6.31,0,10,0.248
3,2.05,1,11,0.079
4,26.22,1,9,0.036
1,18.28,1,4,1.349
2,20.18,0,14,0.476
1,13.18,1,4,1.154
1,25.14,0,16,1.945
0,19.36,1,2,4.624
0,20.56,0,7,2.61
0,16.56,0,13,3.392
0,17.6,0,21,2.847
0,29.07,1,9,8.77
0,1.18,0,14,0.278
3,22.46,0,18,1.427
2,25.45,0,7,1.216
2,5.01,1,23,0.192
1,7.68,1,15,0.667
1,27.81,1,3,2.165
0,25.62,1,16,3.772
0,12.94,1,10,2.515
2,24.62,1,20,1.211
0,17.76,0,20,3.279
4,21.4,1,13,0.03
0,26.66,1,2,5.665
3,21.94,0,0,0.911
2,21.12,1,23,0.83
0,9.76,1,12,1.688
1,6.9,0,0,0.687
2,17.49,1,5,0.715
1,12.02,0,13,1.192
4,10.21,1,10,0.014
4,11.18,0,15,0.01
4,20.81,1,16,0.02
1,5.96,0,10,0.483
2,28.78,0,17,0.934
1,17.05,1,14,1.421
2,10.28,0,7,0.481
1,11.71,1,12,1.173
2,23.69,0,9,0.988
2,1.6,1,3,0.039
3,23.9,0,11,1.194
3,13.92,1,16,0.476
3,8.61,1,13,0.477
3,0.52,0,9,0.03
1,25.56,0,5,2.636
4,26.43,0,14,0.054
4,21.96,0,17,0.038
1,15.64,1,17,1.73
4,3.51,1,15,0.01
1,24.52,0,22,2.349
3,15.11,0,19,0.854
2,0.8,1,19,0.019
1,4.2,0,12,0.395
2,21.48,1,7,1.127
1,25.23,0,17,1.825
1,3.83,1,22,0.368
4,26.33,0,4,0.032
0,4.89,0,18,0.72
4,14.36,0,7,0.01
3,21.01,1,23,1.172
2,10.66,1,2,0.549
3,22.21,1,5,1.39
2,12.04,1,23,0.548
3,21.37,0,5,1.067
1,5.86,1,17,0.65
3,16.62,0,13,0.937
1,0.59,1,1,0.044
3,16.05,1,18,0.691
0,22.58,1,20,4.457
0,28.07,0,1,5.983
1,5.08,0,10,0.422
4,7.61,0,2,0.015
0,17.61,1,22,3.578
1,14.92,1,21,1.113
4,29.14,0,2,0.034
0,20.37,0,7,3.539
2,2.79,0,0,0.084
3,25.21,1,22,1.084
0,26.51,0,9,3.64
0,26.62,0,14,3.197
4,15.7,0,15,0.019
2,22.05,0,15,0.535
2,3.18,0,4,0.069
1,10.27,1,18,1.151
4,27.66,0,7,0.032
1,26.74,1,2,2.595
2,23.81,0,9,0.888
3,18.93,1,19,0.931
4,25.4,1,23,0.052
1,26.43,1,14,2.673
3,24.06,0,22,1.294
2,7.73,1,17,0.261
2,29.38,0,20,0.817
2,26.95,0,8,0.581
1,8.92,1,18,1.079
1,20.99,1,3,1.583
3,24.0,0,4,1.529
2,12.98,0,4,0.621
4,14.76,1,3,0.032
1,29.58,1,11,3.603
4,15.05,0,20,0.025
4,29.47,1,22,0.047
0,25.33,1,14,3.881
3,16.25,0,9,1.033
4,27.62,0,11,0.048
1,7.0,1,20,0.819
0,13.79,1,10,3.847
4,5.11,0,21,0.01
3,25.07,0,14,1.644
1,18.38,0,18,1.842
3,7.7,0,5,0.348
1,23.06,1,11,1.751
1,10.81,1,1,1.132
1,21.12,1,13,1.351
2,11.67,1,9,0.341
1,16.26,1,19,1.863
2,26.94,1,23,1.189
4,6.81,1,18,0.01
4,4.84,0,20,0.01
4,2.6,1,4,0.01
3,25.55,1,21,1.332
2,6.92,1,22,0.217
3,28.65,0,20,1.713
3,14.46,1,12,0.992
4,4.01,1,9,0.01
1,20.24,1,15,1.705
0,6.99,0,5,1.144
3,11.21,0,10,0.68
2,4.59,0,7,0.225
1,19.62,1,8,2.079
3,18.02,1,22,0.848
2,8.92,0,19,0.256
1,25.66,0,6,2.288
0,20.41,0,22,4.622
2,2.49,0,13,0.124
2,14.74,1,23,0.606
3,18.95,1,23,0.989
3,21.79,1,12,1.594
0,13.84,0,11,2.646
4,13.73,1,14,0.022
3,26.18,0,15,1.647
1,27.45,0,14,2.694
2,13.33,0,1,0.534
3,3.27,0,11,0.174
0,11.13,0,17,2.819
2,20.98,1,21,0.95
4,25.48,1,4,0.029
4,8.78,1,9,0.017
2,11.49,1,5,0.326
4,13.75,1,10,0.022
2,19.6,0,5,0.869
4,19.51,0,3,0.024
4,16.38,1,19,0.017
3,28.41,0,15,1.69
4,6.87,1,9,0.01
0,12.55,1,15,2.21
1,25.66,1,10,2.106
3,17.59,1,14,1.205
1,21.85,1,14,2.035
3,16.05,0,23,0.976
2,17.09,0,23,0.49
0,17.68,1,8,4.141
4,10.87,0,10,0.01
3,16.43,1,4,0.583
3,21.9,0,18,1.287
0,22.58,1,14,4.348
4,27.74,0,4,0.058
2,22.43,0,18,0.887
3,3.99,0,9,0.241
0,9.18,1,0,2.461
1,23.5,0,8,2.299
1,4.64,0,21,0.548
0,5.86,1,5,1.291
0,23.34,0,1,5.065
1,29.56,1,8,2.954
3,24.2,1,23,0.92
3,22.64,1,20,1.614
4,3.44,0,17,0.01
4,8.38,0,9,0.01
3,1.18,0,9,0.08
4,9.07,1,10,0.018
3,29.92,1,19,1.259
1,4.72,1,11,0.529
2,8.27,1,3,0.322
4,7.15,1,20,0.012
3,26.89,0,4,1.797
0,8.87,0,23,1.457
1,10.67,1,6,1.045
2,6.23,1,0,0.203
2,17.14,1,0,0.681
4,11.63,1,21,0.017
2,29.95,0,12,1.587
3,0.63,1,3,0.033
1,13.49,1,17,1.602
3,22.81,0,16,1.405
4,27.11,0,12,0.047
4,13.35,0,2,0.013
0,24.78,1,9,4.611
3,3.06,1,22,0.198
1,2.69,1,22,0.206
4,11.22,0,2,0.01
4,25.92,0,23,0.016
0,28.88,0,13,5.548
3,0.87,1,2,0.055
1,3.33,1,6,0.268
4,23.26,0,1,0.013
0,9.5,0,16,1.675
3,10.91,1,22,0.361
2,2.84,1,20,0.064
0,9.06,0,19,2.229
0,9.46,1,22,2.335
0,3.61,1,2,0.878
4,10.83,1,10,0.024
0,5.29,0,18,0.72
3,25.62,0,10,1.347
3,10.55,0,13,0.698
4,18.03,1,11,0.019
3,25.38,1,11,1.134
0,8.61,1,13,1.719
0,14.44,1,12,2.201
3,25.77,1,20,1.998
1,8.83,1,17,0.842
1,2.17,1,7,0.144
4,21.83,1,18,0.036
2,18.89,1,4,0.95
4,13.57,0,4,0.021
3,12.24,0,11,0.708
0,24.42,1,6,4.928
1,17.39,0,22,1.525
0,16.3,0,22,3.18
1,12.06,0,23,1.112
2,12.33,1,12,0.723
0,27.92,0,16,4.056
0,18.33,1,23,4.181
4,2.41,0,2,0.01
4,6.34,1,18,0.01
3,21.06,1,1,1.098
0,23.8,1,9,5.238
0,19.08,0,23,2.589
0,29.84,0,16,7.568
0,24.91,1,11,5.682
1,11.57,1,14,1.223
2,11.54,0,17,0.46
2,4.53,0,0,0.121
0,16.17,0,16,3.134
2,9.4,1,1,0.385
1,19.71,0,4,1.319
2,18.09,1,11,0.92
2,1.2,0,6,0.03
1,4.72,0,21,0.448
4,6.42,1,6,0.012
0,4.21,1,17,0.763
1,27.56,1,22,1.977
1,12.54,0,5,1.182
3,9.35,1,18,0.708
3,9.45,0,8,0.536
4,18.64,1,0,0.022
1,12.3,1,14,1.118
1,3.14,1,16,0.292
3,18.52,1,1,0.709
4,18.77,0,0,0.023
1,9.93,0,1,0.742
1,27.51,0,22,2.741
0,29.73,0,22,4.273
1,5.85,1,9,0.52
0,9.78,1,8,2.812
0,9.53,0,3,2.09
0,15.61,0,13,2.246
0,12.66,1,13,3.246
2,13.64,1,14,0.48
1,8.5,1,1,0.856
1,22.84,1,16,2.061
0,7.41,1,4,1.766
0,3.63,0,18,1.003
0,20.37,1,20,5.676
3,8.12,0,8,0.508
2,22.26,0,18,0.962
0,21.76,1,19,5.334
0,18.52,1,23,3.429
2,20.02,0,8,0.829
2,27.26,1,13,0.656
4,12.93,0,20,0.015
1,25.39,0,13,2.019
4,24.62,1,14,0.031
3,25.22,1,4,1.282
1,25.14,1,6,2.468
2,18.79,0,17,0.571
0,26.02,1,4,6.631
3,5.66,1,15,0.221
1,11.11,0,9,1.128
2,21.58,1,19,0.718
0,19.04,0,9,5.637
3,23.88,1,11,1.772
4,15.93,0,7,0.016
0,20.79,0,14,4.871
1,17.38,0,10,1.926
0,29.44,1,6,7.497
0,6.21,1,22,1.049
0,13.7,1,22,2.374
2,6.62,0,19,0.175
4,8.2,1,3,0.018
0,15.84,1,14,3.648
0,11.87,1,20,1.995
0,25.1,0,18,5.145
1,18.46,1,3,1.73
3,18.39,0,3,0.859
0,8.25,1,11,1.491
2,19.05,1,13,0.94
1,15.11,0,21,1.377
2,12.97,1,1,0.543
4,16.21,1,11,0.01
4,29.92,1,8,0.025
2,29.85,1,2,1.065
1,13.74,0,9,0.957
1,6.03,0,16,0.603
3,2.06,1,3,0.129
0,5.47,0,19,1.023
1,18.01,1,19,1.714
0,15.28,1,20,4.928
4,3.66,1,4,0.01
4,0.89,0,1,0.01
1,22.97,1,21,1.739
3,18.92,0,0,0.615
1,17.68,0,9,1.259
1,8.99,1,5,0.706
0,13.1,1,23,3.485
3,19.75,0,4,1.343
3,24.8,1,21,1.951
3,12.67,0,13,0.683
2,20.88,0,10,0.914
2,14.27,0,4,0.29
1,6.88,1,20,0.6
1,21.52,1,4,2.097
1,16.25,1,23,1.613
4,19.23,0,9,0.017
4,25.39,0,21,0.041
0,3.74,0,1,0.847
1,20.47,0,18,1.989
0,4.21,1,11,0.786
2,16.73,0,12,0.509
0,10.16,0,12,1.635
1,19.68,0,7,1.788
2,7.12,1,10,0.256
0,16.06,0,8,3.452
4,5.73,0,0,0.01
1,23.11,1,12,1.573
4,5.93,0,15,0.012
2,29.75,0,14,1.274
2,18.29,0,0,0.411
1,4.63,1,11,0.594
4,7.16,1,3,0.01
0,5.59,0,21,1.609
2,12.31,0,6,0.477
4,2.16,0,6,0.01
4,29.72,0,9,0.017
0,13.42,1,11,2.62
0,22.9,0,15,4.816
4,29.27,1,9,0.038
1,20.86,1,13,1.739
0,23.05,0,7,5.866
4,14.04,0,6,0.012
3,24.98,1,11,0.939
4,14.59,1,1,0.029
4,3.21,0,11,0.01
0,17.5,0,7,2.261
1,7.99,0,11,0.66
4,3.32,0,5,0.01
1,16.03,0,9,1.257
1,12.16,1,8,0.935
4,19.22,1,22,0.012
3,24.94,1,12,1.687
2,22.02,1,3,1.068
4,8.28,1,22,0.01
0,25.52,0,19,4.555
1,14.15,1,21,1.201
1,14.61,1,21,1.37
2,6.16,0,22,0.193
0,13.25,0,4,1.803
3,22.86,1,12,1.702
2,28.79,1,18,0.938
0,4.38,0,16,0.672
3,17.81,0,9,1.024
1,13.23,0,5,0.871
2,28.77,0,9,1.468
3,28.53,0,13,1.949
0,18.37,0,11,4.03
2,7.47,1,23,0.265
2,1.97,0,12,0.094
1,29.32,0,3,1.932
4,13.37,0,14,0.019
0,17.62,0,0,3.634
1,2.23,0,11,0.219
0,1.23,1,21,0.305
3,23.18,1,18,1.323
1,9.33,0,2,0.696
3,7.99,0,17,0.469
1,20.64,1,19,2.114
1,11.8,1,3,1.126
1,23.24,1,18,2.441
3,2.16,1,14,0.126
1,4.83,1,23,0.361
4,3.5,1,23,0.01
4,9.56,1,1,0.014
1,24.42,0,13,2.248
1,24.22,0,17,2.39
3,4.21,0,6,0.296
0,18.71,1,6,4.841
1,27.3,1,0,2.246
3,20.99,0,20,1.388
4,7.22,1,10,0.01
3,10.56,0,13,0.672
4,25.87,0,8,0.035
2,2.45,1,6,0.099
1,6.92,1,10,0.806
1,14.52,1,15,1.138
0,28.91,1,23,4.331
3,11.14,0,17,0.809
4,7.28,0,12,0.012
3,23.62,1,14,1.821
0,29.56,0,0,6.323
3,6.13,0,7,0.304
0,21.5,1,5,5.767
3,5.18,1,10,0.171
1,5.66,1,17,0.642
3,3.43,0,12,0.221
2,13.42,1,3,0.485
3,6.09,0,7,0.288
1,29.67,1,19,3.279
4,13.32,1,13,0.028
0,27.86,1,3,3.808
3,9.56,0,22,0.385
2,19.21,1,11,0.947
2,8.86,0,9,0.325
0,14.61,0,22,3.179
4,6.02,0,19,0.01
2,6.83,1,2,0.182
3,28.44,0,4,1.142
2,5.42,0,14,0.163
1,28.69,1,1,1.89
0,29.03,1,13,5.163
0,13.02,0,4,3.009
1,19.06,1,5,1.893
4,13.06,1,8,0.01
4,2.59,1,17,0.01
0,5.98,0,20,1.242
1,11.99,0,23,0.763
1,24.05,0,14,1.56
2,23.45,1,7,1.281
3,12.03,1,6,0.845
0,21.12,1,23,5.81
0,29.34,0,22,3.821
4,24.57,0,3,0.035
0,3.03,0,21,0.507
1,21.4,0,0,1.527
1,8.61,0,19,0.761
4,8.14,1,12,0.01
3,29.64,0,8,1.64
3,28.72,1,4,2.193
4,5.39,0,4,0.01
3,7.55,0,17,0.252
1,22.82,1,9,2.068
1,18.62,1,15,1.515
2,20.62,0,19,0.865
2,27.35,0,7,1.331
3,15.78,0,0,1.096
3,5.0,1,21,0.313
1,5.85,0,22,0.571
4,2.43,0,19,0.01
1,8.6,0,11,0.796
0,10.65,0,23,1.522
4,1.99,1,6,0.01
4,10.72,0,21,0.015
3,23.68,1,18,1.589
2,7.51,1,4,0.322
2,9.23,0,21,0.448
4,28.6,0,0,0.037
2,5.44,1,6,0.151
3,28.16,0,15,1.563
3,28.83,0,3,0.966
4,6.94,1,13,0.01
3,15.56,1,4,0.817
4,14.58,0,21,0.011
1,4.05,0,19,0.463
0,5.3,1,12,1.518
0,26.45,0,16,6.166
2,1.1,0,6,0.036
2,9.87,0,16,0.424
1,21.64,0,23,1.926
4,18.82,0,0,0.014
1,28.62,0,4,2.15
2,29.82,0,1,0.912
4,4.22,1,22,0.01
1,28.11,0,11,1.913
2,15.65,1,3,0.757
1,14.82,0,13,1.465
1,17.88,0,21,1.722
1,7.89,1,9,0.602
3,1.38,0,23,0.065
0,5.63,1,10,1.263
4,25.93,0,13,0.023
0,26.92,1,19,5.239
2,26.39,0,14,0.932
3,28.21,0,16,1.697
2,28.27,0,10,0.658
4,7.76,0,11,0.012
1,24.25,0,0,2.28
3,3.36,0,6,0.219
3,17.13,1,4,0.749
1,5.05,0,13,0.537
3,4.4,1,7,0.225
1,1.54,0,14,0.135
1,26.41,1,9,2.266
3,22.35,1,11,1.028
2,9.73,1,14,0.397
4,16.57,0,22,0.023
0,2.73,1,22,0.547
4,3.28,1,3,0.01
0,5.86,1,11,1.539
3,2.47,1,18,0.178
3,21.25,0,19,0.922
4,5.18,1,22,0.01
1,10.1,0,11,0.845
1,19.72,0,10,1.979
2,20.86,0,12,0.807
3,27.76,1,7,1.862
4,28.01,0,13,0.039
3,3.72,1,23,0.267
1,8.2,1,7,0.704
3,7.53,1,22,0.404
4,10.43,1,14,0.01
4,28.33,0,22,0.039
3,28.95,1,9,1.033
0,19.89,0,19,4.33
2,29.84,1,10,1.156
1,22.67,1,3,1.773
0,9.51,0,23,1.675
0,14.24,1,1,2.392
4,8.0,1,13,0.014
0,14.64,1,14,2.687
4,19.36,1,21,0.036
3,13.57,1,10,0.753
4,17.3,1,23,0.023
1,19.98,1,13,1.44
4,4.94,0,9,0.01
1,26.74,1,9,3.523
3,29.2,1,22,1.71
2,11.08,1,6,0.524
0,26.64,1,21,4.61
0,22.78,0,19,3.483
2,29.0,1,23,0.723
4,2.18,1,7,0.01
2,13.22,0,18,0.46
0,18.26,1,23,4.221
4,4.54,1,2,0.01
4,29.61,0,21,0.026
2,0.8,1,8,0.036
3,13.89,1,11,0.721
1,26.9,0,23,2.081
2,7.12,1,4,0.285
2,10.42,1,15,0.25
1,6.61,0,20,0.648
4,3.01,0,13,0.01
3,11.49,1,23,0.754
0,29.14,1,13,4.336
2,26.43,0,2,0.568
4,22.14,1,5,0.033
2,23.39,1,4,1.152
4,6.56,1,15,0.01
0,22.79,0,18,3.881
0,8.19,1,6,1.384
4,27.28,1,23,0.021
1,2.59,1,12,0.218
1,24.11,0,9,2.257
0,6.22,1,10,1.435
1,28.43,1,22,3.021
0,21.33,1,9,5.078
3,24.49,0,23,1.454
4,25.95,1,14,0.02
4,11.16,0,5,0.014
0,4.7,0,0,1.136
4,5.09,1,18,0.01
2,18.63,1,20,0.549
4,23.42,0,10,0.042
2,17.43,1,11,0.703
3,28.7,1,21,1.311
0,7.28,0,12,0.984
3,0.61,1,12,0.037
1,25.45,0,4,1.54
3,19.78,0,16,0.65
4,0.93,1,10,0.01
0,29.77,1,2,4.231
1,20.94,0,0,1.323
2,10.86,1,15,0.257
2,2.22,1,5,0.086
4,15.36,0,8,0.012
3,16.57,1,13,0.864
4,15.12,0,12,0.021
3,15.78,0,16,0.988
4,10.18,0,11,0.01
3,8.88,1,19,0.578
4,8.21,0,6,0.014
0,11.03,1,21,3.049
2,13.24,1,7,0.787
0,22.12,1,19,6.463
2,22.82,1,2,0.615
2,18.46,1,4,0.968
3,19.78,1,6,1.333
1,16.1,0,21,1.876
0,10.42,1,0,1.693
3,27.14,1,16,1.928
3,6.74,0,13,0.317
2,18.85,1,17,0.754
1,5.65,0,12,0.437
0,0.62,1,21,0.163
3,2.09,1,3,0.162
4,10.23,0,21,0.013
1,28.54,0,18,2.982
4,14.06,0,2,0.018
1,26.41,1,9,2.952
4,7.58,0,4,0.01
1,12.65,1,17,1.329
3,19.12,1,3,0.753
4,28.15,0,2,0.042
4,6.8,0,4,0.012
2,17.23,1,0,0.518
1,7.74,1,16,0.605
1,29.57,0,8,3.133
2,1.83,1,19,0.062
3,15.33,0,17,1.132
4,5.41,1,11,0.012
0,26.8,0,13,5.26
3,22.08,1,18,1.205
3,25.97,1,2,2.075
4,12.38,0,17,0.01
4,27.0,1,9,0.051
1,23.71,1,16,2.187
1,11.86,1,19,1.363
2,0.64,0,9,0.025
0,2.13,1,14,0.433
0,6.77,1,2,1.887
1,6.6,0,7,0.501
0,2.17,1,10,0.431
2,8.41,0,18,0.197
2,15.33,1,17,0.798
2,22.72,1,23,1.138
4,22.77,0,22,0.032
1,29.27,0,19,3.507
0,6.25,0,16,0.926
1,4.4,1,7,0.37
0,5.31,1,21,1.178
1,2.22,0,1,0.213
2,4.27,1,23,0.212
2,9.7,0,17,0.297
3,14.33,1,3,0.99
0,15.2,1,3,2.902
1,10.51,1,23,1.125
3,6.08,0,18,0.289
1,9.16,0,3,0.642
0,19.66,1,9,5.809
0,6.23,0,18,1.067
2,22.42,0,18,0.919
3,21.31,0,7,1.237
4,26.61,0,22,0.013
3,24.47,1,7,1.168
4,28.94,1,6,0.023
4,16.02,1,16,0.017
3,12.54,0,20,0.625
2,11.85,1,2,0.64
1,1.31,0,5,0.104
4,5.26,0,19,0.01
3,25.02,1,19,1.316
0,18.25,1,20,3.27
2,13.8,0,10,0.362
1,6.66,1,7,0.581
0,7.16,0,3,1.506
2,29.71,0,21,1.125
1,20.09,1,22,2.23
3,7.73,0,3,0.483
4,9.15,0,3,0.014
2,18.44,1,15,0.735
3,21.74,1,4,0.951
4,12.08,1,9,0.025
2,26.85,1,15,1.248
0,1.75,1,21,0.415
1,18.01,0,14,1.578
4,23.58,1,13,0.039
2,7.45,0,7,0.243
3,9.23,0,13,0.572
4,3.17,0,13,0.01
3,13.27,1,9,0.786
4,21.03,0,6,0.032
3,22.74,0,15,1.575
4,22.1,0,2,0.043
1,9.58,1,12,0.987
2,27.67,0,16,0.879
1,13.19,1,19,1.714
2,4.32,0,1,0.208
2,4.24,0,21,0.153
3,23.76,1,1,0.903
3,5.94,0,4,0.317
1,3.04,1,1,0.321
4,16.61,0,8,0.012
1,28.12,0,11,2.525
3,3.79,1,15,0.145
4,9.11,1,20,0.019
3,27.32,1,9,1.237
4,28.15,0,20,0.023
2,17.91,0,17,0.539
2,16.26,1,10,0.638
1,24.52,1,20,2.811
4,3.64,0,22,0.01
2,12.5,1,18,0.581
4,14.74,0,23,0.026
2,13.52,0,20,0.37
4,29.92,1,9,0.045
4,20.12,0,19,0.013
3,0.61,1,3,0.026
3,24.77,1,5,1.537
2,4.13,0,23,0.167
1,22.79,0,20,2.688
0,20.02,1,16,3.752
2,28.21,1,17,1.105
1,13.79,0,12,1.044
3,6.42,0,4,0.277
1,19.13,0,4,1.745
2,9.46,0,8,0.335
4,29.74,1,18,0.029
4,27.08,0,9,0.018
1,17.48,0,9,1.51
0,26.59,0,17,6.968
4,25.83,1,11,0.039
3,18.89,1,16,0.987
1,17.09,1,16,1.787
4,17.98,0,16,0.02
1,3.77,1,0,0.305
0,26.08,1,2,5.478
1,20.16,0,9,2.047
4,3.71,1,4,0.01
2,0.74,1,23,0.042
0,6.74,0,9,0.987
3,28.33,0,1,1.635
4,3.91,0,11,0.01
3,20.45,0,4,1.288
2,10.83,1,15,0.46
4,23.67,0,10,0.04
0,17.32,0,11,3.84
0,10.68,0,20,1.859
1,26.71,0,11,1.83
4,21.96,0,19,0.027
2,26.32,1,3,1.229
1,8.91,1,4,0.779
0,5.67,0,10,1.268
0,4.73,0,0,0.63
3,5.32,0,18,0.231
3,25.65,1,21,1.552
4,4.69,1,18,0.01
1,26.98,0,11,2.369
1,24.87,0,23,1.635
1,8.07,0,16,0.532
0,8.19,0,3,1.466
0,0.71,1,15,0.187
3,8.93,0,23,0.312
0,9.33,1,4,1.7
3,28.27,1,8,1.416
4,2.12,0,9,0.01
0,19.57,0,16,3.831
2,6.43,1,15,0.359
2,6.6,0,3,0.274
3,21.27,1,14,1.477
4,21.04,0,16,0.016
4,7.95,0,15,0.013
2,6.84,1,7,0.325
0,12.86,1,4,2.188
4,13.58,1,19,0.01
2,24.62,0,20,0.931
4,9.58,1,11,0.01
2,13.7,0,20,0.709
3,18.76,1,7,1.042
1,5.77,0,21,0.5
4,4.9,1,17,0.01
3,16.82,1,10,1.148
3,29.54,0,14,1.709
0,23.77,1,6,6.786
0,15.53,0,2,2.491
2,27.09,1,22,0.736
1,1.7,1,8,0.176
4,29.09,1,18,0.029
4,1.73,0,2,0.01
2,5.27,1,14,0.29
3,2.61,1,6,0.213
4,21.88,0,5,0.019
4,4.9,0,18,0.01
1,26.64,0,11,2.519
2,9.9,0,20,0.45
0,27.77,0,14,4.933
1,23.24,1,23,2.334
2,10.08,0,11,0.357
0,3.54,0,4,0.899
4,3.86,1,12,0.01
2,11.99,1,22,0.348
1,21.48,1,8,2.564
2,25.78,1,5,0.868
4,5.74,1,9,0.01
4,13.92,1,12,0.013
0,12.88,1,6,3.033
1,25.02,0,18,2.378
3,10.15,0,1,0.68
1,23.51,1,10,2.51
4,13.73,0,19,0.015
3,1.86,1,9,0.071
3,16.49,1,7,1.07
2,13.5,0,5,0.68
0,29.73,0,14,6.644
2,5.15,1,19,0.228
3,9.62,1,21,0.642
1,10.62,0,7,1.074
3,14.23,0,12,1.028
1,14.71,1,20,1.469
3,17.13,1,21,0.996
0,23.6,0,19,5.794
0,1.4,0,5,0.329
2,29.08,1,3,0.882
0,4.72,1,19,1.301
1,15.29,1,22,1.186
4,13.8,1,4,0.025
1,6.21,0,11,0.501
0,19.23,0,23,3.187
2,3.65,0,21,0.105
1,14.77,0,11,1.183
3,29.12,0,21,0.998
1,26.82,0,18,2.733
0,26.8,1,5,6.44
0,2.58,0,10,0.406
4,18.19,1,18,0.027
4,6.31,1,23,0.01
3,4.41,1,8,0.352
3,8.34,1,13,0.605
2,18.73,0,6,0.401
4,26.77,1,16,0.041
4,2.8,0,14,0.01
2,26.06,1,17,0.592
2,0.99,1,18,0.039
2,1.64,0,23,0.085
0,10.07,0,6,2.347
4,19.52,0,23,0.013
3,19.34,1,7,1.186
1,19.36,0,2,1.535
0,21.05,1,20,6.624
1,22.67,1,17,2.144
0,22.84,1,17,4.11
0,6.41,0,10,1.424
2,3.27,1,17,0.118
0,29.94,0,6,6.333
3,3.7,0,0,0.159
0,18.38,1,22,2.441
4,5.41,0,7,0.01
3,16.27,1,2,0.62
3,2.39,1,4,0.098
1,15.08,0,19,1.204
2,2.23,1,9,0.111
2,10.77,1,20,0.56
1,13.94,1,3,1.083
4,7.22,1,18,0.011
0,11.93,1,1,3.171
1,29.21,1,22,2.32
0,25.35,1,9,7.754
2,16.93,1,0,0.458
4,4.25,0,0,0.01
4,4.68,1,23,0.01
1,15.77,0,3,1.122
1,2.46,0,10,0.268
4,13.43,1,0,0.016
0,10.34,1,21,2.371
2,15.6,1,18,0.569
2,6.98,1,17,0.355
1,28.63,0,14,2.853
4,5.69,0,6,0.01
4,24.75,0,8,0.024
3,1.95,1,11,0.076
2,25.08,0,20,0.917
0,12.5,0,16,2.144
4,13.42,1,15,0.01
1,7.09,0,19,0.789
0,15.12,0,12,2.055
2,9.8,1,23,0.497
4,5.17,0,4,0.01
2,11.54,1,7,0.516
3,11.5,1,19,0.404
4,25.79,1,9,0.039
4,4.5,1,18,0.01
2,16.59,1,12,0.455
2,20.06,0,16,0.5
3,10.41,0,8,0.437
2,21.84,1,5,0.649
0,20.58,1,12,4.893
2,17.4,1,14,0.446
4,16.1,1,23,0.034
1,21.57,1,0,1.565
0,7.25,0,17,1.379
4,23.51,0,5,0.015
4,29.51,0,6,0.024
4,13.69,0,20,0.014
2,8.6,1,6,0.224
1,24.7,1,13,2.893
2,5.3,0,10,0.112
2,28.67,1,23,0.707
1,13.19,0,7,1.276
3,20.65,0,16,0.862
3,17.63,1,4,0.855
2,19.09,1,2,1.01
1,23.84,1,13,1.993
0,13.21,1,15,2.949
2,12.9,1,0,0.665
1,23.72,1,10,2.401
0,6.98,0,17,1.469
0,24.91,1,6,6.051
0,5.65,1,0,1.178
2,11.37,0,12,0.562
4,19.02,0,0,0.026
0,28.75,0,8,5.626
3,25.64,0,23,1.687
2,6.64,1,9,0.359
1,18.6,0,7,1.904
2,11.28,1,15,0.435
1,2.16,1,7,0.181
2,1.73,0,6,0.055
1,15.26,1,1,1.273
3,11.19,0,19,0.643
3,18.74,0,9,0.87
4,14.99,0,8,0.024
1,3.08,1,21,0.396
3,24.7,1,7,1.619
0,10.92,1,4,2.036
4,13.53,0,15,0.011
1,20.95,1,9,2.835
3,15.29,1,8,0.623
0,17.41,0,5,2.246
3,23.79,0,21,1.305
4,13.16,0,13,0.021
1,3.15,1,0,0.297
2,2.45,0,8,0.082
2,3.32,1,19,0.117
4,13.86,0,16,0.016
0,11.43,1,6,3.043
0,24.37,1,21,4.176
1,11.68,1,14,0.988
4,5.11,0,18,0.01
4,25.17,0,17,0.046
1,7.58,1,7,0.758
3,2.03,1,13,0.092
3,13.12,1,2,0.528
4,14.84,1,10,0.019
1,29.88,1,23,2.553
1,10.79,0,6,0.721
0,0.62,1,19,0.135
4,25.51,1,16,0.035
2,20.56,1,9,0.843
1,6.48,1,0,0.563
2,27.02,1,13,0.629
2,13.16,1,2,0.319
3,29.07,1,13,2.174
1,4.19,1,1,0.436
4,22.22,0,12,0.012
0,18.84,1,1,3.332
3,27.3,1,5,1.85
1,13.46,0,4,1.004
4,12.59,0,1,0.015
3,22.67,1,1,1.217
3,22.51,1,20,0.961
0,9.17,0,23,1.879
2,23.99,0,2,0.887
1,22.83,0,14,2.217
3,17.97,1,23,0.679
4,12.0,0,11,0.019
0,7.09,0,15,1.809
4,3.02,1,15,0.01
2,26.19,0,5,1.282
1,15.65,1,0,1.11
2,24.39,0,18,1.194
1,12.49,1,15,0.854
3,16.03,0,0,0.521
4,18.01,0,19,0.019
3,2.16,1,12,0.124
2,24.56,0,15,0.501
1,16.63,1,14,1.417
0,23.54,1,20,5.254
0,5.51,1,14,1.319
0,17.13,1,13,2.766
0,29.26,0,13,7.615
1,6.12,1,9,0.62
2,5.79,0,16,0.211
3,19.73,0,9,1.426
0,14.01,0,10,4.209
4,18.77,1,1,0.039
2,22.38,1,11,0.953
4,12.58,1,7,0.013
0,1.11,0,7,0.211
3,23.76,1,8,1.667
3,21.31,0,1,1.211
2,8.61,1,7,0.325
1,23.08,1,14,1.561
1,3.38,0,11,0.237
4,7.07,1,18,0.01
0,17.65,1,0,4.683
4,21.46,0,9,0.02
2,19.89,1,20,0.581
4,28.36,1,11,0.055
3,27.44,0,8,1.706
3,4.4,0,18,0.307
0,15.61,0,20,3.316
3,10.11,0,14,0.545
1,14.31,0,21,1.502
0,20.87,1,11,6.32
0,27.41,1,22,3.518
2,10.51,1,21,0.433
2,23.3,0,21,0.62
3,22.99,1,16,1.259
2,7.72,1,20,0.396
0,23.63,0,2,3.888
0,3.04,1,20,0.873
0,4.09,0,1,1.066
2,21.26,0,21,0.92
1,4.19,1,9,0.411
1,13.42,1,4,1.247
1,19.29,1,13,1.514
0,24.84,1,13,7.094
3,26.69,0,19,0.798
2,27.85,0,13,0.652
4,11.67,0,23,0.015
1,26.82,0,13,1.653
4,26.61,1,17,0.047
4,1.59,1,10,0.01
4,11.6,1,11,0.01
4,6.57,0,10,0.01
2,15.45,0,10,0.326
4,21.09,1,0,0.013
2,4.46,1,9,0.11
2,19.46,0,8,0.53
0,22.81,0,22,2.661
0,2.66,0,6,0.342
1,19.72,0,1,1.215
2,2.22,1,23,0.125
3,12.01,1,10,0.788
3,18.17,0,6,1.018
2,10.84,0,0,0.577
1,11.08,1,2,0.99
3,29.83,1,7,1.587
3,1.85,0,9,0.127
1,13.42,0,7,1.151
2,1.49,1,14,0.039
1,5.27,0,17,0.634
3,22.95,0,15,1.596
3,26.47,1,13,1.926
2,14.3,0,14,0.392
1,5.38,1,19,0.601
1,29.23,1,19,2.606
4,29.72,1,21,0.024
4,5.99,0,8,0.01
3,26.45,0,22,1.906
1,14.29,0,17,1.355
0,9.43,0,15,1.474
2,8.29,1,13,0.337
2,19.69,1,6,0.68
2,12.01,0,9,0.355
1,13.43,0,9,1.26
4,2.49,0,2,0.01
1,22.6,0,16,1.702
0,3.01,1,7,0.847
1,14.57,0,1,1.17
1,14.07,0,7,0.945
3,1.32,1,16,0.1
0,13.73,1,15,3.325
2,23.11,0,20,1.225
3,14.85,1,21,1.131
4,26.17,1,19,0.059
0,9.61,0,5,1.491
4,5.93,0,3,0.01
0,16.63,1,2,3.378
0,5.6,1,12,1.438
2,17.64,0,23,0.387
0,15.77,1,11,2.713
2,22.52,0,17,0.603
0,20.65,0,0,3.122
2,4.12,0,17,0.212
0,11.19,0,20,2.141
4,16.28,0,15,0.021
0,13.1,1,21,2.902
4,3.15,1,9,0.01
3,3.29,1,21,0.188
1,22.73,1,23,1.985
1,29.65,1,12,2.316
2,24.89,1,15,1.227
3,1.12,1,5,0.058
0,9.77,0,6,2.351
3,27.08,0,0,1.752
0,14.31,1,22,2.063
3,9.19,1,14,0.406
1,25.81,1,14,2.22
1,18.31,0,14,1.786
0,1.65,0,8,0.253
1,4.39,1,6,0.298
2,8.6,0,8,0.277
2,22.92,0,23,0.877
4,8.67,1,2,0.011
0,18.83,1,21,5.839
2,3.71,1,10,0.12
1,21.15,1,21,2.054
2,2.35,1,13,0.077
3,29.25,1,23,1.574
4,12.91,0,6,0.02
0,24.55,0,6,3.773
4,19.81,0,8,0.037
4,19.94,0,4,0.029
1,17.26,0,16,1.391
2,8.36,1,9,0.211
3,2.97,0,12,0.182
2,7.44,0,14,0.252
0,25.91,0,9,5.262
3,17.06,0,13,1.164
0,0.78,1,10,0.218
3,21.02,1,9,0.761
3,18.51,0,6,1.05
0,7.4,1,5,1.384
1,11.9,1,19,0.972
4,18.37,1,3,0.021
3,23.8,0,18,1.05
4,14.8,0,15,0.031
1,27.87,1,15,2.986
0,27.41,1,23,4.841
0,26.45,0,3,4.69
2,2.87,1,15,0.152
3,2.52,0,14,0.095
3,9.03,1,14,0.347
2,23.37,1,18,1.003
1,15.91,1,12,1.224
3,27.57,0,3,1.599
3,17.6,1,6,0.924
1,22.64,1,23,2.032
1,13.41,1,0,1.149
0,17.54,0,14,2.594
1,5.98,1,6,0.622
4,20.96,1,3,0.014
3,3.38,1,2,0.135
1,21.1,0,5,2.218
4,15.55,1,11,0.025
3,22.76,0,1,0.834
3,4.32,1,0,0.211
3,14.62,0,13,0.8
4,28.12,1,18,0.04
1,18.06,1,9,1.859
2,9.65,0,4,0.375
1,3.86,0,11,0.331
0,21.99,1,21,6.62
3,19.62,0,17,1.086
4,3.48,1,16,0.01
2,5.62,1,8,0.147
4,14.74,1,6,0.017
0,3.25,0,1,0.609
1,8.66,1,18,1.04
2,14.48,1,23,0.374
3,20.3,1,5,1.029
4,29.58,1,1,0.029
4,12.82,1,16,0.014
0,7.59,1,3,1.968
2,27.97,0,10,1.164
3,25.16,1,12,1.056
0,6.95,1,1,1.379
0,5.07,1,3,1.224
4,19.88,0,9,0.032
3,8.72,1,2,0.491
3,22.05,1,1,1.371
3,25.8,0,3,1.84
1,13.11,0,10,1.279
4,16.79,1,13,0.012
1,23.22,1,8,2.047
4,19.21,0,0,0.031
3,4.1,1,7,0.242
3,2.17,0,9,0.126
1,19.34,0,16,2.049
1,6.21,0,22,0.446
0,15.57,0,12,3.187
1,19.76,1,21,2.253
1,9.98,0,14,0.932
3,5.41,0,3,0.243
4,4.83,0,14,0.01
1,18.66,1,14,1.856
1,13.63,0,16,0.872
2,3.04,0,15,0.153
4,7.8,0,16,0.014
0,22.3,0,23,3.87
1,5.07,0,9,0.542
2,21.57,1,12,0.674
3,5.38,1,9,0.262
1,18.95,0,8,1.796
0,12.08,0,14,2.138
0,5.11,0,4,0.805
1,23.02,1,20,2.494
2,27.74,1,18,1.127
1,20.98,0,17,1.889
2,27.61,1,9,1.124
0,23.01,1,17,7.357
0,25.13,1,20,8.382
3,21.51,0,12,1.145
2,2.89,0,9,0.085
3,5.54,1,23,0.398
1,19.47,0,2,1.431
1,13.09,0,9,1.522
2,15.48,0,20,0.738
2,27.4,0,15,0.898
1,10.51,0,9,0.805
4,26.23,0,19,0.034
4,20.28,0,19,0.011
1,0.77,0,4,0.05
4,22.72,0,15,0.015
0,4.2,1,10,1.183
0,5.88,1,1,1.042
2,8.23,0,18,0.303
3,21.24,1,12,0.981
0,16.58,1,2,3.193
3,3.7,0,7,0.139
4,1.95,1,23,0.01
1,28.97,0,20,2.588
3,19.1,0,21,0.962
3,26.64,0,20,1.548
1,15.11,1,7,1.347
1,22.28,1,20,2.062
2,2.65,1,23,0.074
1,26.48,0,19,2.051
0,12.96,1,9,2.044
1,25.22,1,22,1.849
0,6.38,0,15,1.135
0,28.27,1,6,7.06
2,4.78,1,3,0.191
4,12.53,1,4,0.02
2,13.36,0,16,0.295
1,1.24,1,7,0.115
3,24.58,0,20,1.061
3,28.36,0,12,1.943
2,21.13,1,9,0.97
4,25.97,0,0,0.024
0,19.36,0,2,2.843
3,3.92,0,17,0.258
1,12.85,0,5,1.188
1,19.49,0,11,2.349
1,17.4,1,18,1.985
1,18.75,1,17,1.558
0,3.85,1,19,1.187
2,2.56,0,17,0.057
0,28.66,1,4,7.236
0,9.93,0,9,2.481
1,9.14,1,8,0.922
3,4.96,1,10,0.253
1,28.0,1,15,1.988
0,6.56,1,5,1.366
0,26.97,1,17,7.573
0,27.24,0,13,7.0
3,19.84,0,23,1.236
0,25.36,0,9,6.017
2,8.79,0,0,0.408
2,2.88,1,12,0.147
1,5.18,1,15,0.363
1,20.89,1,12,1.997
4,18.72,0,21,0.021
0,29.04,0,12,5.909
4,15.04,0,21,0.027
3,25.27,1,2,1.666
1,26.5,0,5,2.446
2,19.75,1,21,0.722
2,19.83,1,8,1.138
3,28.35,0,18,0.944
2,12.46,1,1,0.445
1,27.09,0,15,2.046
4,24.83,0,3,0.037
1,24.48,0,5,2.205
2,20.14,0,20,0.627
2,25.22,1,13,0.873
1,6.52,1,22,0.48
2,29.58,0,18,1.164
3,12.69,1,8,0.715
1,8.76,1,11,0.759
4,28.52,1,18,0.018
0,20.59,1,2,3.679
0,5.01,1,21,1.492
1,6.49,1,2,0.481
4,5.37,1,0,0.01
3,12.7,1,11,0.576
4,4.69,0,0,0.01
0,20.85,0,5,2.934
3,24.21,0,23,0.752
4,29.15,0,3,0.059
2,28.9,0,0,1.35
2,9.67,1,14,0.284
1,14.3,0,11,1.077
2,24.3,1,12,1.128
4,7.41,0,19,0.01
4,11.3,0,15,0.015
1,18.45,0,0,1.69
2,18.88,0,23,0.44
0,3.41,0,3,0.453
1,14.86,1,12,1.485
1,5.49,0,23,0.365
0,2.17,1,11,0.669
3,18.35,1,17,1.301
3,29.17,1,21,1.653
4,3.97,1,5,0.01
4,6.46,1,21,0.01
0,15.07,0,22,2.395
3,6.23,0,13,0.293
2,9.59,1,2,0.403
3,14.31,1,23,0.687
0,6.7,1,10,1.594
1,24.86,1,11,2.753
0,19.92,1,21,5.612
4,15.11,1,8,0.02
1,23.39,1,15,2.548
0,26.8,1,3,6.912
4,7.72,1,20,0.018
2,28.59,1,10,1.588
2,16.5,0,20,0.845
0,10.89,0,12,1.96
4,21.23,0,10,0.039
1,27.9,0,14,2.414
1,28.13,0,8,2.697
0,24.14,0,8,5.502
4,25.95,1,7,0.035
1,18.28,1,11,2.168
3,27.15,1,20,1.884
4,7.54,0,8,0.01
2,20.73,0,3,0.442
4,11.95,0,14,0.02
0,7.29,0,4,1.208
1,20.0,0,0,1.463
0,15.04,1,5,3.235
4,10.14,1,15,0.01
3,2.58,0,2,0.175
0,6.74,1,3,1.115
0,11.4,1,8,2.133
2,29.7,0,0,0.915
1,18.16,1,0,1.918
1,15.49,0,22,1.058
3,22.9,0,0,0.975
1,24.16,0,19,2.535
4,13.94,0,2,0.01
2,21.8,1,18,1.122
4,28.7,1,20,0.066
4,16.28,0,15,0.021
3,25.45,1,9,1.356
0,4.0,0,17,0.646
0,11.36,0,15,2.971
1,23.32,0,6,1.817
3,27.35,1,1,1.075
1,7.77,0,5,0.707
4,12.05,1,20,0.016
3,4.77,0,11,0.329
1,15.6,1,18,1.319
4,21.33,0,2,0.034
3,15.1,1,13,1.088
0,28.08,1,18,7.513
0,17.31,1,20,3.276
3,5.66,0,2,0.171
2,5.98,0,6,0.263
1,24.07,1,10,2.171
3,20.0,0,13,0.691
3,4.06,0,9,0.255
3,29.81,1,23,1.367
3,9.12,1,0,0.33
2,27.58,0,10,0.919
2,6.84,1,18,0.231
1,19.69,0,7,1.307
2,18.48,0,5,0.913
1,0.95,1,20,0.105
4,7.83,0,1,0.012
4,15.36,0,10,0.023
0,7.35,0,8,1.931
1,23.33,0,18,2.375
1,18.63,1,4,1.419
2,8.46,1,15,0.42
1,0.86,0,8,0.082
0,28.95,1,12,4.443
2,3.0,0,6,0.089
2,14.17,0,23,0.507
3,18.02,1,22,1.32
3,5.35,1,7,0.328
3,13.96,0,4,0.637
4,16.27,0,23,0.017
1,29.87,0,19,2.556
2,1.22,0,12,0.055
2,23.34,1,17,1.007
0,25.29,1,13,6.628
3,28.82,1,6,1.44
1,15.17,1,22,1.3
1,6.24,0,15,0.639
1,25.13,0,20,2.778
4,28.48,1,10,0.018
3,3.91,1,21,0.141
0,17.08,0,21,4.096
0,23.1,0,4,3.587
4,9.65,0,20,0.01
2,16.79,0,17,0.725
4,2.08,1,23,0.01
2,16.54,0,18,0.457
2,14.67,0,19,0.365
3,23.47,0,18,0.716
0,3.69,0,6,0.601
3,27.67,1,22,1.891
2,23.75,1,16,0.563
4,24.57,1,19,0.014
3,12.62,1,23,0.912
3,1.0,0,1,0.075
3,7.68,1,21,0.383
2,20.34,0,1,0.613
4,4.79,0,0,0.01
3,25.4,0,7,0.981
2,27.96,1,3,1.255
1,14.87,1,2,1.734
1,24.45,1,5,1.654
4,18.3,0,22,0.028
1,6.68,0,2,0.618
1,3.95,1,11,0.337
3,4.08,0,5,0.159
4,7.03,0,4,0.01
2,12.51,1,3,0.489
1,14.15,0,21,1.211
2,11.04,1,16,0.388
1,8.29,1,20,0.795
1,16.86,0,19,1.541
1,29.61,1,16,1.992
3,11.4,0,11,0.439
0,10.54,1,15,1.859
4,14.84,1,13,0.029
0,10.77,1,13,1.85
3,13.11,1,7,0.853
1,0.67,1,15,0.057
1,26.26,0,12,1.651
1,10.74,1,2,0.959
3,17.63,0,1,1.137
3,17.76,1,9,1.449
3,23.93,0,13,0.968
3,3.96,1,18,0.221
3,28.33,0,1,0.928
4,18.54,1,17,0.039
1,15.9,1,2,1.387
1,3.9,1,4,0.328
4,29.53,0,14,0.02
3,7.93,0,6,0.501
2,17.65,1,8,0.426
4,6.87,1,1,0.011
4,23.27,0,12,0.035
4,8.79,1,2,0.012
0,11.71,1,10,2.089
3,25.47,0,0,1.287
4,26.08,1,0,0.052
3,11.34,0,7,0.517
1,13.08,1,9,1.7
4,1.79,0,16,0.01
2,20.59,1,21,1.115
3,22.99,1,1,1.14
1,28.56,0,12,1.942
3,6.78,0,6,0.334
3,14.79,1,18,0.526
2,28.1,1,22,1.04
1,29.82,1,16,3.21
3,27.14,0,21,0.919
1,21.24,0,2,1.894
3,8.18,1,7,0.413
3,27.24,0,14,1.154
0,0.55,1,17,0.102
0,12.74,0,19,2.709
0,16.36,1,10,2.731
4,27.0,0,10,0.026
2,13.03,1,15,0.448
4,7.71,0,23,0.01
2,3.96,0,11,0.19
1,13.68,0,19,1.508
1,2.86,1,9,0.213
0,13.68,1,5,3.334
0,4.24,0,20,0.644
2,9.34,0,20,0.253
4,8.32,1,1,0.011
1,10.03,0,20,0.827
2,3.38,1,18,0.077
2,3.11,0,2,0.068
4,22.69,1,5,0.029
3,16.76,1,11,1.085
3,5.48,1,4,0.257
0,27.83,0,10,7.888
1,21.88,1,0,1.641
4,6.21,1,14,0.01
2,5.36,0,13,0.246
1,19.05,0,4,1.254
4,14.06,0,10,0.01
4,13.34,0,18,0.01
0,14.88,1,10,3.642
2,23.05,0,11,0.912
3,21.95,0,18,0.975
4,1.75,0,9,0.01
1,3.18,1,7,0.224
3,8.5,1,13,0.386
3,1.04,1,2,0.066
0,8.01,0,16,1.659
1,3.81,1,2,0.295
3,29.7,0,21,1.574
1,20.47,0,17,2.425
3,12.11,1,20,0.866
4,5.03,1,2,0.01
0,25.44,0,13,5.594
0,28.93,0,6,6.013
1,7.52,1,14,0.672
0,12.59,0,2,2.726
1,20.29,1,3,1.602
0,10.46,0,3,1.622
2,25.39,1,8,0.677
2,7.38,0,21,0.241
0,6.65,1,21,1.167
1,1.51,0,9,0.12
1,2.27,1,20,0.235
3,10.52,0,1,0.68
1,16.62,0,18,1.276
1,3.22,1,8,0.4
4,7.13,1,6,0.01
3,6.66,1,22,0.292
0,13.15,0,16,2.083
0,27.04,1,13,6.055
1,16.98,0,11,1.442
3,1.53,1,1,0.115
3,7.07,0,19,0.303
1,8.89,1,14,0.65
3,19.18,1,4,1.35
2,29.58,1,18,1.581
4,21.26,0,1,0.015
3,2.6,1,6,0.128
4,23.38,1,16,0.041
4,29.64,0,23,0.058
1,27.49,1,14,2.815
0,3.86,0,0,0.523
1,4.29,0,0,0.396
3,13.89,1,21,0.545
0,14.41,1,13,2.759
3,3.32,0,21,0.221
1,13.92,0,19,1.227
1,22.26,1,1,1.662
0,6.07,1,12,1.057
4,24.81,0,16,0.045
0,13.71,0,3,3.243
0,13.22,0,18,2.537
4,6.2,1,21,0.01
2,9.94,1,23,0.508
2,8.78,1,1,0.414
3,1.05,1,7,0.041
4,10.03,0,16,0.017
3,19.74,0,4,0.782
2,12.85,1,18,0.389
2,25.26,0,11,1.202
0,8.5,1,19,2.192
4,11.63,1,8,0.011
3,12.34,0,18,0.548
0,26.53,1,21,5.096
0,7.06,0,10,1.244
4,3.88,1,21,0.01
3,29.51,0,5,1.706
2,18.06,0,2,0.389
1,15.91,0,20,1.649
4,28.45,1,12,0.06
0,6.41,0,22,1.526
2,26.53,0,4,0.892
1,29.59,1,16,2.739
4,28.44,0,6,0.04
4,29.23,0,11,0.046
3,21.56,1,15,1.391
2,3.95,0,10,0.103
0,23.79,0,8,4.286
1,29.27,0,10,2.434
3,8.92,0,8,0.551
3,18.76,0,5,0.73
2,7.13,1,17,0.387
1,8.29,1,14,0.779
2,25.7,1,20,0.656
1,29.11,0,16,2.213
0,16.0,0,0,2.268
4,23.68,1,15,0.037
1,9.78,1,2,1.033
3,2.81,1,9,0.127
2,27.11,1,17,0.658
4,3.39,1,6,0.01
3,4.57,1,2,0.292
1,21.65,0,6,1.465
3,16.94,1,10,1.147
1,11.74,1,13,0.956
2,2.51,1,17,0.1
1,17.37,1,2,1.572
1,25.42,0,14,2.372
4,2.28,1,12,0.01
3,26.54,1,10,1.951
4,23.43,0,18,0.018
4,25.37,0,1,0.041
3,24.03,0,1,1.108
3,14.12,1,13,0.721
3,14.48,1,20,0.871
2,12.62,1,14,0.68
1,7.55,0,11,0.549
4,17.33,1,20,0.024
0,28.1,1,5,6.664
1,5.79,0,5,0.368
2,28.56,1,3,1.4
1,5.54,1,18,0.712
0,23.59,0,4,5.729
0,13.19,0,8,3.759
2,8.33,0,13,0.188
3,20.48,1,0,1.273
1,29.99,0,7,2.181
4,6.13,0,4,0.01
4,2.22,1,7,0.01
3,11.91,1,2,0.558
0,29.38,0,19,6.112
4,16.42,0,20,0.025
3,27.79,0,4,1.712
0,12.2,1,16,1.923
1,2.76,1,0,0.295
2,1.86,1,13,0.05
3,6.61,1,7,0.374
1,1.2,0,16,0.103
3,20.21,1,14,0.833
4,23.8,1,7,0.051
4,10.67,1,21,0.01
0,21.82,0,3,2.826
1,25.64,0,13,1.967
2,21.65,1,20,0.849
2,22.37,0,12,0.552
2,7.47,0,9,0.273
4,18.24,1,18,0.032
1,14.02,1,4,1.376
1,29.87,1,18,3.382
1,8.51,1,2,0.811
3,12.12,1,0,0.503
4,15.32,1,6,0.01
0,13.43,0,16,2.307
4,3.42,1,19,0.01
4,15.56,0,19,0.014
1,24.01,1,17,2.354
0,28.4,1,20,7.583
3,18.01,0,2,1.008
1,1.27,1,10,0.113
3,18.25,1,15,0.76
1,9.51,1,19,1.062
0,11.75,0,3,1.878
1,27.7,1,2,2.226
3,29.1,1,5,1.729
0,2.62,1,21,0.761
2,27.25,1,20,0.662
0,3.86,1,7,0.576
0,29.41,1,1,7.6
0,14.97,1,12,2.972
2,7.87,0,11,0.261
2,24.24,0,21,0.61
0,22.35,0,20,3.77
4,11.1,0,21,0.01
2,17.83,1,22,0.652
0,15.49,1,17,2.616
1,21.97,1,9,1.981
0,18.33,1,13,4.079
3,0.87,0,19,0.035
3,26.62,1,9,1.068
3,17.38,1,7,1.116
2,0.79,0,8,0.019
2,27.71,0,15,1.279
4,25.13,0,2,0.018
1,25.95,0,23,2.075
4,27.95,1,3,0.057
1,2.36,0,18,0.271
3,12.86,1,18,0.855
1,25.33,0,11,2.906
3,26.09,0,18,0.893
0,4.44,0,17,0.916
0,28.44,0,5,3.83
1,0.9,0,12,0.054
1,2.21,0,11,0.158
0,25.86,0,14,4.207
4,4.52,0,17,0.01
4,20.34,0,11,0.018
3,29.8,1,10,1.373
0,22.0,0,7,4.556
2,13.29,0,3,0.522
1,1.32,1,5,0.089
2,18.61,0,23,0.843
3,23.77,1,23,1.652
2,6.49,1,1,0.243
0,21.56,1,2,5.859
2,21.36,0,19,0.876
2,8.35,1,2,0.274
1,21.72,0,10,2.05
1,23.99,1,13,2.186
0,3.25,0,16,0.733
2,13.1,1,10,0.632
4,3.57,0,13,0.01
0,4.17,0,15,0.854
4,11.15,1,17,0.024
0,15.26,0,10,4.253
2,4.27,0,5,0.204
0,15.38,1,22,3.993
0,18.81,0,15,2.523
1,5.6,0,21,0.519
4,22.06,0,7,0.022
2,0.63,1,21,0.028
3,15.22,1,4,0.879
0,15.9,0,8,4.505
1,19.65,0,23,1.691
3,8.85,0,7,0.397
4,29.23,1,12,0.057
2,10.97,1,8,0.605
0,17.41,1,21,4.293
4,2.74,1,15,0.01
3,14.59,1,13,0.482
2,18.88,0,8,0.416
0,23.34,1,23,6.453
3,9.49,1,16,0.647
2,3.47,0,0,0.131
3,4.83,0,8,0.285
4,15.48,1,12,0.031
1,1.52,1,16,0.138
3,29.55,1,20,1.455
4,10.85,0,20,0.023
2,26.06,0,7,0.974
3,7.61,0,7,0.309
3,14.64,0,17,0.893
0,5.26,1,16,0.802
3,29.36,1,4,1.624
3,25.59,0,23,0.982
4,28.77,0,21,0.047
2,10.92,1,14,0.468
0,11.2,1,13,2.365
1,18.96,0,0,1.558
4,9.68,0,3,0.012
0,15.33,1,16,4.372
3,14.21,1,20,0.734
3,15.12,0,4,0.917
0,16.76,0,18,5.148
0,10.23,1,21,1.724
2,20.13,1,11,1.065
4,13.5,1,23,0.014
3,27.96,1,11,2.181
1,17.13,1,4,1.368
0,11.03,1,16,2.996
2,9.54,0,0,0.488
2,25.04,1,15,1.207
3,7.53,0,2,0.33
2,12.28,1,13,0.701
2,14.3,0,5,0.409
4,28.2,1,9,0.052
4,1.39,1,7,0.01
1,20.44,0,2,1.943
4,19.21,0,10,0.015
3,13.41,0,11,0.64
3,15.14,0,15,0.547
3,19.83,1,18,1.041
2,2.98,0,15,0.068
1,2.4,1,3,0.228
3,19.6,1,7,0.746
3,29.05,1,14,1.805
4,29.79,1,11,0.057
3,2.53,0,4,0.175
0,24.61,1,15,5.431
0,5.12,0,11,1.437
2,17.11,1,0,0.912
0,23.23,0,5,5.408
4,10.59,1,7,0.016
1,15.23,0,5,1.304
3,14.57,0,21,0.576
2,29.74,0,15,1.212
3,11.99,1,9,0.823
3,28.58,1,5,1.396
3,10.21,1,13,0.745
1,8.62,0,10,0.844
0,22.28,1,3,4.705
1,17.48,1,23,1.316
2,5.74,0,6,0.122
2,18.76,0,16,0.616
4,9.34,1,19,0.016
1,12.37,1,13,1.213
2,11.47,0,18,0.298
4,4.71,0,15,0.01
2,2.52,1,20,0.081
3,10.01,0,0,0.617
2,12.31,0,2,0.387
3,17.66,0,18,0.984
4,6.19,1,22,0.01
1,18.16,1,2,1.791
0,6.5,1,6,1.708
2,29.81,0,22,0.726
1,26.09,0,17,2.297
1,20.8,0,19,1.765
2,17.59,0,16,0.627
4,22.65,0,23,0.014
4,8.55,1,11,0.013
3,17.62,0,10,0.626
1,20.94,0,14,1.42
2,15.58,1,11,0.569
4,13.05,0,12,0.013
0,10.63,1,0,2.07
0,27.44,1,3,3.568
3,3.52,0,8,0.191
3,6.18,1,17,0.253
1,7.33,0,19,0.612
3,29.89,0,5,1.546
1,5.24,0,18,0.587
4,5.63,0,2,0.01
0,9.66,1,2,1.449
4,11.15,0,23,0.02
2,19.81,0,16,1.033
3,23.34,1,13,1.485
2,0.91,1,21,0.046
0,22.33,1,21,5.597
2,12.06,0,7,0.275
4,23.23,0,11,0.028
3,8.95,1,16,0.434
0,17.71,1,3,4.399
0,27.31,0,0,5.98
4,16.04,1,21,0.025
4,8.83,0,17,0.016
3,12.19,0,7,0.486
1,22.49,0,20,2.647
2,3.18,0,0,0.167
0,21.26,0,18,6.206
1,17.48,1,13,1.384
0,2.31,0,18,0.457
1,24.73,0,11,2.849
1,18.15,0,12,1.846
0,22.72,0,13,3.871
1,21.78,0,6,1.651
0,18.54,1,6,4.566
3,28.24,1,12,1.786
2,11.82,0,20,0.444
3,6.7,0,3,0.41
0,13.46,0,0,2.475
3,17.82,1,17,0.964
2,16.21,1,19,0.721
4,3.21,1,5,0.01
3,20.45,1,5,1.014
2,6.49,1,17,0.304
0,6.54,0,14,1.353
2,7.65,1,1,0.396
0,1.4,0,1,0.227
2,0.56,0,14,0.021
3,26.54,0,11,1.499
2,6.3,1,4,0.243
3,24.04,1,1,1.336
0,2.43,0,16,0.481
3,5.94,0,0,0.191
0,13.43,1,8,3.672
0,18.01,0,1,3.407
4,14.89,0,7,0.022
1,1.94,0,1,0.164
1,21.38,0,7,1.736
1,29.95,0,2,3.144
3,5.68,0,2,0.258
1,6.71,1,7,0.527
4,16.72,1,10,0.033
3,14.63,1,2,1.021
2,11.28,0,22,0.23
1,10.96,1,17,1.354
3,7.01,0,13,0.253
3,7.24,1,5,0.542
4,22.74,0,18,0.028
3,16.85,0,22,0.905
4,4.32,1,2,0.01
4,20.85,0,0,0.032
2,17.06,1,3,0.936
1,20.16,0,22,1.654
3,22.78,0,1,1.447
3,18.86,0,19,0.988
2,27.09,1,7,1.496
2,5.86,0,11,0.224
0,12.63,1,1,3.248
3,4.15,0,3,0.176
4,5.65,1,6,0.012
0,6.77,0,9,1.321
1,22.33,1,2,1.837
0,11.24,0,23,2.181
4,17.6,0,5,0.034
0,14.97,1,5,2.538
1,17.07,0,21,1.946
2,27.86,1,4,1.45
0,26.42,1,22,3.787
4,4.09,1,13,0.01
4,9.63,0,9,0.019
0,13.4,0,4,2.408
1,24.63,1,21,2.113
2,7.33,0,9,0.365
1,9.49,1,22,1.13
1,18.11,0,18,1.856
2,10.84,1,13,0.264
4,8.75,1,19,0.01
1,22.02,1,19,2.363
0,15.2,1,15,3.715
0,6.08,0,11,1.536
1,4.56,0,8,0.381
0,0.5,0,3,0.075
0,16.39,0,16,2.73
1,9.82,1,2,0.643
4,21.34,1,5,0.033
3,23.62,0,3,1.461
4,5.22,0,16,0.01
0,28.16,0,21,5.812
0,9.87,1,1,2.401
4,12.53,1,18,0.023
3,3.16,1,21,0.147
4,9.1,0,2,0.01
3,10.56,0,21,0.496
4,4.17,1,12,0.01
2,12.93,0,21,0.558
1,7.18,1,22,0.537
3,8.35,0,14,0.573
4,23.55,0,0,0.032
0,2.07,0,0,0.336
2,27.11,0,23,1.103
0,3.04,0,23,0.473
3,1.24,1,21,0.079
2,15.31,0,19,0.721
4,9.39,1,8,0.013
4,17.49,0,19,0.016
3,12.41,0,23,0.542
1,14.13,1,8,1.241
1,22.7,0,14,2.07
3,19.72,0,10,1.144
3,6.18,1,5,0.271
3,11.5,0,1,0.399
1,25.5,0,4,2.291
2,8.49,0,16,0.335
3,3.76,1,15,0.165
1,10.15,0,6,0.723
1,23.73,1,14,1.802
1,20.57,1,16,2.229
1,12.34,0,20,0.854
1,2.68,0,22,0.196
0,27.42,0,20,7.661
2,8.73,1,12,0.206
3,15.63,0,16,0.509
3,13.58,0,0,0.553
1,7.75,1,9,0.774
4,9.81,0,8,0.011
3,22.49,0,20,0.892
4,27.85,1,0,0.046
3,28.22,1,5,1.027
2,2.53,1,21,0.097
1,1.4,1,8,0.151
0,27.55,1,1,5.514
2,11.38,0,8,0.249
4,23.56,1,7,0.018
2,16.07,0,1,0.744
4,14.98,0,4,0.027
3,22.02,0,4,1.063
0,21.74,0,4,5.243
1,1.01,0,2,0.107
3,17.67,1,2,0.875
2,23.59,0,22,0.611
3,27.26,0,6,0.896
1,27.88,1,1,2.775
2,13.63,1,13,0.568
1,16.32,1,1,1.775
4,9.69,0,19,0.01
4,18.29,0,5,0.031
0,15.43,1,11,2.849
3,17.88,1,8,1.248
2,8.35,0,16,0.428
0,22.89,0,17,5.639
2,13.45,0,11,0.569
2,0.84,1,0,0.026
2,8.4,0,12,0.442
4,14.05,1,9,0.014
3,21.58,1,2,0.954
3,25.53,1,19,1.882
2,19.56,1,3,0.578
1,3.56,0,10,0.384
2,0.89,0,20,0.021
1,23.54,0,23,2.166
1,6.4,0,9,0.71
1,15.94,1,23,1.102
3,12.57,0,23,0.675
2,9.64,1,4,0.492
2,15.66,1,9,0.777
0,2.15,0,19,0.316
3,18.21,1,14,1.211
1,11.12,0,18,1.019
4,28.77,1,22,0.054
1,18.79,0,6,1.355
0,7.67,1,8,1.601
3,18.01,1,8,0.791
4,25.65,0,23,0.013
1,12.33,0,10,1.078
4,7.45,0,4,0.015
3,6.52,1,12,0.266
2,29.5,0,19,1.0
2,4.09,1,20,0.143
0,16.61,0,9,3.38
0,25.1,1,21,6.29
2,11.4,1,2,0.519
3,29.09,0,13,2.06
4,16.77,0,15,0.03
2,14.67,1,6,0.613
0,16.29,1,13,3.366
2,14.99,1,9,0.591
1,24.11,1,4,2.392
3,6.03,1,1,0.279
2,17.94,0,13,0.803
0,23.3,0,3,3.537
1,28.73,1,18,3.307
1,1.59,0,14,0.163
3,26.4,0,7,1.814
0,28.58,1,7,4.252
3,15.29,0,14,0.961
4,24.38,0,15,0.039
0,13.4,1,22,3.471
3,19.84,0,8,0.927
0,23.13,1,13,5.272
4,27.77,0,12,0.043
0,23.37,0,5,5.6
0,4.01,1,16,0.596
1,12.05,0,17,0.959
2,23.64,1,0,0.835
2,4.11,1,7,0.186
1,13.1,0,22,1.271
4,25.2,0,10,0.049
3,27.06,0,5,0.933
0,13.44,0,22,1.851
2,23.7,1,4,0.631
3,10.24,1,2,0.484
0,2.76,1,15,0.429
4,14.29,1,2,0.03
0,29.57,1,19,8.594
0,20.08,0,2,2.582
1,0.61,0,9,0.065
0,19.02,0,21,3.95
2,13.65,0,14,0.317
2,1.17,0,11,0.039
2,20.77,1,22,1.242
2,29.17,0,15,0.963
3,25.49,1,1,1.592
2,17.25,0,18,0.701
3,17.91,0,10,1.213
0,7.08,0,22,1.283
3,14.13,0,18,0.507
2,26.54,0,0,0.664
0,4.6,1,2,0.897
4,23.4,0,13,0.046
2,25.58,1,19,1.228
1,4.27,1,1,0.479
2,12.59,0,7,0.605
2,20.45,1,16,0.507
2,23.85,1,20,1.12
0,6.98,0,20,1.917
4,25.08,1,23,0.025
0,26.01,1,0,6.14
2,8.08,0,13,0.162
0,6.7,1,5,1.158
3,22.78,0,10,1.438
3,4.93,1,16,0.347
1,22.97,1,20,1.95
1,24.0,0,20,2.64
0,26.84,0,12,4.886
3,12.49,1,16,0.755
0,23.54,1,16,6.381
1,28.28,1,2,3.069
3,5.4,0,8,0.256
0,11.46,0,12,1.954
3,15.65,1,17,0.952
2,25.8,1,4,1.236
0,16.31,0,22,2.85
1,1.8,0,17,0.196
2,4.74,1,9,0.173
4,26.08,0,23,0.018
1,18.87,1,21,1.626
4,3.71,0,15,0.01
2,11.14,1,21,0.526
2,13.36,1,3,0.535
4,20.69,0,20,0.017
3,11.39,1,8,0.515
0,20.68,1,16,4.654
2,15.0,1,4,0.716
1,19.9,1,7,1.479
4,14.6,0,9,0.019
2,29.08,1,2,1.081
1,22.63,1,12,2.385
1,9.44,1,19,1.014
3,7.95,0,20,0.387
3,6.44,1,23,0.25
4,18.72,0,8,0.028
0,2.94,1,16,0.388
2,16.07,0,17,0.517
1,0.54,1,3,0.042
3,9.23,0,14,0.371
4,17.24,0,17,0.035
0,18.68,0,14,3.729
2,0.84,0,2,0.034
4,18.47,1,6,0.037
4,4.35,1,1,0.01
2,11.5,1,6,0.434
3,16.52,0,22,1.17
4,1.15,1,17,0.01
3,12.54,0,1,0.619
2,4.01,0,4,0.185
4,26.11,1,13,0.025
1,10.13,1,1,0.661
4,27.67,0,17,0.05
3,1.24,0,3,0.089
4,22.23,1,20,0.037
0,13.03,0,14,2.699
4,16.5,1,9,0.034
2,21.7,0,5,1.039
3,11.45,1,12,0.733
2,9.6,1,21,0.344
4,13.06,1,21,0.023
1,12.68,1,19,1.528
2,2.23,1,12,0.084
2,6.01,1,19,0.245
1,23.41,0,9,2.053
3,4.53,0,8,0.193
3,17.47,0,13,0.779
1,2.68,0,6,0.235
1,3.39,1,2,0.281
1,2.63,1,17,0.307
4,28.61,0,19,0.035
3,26.22,0,5,1.176
1,1.82,0,9,0.186
1,9.05,1,11,0.793
1,10.99,1,12,1.046
2,19.46,0,4,0.575
2,29.92,0,12,0.899
2,24.52,1,20,1.304
4,26.95,1,20,0.027
2,2.37,0,0,0.069
4,3.48,0,22,0.01
2,4.32,0,13,0.159
3,2.4,1,18,0.131
2,7.57,0,20,0.358
1,4.26,0,12,0.291
3,10.26,0,2,0.559
1,13.45,0,5,1.102
4,19.75,1,0,0.035
1,25.57,0,5,2.639
3,6.97,1,14,0.427
1,29.98,1,17,3.346
3,12.79,1,19,0.932
2,18.53,0,4,0.468
4,22.37,1,12,0.037
0,13.79,1,11,2.766
3,13.76,1,21,0.507
1,11.85,0,1,0.858
3,5.76,0,17,0.254
0,7.72,1,7,1.075
2,13.81,0,2,0.303
4,3.57,0,19,0.01
4,22.2,1,17,0.013
3,20.03,0,10,1.3
2,11.32,1,18,0.325
4,2.25,0,0,0.01
3,28.52,1,18,1.747
3,4.43,1,4,0.179
3,5.25,1,1,0.372
3,29.44,1,10,2.175
0,24.92,0,3,4.899
4,22.36,0,9,0.022
1,1.39,1,13,0.107
3,14.28,1,0,0.839
1,4.02,1,14,0.264
1,24.3,0,4,1.461
0,4.99,1,7,1.133
4,12.07,0,6,0.02
0,28.55,0,14,7.224
2,2.1,0,9,0.066
3,28.57,0,3,1.294
3,29.78,1,14,2.124
1,23.31,0,11,1.795
1,12.11,1,1,0.988
4,29.01,0,9,0.043
3,11.24,1,18,0.662
1,19.86,0,13,1.46
2,11.12,0,21,0.501
3,16.02,0,3,0.643
3,0.87,1,15,0.051
2,11.13,1,13,0.293
4,9.6,1,19,0.02
3,12.32,0,22,0.444
1,15.53,0,6,1.275
1,8.12,1,5,0.589
1,12.03,1,18,1.212
0,29.94,0,9,8.213
0,16.07,0,10,2.301
4,6.45,1,18,0.01
3,6.67,0,10,0.464
4,17.86,0,12,0.034
3,4.16,0,6,0.291
0,29.87,1,13,5.456
4,22.85,0,12,0.036
2,9.75,1,5,0.367
0,29.82,0,22,4.031
0,9.67,1,22,1.372
4,20.67,0,3,0.03
3,7.99,1,8,0.444
2,11.44,0,14,0.46
3,1.49,0,12,0.056
3,6.76,1,14,0.388
4,8.68,1,17,0.011
3,27.21,0,22,1.085
3,1.48,0,18,0.101
2,17.94,1,19,0.916
4,22.17,1,2,0.041
0,25.61,0,7,6.03
3,0.7,1,7,0.043
0,13.89,1,13,1.947
1,18.62,1,11,1.516
1,16.77,1,4,1.41
2,21.58,1,19,0.882
4,10.63,0,22,0.02
1,15.39,1,12,1.551
0,6.37,1,21,1.451
3,17.13,0,13,0.997
1,4.88,0,16,0.453
3,7.63,1,2,0.557
4,19.32,0,0,0.01
4,18.99,0,20,0.013
3,9.3,0,17,0.394
3,26.16,1,4,1.979
4,21.03,0,4,0.031
3,26.11,0,8,1.867
2,23.88,0,0,0.85
0,8.39,1,15,1.577
3,22.57,1,19,1.101
4,20.14,1,11,0.018
2,14.17,1,8,0.643
3,1.13,1,12,0.073
1,29.11,0,13,3.07
3,13.6,1,3,0.953
2,29.81,1,23,1.534
2,23.74,1,16,1.05
2,11.82,0,18,0.253
4,19.21,0,15,0.019
1,6.45,0,17,0.435
4,21.32,0,8,0.041
4,25.97,1,11,0.059
4,2.99,1,22,0.01
0,1.14,1,4,0.305
2,13.42,1,8,0.369
0,13.81,1,19,3.226
2,20.39,0,0,0.426
4,3.32,0,19,0.01
1,15.7,0,22,1.185
1,2.92,0,8,0.26
3,4.12,1,1,0.256
3,24.28,0,13,1.023
1,15.99,1,4,1.465
3,1.82,0,3,0.067
3,25.3,0,6,1.52
0,16.32,0,1,3.559
3,9.99,1,13,0.541
1,0.82,0,8,0.067
1,13.3,1,10,1.089
4,21.29,1,6,0.023
0,11.23,1,14,2.355
2,3.9,0,19,0.098
2,24.47,1,8,0.846
2,6.82,0,3,0.143
2,12.01,0,21,0.318
1,18.42,0,7,1.318
2,23.93,1,19,0.872
1,2.62,1,19,0.236
3,22.02,0,0,0.77
1,15.59,0,9,1.499
2,22.67,1,17,0.867
4,8.95,1,18,0.015
1,12.32,1,15,1.177
1,23.96,1,8,2.285
0,19.58,0,3,2.682
0,8.89,0,23,1.992
1,3.9,0,19,0.32
0,27.17,0,9,5.929
0,29.28,1,6,6.788
0,19.37,0,5,3.455
0,18.84,0,6,4.734
3,14.88,0,9,0.608
3,14.13,1,21,0.608
2,11.35,1,11,0.6
2,0.89,1,22,0.049
1,17.53,0,13,1.853
1,23.41,1,16,2.394
1,16.99,0,9,1.948
3,9.64,1,15,0.742
1,22.95,1,8,2.202
1,7.83,0,4,0.756
1,6.04,0,9,0.725
1,28.43,0,11,2.641
0,25.99,0,19,6.546
1,9.06,1,15,0.683
1,14.07,0,23,0.924
3,13.65,1,10,0.889
4,26.18,1,21,0.036
2,19.76,1,11,0.568
3,3.68,1,12,0.156
0,18.46,0,1,3.224
1,3.09,0,9,0.318
3,8.52,1,18,0.46
0,9.74,1,17,2.802
0,22.62,0,13,5.391
4,27.36,1,19,0.041
2,10.99,1,7,0.334
1,1.16,1,6,0.119
4,20.2,0,0,0.026
1,11.84,1,2,0.944
4,12.63,0,22,0.02
0,21.99,1,16,4.394
1,27.87,0,21,2.066
0,22.1,1,23,5.195
2,9.66,0,8,0.451
3,11.88,1,1,0.636
3,16.46,1,12,0.972
4,21.6,1,23,0.044
2,8.11,0,3,0.206
3,17.09,0,11,1.213
4,27.35,0,6,0.04
0,16.14,0,20,4.479
3,3.07,1,23,0.155
1,19.25,0,12,1.93
1,27.0,1,18,2.55
2,21.13,1,18,0.671
2,17.62,1,16,0.775
1,28.72,0,10,3.04
1,9.35,0,20,1.055
2,23.87,1,8,0.718
3,29.19,1,1,2.016
4,12.37,1,2,0.018
2,17.52,0,3,0.481
0,6.68,1,10,1.693
3,5.34,1,4,0.295
2,13.45,1,9,0.321
0,9.43,1,17,2.533
2,25.14,0,6,0.877
1,6.04,1,7,0.597
0,11.6,0,9,2.251
4,15.02,1,2,0.021
0,28.95,1,2,5.565
2,13.06,1,12,0.459
2,5.13,0,23,0.214
3,16.58,0,11,0.888
4,27.27,0,20,0.038
0,13.06,0,0,3.024
2,8.81,0,2,0.305
4,29.63,1,5,0.059
1,14.43,1,0,1.406
2,16.36,1,21,0.727
0,20.57,1,12,4.712
4,11.83,1,0,0.021
1,0.85,0,1,0.068
3,25.85,1,9,1.232
4,11.65,1,19,0.017
2,11.37,0,7,0.31
2,25.34,0,1,0.819
3,17.34,0,5,1.004
0,24.22,0,23,5.314
2,23.91,1,21,0.555
3,5.15,0,6,0.251
4,18.41,0,1,0.019
2,19.94,1,0,0.584
1,26.85,0,15,1.866
4,6.24,1,3,0.01
1,4.48,0,17,0.522
4,25.22,1,21,0.051
1,9.41,0,10,1.006
2,1.83,0,2,0.068
3,19.8,0,8,1.004
0,17.37,0,9,2.878
3,15.29,1,1,0.716
4,22.66,1,23,0.043
1,19.85,0,6,1.727
0,3.52,1,6,0.997
2,6.59,1,17,0.29
2,4.44,0,7,0.195
2,26.92,0,18,0.914
3,9.32,1,0,0.598
1,19.56,1,22,1.742
0,23.41,0,12,3.053
0,28.67,1,7,5.878
1,27.38,1,23,2.869
3,26.59,1,6,1.849
4,10.44,1,16,0.022
2,24.78,1,20,0.795
3,3.27,0,10,0.208
4,22.41,1,6,0.027
4,21.72,0,15,0.036
3,15.14,0,0,0.573
1,4.87,0,20,0.455
0,20.77,1,13,4.724
4,24.6,1,9,0.046
1,14.07,0,2,1.018
3,20.34,0,11,1.234
3,23.6,0,5,1.501
2,15.82,1,8,0.586
0,2.85,1,10,0.504
2,4.16,0,2,0.167
2,13.85,1,15,0.609
1,24.59,0,9,2.286
1,28.67,0,10,3.245
3,29.95,0,14,1.374
4,27.26,1,1,0.027
1,14.75,1,10,1.521
2,28.62,0,5,1.448
2,17.31,1,10,0.755
4,9.09,1,3,0.01
1,28.32,0,11,2.572
2,28.56,1,8,0.699
0,8.56,0,21,1.809
1,5.94,0,23,0.537
3,1.43,0,23,0.055
1,0.86,1,7,0.079
1,26.1,0,18,2.214
0,15.53,0,13,2.052
1,10.23,1,9,1.028
3,27.45,1,17,2.205
2,3.98,0,4,0.111
4,10.89,0,13,0.017
1,6.54,1,22,0.531
3,5.32,0,20,0.352
1,15.42,1,17,1.359
2,29.18,0,5,1.453
3,5.68,0,7,0.257
2,2.02,0,0,0.063
3,0.54,1,6,0.034
2,3.07,0,9,0.071
3,25.62,1,15,1.894
4,10.22,1,10,0.017
0,25.27,1,6,3.488
0,7.11,1,21,1.813
0,19.3,1,18,5.666
4,23.1,0,3,0.013
2,21.28,0,18,0.772
3,17.0,0,7,1.175
4,29.78,1,9,0.035
4,21.75,0,17,0.015
3,25.94,1,18,1.688
1,8.02,1,22,0.66
4,4.7,0,1,0.01
3,11.28,0,6,0.544
2,16.24,0,21,0.71
4,29.13,0,11,0.05
2,24.37,1,5,0.592
0,27.95,1,1,5.07
3,7.05,0,8,0.318
2,3.62,0,2,0.087
0,8.77,0,17,2.002
4,12.88,1,12,0.013
2,21.5,1,13,1.163
0,14.59,1,3,3.831
4,10.29,0,3,0.018
2,19.45,1,17,0.786
1,2.0,1,17,0.173
0,11.24,1,19,2.56
4,13.65,0,14,0.025
2,10.44,1,0,0.495
3,22.4,1,1,0.804
4,5.76,0,6,0.012
1,23.1,0,23,1.876
3,27.4,0,21,1.573
4,25.91,1,10,0.052
4,10.52,1,22,0.02
2,23.83,0,12,1.04
1,27.11,1,20,1.98
2,8.46,1,9,0.384
1,4.68,1,19,0.391
4,29.11,0,7,0.032
0,4.62,0,21,0.953
3,21.25,1,8,0.894
4,20.15,0,12,0.013
1,11.83,0,5,1.228
1,29.74,1,19,3.092
4,14.12,0,22,0.014
4,25.58,1,12,0.053
1,4.35,0,8,0.345
0,1.32,1,19,0.278
0,12.3,1,13,2.497
4,10.28,0,1,0.012
4,17.08,0,8,0.019
0,13.07,0,14,1.729
4,15.86,1,0,0.022
2,17.23,1,3,0.955
2,15.76,1,22,0.687
0,4.62,1,11,1.225
4,4.81,1,14,0.01
4,1.37,0,9,0.01
3,23.21,1,15,1.107
2,12.29,1,8,0.619
1,12.64,1,20,1.554
2,27.42,0,18,1.143
1,4.23,1,3,0.292
0,14.66,0,1,1.931
0,16.47,0,6,2.781
0,15.62,1,3,4.096
4,14.03,1,12,0.014
0,6.49,0,3,1.115
0,14.9,1,8,3.822
4,28.5,1,20,0.035
4,17.88,1,9,0.01
3,1.26,1,13,0.046
0,3.8,0,20,0.575
3,23.71,0,7,0.891
3,17.57,1,20,1.331
0,28.58,1,1,7.39
0,14.67,1,4,3.252
2,22.87,1,6,1.253
4,17.35,0,13,0.026
0,20.16,0,22,5.182
3,8.67,1,3,0.541
0,3.07,0,20,0.471
4,15.8,0,15,0.024
1,16.06,0,17,1.345
4,28.82,0,16,0.032
0,25.63,0,12,6.51
4,6.24,0,5,0.01
3,5.39,0,3,0.181
3,29.73,0,8,1.126
1,22.94,0,19,2.102
0,15.67,1,3,2.556
3,29.31,0,19,0.947
4,4.74,1,16,0.01
1,12.37,1,0,1.229
0,22.14,1,16,4.605
4,8.65,1,6,0.01
3,29.45,1,9,1.674
1,19.07,1,10,1.763
4,23.34,0,16,0.016
1,7.67,0,1,0.647
4,14.35,0,6,0.028
3,25.06,1,9,1.723
0,4.83,0,14,0.622
1,13.64,0,5,0.906
2,14.72,0,15,0.333
1,28.33,0,1,2.74
1,10.73,0,0,1.044
3,26.56,0,12,0.971
1,29.12,0,6,1.926
1,17.47,0,14,1.235
2,27.53,0,12,0.712
3,6.41,0,5,0.314
2,11.33,0,20,0.47
0,7.91,1,14,1.646
2,9.39,1,19,0.33
1,25.22,1,19,2.83
4,15.19,0,19,0.017
3,24.28,1,0,1.897
1,7.48,1,6,0.649
2,17.32,0,21,0.793
4,21.0,1,19,0.037
3,9.42,1,12,0.597
1,16.23,1,3,1.38
1,20.9,0,23,1.975
3,10.06,0,8,0.471
3,21.89,0,1,1.205
0,22.22,0,7,4.243
2,13.5,0,20,0.573
0,18.51,1,21,3.337
3,17.45,1,2,1.11
4,1.55,0,15,0.01
3,12.04,0,2,0.675
2,8.11,1,8,0.287
2,22.88,0,1,0.88
4,1.83,0,14,0.01
3,9.2,1,5,0.366
2,23.76,1,6,0.636
4,7.4,0,3,0.01
1,21.24,0,12,2.251
2,5.11,0,4,0.162
2,19.9,1,19,1.129
4,14.63,1,13,0.03
3,10.09,0,1,0.741
3,23.29,1,5,1.574
0,7.43,0,6,1.359
0,29.09,0,18,5.557
3,10.01,0,9,0.408
0,27.83,1,0,6.85
1,22.04,0,5,1.868
0,6.07,0,13,0.904
1,21.18,1,9,2.278
4,28.58,0,0,0.038
3,14.85,1,2,0.601
4,8.67,0,4,0.01
0,13.57,1,9,4.24
1,9.45,0,4,0.684
0,20.42,1,21,4.939
2,9.31,1,9,0.386
1,16.2,1,19,1.4
3,1.93,0,13,0.09
4,15.01,1,11,0.018
2,26.43,1,2,1.173
4,23.49,0,4,0.035
2,15.53,0,10,0.377
1,15.66,0,18,1.236
4,16.66,1,9,0.02
1,12.83,1,1,1.334
0,19.24,1,17,4.54
2,16.67,0,10,0.521
2,14.18,0,22,0.282
0,7.82,1,8,2.202
2,16.76,0,0,0.525
4,6.42,1,14,0.01
3,18.56,1,0,1.144
3,22.07,1,20,1.471
2,12.62,1,0,0.606
0,21.26,0,19,3.506
0,17.89,0,19,4.522
4,13.94,0,10,0.02
3,7.38,1,7,0.246
0,26.72,0,17,6.623
3,10.28,0,16,0.473
4,18.9,0,11,0.021
1,22.69,1,9,2.14
4,0.6,0,8,0.01
3,18.64,0,15,1.161
0,1.08,0,18,0.255
3,0.66,0,11,0.022
1,3.6,1,3,0.312
4,13.22,1,0,0.017
3,8.82,0,16,0.576
4,11.91,1,13,0.015
1,27.64,0,11,3.044
4,26.98,1,16,0.032
1,10.13,0,23,0.778
2,5.25,1,23,0.166
3,1.53,1,15,0.097
4,27.9,1,23,0.039
3,18.01,1,15,0.793
4,5.96,0,12,0.01
0,9.93,1,0,2.515
2,19.43,1,11,0.859
0,22.1,0,22,4.963
4,22.8,1,5,0.017
4,11.02,1,21,0.021
3,25.97,0,23,1.025
0,23.48,0,13,4.473
4,27.18,0,3,0.018
0,2.24,0,5,0.336
1,5.67,1,22,0.433
3,5.73,0,0,0.328
2,13.83,0,10,0.564
4,15.08,0,15,0.026
3,19.3,0,13,0.984
1,1.0,0,15,0.09
2,6.65,1,12,0.374
1,24.43,0,2,2.428
4,21.96,0,17,0.034
3,1.52,1,21,0.109
2,18.64,1,12,0.848
3,6.77,1,14,0.488
2,5.36,0,9,0.217
0,14.35,0,14,3.667
1,18.54,0,15,1.864
0,13.08,0,21,2.357
0,23.64,1,23,5.005
3,26.95,0,12,1.424
4,22.95,0,10,0.014
4,17.19,1,3,0.037
2,14.21,0,2,0.692
0,10.07,0,4,2.04
1,19.05,1,14,2.061
3,14.03,0,22,0.626
1,10.19,0,10,1.007
3,7.19,0,6,0.273
4,19.53,1,19,0.02
0,23.08,1,13,3.029
1,22.32,0,9,2.37
0,22.88,1,22,6.094
1,7.44,1,17,0.824
1,26.23,0,20,2.732
1,25.74,0,20,2.454
4,23.33,0,15,0.044
2,27.72,0,1,1.249
2,29.2,0,9,1.171
0,26.17,1,10,4.916
3,2.46,1,0,0.11
1,25.43,0,1,1.997
1,3.78,0,17,0.334
0,14.06,0,7,2.338
4,27.06,1,18,0.023
4,5.22,1,19,0.01
3,17.4,0,15,1.0
3,2.35,0,8,0.133
3,12.94,0,13,0.674
4,22.83,0,19,0.039
3,16.29,0,23,0.964
4,16.97,1,3,0.024
3,16.23,1,3,0.859
4,6.16,0,12,0.01
2,28.7,1,14,1.0
0,18.34,0,4,3.709
2,9.96,0,14,0.341
2,16.68,0,6,0.835
1,3.65,1,10,0.344
0,2.85,1,18,0.878
3,4.21,1,3,0.278
2,6.14,0,15,0.149
4,22.14,1,17,0.043
0,11.95,1,6,3.221
3,11.55,0,6,0.598
4,3.45,0,15,0.01
3,12.07,1,7,0.697
0,5.94,1,19,1.103
0,24.73,0,16,5.495
0,19.5,0,1,2.553
2,27.7,1,17,0.94
4,22.96,1,0,0.022
2,23.66,1,3,0.613
0,7.98,1,21,1.648
0,24.69,1,9,4.836
3,20.84,1,22,1.439
3,23.07,0,11,1.561
4,21.9,0,2,0.022
0,22.39,0,21,3.716
0,29.89,0,4,6.155
1,1.99,1,22,0.21
1,22.93,0,13,1.761
0,28.25,0,22,6.674
1,2.54,1,21,0.256
2,2.09,0,2,0.078
1,26.97,0,3,2.355
3,14.35,0,23,0.764
4,28.77,0,12,0.016
0,26.61,1,22,7.146
2,14.75,0,16,0.341
2,8.37,1,15,0.474
4,23.57,0,16,0.042
1,28.65,1,16,3.25
0,6.75,0,0,1.22
0,4.13,0,21,1.049
0,24.26,0,16,3.128
2,29.69,1,2,0.968
3,10.74,1,15,0.752
2,11.09,0,5,0.462
3,22.4,0,19,0.925
1,11.32,0,8,1.226
1,24.17,0,20,2.278
0,15.41,0,21,2.334
4,23.55,0,5,0.031
1,11.69,1,12,1.008
3,2.27,1,19,0.139
1,24.8,1,10,2.475
1,15.28,0,14,1.381
0,15.24,1,20,4.503
4,4.22,0,22,0.01
1,18.41,0,2,1.163
2,2.13,1,12,0.112
2,19.44,0,14,0.489
4,2.51,0,11,0.01
4,8.21,0,13,0.01
0,18.71,0,9,3.826
2,7.54,0,11,0.272
4,13.67,1,1,0.028
2,23.21,0,21,0.88
1,25.94,1,12,2.818
1,13.68,0,12,1.348
2,20.04,0,12,0.722
1,3.91,1,16,0.359
4,19.52,1,15,0.029
1,18.55,1,12,1.614
3,28.59,0,11,1.909
0,16.69,1,23,3.614
0,20.25,1,18,3.823
0,26.22,1,11,4.951
2,15.54,1,6,0.674
2,26.83,1,18,0.799
3,24.78,1,17,1.866
4,26.67,0,21,0.053
4,27.19,0,14,0.016
4,21.22,1,10,0.017
2,17.29,1,8,0.586
4,22.19,1,5,0.018
1,14.33,0,16,1.339
0,24.5,1,9,4.91
4,29.31,0,21,0.025
4,13.05,1,2,0.013
1,6.09,1,13,0.664
3,15.58,0,12,1.089
4,9.45,0,6,0.012
3,13.35,0,7,0.457
2,25.74,0,11,0.547
3,24.53,1,10,1.921
2,4.01,1,7,0.122
2,25.01,1,1,0.664
2,24.97,1,13,0.911
0,4.33,0,21,0.986
2,3.59,1,21,0.169
3,1.47,1,8,0.076
4,27.24,0,4,0.028
0,24.78,1,13,5.568
1,17.1,0,18,1.401
0,6.12,1,14,1.704
0,10.92,1,10,3.25
3,11.52,1,23,0.802
0,17.85,0,22,4.024
3,21.3,1,17,0.846
3,25.33,1,5,1.938
3,12.54,1,0,0.936
3,14.17,1,5,0.767
4,0.79,0,18,0.01
4,2.3,0,8,0.01
3,8.58,1,6,0.374
0,12.3,0,6,1.943
3,8.13,1,9,0.603
2,5.33,1,18,0.209
2,6.67,1,10,0.306
0,21.96,1,23,3.72
3,16.78,0,22,1.067
3,17.77,0,23,1.02
3,21.36,1,0,1.305
2,24.18,0,20,0.888
4,20.65,1,10,0.02
0,18.84,0,23,2.538
0,19.22,1,6,4.958
4,8.59,0,13,0.01
1,9.78,1,7,0.858
1,22.08,1,13,2.483
4,14.11,1,17,0.027
3,10.97,0,20,0.47
3,5.08,1,7,0.336
4,2.8,1,4,0.01
0,11.43,1,15,2.531
0,16.94,1,9,2.751
0,16.89,1,5,2.428
0,1.38,1,23,0.265
3,13.12,1,17,0.521
0,29.73,0,7,4.28
2,13.74,0,16,0.546
1,24.67,0,22,2.606
1,4.36,1,15,0.416
4,24.1,1,6,0.027
2,6.5,1,2,0.15
3,5.14,1,11,0.24
2,7.93,1,23,0.258
3,9.36,0,22,0.536
0,25.46,0,23,5.069
3,28.5,0,19,1.027
0,15.12,1,17,5.065
3,18.99,0,17,1.299
3,8.49,1,11,0.36
1,3.52,1,17,0.348
3,20.7,1,21,1.055
4,2.59,1,18,0.01
4,2.37,0,11,0.01
0,28.45,1,22,5.755
0,7.18,0,1,1.586
0,22.5,1,21,4.894
3,22.67,0,4,1.536
0,21.35,1,13,3.256
4,10.47,1,11,0.013
2,29.48,0,13,1.417
1,17.09,0,4,1.186
4,27.68,0,17,0.039
1,11.95,1,16,1.354
1,27.86,1,7,2.946
0,27.44,0,12,4.255
1,23.27,0,10,2.615
4,25.96,0,20,0.017
4,10.99,0,0,0.01
2,9.74,1,0,0.526
1,12.46,0,7,0.89
4,24.72,1,10,0.049
2,10.11,1,4,0.262
1,2.98,1,20,0.311
0,12.74,1,12,2.743
1,3.09,1,19,0.315
0,1.37,0,6,0.215
2,18.5,1,15,0.733
1,27.73,1,10,3.138
1,1.01,1,12,0.115
2,14.29,1,9,0.784
3,11.31,0,12,0.772
2,5.52,0,0,0.21
0,25.38,0,19,5.918
4,4.64,0,2,0.01
1,25.85,0,10,1.856
2,8.74,1,14,0.389
2,16.0,1,22,0.451
0,9.47,0,22,2.488
2,8.5,1,23,0.204
3,17.17,0,10,0.789
2,24.0,0,6,1.106
1,17.53,1,6,1.605
2,6.46,1,17,0.288
3,11.18,1,4,0.638
0,25.98,1,0,4.792
0,10.85,0,16,1.811
3,26.23,1,3,1.393
0,18.39,0,4,2.529
3,3.86,0,12,0.194
2,28.47,0,0,0.616
0,2.2,0,8,0.496
4,12.33,1,12,0.022
1,29.94,1,18,2.451
4,29.03,0,1,0.033
2,13.1,0,18,0.428
0,1.65,0,15,0.302
0,17.74,1,13,2.604
3,27.23,1,19,1.065
0,23.95,0,10,4.934
1,2.04,1,8,0.226
0,5.84,0,0,0.732
4,24.42,1,12,0.035
3,1.47,1,3,0.068
2,11.85,0,3,0.338
0,28.29,0,6,4.592
4,15.84,1,13,0.01
3,10.65,0,12,0.475
2,26.74,0,21,0.536
0,11.49,1,12,2.871
2,2.76,1,8,0.1
1,27.92,1,3,2.142
1,5.32,1,1,0.409
3,2.74,1,10,0.157
0,22.88,1,10,4.044
1,12.79,0,16,0.941
4,21.3,0,10,0.024
0,1.02,0,10,0.277
4,29.06,0,15,0.025
2,10.34,1,17,0.544
4,19.76,0,21,0.023
1,6.81,0,13,0.484
2,3.92,0,22,0.135
0,25.08,0,3,4.981
3,29.17,1,20,2.13
1,12.96,1,0,1.226
4,8.46,1,16,0.01
2,20.65,1,16,0.942
4,5.88,1,17,0.01
4,18.49,1,13,0.013
3,12.48,1,4,0.565
4,26.11,1,16,0.03
1,22.95,1,0,1.643
2,29.77,0,5,1.179
3,1.85,0,14,0.127
2,14.57,1,11,0.44
4,7.63,0,6,0.011
0,15.91,1,0,4.058
3,9.73,0,18,0.618
4,2.05,0,1,0.01
0,18.55,1,3,3.526
4,9.1,0,10,0.013
0,5.51,1,1,0.869
3,20.32,0,19,1.478
2,2.65,0,10,0.123
3,7.98,0,18,0.348
0,6.3,0,11,1.296
2,3.12,0,21,0.098
2,20.35,0,9,0.853
1,1.15,1,1,0.08
4,16.38,1,9,0.02
3,15.24,1,1,1.03
0,2.7,1,22,0.759
1,16.23,0,11,1.248
4,9.89,0,2,0.017
3,14.64,1,9,1.049
0,1.26,0,2,0.247
4,22.15,1,17,0.024
3,28.17,1,20,2.233
1,14.16,0,16,0.939
2,28.07,0,0,1.401
0,4.08,1,20,0.879
3,9.71,0,20,0.28
0,12.71,0,16,2.638
1,22.98,0,22,1.47
0,21.28,1,21,5.364
1,19.61,0,15,1.704
2,25.44,1,3,1.153
3,6.42,0,10,0.305
0,26.0,1,15,6.267
0,7.2,1,22,0.986
1,6.02,1,10,0.666
0,11.77,0,10,2.599
3,26.97,0,17,1.558
4,9.31,1,18,0.01
2,14.11,0,23,0.528
4,10.32,1,15,0.013
4,13.45,0,4,0.026
3,20.07,0,9,0.932
3,7.17,1,23,0.283
4,21.2,0,5,0.034
0,23.96,1,23,4.414
4,27.18,0,22,0.052
2,9.62,0,20,0.331
2,7.6,1,20,0.358
4,21.47,0,15,0.035
0,14.11,0,1,1.936
3,23.22,1,0,0.94
4,16.04,0,21,0.01
2,1.13,1,23,0.05
4,16.94,0,3,0.01
1,11.55,0,23,0.88
4,9.61,0,21,0.019
2,26.16,1,8,1.033
0,25.02,0,10,3.757
2,27.53,1,3,1.291
3,17.7,1,14,1.217
0,22.25,0,0,4.961
2,28.99,0,7,0.966
3,4.05,0,12,0.147
2,24.09,0,16,0.618
0,23.79,0,13,4.262
3,17.58,0,23,1.177
1,13.6,1,14,1.302
1,20.75,0,19,2.019
4,11.73,0,6,0.02
4,3.56,1,15,0.01
3,20.96,1,16,1.286
1,12.56,1,15,0.905
0,3.88,0,15,0.881
1,28.33,0,10,2.315
3,5.41,1,9,0.289
0,5.81,0,7,0.91
3,1.57,0,15,0.075
0,1.37,0,12,0.357
3,28.31,0,12,2.074
1,9.39,0,12,0.785
2,18.08,1,14,0.654
3,29.79,1,6,2.075
4,26.31,0,17,0.04
3,8.62,0,19,0.423
4,20.19,0,1,0.021
4,24.9,1,9,0.019
3,24.6,1,11,1.097
3,9.24,1,6,0.346
2,9.82,0,12,0.417
4,3.04,1,8,0.01
3,21.81,0,14,1.63
2,21.87,0,21,1.063
0,9.01,0,17,1.459
1,6.85,1,0,0.607
2,25.27,1,18,0.942
3,16.59,0,15,1.115
0,7.95,0,13,1.434
0,7.46,1,17,2.278
2,12.29,0,2,0.545
4,20.49,0,17,0.013
4,20.2,1,4,0.026
1,2.8,0,16,0.236
0,18.6,0,7,3.602
2,12.73,1,15,0.37
1,9.63,0,0,0.619
0,4.11,1,6,0.682
1,1.73,0,5,0.159
2,5.84,0,8,0.253
2,7.6,1,17,0.23
2,23.31,1,23,1.282
0,27.4,1,23,7.096
1,5.94,1,16,0.417
1,28.61,1,6,2.419
2,19.57,0,11,0.792
0,0.81,1,8,0.169
2,10.84,0,6,0.411
1,14.04,1,1,1.292
0,14.2,0,10,3.047
4,27.78,1,10,0.041
3,1.26,1,5,0.078
0,19.04,0,20,4.924
0,13.29,1,20,2.04
2,14.94,0,0,0.712
1,10.66,1,20,1.116
3,29.8,0,1,1.03
0,26.37,1,19,5.836
4,15.24,1,16,0.025
4,22.09,1,2,0.041
3,28.5,0,20,1.907
0,28.08,1,18,5.074
2,18.76,0,19,0.883
3,13.53,0,22,0.8
2,4.18,1,6,0.166
4,26.53,1,11,0.032
4,0.77,1,18,0.01
0,27.91,1,1,4.262
4,8.25,1,20,0.01
1,21.36,1,9,1.634
3,24.24,1,3,1.5
1,16.52,0,13,1.045
2,2.94,0,0,0.112
1,3.81,0,11,0.269
0,23.9,1,7,4.154
1,5.49,0,18,0.569
4,22.22,1,7,0.047
1,26.01,1,11,2.456
1,0.59,1,8,0.071
0,10.39,0,5,2.432
2,18.56,1,2,1.024
2,10.92,0,11,0.25
3,4.77,0,21,0.209
3,28.76,1,10,1.647
2,1.83,1,21,0.069
3,17.3,1,19,0.649
0,14.65,0,6,1.867
4,28.94,0,1,0.04
2,4.63,1,23,0.127
3,4.71,0,19,0.259
4,29.39,0,1,0.019
1,9.79,1,20,0.836
2,12.45,1,5,0.637
4,25.29,0,23,0.022
0,6.31,1,10,1.577
3,22.92,0,3,1.449
3,14.51,0,2,0.922
4,28.86,1,20,0.026
4,13.29,0,14,0.022
0,18.07,1,12,4.943
0,18.58,0,15,2.776
2,16.14,0,5,0.528
1,11.48,0,17,1.154
1,1.87,1,20,0.223
4,10.93,1,1,0.019
3,16.89,1,13,0.987
4,19.66,1,5,0.039
0,19.18,0,19,4.902
0,5.38,1,4,1.14
2,19.38,0,11,0.514
4,12.88,0,17,0.015
4,11.05,1,20,0.01
2,26.38,1,7,1.33
3,21.12,1,21,1.3
4,12.11,1,15,0.01
3,3.31,0,11,0.138
4,16.55,0,14,0.029
4,0.75,0,13,0.01
3,9.71,0,20,0.5
3,19.54,1,1,1.15
1,16.91,1,17,1.451
2,1.8,0,7,0.047
2,14.07,0,20,0.657
0,16.39,1,16,2.51
3,0.54,1,20,0.037
0,8.32,1,2,1.135
1,19.85,0,6,1.927
0,29.24,0,19,6.306
4,29.72,0,23,0.043
3,24.9,0,0,1.605
0,3.41,1,14,0.823
0,19.63,1,23,3.153
2,14.75,1,22,0.718
3,20.81,1,20,1.046
3,25.05,1,1,1.966
2,19.3,1,19,0.906
0,5.43,0,17,1.293
2,19.45,0,16,0.684
1,6.43,1,14,0.675
2,3.22,1,8,0.072
1,19.79,1,5,1.55
0,3.28,1,8,1.098
2,21.67,0,14,0.578
0,19.89,0,19,3.289
1,0.6,0,15,0.036
1,15.15,0,9,1.691
1,22.74,0,13,1.566
2,23.11,1,12,0.795
4,18.35,0,10,0.035
0,5.01,0,19,1.286
0,2.57,1,5,0.544
1,27.15,1,13,2.269
0,10.31,0,0,1.419
2,24.31,0,3,1.007
4,24.87,0,7,0.029
2,24.74,1,8,0.878
4,5.24,1,10,0.01
3,2.1,1,9,0.107
0,3.08,0,4,0.76
2,2.21,1,5,0.09
3,2.13,0,20,0.113
4,13.9,1,10,0.015
2,15.19,1,9,0.455
0,5.07,0,1,1.222
4,4.88,1,16,0.01
1,13.07,1,9,1.768
0,27.54,1,11,6.552
3,23.03,0,21,1.291
2,9.41,0,15,0.512
3,19.91,1,5,1.297
2,17.67,0,0,0.799
2,2.97,1,13,0.15
1,26.11,0,7,2.208
0,11.41,0,19,2.585
2,22.94,0,3,0.667
1,17.01,0,23,1.111
1,29.59,0,5,2.954
4,15.97,1,19,0.02
1,5.87,0,1,0.467
3,27.27,1,12,1.856
0,12.81,0,9,2.568
0,10.2,1,17,2.084
2,16.81,0,7,0.361
1,24.17,1,5,1.758
1,19.9,0,20,2.3
1,2.46,0,14,0.152
3,7.31,1,0,0.595
2,27.92,1,15,0.833
3,22.83,1,17,0.849
3,21.19,1,3,0.848
0,12.25,1,23,3.295
0,6.5,0,4,1.623
1,9.65,1,4,0.898
1,22.2,0,15,1.453
2,6.11,0,18,0.134
0,13.12,1,23,3.0
4,26.99,0,7,0.022
2,19.74,1,20,0.922
0,16.61,0,19,5.125
2,7.36,0,17,0.354
3,15.46,0,2,0.629
4,17.87,1,6,0.029
3,3.36,1,10,0.188
1,23.98,1,17,1.966
2,3.48,0,14,0.122
1,17.56,0,20,2.058
1,13.33,0,15,1.194
2,29.54,0,5,0.754
4,24.98,0,2,0.015
4,28.84,0,4,0.054
0,0.76,0,22,0.164
4,23.46,0,19,0.022
4,27.2,1,19,0.017
0,22.61,0,11,6.037
4,29.81,1,23,0.047
1,21.2,0,19,2.631
3,11.23,1,20,0.725
0,23.97,1,1,3.593
3,3.12,0,13,0.139
3,14.11,0,7,0.948
0,3.01,1,12,0.45
4,2.1,0,12,0.01
1,18.39,0,2,1.378
2,21.43,0,15,0.965
1,19.87,0,16,1.22
3,19.08,1,20,1.038
3,19.09,1,19,1.201
0,23.82,0,6,5.111
0,29.53,0,10,5.619
2,6.46,0,2,0.327
4,14.87,0,12,0.01
2,17.45,1,15,0.777
0,7.87,0,15,1.833
0,17.16,1,3,4.169
1,2.54,0,20,0.26
2,29.38,0,7,1.023
0,3.54,1,1,0.81
0,8.95,1,1,1.62
3,2.74,0,9,0.153
1,20.57,1,11,1.721
4,9.62,1,18,0.015
1,8.33,0,10,0.823
0,19.47,0,15,4.695
1,15.62,1,9,1.497
0,26.82,0,8,6.302
1,14.78,1,14,1.472
4,21.69,0,12,0.032
4,28.29,0,20,0.05
4,14.05,0,20,0.015
0,29.21,1,23,4.827
3,26.57,1,15,1.072
3,22.96,1,22,1.523
3,3.64,0,12,0.214
2,19.7,1,10,0.832
2,28.25,0,5,1.314
1,24.57,0,14,2.549
1,13.43,1,21,1.581
0,13.49,0,21,3.423
1,22.87,0,9,1.873
4,22.29,0,21,0.044
1,1.61,0,2,0.124
4,10.38,0,13,0.018
0,14.85,1,3,3.247
4,25.93,0,22,0.019
4,3.23,0,9,0.01
3,0.8,0,16,0.052
4,24.29,0,20,0.03
4,22.2,1,23,0.013
0,23.25,0,13,5.724
0,27.86,0,16,4.285
1,11.83,0,15,1.139
1,11.5,1,9,1.345
3,27.86,1,15,1.453
1,24.87,1,10,3.24
1,9.6,1,6,0.797
4,29.53,0,23,0.059
1,1.52,0,14,0.162
1,9.83,1,20,0.889
2,19.87,0,22,0.671
1,12.56,1,2,1.023
4,28.86,1,20,0.028
3,11.65,0,16,0.439
0,8.58,1,6,1.415
1,6.72,1,5,0.544
0,28.4,0,16,6.955
4,15.34,0,15,0.026
2,27.79,1,8,1.573
0,3.51,0,23,0.582
4,19.73,0,16,0.023
4,10.63,0,8,0.01
4,19.88,1,12,0.035
0,26.75,0,23,5.61
1,3.08,1,7,0.255
2,7.4,1,3,0.387
2,29.39,0,22,0.983
3,10.39,0,2,0.453
0,2.78,1,22,0.378
1,26.91,0,14,1.626
1,8.83,0,1,0.692
3,0.77,0,11,0.025
1,23.02,0,13,1.911
4,26.84,0,4,0.016
2,25.44,1,16,1.206
1,14.0,0,10,1.426
0,19.46,0,4,4.034
2,27.13,1,15,1.067
0,5.69,0,7,0.927
3,23.43,1,18,1.025
1,15.42,1,3,1.252
3,21.85,1,13,1.402
2,22.32,1,5,0.937
0,20.08,1,14,3.489
3,16.38,0,6,0.901
4,24.89,1,7,0.053
4,20.63,0,6,0.011
2,3.12,1,9,0.076
1,15.31,0,19,1.093
2,13.92,0,6,0.298
2,24.72,1,5,1.399
4,7.15,1,11,0.014
0,26.58,0,16,6.5
2,6.29,0,5,0.218
0,3.87,1,22,0.663
2,1.23,0,14,0.059
3,27.41,1,10,1.345
4,13.78,1,13,0.024
4,10.61,1,4,0.01
1,10.32,1,21,1.074
2,6.02,0,16,0.318
0,18.02,0,7,4.34
0,11.53,1,11,1.819
3,23.72,1,10,1.2
2,7.46,0,16,0.181
1,13.43,1,9,1.161
2,4.25,1,4,0.162
4,27.25,1,4,0.057
2,27.89,0,18,0.907
3,19.39,0,12,1.116
4,20.02,1,14,0.028
4,4.71,0,2,0.01
0,19.03,1,13,4.178
4,10.81,1,18,0.015
3,6.97,0,15,0.296
0,23.32,0,11,4.241
0,12.0,0,15,2.783
2,24.67,1,22,1.083
2,17.13,1,0,0.85
0,23.54,1,23,5.137
4,22.63,1,23,0.028
4,27.15,0,22,0.052
3,25.53,0,1,0.874
3,14.74,0,4,0.578
3,13.9,0,10,0.708
4,13.58,1,17,0.01
2,26.59,0,23,0.725
4,29.5,1,18,0.045
4,15.75,0,13,0.017
4,17.73,1,9,0.022
4,24.99,1,3,0.058
1,8.24,0,7,0.792
0,12.24,1,3,2.326
4,12.1,1,10,0.016
0,1.82,1,18,0.377
3,20.26,0,6,1.45
1,21.08,0,1,1.938
3,7.02,1,6,0.536
4,10.09,0,8,0.019
4,15.23,0,0,0.028
4,11.26,1,16,0.012
2,0.94,1,11,0.038
1,24.52,1,15,2.038
3,23.72,0,5,1.39
3,19.53,1,7,1.274
3,8.68,0,2,0.367
3,6.79,0,1,0.241
1,23.61,0,20,2.248
1,19.02,0,19,1.582
2,25.99,1,17,0.885
4,4.15,0,14,0.01
0,22.83,0,5,5.287
2,24.24,1,12,0.924
3,23.23,0,11,0.924
3,7.44,1,7,0.403
0,22.57,1,21,3.862
3,13.88,1,22,0.96
3,12.75,0,22,0.599
4,19.75,1,0,0.034
2,25.26,0,4,1.125
4,24.05,0,3,0.042
0,7.63,0,9,1.76
1,23.44,1,10,2.138
2,25.47,0,19,1.225
0,2.67,1,10,0.622
1,9.33,1,23,0.977
3,21.87,1,3,0.855
0,14.4,1,5,4.218
1,13.87,0,2,1.062
0,3.51,1,5,0.554
3,16.17,1,9,1.172
3,0.54,0,0,0.037
4,27.73,0,21,0.023
0,5.71,1,0,1.155
1,25.19,1,13,2.385
4,27.46,0,15,0.026
3,6.42,1,6,0.394
2,4.48,0,8,0.143
0,20.39,1,7,3.552
3,14.89,0,14,0.647
3,17.92,0,4,0.757
2,28.73,1,21,1.477
4,24.33,0,16,0.018
4,4.24,0,10,0.01
1,28.16,0,5,2.845
0,12.43,0,10,3.262
2,28.83,1,16,1.275
3,3.04,1,23,0.1
0,3.77,1,1,0.592
4,9.13,1,6,0.01
0,24.16,1,13,4.089
3,1.92,1,7,0.119
4,26.58,1,2,0.036
0,14.99,1,15,2.719
4,3.08,0,18,0.01
1,17.37,1,1,1.789
2,7.34,1,16,0.161
4,27.27,1,6,0.014
3,18.93,0,0,1.285
2,8.33,0,1,0.363
0,16.22,1,16,3.53
1,6.79,1,17,0.637
4,17.87,0,1,0.036
1,8.85,1,1,0.931
3,4.75,1,0,0.255
1,16.58,1,7,1.814
3,15.64,1,0,0.565
1,2.14,0,0,0.129
2,7.71,1,11,0.292
2,1.68,0,21,0.083
2,0.93,1,6,0.023
2,13.21,0,14,0.267
1,23.79,0,13,1.889
4,23.8,1,1,0.045
4,16.29,0,9,0.017
4,3.27,1,15,0.01
1,22.6,1,15,2.219
4,7.4,1,7,0.01
1,28.66,1,14,2.006
3,6.16,1,7,0.291
1,14.6,1,14,1.4
2,24.13,0,10,1.16
1,28.2,1,12,2.258
1,27.5,0,13,1.723
0,19.42,1,1,3.298
0,26.65,1,20,8.56
2,20.09,0,10,0.747
0,10.17,1,9,1.705
3,14.61,1,8,0.612
2,1.16,0,6,0.032
3,7.14,1,18,0.496
3,29.89,1,19,1.262
2,4.92,1,10,0.15
0,13.79,1,0,3.229
0,9.65,0,18,2.315
1,24.62,1,5,2.443
2,21.24,1,14,0.623
2,21.38,0,17,0.911
4,24.36,1,16,0.019
3,13.28,0,21,0.499
1,1.72,1,22,0.19
3,15.2,0,12,0.786
2,10.16,0,13,0.445
4,12.47,1,21,0.01
1,12.27,1,3,1.387
4,24.46,0,13,0.052
0,11.82,1,3,1.81
4,11.45,0,19,0.015
1,0.77,1,15,0.067
4,27.0,0,19,0.029
0,6.43,1,7,1.421
2,18.77,1,2,0.756
1,9.11,0,5,0.931
3,9.98,1,13,0.581
0,3.63,0,2,0.622
4,10.2,0,2,0.014
1,0.55,0,11,0.053
4,5.92,1,1,0.012
0,4.84,1,6,1.186
1,25.12,0,17,2.757
4,1.74,1,8,0.01
0,14.7,0,22,2.476
3,13.38,1,23,1.088
1,4.41,0,0,0.377
2,9.76,0,15,0.433
1,3.76,0,17,0.304
3,22.17,0,12,0.888
3,11.85,0,20,0.414
0,25.45,0,15,4.245
4,8.55,0,20,0.01
0,8.95,0,2,1.223
0,7.5,0,19,1.833
2,0.98,1,17,0.035
3,4.59,0,14,0.278
1,10.4,0,0,0.944
3,0.79,0,12,0.055
3,4.34,1,0,0.204
3,23.32,1,5,1.055
2,5.54,0,14,0.278
0,25.67,0,13,6.472
0,16.97,1,17,2.821
0,9.74,0,19,2.033
2,18.02,0,21,0.831
0,23.68,0,20,4.373
2,25.12,0,12,0.884
0,16.66,1,18,4.623
1,2.66,0,1,0.266
3,9.04,1,18,0.694
3,1.1,1,4,0.067
4,18.71,1,0,0.028
0,12.31,0,18,3.053
2,25.9,0,13,0.529
4,29.71,0,17,0.057
4,1.23,1,1,0.01
4,2.51,1,5,0.01
0,26.89,1,12,6.763
3,12.93,0,0,0.719
2,17.81,0,6,0.459
1,18.0,0,8,1.986
1,18.45,1,12,1.804
0,25.92,0,16,4.056
1,15.69,1,3,1.302
1,17.77,1,12,1.935
1,18.87,1,17,2.101
4,26.65,0,16,0.026
4,16.93,0,10,0.033
3,26.77,1,0,1.156
3,5.78,0,23,0.405
1,15.67,1,0,1.434
0,9.5,0,17,1.896
3,6.12,1,22,0.461
0,8.73,0,12,1.308
2,18.83,0,0,0.551
0,25.12,1,22,5.336
2,20.8,1,8,0.824
3,26.82,1,19,1.22
0,16.72,0,6,3.498
4,22.94,0,12,0.024
4,1.45,1,18,0.01
1,26.83,1,8,3.152
2,7.97,1,4,0.22
4,12.43,1,16,0.014
2,11.8,1,9,0.336
3,2.31,1,4,0.151
1,12.51,0,21,0.996
1,19.91,0,18,2.018
2,25.93,1,1,0.751
4,11.73,1,8,0.014
2,3.35,0,7,0.124
1,18.55,0,10,1.355
2,4.98,0,9,0.174
1,15.63,0,13,1.55
1,18.0,0,12,1.129
1,15.12,1,23,1.392
0,19.25,1,13,4.784
4,7.73,0,11,0.01
3,13.05,0,15,0.54
1,4.93,1,9,0.528
1,3.17,1,9,0.265
1,17.99,0,3,1.766
0,26.07,0,16,3.954
0,0.99,0,22,0.154
4,10.8,0,21,0.021
0,25.98,1,19,7.833
4,19.59,0,11,0.011
0,1.85,0,6,0.315
1,10.99,0,21,0.731
2,4.44,1,4,0.209
3,29.09,1,22,1.651
2,0.69,0,13,0.033
0,11.74,1,11,1.986
0,22.48,1,13,3.74
4,14.09,0,13,0.02
1,7.11,0,19,0.705
3,20.34,1,9,0.857
3,25.96,0,15,1.343
2,23.84,0,22,0.871
3,8.06,1,4,0.506
2,13.54,0,10,0.336
4,15.09,1,5,0.022
3,19.61,0,19,0.779
1,10.1,1,1,1.062
4,25.48,1,10,0.032
0,27.86,1,12,6.365
4,4.27,0,23,0.01
4,0.91,0,0,0.01
1,21.68,0,14,1.459
0,0.84,1,1,0.212
0,22.17,0,19,3.995
1,19.94,1,17,1.866
2,28.29,0,22,1.415
1,10.69,0,11,1.33
0,3.56,0,15,0.459
3,24.16,0,8,0.854
1,2.48,0,5,0.216
0,5.3,0,15,1.178
2,22.48,1,20,1.016
0,8.88,1,11,1.912
4,18.61,0,19,0.025
3,19.25,0,11,0.902
1,19.86,0,2,2.016
2,3.09,1,23,0.12
1,4.94,1,21,0.382
4,26.93,1,16,0.025
1,9.24,0,6,1.0
3,3.55,1,2,0.221
3,13.59,0,3,0.511
3,22.62,1,3,0.811
2,3.28,1,20,0.159
4,3.56,1,22,0.01
0,9.79,0,2,1.99
4,3.62,0,13,0.01
1,10.59,0,0,0.754
3,13.56,1,10,0.65
2,25.17,0,14,1.092
2,18.63,1,22,0.814
2,5.78,1,11,0.204
1,24.16,1,13,1.854
3,13.24,1,15,0.802
3,2.79,1,0,0.145
0,1.41,1,15,0.266
1,17.5,1,0,1.473
2,20.33,1,23,1.032
2,2.07,1,21,0.111
3,14.93,1,11,0.962
3,9.69,1,11,0.443
0,11.13,1,14,2.82
1,5.44,0,5,0.402
4,12.04,1,3,0.018
1,13.64,0,1,0.896
4,3.14,1,18,0.01
4,16.25,0,10,0.025
4,20.94,1,4,0.02
4,2.47,1,16,0.01
4,19.07,0,18,0.028
1,23.74,1,15,1.831
2,11.17,0,22,0.541
0,19.46,0,22,4.221
4,6.53,0,2,0.01
2,13.32,1,7,0.523
1,3.78,1,16,0.429
4,13.37,1,3,0.023
3,23.91,0,11,1.164
0,18.22,0,4,2.718
2,19.12,0,14,0.956
0,28.23,0,17,8.04
3,18.37,1,7,0.729
3,9.64,1,4,0.331
2,26.92,0,23,0.724
4,27.08,0,0,0.055
3,5.23,0,23,0.259
4,10.8,0,1,0.016
4,27.59,1,12,0.037
4,3.4,0,13,0.01
4,1.04,0,5,0.01
2,3.05,0,7,0.159
0,15.52,1,13,3.848
4,12.76,1,10,0.012
4,2.75,1,9,0.01
3,7.02,1,15,0.368
2,19.11,1,12,0.994
0,28.49,1,10,5.731
0,12.61,0,16,1.755
1,5.72,1,0,0.498
3,18.3,1,15,1.123
3,20.11,0,21,1.222
0,11.33,0,2,1.362
0,18.61,0,16,5.01
1,21.86,1,12,1.566
4,16.3,0,15,0.03
2,11.15,1,12,0.611
4,9.26,0,18,0.015
1,25.16,0,6,2.089
2,16.87,1,6,0.851
2,6.75,0,1,0.177
2,21.8,1,5,0.994
1,28.99,0,3,2.173
3,1.89,1,11,0.133
3,18.21,0,2,1.021
4,20.94,1,13,0.028
3,18.03,1,8,1.252
0,9.03,1,12,2.601
3,7.73,1,1,0.47
2,26.04,0,12,0.567
0,4.8,1,4,1.096
1,14.94,1,7,1.648
4,28.89,0,6,0.034
1,25.05,0,17,2.065
4,18.52,0,3,0.032
0,5.32,0,5,1.104
0,25.32,1,0,6.404
1,20.98,0,15,1.71
1,25.96,0,22,2.375
4,8.43,1,6,0.01
2,5.76,0,10,0.121
1,13.31,1,5,0.866
3,0.96,1,20,0.059
0,11.52,1,7,1.785
0,17.2,1,22,4.138
4,13.38,1,13,0.03
3,17.38,1,7,0.88
4,25.21,1,6,0.032
4,13.41,1,4,0.022
1,4.03,1,13,0.347
3,22.39,1,3,0.973
3,13.8,0,4,0.821
0,10.23,1,1,1.586
4,11.49,1,0,0.026
0,2.56,0,22,0.617
3,11.03,0,0,0.692
4,26.83,0,21,0.039
4,29.38,1,13,0.066
4,2.24,0,21,0.01
0,8.2,1,8,1.775
4,2.15,1,9,0.01
2,11.01,0,0,0.262
3,19.96,1,19,0.984
4,22.02,1,8,0.032
4,1.91,0,17,0.01
3,16.19,0,23,0.566
0,25.01,1,14,3.767
4,3.04,1,15,0.01
3,2.87,0,13,0.157
0,26.19,0,11,6.852
3,2.07,0,15,0.098
1,29.17,0,19,2.891
2,18.0,1,2,0.395
4,14.22,0,17,0.01
1,0.97,1,9,0.123
2,18.52,0,4,0.536
4,22.38,1,8,0.038
4,22.09,0,2,0.025
4,1.67,0,6,0.01
0,16.87,0,14,3.449
1,16.59,1,17,2.094
3,2.03,1,9,0.132
4,24.04,0,22,0.024
3,1.62,1,0,0.087
1,5.59,0,19,0.525
2,6.72,0,22,0.21
1,19.68,1,6,1.538
2,5.76,0,17,0.139
3,24.66,1,8,1.338
0,24.41,0,14,4.129
0,22.0,1,2,6.243
0,19.88,0,9,3.754
0,19.46,0,2,2.261
3,14.02,1,15,1.035
4,7.15,1,1,0.01
4,21.83,0,15,0.029
1,0.65,1,1,0.048
3,27.73,0,12,0.984
4,23.0,0,17,0.02
3,6.3,0,12,0.255
0,7.77,1,9,2.552
4,6.79,1,8,0.01
2,10.46,0,23,0.483
3,17.16,1,17,0.655
4,7.52,1,14,0.014
1,5.11,1,0,0.4
0,2.45,0,1,0.466
3,22.53,0,19,1.464
4,14.97,1,4,0.033
2,23.18,1,5,0.756
1,12.35,0,5,0.831
3,10.73,1,3,0.574
4,4.91,1,3,0.011
2,13.75,1,13,0.321
1,2.78,0,15,0.263
0,22.92,1,4,6.272
2,7.64,0,23,0.182
0,11.68,0,3,2.427
3,21.39,0,6,0.634
0,13.48,1,11,3.389
3,6.28,0,15,0.219
1,22.79,1,12,1.836
4,23.41,0,4,0.015
4,8.99,0,8,0.016
3,13.33,0,17,0.575
3,28.39,1,9,1.916
0,28.6,1,7,4.387
0,29.32,1,4,6.949
1,12.98,1,21,1.544
2,19.98,1,18,0.606
2,4.88,1,6,0.187
2,23.82,1,15,0.944
0,19.43,1,23,3.977
2,24.7,0,18,0.729
3,21.79,0,10,0.949
3,20.36,1,14,0.742
3,26.26,1,20,1.133
3,11.53,1,15,0.405
3,7.21,1,19,0.383
2,17.72,1,1,0.393
1,24.84,1,23,2.608
2,6.38,1,10,0.249
4,27.49,1,21,0.023
4,10.71,1,5,0.01
3,13.71,0,7,0.822
3,26.4,1,9,1.055
0,3.8,1,9,0.912
3,1.78,1,10,0.08
0,13.77,0,20,3.729
2,22.82,0,14,1.148
3,26.78,0,10,1.769
0,18.7,0,18,3.375
1,9.52,0,12,0.588
3,0.56,1,23,0.042
3,19.45,1,11,1.397
3,16.4,0,10,1.133
4,20.13,0,16,0.026
3,10.25,0,0,0.526
4,16.4,0,15,0.026
4,8.0,1,6,0.016
1,18.1,0,2,1.841
4,10.95,0,21,0.01
4,20.58,1,5,0.016
0,9.16,0,4,1.828
4,24.96,1,1,0.052
4,26.19,0,17,0.041
4,20.92,1,0,0.021
2,1.08,0,19,0.032
0,5.08,1,23,0.931
2,16.89,1,0,0.767
2,6.76,0,4,0.317
0,25.83,0,23,4.918
4,3.18,0,18,0.01
1,16.38,0,14,1.166
2,17.25,0,20,0.576
1,23.16,0,19,1.59
0,23.6,1,7,4.679
4,8.14,1,3,0.019
4,11.56,0,10,0.011
0,9.17,0,0,1.814
3,13.48,0,3,0.862
1,2.11,0,6,0.149
1,4.49,0,5,0.406
1,10.05,0,5,0.688
3,15.05,0,5,0.972
1,27.26,1,8,2.008
2,7.57,1,17,0.316
4,9.98,0,5,0.01
4,9.47,0,19,0.018
0,4.09,1,10,0.848
1,20.25,1,21,1.79
1,9.54,1,6,0.85
4,0.83,0,20,0.01
0,7.98,0,2,1.609
3,10.95,0,19,0.626
3,8.75,1,10,0.629
1,15.81,0,11,1.883
1,20.9,1,1,2.042
0,20.78,1,18,5.898
1,24.5,0,0,1.913
3,4.32,0,10,0.238
3,17.52,0,9,1.026
2,25.75,0,1,0.77
3,27.85,0,6,2.057
2,6.03,1,3,0.297
3,11.51,1,22,0.547
0,1.83,0,8,0.337
0,23.54,0,8,3.63
1,2.39,0,6,0.227
3,27.27,0,15,1.164
0,28.67,0,18,3.989
3,29.41,1,21,1.901
1,12.0,1,20,0.888
1,22.95,0,7,2.038
0,24.63,0,12,4.536
1,29.54,1,20,2.824
1,16.53,0,16,1.305
4,11.83,1,5,0.021
2,5.49,1,15,0.285
0,14.2,1,8,4.062
4,16.23,0,12,0.014
2,25.12,1,1,1.214
0,9.32,0,2,1.716
1,23.37,0,8,1.922
3,6.81,1,21,0.426
1,3.52,1,20,0.436
3,10.79,1,16,0.646
4,27.51,0,1,0.054
2,4.68,1,20,0.143
3,12.46,0,6,0.465
1,29.38,1,14,2.308
3,11.75,0,22,0.395
3,29.9,0,15,1.943
3,29.13,1,12,1.847
2,6.35,1,4,0.356
2,22.37,0,14,0.945
3,4.51,1,20,0.31
3,1.47,0,6,0.088
2,29.07,1,5,1.108
4,18.88,0,11,0.039
3,18.71,1,4,1.455
3,24.85,0,16,1.103
1,13.57,1,10,1.645
1,20.76,0,14,1.572
0,19.89,1,8,3.297
3,1.56,1,0,0.115
4,22.53,0,0,0.031
0,19.75,1,11,4.953
0,8.84,0,19,2.133
2,16.82,0,20,0.695
2,24.46,1,16,0.61
4,28.98,0,3,0.02
0,18.07,0,18,3.481
0,1.98,0,19,0.467
3,15.92,1,8,0.685
2,26.08,0,7,0.901
2,13.28,1,12,0.438
4,19.99,1,0,0.028
3,23.38,0,9,1.155
1,2.58,0,22,0.197
1,5.49,0,11,0.441
2,9.86,0,22,0.328
1,26.38,1,19,3.128
3,1.72,0,23,0.099
4,18.88,0,6,0.022
2,7.9,0,8,0.194
4,16.23,0,3,0.021
4,10.16,1,13,0.01
0,19.68,0,4,2.796
2,26.83,0,17,1.126
1,28.79,0,6,2.818
2,16.19,0,17,0.464
0,11.09,1,6,1.983
4,25.47,0,3,0.038
0,3.8,0,12,0.843
3,10.21,1,20,0.467
2,28.71,0,23,0.761
4,28.9,0,22,0.059
1,29.77,0,23,2.803
1,28.91,0,20,3.415
3,0.85,1,19,0.064
1,12.1,0,7,0.986
1,26.98,1,12,2.799
3,16.53,1,0,0.751
3,5.51,0,2,0.286
2,19.83,0,17,0.446
2,8.24,0,6,0.32
1,8.7,1,14,0.855
0,25.02,0,1,4.337
4,25.88,1,16,0.041
0,26.94,0,8,6.09
3,6.91,0,13,0.42
2,19.22,1,19,0.761
4,23.77,1,23,0.026
0,3.77,1,1,0.993
1,1.76,0,18,0.149
2,12.79,0,5,0.472
1,29.71,0,5,2.036
0,6.01,0,10,1.519
1,18.68,0,21,1.733
3,23.24,1,5,0.908
2,21.04,0,14,0.636
4,20.08,0,4,0.011
2,17.05,1,3,0.482
1,10.01,1,7,0.735
2,19.65,0,10,0.956
4,5.75,1,18,0.01
2,27.72,1,12,1.43
4,9.5,1,4,0.019
0,23.56,0,13,5.974
2,24.0,1,3,0.76
4,16.24,1,18,0.028
0,17.15,0,4,2.861
0,21.72,1,22,5.277
1,25.89,0,12,2.163
0,19.21,1,14,3.286
3,7.47,1,5,0.403
1,19.64,0,5,1.763
1,16.59,0,7,1.018
4,28.59,1,12,0.044
1,5.41,1,8,0.682
2,26.36,1,16,1.219
2,28.06,0,16,1.428
0,25.91,1,0,4.67
4,26.87,1,13,0.017
0,16.6,0,11,2.572
1,12.16,0,17,1.482
1,24.43,1,13,2.291
0,26.74,0,19,6.21
1,9.44,0,11,1.177
2,21.95,1,4,0.751
2,29.53,1,23,1.314
2,2.11,0,16,0.094
4,20.93,0,2,0.039
4,7.37,1,8,0.016
1,0.85,1,12,0.081
4,23.62,0,8,0.019
3,28.03,0,3,1.045
3,23.41,0,20,1.357
0,4.21,1,6,1.119
1,22.96,1,9,2.331
1,1.4,0,21,0.13
1,2.01,1,20,0.208
3,11.84,0,20,0.677
3,28.35,0,19,1.624
2,24.65,1,12,1.372
2,7.38,0,15,0.245
2,23.37,1,3,1.315
2,8.66,0,8,0.187
0,7.52,1,0,1.435
4,15.5,0,8,0.031
4,8.66,1,19,0.015
1,15.46,0,5,1.537
0,13.79,0,17,2.305
1,6.75,0,7,0.455
0,7.65,1,14,1.391
0,23.36,0,6,4.176
1,25.52,1,3,1.772
4,13.14,1,6,0.012
1,29.5,0,11,2.304
4,11.63,1,12,0.023
2,18.73,1,20,0.632
1,1.27,0,8,0.106
2,14.58,0,20,0.54
2,0.66,0,20,0.032
4,24.35,0,17,0.047
2,22.52,0,17,0.868
3,10.9,1,8,0.797
4,15.66,0,15,0.031
4,22.87,0,12,0.02
0,4.77,0,21,1.323
4,5.71,0,9,0.01
2,25.59,1,18,1.311
0,18.87,1,17,3.265
0,11.77,0,21,2.796
4,23.5,0,1,0.021
4,9.96,1,19,0.023
0,1.62,1,16,0.344
3,13.59,1,18,0.837
2,9.98,1,19,0.467
1,14.0,1,11,1.613
2,10.6,0,2,0.328
1,1.98,0,17,0.173
3,18.35,0,17,1.039
1,4.82,0,1,0.424
1,26.51,0,11,2.222
1,2.1,1,19,0.225
2,9.39,0,4,0.193
2,24.65,1,8,1.108
4,13.45,0,0,0.011
4,9.24,0,2,0.01
1,22.24,1,6,1.837
2,17.29,1,8,0.517
2,12.81,1,19,0.651
3,9.17,0,2,0.331
1,21.89,0,6,1.887
4,12.52,1,20,0.022
3,23.68,0,6,1.092
0,25.92,0,6,4.525
2,0.62,0,23,0.019
3,22.19,0,16,1.148
4,0.62,1,8,0.01
4,5.92,1,11,0.012
0,2.21,0,22,0.554
1,3.19,1,9,0.266
4,5.05,1,6,0.01
0,25.66,0,3,5.991
1,9.8,1,23,0.933
0,7.4,1,1,1.967
1,19.66,1,9,1.875
4,19.11,1,10,0.023
2,25.42,1,8,0.596
4,6.05,1,11,0.01
1,20.42,0,19,2.068
3,28.78,0,12,1.303
1,2.65,0,22,0.225
0,21.51,0,2,4.755
3,24.67,0,9,1.304
2,24.01,1,11,0.752
4,17.49,1,16,0.019
1,1.02,0,21,0.116
0,3.08,1,19,0.966
0,17.52,1,9,4.722
2,14.88,0,15,0.751
2,15.32,1,19,0.793
3,25.92,0,4,1.785
0,17.64,0,12,3.785
4,27.73,0,7,0.044
1,11.35,1,11,0.877
3,22.87,1,21,1.243
4,25.68,1,22,0.024
4,17.37,0,7,0.036
2,14.83,1,22,0.681
2,2.94,0,8,0.154
2,9.99,1,7,0.586
3,2.92,0,12,0.11
4,2.65,0,18,0.01
2,12.46,0,18,0.526
1,8.75,1,13,0.671
0,29.27,0,11,7.932
1,1.77,1,23,0.164
4,26.8,1,2,0.036
1,28.03,1,5,2.144
4,28.04,1,6,0.037
1,21.45,0,23,1.835
3,25.19,1,13,1.592
2,8.53,0,12,0.346
3,21.97,1,10,0.944
1,19.98,1,11,1.9
1,3.56,0,6,0.217
1,19.43,1,20,2.259
3,12.23,0,5,0.568
1,10.19,0,6,0.693
0,21.38,1,23,3.711
1,7.01,0,6,0.555
1,1.94,1,14,0.17
2,6.35,0,13,0.201
4,19.14,1,2,0.016
2,4.99,0,14,0.127
4,19.11,0,15,0.014
3,4.08,0,14,0.283
4,22.63,1,7,0.051
4,4.88,1,12,0.01
2,26.4,1,8,0.761
0,17.61,0,11,3.892
4,27.41,0,6,0.02
0,19.02,1,11,5.569
1,7.85,0,11,0.875
1,10.77,0,5,1.085
2,25.62,0,14,1.097
4,22.7,0,20,0.036
3,27.4,0,5,0.869
3,9.72,0,10,0.582
4,17.92,1,6,0.035
1,5.45,1,12,0.409
3,25.28,0,12,1.146
1,3.74,0,11,0.312
2,3.32,1,13,0.16
1,13.6,1,16,1.444
4,0.76,0,3,0.01
1,4.74,1,16,0.497
1,29.68,1,22,3.398
1,7.38,1,18,0.864
4,18.78,1,8,0.027
3,9.05,1,3,0.346
0,27.29,1,18,6.585
2,4.24,1,6,0.24
1,4.04,0,3,0.409
2,14.72,1,19,0.537
2,4.89,1,19,0.269
3,24.15,1,16,1.448
2,27.77,1,9,1.55
0,23.68,1,21,4.737
3,29.54,0,13,1.242
2,12.87,1,11,0.311
4,12.37,1,6,0.011
2,2.03,1,4,0.084
4,5.85,0,15,0.01
2,7.82,0,21,0.177
0,29.47,1,21,6.428
4,27.42,1,9,0.036
3,29.84,1,4,1.366
3,1.27,0,10,0.065
0,15.7,1,14,4.422
1,18.46,0,4,1.378
0,11.78,0,13,2.838
1,0.84,0,23,0.075
0,11.16,0,0,2.212
0,25.06,1,22,3.965
1,12.5,0,19,0.962
0,11.78,1,23,3.011
4,0.77,1,15,0.01
3,14.0,0,18,0.924
3,26.96,0,22,0.883
2,17.34,1,23,0.834
2,6.07,1,17,0.163
2,14.23,1,23,0.728
4,12.97,1,8,0.012
1,14.22,0,19,1.389
1,27.73,0,4,2.427
3,10.18,0,0,0.654
4,19.84,0,15,0.012
4,4.64,0,17,0.01
3,2.21,0,19,0.086
0,16.14,1,16,3.944
1,9.84,1,14,1.12
0,1.02,0,2,0.144
0,8.6,1,23,1.672
4,0.66,0,14,0.01
2,4.18,0,17,0.157
3,25.87,0,8,1.627
4,24.87,1,4,0.014
4,8.52,0,21,0.01
0,7.05,0,18,1.108
1,2.53,0,19,0.244
3,18.81,0,6,0.889
1,8.48,0,19,0.713
2,1.7,0,6,0.06
4,15.34,1,2,0.015
4,10.78,0,7,0.018
1,12.4,0,15,1.138
4,21.22,0,20,0.016
3,11.02,0,17,0.587
2,18.87,0,0,0.502
4,19.89,0,21,0.028
0,20.26,0,11,3.419
0,15.52,0,23,4.117
1,6.84,0,6,0.584
0,27.76,1,12,8.027
0,19.42,1,15,3.654
0,1.39,0,18,0.303
0,19.84,1,20,5.428
2,18.14,1,21,0.617
4,6.81,1,0,0.01
2,11.64,0,23,0.509
1,15.66,1,4,1.687
0,10.89,1,3,1.627
1,16.27,1,5,1.277
0,10.38,0,14,1.661
4,4.38,0,6,0.01
0,12.38,0,20,3.074
0,21.27,1,10,3.487
4,14.37,1,8,0.021
1,15.21,1,12,1.292
2,25.48,0,7,0.793
0,6.01,1,11,1.652
4,17.12,1,16,0.014
3,26.78,0,22,1.771
3,22.27,0,3,1.039
3,24.7,1,2,1.985
0,10.58,0,1,1.976
4,7.68,1,2,0.014
4,28.91,0,4,0.05
4,21.8,1,11,0.027
0,11.62,0,3,1.872
3,20.06,0,3,1.221
3,24.12,1,16,0.95
2,24.03,1,17,0.812
2,14.36,0,6,0.511
2,20.98,0,10,0.571
4,27.01,1,7,0.058
3,7.43,0,15,0.389
1,6.7,0,20,0.565
4,1.65,1,8,0.01
1,19.69,1,4,1.607
4,21.54,1,15,0.03
2,28.14,1,19,1.081
3,24.43,1,4,0.834
2,26.85,1,16,0.736
2,21.46,0,7,0.549
0,16.42,0,9,2.929
4,28.43,1,21,0.037
2,23.65,0,6,0.578
3,4.81,1,22,0.203
0,23.55,0,22,3.161
1,8.45,1,1,0.663
3,25.98,0,3,1.097
1,9.93,1,17,0.846
2,18.31,0,22,0.841
0,18.89,1,7,5.046
2,6.45,0,20,0.286
2,1.93,1,23,0.093
0,10.87,0,19,1.633
0,29.56,1,15,8.255
3,15.35,1,11,1.206
0,24.79,0,10,6.809
2,1.65,0,1,0.041
3,16.91,1,20,0.792
3,28.87,1,15,1.858
4,4.43,0,2,0.01
1,8.57,1,15,0.669
0,14.95,0,1,2.937
3,4.9,1,14,0.207
4,19.17,0,12,0.026
0,6.01,0,14,1.306
4,21.75,0,4,0.016
4,23.44,1,14,0.044
3,17.87,0,11,0.704
1,16.04,1,14,1.286
0,11.6,0,15,2.734
4,10.05,0,21,0.01
3,4.51,0,8,0.323
3,23.11,0,16,1.029
1,25.72,0,20,1.842
0,6.68,0,6,0.934
2,14.06,1,17,0.737
4,26.0,0,17,0.025
1,28.39,1,15,2.457
2,6.73,1,23,0.273
2,28.93,0,11,0.876
0,24.01,0,23,3.839
4,12.86,0,3,0.011
4,5.91,1,17,0.011
1,27.72,1,15,2.436
2,13.98,1,16,0.754
3,21.85,0,21,1.348
1,2.91,1,6,0.255
1,20.31,1,19,1.85
2,8.59,1,3,0.421
2,7.26,1,7,0.271
2,21.0,1,6,1.04
2,14.14,0,23,0.357
1,19.02,1,15,1.635
3,17.87,0,20,0.995
1,20.98,0,22,2.147
2,4.65,0,3,0.091
0,2.45,1,7,0.484
4,15.38,0,21,0.031
0,1.43,1,13,0.193
2,23.26,1,0,1.02
4,27.12,1,11,0.027
2,7.76,0,21,0.153
1,21.36,0,2,1.586
0,23.68,0,19,4.648
4,23.92,0,5,0.039
4,23.71,0,8,0.02
3,22.72,0,2,1.1
1,5.88,0,14,0.469
4,6.25,0,1,0.01
4,19.63,0,0,0.02
3,2.85,0,3,0.151
1,3.34,0,17,0.324
1,11.02,0,19,0.941
4,25.08,0,1,0.018
1,2.85,0,13,0.273
0,25.38,0,1,3.755
2,1.37,0,4,0.072
4,10.12,1,20,0.017
4,13.76,0,6,0.022
4,10.68,0,12,0.01
2,4.99,1,11,0.133
1,12.28,0,0,1.114
1,24.41,0,19,2.673
4,12.79,1,14,0.023
1,1.82,1,10,0.216
1,8.49,1,17,0.957
4,18.48,0,17,0.037
2,9.96,0,3,0.391
3,12.69,0,14,0.434
4,6.55,0,19,0.011
2,1.67,0,1,0.04
3,20.11,0,1,1.412
3,8.66,0,2,0.611
4,17.21,1,10,0.023
4,2.91,0,20,0.01
3,0.8,1,1,0.043
1,27.45,1,18,2.443
4,2.4,1,4,0.01
2,18.15,0,2,0.67
1,19.34,1,0,1.682
1,21.9,0,17,2.498
1,11.23,1,14,0.931
2,18.96,1,6,1.0
0,8.65,0,7,2.201
4,24.52,1,11,0.052
2,20.97,0,6,0.855
0,16.88,1,15,3.46
1,29.98,0,1,1.972
0,1.95,0,3,0.37
3,5.06,1,7,0.34
1,21.93,1,18,1.632
4,23.6,0,6,0.041
3,23.66,1,18,1.124
0,15.92,0,22,2.463
3,4.5,0,7,0.25
1,9.55,0,4,0.667
2,15.2,1,3,0.853
3,14.5,1,6,0.495
4,12.62,1,12,0.013
2,8.4,0,17,0.285
0,3.11,1,1,0.49
0,7.75,1,20,2.144
2,18.91,1,23,0.833
4,1.59,0,4,0.01
1,4.95,0,10,0.478
4,27.41,0,3,0.058
0,3.88,1,7,0.936
2,3.4,1,11,0.189
4,4.0,1,13,0.01
1,14.11,0,9,1.361
1,27.99,0,6,2.644
0,15.21,1,20,4.441
0,6.47,1,0,1.629
3,11.71,0,12,0.492
3,13.12,1,4,0.839
4,11.27,1,14,0.01
0,18.73,1,3,4.603
0,7.45,1,1,1.191
3,2.09,0,20,0.136
0,5.33,0,17,0.765
0,8.25,0,12,1.464
3,6.67,0,18,0.232
0,3.44,1,21,0.904
3,7.38,1,1,0.333
3,10.68,1,16,0.614
3,26.62,0,13,1.473
4,24.23,0,5,0.037
1,9.07,0,8,0.72
3,25.98,1,14,1.146
0,2.64,1,10,0.485
3,28.06,0,3,1.533
4,28.74,0,2,0.054
0,24.85,0,1,6.58
1,9.24,0,10,0.755
4,24.99,0,15,0.026
1,3.68,1,16,0.298
3,27.24,1,8,2.212
2,16.85,1,21,0.98
3,9.06,1,14,0.462
1,28.89,0,16,1.85
2,23.66,0,14,1.069
4,24.0,1,10,0.04
1,11.16,1,8,0.995
4,22.27,0,9,0.024
2,8.53,0,5,0.402
2,7.33,1,11,0.182
2,4.36,0,6,0.19
4,20.76,0,16,0.015
4,17.91,0,15,0.027
4,24.85,0,9,0.032
1,23.24,1,5,2.543
0,9.06,0,6,1.775
4,22.55,1,13,0.047
4,20.07,1,21,0.046
3,25.59,1,17,1.212
1,19.58,0,11,1.76
1,10.62,0,3,0.7
2,13.05,1,14,0.729
1,8.93,1,23,0.947
2,27.98,1,13,1.315
0,9.08,1,2,2.368
2,27.06,0,8,0.694
1,20.18,1,23,1.729
4,9.64,0,1,0.013
1,0.87,0,0,0.063
3,7.44,0,10,0.4
0,11.02,1,13,2.063
4,10.56,1,13,0.01
1,29.14,0,21,2.477
2,18.94,0,11,0.692
1,24.21,1,2,2.451
2,27.35,1,8,0.751
4,17.97,0,2,0.025
1,22.09,1,4,1.69
1,16.68,0,13,1.187
0,15.25,0,20,2.34
4,10.41,1,13,0.015
0,16.62,0,22,2.979
1,20.8,1,21,2.885
4,22.66,0,11,0.033
1,24.57,1,14,2.552
1,20.31,1,7,2.063
1,28.52,1,21,2.767
1,25.44,0,19,1.797
3,9.31,0,16,0.345
1,12.08,1,18,1.503
1,22.05,1,20,2.497
1,9.42,0,15,1.016
0,25.59,1,2,6.693
0,29.88,1,5,4.342
0,17.34,0,23,3.075
1,25.19,0,19,2.074
1,0.59,1,21,0.053
1,4.42,1,20,0.422
2,27.79,0,1,1.157
2,24.26,1,4,0.9
1,4.63,1,23,0.415
4,25.57,0,17,0.018
0,27.07,1,12,6.33
0,4.15,1,6,0.881
1,24.31,1,10,1.978
4,20.23,1,13,0.039
1,24.07,1,2,2.039
2,19.66,1,13,1.02
4,27.63,1,10,0.033
4,11.69,1,13,0.01
0,20.57,1,0,3.214
3,2.44,1,12,0.149
2,16.93,1,12,0.467
2,21.09,0,18,0.896
3,14.26,1,18,1.091
2,29.37,0,1,0.933
3,3.0,0,5,0.111
1,1.62,1,2,0.144
4,16.39,1,12,0.018
1,6.94,0,13,0.544
0,29.19,0,6,6.169
3,10.28,0,18,0.617
1,14.82,0,12,1.395
4,22.15,1,10,0.022
3,7.23,1,17,0.263
1,26.11,1,6,2.35
4,10.38,0,20,0.013
1,17.47,1,9,2.057
1,27.24,0,21,2.19
0,14.34,0,15,3.31
4,1.41,0,2,0.01
4,24.33,1,16,0.022
2,28.4,1,18,1.232
1,20.05,1,10,2.463
3,25.67,1,2,1.269
0,25.14,0,19,3.617
3,29.81,0,12,0.926
1,19.64,1,16,1.791
3,8.48,1,19,0.651
0,2.47,0,0,0.342
4,26.69,1,15,0.025
1,5.35,0,16,0.377
1,2.44,0,16,0.212
1,2.62,1,10,0.272
0,15.94,1,11,4.213
0,22.53,1,14,3.435
0,22.34,0,15,3.846
0,8.87,1,14,1.635
4,13.58,1,14,0.01
3,20.92,1,12,0.755
3,8.98,0,7,0.406
3,4.54,0,6,0.148
3,23.76,0,13,1.126
4,26.02,0,15,0.049
1,18.57,1,22,1.581
0,5.53,1,23,1.198
1,13.31,0,13,1.243
2,16.77,1,20,0.566
1,21.44,1,19,2.063
4,8.31,0,21,0.011
4,25.21,0,18,0.04
4,12.94,0,13,0.011
1,2.69,1,9,0.325
3,5.82,0,19,0.381
1,16.05,0,22,1.72
4,16.0,0,12,0.029
3,14.37,0,0,0.85
4,26.0,1,23,0.021
1,13.72,1,18,1.666
2,10.43,0,22,0.236
3,29.49,1,15,1.264
1,5.93,1,20,0.515
3,9.39,0,4,0.476
4,15.24,1,8,0.019
1,29.28,0,19,2.636
3,17.76,0,20,0.896
0,26.73,1,9,6.953
2,13.86,0,22,0.609
2,0.98,0,19,0.03
4,28.0,0,20,0.04
0,28.54,1,23,4.732
4,10.39,1,4,0.016
2,18.48,1,18,1.065
0,27.92,0,5,4.205
1,23.85,0,18,2.203
2,1.48,0,20,0.049
2,27.28,0,13,1.169
2,6.86,0,8,0.227
1,15.88,1,13,1.714
0,2.06,1,13,0.504
4,28.26,1,23,0.046
1,8.3,1,4,0.932
1,2.95,0,11,0.218
1,27.02,0,18,2.989
3,3.99,1,2,0.21
4,22.35,0,13,0.015
0,2.07,1,11,0.339
1,27.47,0,20,2.774
2,7.8,0,22,0.393
3,28.76,1,12,1.86
0,4.92,0,16,0.7
4,20.08,0,13,0.015
0,10.92,1,21,2.606
4,13.6,0,19,0.019
0,1.55,0,12,0.27
4,11.92,1,13,0.016
4,10.24,0,11,0.013
4,26.08,0,3,0.032
3,3.37,1,19,0.127
1,3.16,1,4,0.266
0,1.82,1,5,0.44
4,25.76,0,20,0.031
4,10.73,1,14,0.018
2,13.24,0,22,0.597
2,13.16,0,1,0.291
0,18.35,0,4,2.547
1,16.31,0,12,1.37
0,15.65,1,22,3.06
4,4.81,0,7,0.01
3,28.02,0,15,1.578
4,19.49,0,15,0.019
4,4.97,1,12,0.01
4,29.87,0,14,0.047
3,5.76,0,19,0.22
3,5.51,0,2,0.203
4,15.79,1,23,0.012
2,7.2,0,10,0.211
2,23.71,0,3,0.629
3,11.03,1,8,0.899
0,1.4,0,8,0.28
3,16.25,0,5,0.804
2,7.16,1,14,0.209
0,27.82,0,18,4.167
2,14.35,1,13,0.7
1,16.64,0,15,1.117
3,27.87,0,15,0.865
2,0.54,0,15,0.024
0,2.34,1,15,0.603
2,8.54,0,7,0.398
3,19.96,1,4,0.776
0,24.38,0,12,4.244
4,25.36,1,19,0.029
4,28.15,0,16,0.032
2,3.01,1,7,0.081
1,9.12,1,0,0.836
3,0.51,1,6,0.024
4,10.43,1,16,0.015
0,9.89,1,11,2.959
4,10.99,0,14,0.012
4,7.56,0,9,0.013
3,19.13,0,22,1.05
0,26.3,0,3,4.298
3,20.98,1,7,0.826
1,25.52,1,15,2.176
4,19.16,1,23,0.019
4,20.88,0,6,0.021
0,22.98,0,2,5.754
1,24.13,0,7,1.999
0,25.66,1,3,4.048
4,17.6,0,11,0.027
2,20.91,1,4,0.952
3,14.12,0,11,0.688
0,13.04,0,21,1.897
1,4.95,1,3,0.465
2,8.71,0,8,0.409
0,15.59,1,15,4.481
3,19.46,0,19,1.076
3,19.37,1,5,1.282
0,29.52,1,17,10
3,12.18,0,12,0.564
1,22.61,0,20,1.851
3,6.08,0,23,0.228
0,15.95,1,18,3.873
0,24.1,1,4,5.602
1,22.9,0,12,1.632
4,14.76,1,19,0.017
1,23.17,1,7,2.089
2,18.11,0,19,0.786
2,10.79,0,21,0.493
4,26.45,1,19,0.048
1,7.79,0,0,0.684
2,2.76,0,14,0.066
1,1.89,1,18,0.199
0,17.11,0,1,2.696
1,29.08,1,11,3.769
3,25.5,0,3,0.946
0,17.9,1,22,4.664
2,8.54,0,23,0.421
4,7.8,1,14,0.016
1,2.74,0,17,0.237
0,25.99,1,4,5.44
2,29.21,1,20,1.26
0,28.58,1,20,6.099
3,27.2,1,1,2.229
4,17.46,0,23,0.021
0,14.41,1,18,2.385
3,1.16,1,13,0.079
0,2.95,0,2,0.724
0,19.25,1,23,4.185
1,14.16,0,1,1.438
2,23.58,0,11,0.572
2,12.24,1,23,0.533
3,2.9,0,11,0.132
4,16.88,0,21,0.026
4,29.8,0,23,0.018
4,28.89,1,9,0.036
1,11.64,0,15,0.962
2,26.51,0,16,1.135
2,26.64,1,8,0.629
2,20.12,0,6,0.937
2,19.39,1,23,0.733
4,20.12,0,16,0.034
2,18.37,0,19,0.767
0,29.61,1,6,7.934
2,5.26,1,17,0.197
0,25.29,1,7,6.868
3,19.47,0,20,0.671
1,6.01,0,14,0.529
4,25.74,0,4,0.034
2,7.34,1,16,0.175
2,26.76,0,17,1.286
4,25.07,0,19,0.046
4,9.46,0,13,0.017
4,14.83,1,13,0.025
3,7.81,1,7,0.426
4,27.48,1,12,0.027
3,15.59,1,17,1.097
1,17.8,1,8,1.846
2,12.93,1,20,0.501
0,27.15,0,20,5.79
1,7.81,0,6,0.532
1,1.55,1,8,0.117
4,22.11,0,5,0.046
2,5.84,0,5,0.147
2,28.7,0,1,0.638
3,10.71,1,13,0.696
3,5.87,0,17,0.211
0,8.44,0,11,1.821
3,11.01,0,12,0.368
2,9.31,0,19,0.355
4,3.91,1,7,0.01
1,15.21,1,4,1.325
3,22.14,0,21,1.298
3,3.53,1,4,0.214
3,22.39,1,6,1.124
4,7.06,1,17,0.01
1,19.18,1,9,1.935
4,4.43,0,19,0.01
2,13.5,1,15,0.292
1,17.16,1,8,1.644
1,16.88,1,4,1.165
1,16.49,0,23,1.09
0,5.27,0,19,0.898
0,12.06,1,12,2.939
3,24.42,1,17,1.391
0,1.14,1,8,0.382
1,22.9,1,5,2.124
3,21.97,0,15,0.812
0,20.14,0,5,3.326
0,12.16,1,8,2.64
0,6.37,1,3,1.441
2,28.87,1,15,0.886
1,6.9,1,13,0.665
0,17.75,1,13,3.869
0,16.43,1,9,4.8
0,15.84,1,16,3.103
0,7.08,0,6,1.146
2,8.12,1,23,0.346
2,2.97,0,11,0.111
3,2.06,1,9,0.098
3,7.65,1,13,0.33
3,5.19,0,5,0.208
4,4.92,1,9,0.01
1,15.72,0,3,0.976
0,19.58,0,9,5.328
1,7.6,1,14,0.694
2,14.53,0,0,0.576
3,27.01,1,20,1.962
3,5.5,0,19,0.328
0,22.84,1,13,4.929
3,1.25,1,10,0.069
4,25.06,0,6,0.023
0,17.01,0,11,3.339
0,21.23,0,1,5.425
4,28.04,0,21,0.053
2,8.87,0,16,0.236
4,18.72,0,19,0.029
2,15.45,1,17,0.722
4,10.02,0,12,0.013
0,11.95,0,7,2.091
3,8.7,1,13,0.371
3,23.29,0,21,1.324
3,2.13,0,17,0.099
0,18.48,0,10,5.03
2,21.78,1,17,0.621
2,4.56,1,15,0.21
2,3.02,0,14,0.127
1,27.24,1,4,2.177
3,21.23,1,22,1.316
1,8.15,0,11,0.629
1,14.54,1,5,1.282
3,22.81,0,10,1.417
3,28.48,0,1,1.078
2,24.28,0,12,1.184
4,16.57,0,5,0.019
2,7.52,1,6,0.217
1,7.45,1,17,0.852
2,2.17,1,5,0.07
2,3.39,0,0,0.146
2,22.34,1,6,0.909
2,18.37,0,3,0.429
1,5.08,0,2,0.308
3,16.13,0,15,0.819
2,28.4,0,12,0.814
3,5.57,0,22,0.25
0,7.44,1,10,1.228
3,6.48,0,0,0.386
3,8.69,0,13,0.514
4,10.67,0,19,0.017
2,11.21,1,8,0.5
4,26.59,1,5,0.033
2,10.55,1,7,0.442
3,18.72,0,15,0.865
4,12.71,1,20,0.021
0,2.88,1,0,0.691
0,5.68,0,2,0.773
1,18.9,0,2,1.852
0,5.75,0,15,1.507
3,4.16,1,10,0.266
2,9.68,1,13,0.419
2,9.35,1,11,0.214
0,10.84,1,14,2.211
1,23.47,1,10,2.171
0,16.95,0,22,3.992
1,11.03,1,23,1.262
4,8.93,1,7,0.018
0,17.05,0,8,4.675
4,18.21,1,23,0.018
1,24.8,1,7,2.682
1,17.79,1,20,1.972
1,23.81,0,11,2.659
3,3.66,1,1,0.185
2,7.01,0,21,0.222
1,20.98,0,7,2.025
4,27.73,1,18,0.053
2,18.39,0,18,0.678
3,21.98,0,16,1.259
0,11.35,0,20,3.194
1,10.61,1,19,1.073
1,7.7,0,22,0.644
1,9.93,1,20,0.988
2,18.32,0,19,0.728
1,20.51,1,18,1.595
2,6.02,1,12,0.216
4,25.58,1,9,0.044
0,12.01,1,9,3.543
0,2.53,0,10,0.551
3,3.7,0,3,0.11
1,10.35,0,13,0.959
0,15.27,1,15,2.973
3,3.39,0,20,0.212
2,19.79,1,19,0.824
0,6.52,1,6,1.696
2,11.75,0,5,0.552
0,23.92,1,22,3.521
0,3.08,1,10,0.553
2,6.4,0,8,0.164
2,13.67,1,12,0.375
2,23.5,0,19,0.796
0,11.55,0,6,1.69
1,19.8,1,8,2.225
4,11.13,1,13,0.022
2,2.46,0,8,0.12
1,4.55,0,11,0.366
2,24.38,1,14,1.294
4,6.73,1,14,0.01
0,1.27,0,19,0.356
4,26.22,0,10,0.03
1,13.63,0,21,1.268
0,16.14,1,9,4.237
0,20.64,0,16,4.414
4,1.94,1,20,0.01
2,16.4,0,5,0.485
2,19.88,1,0,0.839
2,28.94,0,4,1.121
3,10.61,0,0,0.407
4,24.73,1,21,0.052
0,12.69,1,13,2.121
3,18.1,0,20,0.608
2,29.94,1,6,1.115
2,14.5,0,10,0.554
3,5.39,1,0,0.189
1,22.74,0,13,2.307
3,18.4,0,0,1.096
4,5.11,1,5,0.01
3,2.84,1,6,0.199
0,26.58,1,17,5.516
0,20.77,1,12,2.926
4,21.26,1,22,0.04
4,26.92,0,6,0.017
0,25.28,0,12,4.824
0,2.91,0,13,0.686
2,17.8,1,15,0.742
1,18.19,1,8,1.566
1,17.02,1,1,1.701
4,29.17,1,11,0.02
4,2.27,0,7,0.01
1,13.66,1,13,1.371
4,24.78,1,10,0.027
4,13.65,1,3,0.01
3,22.87,1,17,0.977
2,21.48,1,7,0.532
4,16.16,0,18,0.011
1,6.72,1,8,0.722
2,28.96,1,20,0.621
0,0.94,1,5,0.137
4,22.17,0,8,0.018
4,8.1,1,10,0.011
4,21.07,1,12,0.04
1,24.01,0,8,2.04
0,24.53,1,14,4.955
3,9.93,1,13,0.46
2,1.25,1,1,0.04
0,6.88,0,17,1.34
2,10.44,1,9,0.324
0,21.85,1,21,3.688
0,11.88,1,15,2.141
1,4.02,1,1,0.285
2,13.8,0,6,0.693
4,1.97,0,6,0.01
4,13.13,1,2,0.018
1,13.53,0,15,0.963
2,12.59,0,7,0.473
4,8.37,1,2,0.01
3,2.1,1,6,0.129
4,11.36,1,13,0.012
0,6.72,1,10,1.287
2,1.49,0,1,0.048
2,1.42,0,14,0.054
1,22.91,1,1,2.207
0,0.64,1,20,0.179
2,29.39,0,14,0.672
2,18.48,1,19,0.871
4,9.56,0,10,0.012
2,29.01,0,4,0.751
2,27.55,0,18,0.662
2,11.63,1,15,0.581
3,6.19,0,22,0.324
0,18.53,1,0,3.118
4,12.8,0,3,0.019
0,12.53,0,9,2.539
4,24.67,0,20,0.04
4,12.53,0,14,0.022
4,15.67,1,16,0.027
3,8.8,0,7,0.477
0,27.77,1,10,5.729
4,2.95,0,23,0.01
1,9.94,1,2,0.783
1,12.41,1,8,1.256
0,9.9,0,23,2.145
3,27.07,1,7,1.374
1,24.16,1,15,2.512
2,27.67,1,10,1.294
3,14.28,1,7,0.526
3,29.02,1,4,1.045
4,5.1,1,10,0.01
4,27.21,1,5,0.03
0,15.76,1,6,3.88
1,24.53,0,7,2.279
3,6.38,0,20,0.26
3,6.03,0,0,0.36
3,17.95,1,14,1.079
3,15.36,0,5,1.142
3,14.88,1,18,0.727
3,21.83,1,18,1.549
0,19.48,1,3,4.518
0,2.31,0,13,0.44
3,16.77,0,1,1.142
2,21.19,1,11,0.906
4,1.46,0,4,0.01
3,12.71,0,5,0.376
0,6.43,0,0,1.029
3,18.39,0,6,0.806
4,14.58,0,13,0.019
0,15.95,0,14,3.024
4,19.13,0,17,0.019
0,22.19,1,16,5.811
4,14.22,0,7,0.023
4,9.29,0,1,0.01
1,16.73,1,17,1.986
3,13.63,1,15,0.472
1,12.3,1,18,1.292
3,25.87,1,18,1.886
1,23.61,1,17,2.511
3,28.75,1,16,1.605
2,13.49,1,9,0.739
2,27.02,0,1,0.846
2,13.36,0,23,0.368
0,22.92,0,11,3.46
2,17.4,1,0,0.589
3,26.87,0,17,1.099
4,6.91,0,6,0.012
1,26.98,1,2,2.806
1,18.73,1,5,2.116
2,28.57,0,8,1.101
2,11.12,0,10,0.529
1,29.59,0,12,2.771
3,6.51,1,13,0.269
0,27.84,0,8,7.496
0,6.53,1,15,0.872
3,8.15,0,22,0.492
1,9.96,1,11,0.829
3,15.17,0,0,0.921
2,18.72,1,19,0.774
0,8.11,0,7,1.004
4,1.98,0,1,0.01
3,21.12,1,1,1.458
4,6.04,1,20,0.01
3,1.63,0,12,0.08
3,22.52,1,1,1.436
3,12.39,1,19,0.69
2,20.72,0,8,0.712
0,10.39,0,15,1.698
2,19.23,1,15,0.788
0,7.77,1,20,2.19
2,17.07,1,5,0.955
1,8.44,1,7,0.566
0,14.92,0,17,2.072
4,23.28,1,14,0.046
3,9.67,1,15,0.412
1,22.58,0,16,1.537
2,12.69,1,6,0.523
4,12.96,1,16,0.027
2,22.23,1,11,0.981
1,18.72,0,15,1.194
0,0.5,1,17,0.148
2,17.7,1,6,0.989
3,15.83,1,22,0.899
4,23.29,0,16,0.017
4,15.93,0,18,0.01
4,24.91,0,10,0.035
0,25.44,0,5,3.445
1,14.0,1,5,1.094
2,15.05,0,23,0.71
4,19.88,1,11,0.031
3,15.17,0,6,0.476
2,22.03,1,23,1.118
0,8.64,0,19,2.37
2,10.68,1,7,0.594
3,17.78,0,5,1.302
2,1.79,0,12,0.041
4,20.34,1,17,0.018
3,8.79,1,17,0.286
4,7.45,1,13,0.01
2,12.75,0,16,0.571
0,8.05,0,11,2.284
1,4.47,0,17,0.459
1,23.39,0,8,2.538
1,8.67,1,12,0.717
1,17.16,0,18,1.362
0,15.17,0,15,2.543
4,19.22,0,10,0.032
1,26.25,0,13,1.972
4,2.29,1,9,0.01
2,21.31,1,12,0.678
4,26.85,0,12,0.037
4,20.36,0,3,0.043
0,11.39,1,19,2.502
4,15.88,0,6,0.019
1,20.36,0,3,1.291
1,29.0,1,12,2.493
0,8.35,0,0,1.74
3,24.75,0,17,0.981
3,26.7,0,18,1.323
2,11.73,0,21,0.533
2,18.31,1,18,0.531
4,19.26,0,15,0.015
0,8.2,1,2,1.684
2,23.65,0,0,0.607
2,22.88,1,8,1.02
2,8.03,1,1,0.403
4,23.89,1,22,0.045
1,11.39,1,13,1.02
0,10.94,0,14,2.454
1,21.56,0,4,1.425
0,25.11,0,9,7.584
1,15.58,1,4,1.276
4,2.26,0,17,0.01
0,18.33,0,9,5.303
0,23.74,0,13,3.89
2,1.83,0,17,0.074
3,7.65,0,23,0.433
1,8.02,1,13,0.587
1,14.94,0,20,1.251
2,15.07,0,18,0.531
4,29.91,0,23,0.024
3,20.09,1,20,0.796
2,26.35,0,16,1.089
4,19.47,1,18,0.03
4,22.17,0,2,0.014
3,11.82,0,5,0.759
3,20.89,1,7,1.119
0,26.4,1,21,7.414
2,25.06,0,2,0.993
0,6.92,1,21,1.526
4,4.56,1,15,0.01
1,16.67,1,13,1.67
4,4.15,0,14,0.01
0,9.58,0,17,2.003
2,18.3,1,3,0.49
2,9.55,1,11,0.364
2,13.86,0,21,0.595
4,22.43,0,8,0.035
1,3.63,0,4,0.273
1,17.53,0,2,1.507
4,24.85,1,11,0.025
2,10.31,0,4,0.481
4,12.7,0,19,0.026
3,26.75,1,11,1.568
2,20.32,0,15,0.835
0,13.51,1,19,3.197
4,11.74,0,14,0.02
0,27.98,1,19,6.531
4,3.89,0,15,0.01
3,27.39,0,13,1.292
2,14.83,0,8,0.574
3,2.61,1,23,0.155
4,12.11,1,5,0.023
2,3.99,1,6,0.185
1,23.65,0,3,1.525
2,6.27,0,4,0.222
0,9.77,0,13,1.867
0,24.19,0,20,6.018
0,16.88,0,10,2.644
4,26.46,0,9,0.053
2,6.14,0,2,0.294
3,26.5,1,20,1.613
2,28.73,1,6,1.453
3,6.29,1,12,0.413
3,15.48,0,20,0.544
4,23.43,1,18,0.018
2,3.04,0,8,0.09
0,22.34,1,8,4.575
1,1.31,1,9,0.14
3,28.69,0,14,1.125
3,26.19,1,5,1.873
1,25.02,0,12,2.105
4,6.33,1,6,0.01
2,13.1,0,1,0.345
4,18.38,0,4,0.021
1,25.24,0,3,2.497
0,26.41,1,9,4.403
4,27.93,0,22,0.022
0,27.69,0,23,5.856
4,5.67,0,6,0.01
2,6.29,1,23,0.299
4,26.22,0,2,0.05
2,23.65,0,18,0.594
4,25.86,0,4,0.027
1,5.61,1,17,0.438
1,8.09,0,10,0.664
3,22.77,1,21,1.186
4,3.67,1,2,0.01
3,21.11,1,15,1.332
0,25.02,0,2,5.37
2,18.71,0,13,0.541
2,7.54,1,18,0.374
4,2.87,0,5,0.01
4,24.27,1,23,0.032
1,4.41,0,8,0.496
2,4.31,1,8,0.156
0,13.25,1,1,3.703
2,2.31,1,18,0.063
2,14.33,0,18,0.417
1,12.89,1,2,0.847
1,26.14,0,9,2.218
0,18.26,0,6,2.444
3,13.42,1,10,0.547
2,8.09,0,3,0.305
0,10.78,0,7,2.364
3,17.94,1,3,1.061
1,18.11,0,14,1.088
4,19.66,0,9,0.021
1,21.24,0,14,1.913
3,3.24,0,18,0.154
0,28.09,0,15,3.873
3,22.04,1,7,1.053
0,16.84,1,19,5.117
0,7.98,1,11,2.199
0,15.1,1,0,3.424
2,2.55,0,12,0.062
2,16.88,1,12,0.761
0,18.51,1,17,2.981
1,9.36,0,17,0.838
2,17.7,1,16,0.931
4,22.24,1,20,0.034
2,29.66,0,7,1.535
3,17.76,0,23,1.202
2,29.2,1,4,1.246
4,8.73,0,23,0.01
4,0.96,1,2,0.01
0,14.7,1,3,2.644
2,18.68,1,19,0.778
0,5.86,1,22,1.647
2,19.53,1,20,0.762
3,6.88,0,18,0.286
3,5.71,0,15,0.388
0,13.53,0,5,2.248
4,9.94,1,15,0.017
3,29.22,1,14,1.43
3,1.0,1,0,0.037
3,21.06,0,2,0.841
4,20.52,0,4,0.033
2,15.82,0,13,0.737
4,26.51,1,14,0.057
0,13.83,1,5,3.636
4,22.83,0,21,0.029
4,12.4,1,7,0.019
0,13.11,0,7,2.59
1,22.38,1,9,2.271
1,26.1,1,20,2.521
1,5.08,1,22,0.384
3,13.83,0,13,0.92
2,5.22,0,22,0.144
3,17.5,1,21,0.943
2,27.36,0,12,0.727
4,15.5,0,8,0.01
4,6.62,1,19,0.011
1,1.89,1,2,0.166
2,6.2,1,13,0.264
0,16.2,1,4,4.597
0,6.39,1,8,1.848
0,2.16,0,17,0.424
0,25.48,1,23,6.719
2,4.77,1,15,0.242
1,12.22,1,22,1.15
2,1.23,0,15,0.046
1,14.55,1,10,1.782
1,22.45,1,11,2.455
1,13.21,1,14,1.083
1,29.28,1,15,2.23
0,13.02,1,3,2.7
0,15.27,0,19,3.604
1,26.34,1,20,2.559
3,21.03,1,17,0.839
0,2.6,1,14,0.581
4,26.1,1,6,0.041
3,18.1,0,8,0.777
4,15.15,0,0,0.016
3,14.6,0,12,0.532
4,27.11,0,16,0.031
0,3.47,0,15,0.633
4,17.49,0,20,0.018
4,15.41,1,17,0.011
1,15.65,1,3,1.673
0,23.02,0,22,4.138
1,3.63,1,12,0.348
2,4.25,1,7,0.145
1,16.9,0,6,1.829
3,3.0,0,20,0.189
0,18.18,1,2,2.571
4,24.88,1,7,0.022
1,2.62,1,10,0.24
3,10.58,0,1,0.745
1,11.14,1,7,1.04
0,23.44,1,16,3.665
0,0.72,1,5,0.114
3,6.62,1,23,0.334
0,29.78,1,18,7.497
4,2.17,0,14,0.01
3,28.77,0,18,1.154
0,12.92,0,5,2.909
4,15.75,1,15,0.025
2,14.94,0,16,0.596
3,0.87,1,5,0.055
3,12.49,0,20,0.781
2,18.28,1,4,0.426
1,11.73,0,4,0.864
1,9.47,1,0,0.8
0,19.81,1,21,5.035
0,14.68,1,12,3.689
0,14.25,1,2,3.256
3,1.75,0,6,0.091
2,14.37,1,18,0.563
2,26.06,1,0,1.327
4,21.43,1,23,0.042
0,27.23,1,18,4.704
2,17.6,0,22,0.558
3,3.1,1,4,0.183
3,6.18,0,17,0.399
3,13.03,1,14,0.568
3,20.58,1,20,0.826
4,10.35,1,6,0.022
4,8.89,0,11,0.013
4,20.85,1,19,0.033
2,8.61,0,11,0.413
0,25.22,1,8,8.061
1,7.09,1,5,0.61
4,3.17,0,10,0.01
0,29.64,0,8,7.537
1,16.04,1,7,1.33
0,22.25,0,20,3.666
2,2.31,0,6,0.065
0,10.9,1,20,2.224
0,19.3,1,4,4.835
4,6.13,1,21,0.01
3,21.51,1,5,1.073
4,13.77,1,10,0.017
3,9.63,1,5,0.726
2,2.15,0,7,0.058
0,15.62,0,1,3.385
4,8.51,1,11,0.014
3,4.8,1,14,0.207
1,11.99,0,18,1.365
4,27.5,0,19,0.027
0,5.09,0,21,1.385
1,22.88,1,14,1.729
3,2.94,0,2,0.092
3,3.82,0,15,0.283
4,21.39,1,4,0.02
0,16.19,0,7,4.221
1,8.44,0,22,0.645
2,29.81,0,2,1.229
1,3.12,0,12,0.226
3,11.99,1,0,0.644
4,2.96,1,2,0.01
4,6.21,1,0,0.01
1,6.11,0,4,0.596
0,24.0,0,8,4.925
2,0.98,0,11,0.04
2,13.81,1,13,0.385
2,25.6,1,9,1.222
0,4.66,1,23,0.984
2,4.31,0,17,0.173
3,2.33,1,14,0.148
4,6.16,0,4,0.01
3,16.24,0,7,0.673
4,14.99,0,14,0.02
0,21.0,1,14,4.759
1,21.25,1,9,2.242
2,16.58,1,19,0.949
0,2.23,1,23,0.523
0,20.35,0,21,4.235
3,5.89,1,5,0.256
1,5.29,0,12,0.374
0,21.02,0,7,3.907
1,28.64,1,11,3.286
1,16.35,1,0,1.461
4,16.98,0,14,0.023
0,3.16,1,23,0.66
4,16.73,1,0,0.03
2,9.75,0,14,0.227
4,24.38,1,11,0.018
1,27.91,0,20,2.93
2,26.74,0,23,1.24
0,23.68,1,2,4.82
2,3.13,1,22,0.156
1,23.53,1,14,2.206
3,10.96,1,12,0.568
1,21.7,0,7,2.136
1,17.31,0,13,1.231
1,21.18,1,10,2.146
0,28.2,0,8,5.573
2,23.6,0,8,0.518
0,27.84,1,15,4.204
2,11.18,1,20,0.343
3,9.5,1,16,0.46
0,8.73,0,4,1.956
3,17.97,0,22,0.975
0,2.16,0,10,0.431
3,17.99,1,5,0.578
2,19.87,1,21,0.779
0,17.47,1,18,5.005
4,23.91,1,9,0.037
2,9.76,0,5,0.369
4,18.79,1,18,0.018
0,1.03,0,3,0.181
3,27.06,1,16,2.031
0,14.64,1,17,3.624
4,23.52,1,15,0.02
1,19.9,1,0,1.459
3,3.68,1,13,0.264
4,22.64,1,0,0.012
2,28.82,0,4,1.532
1,14.32,1,23,1.508
4,20.88,1,7,0.029
3,22.14,1,18,1.177
0,8.96,0,20,2.442
2,14.67,0,11,0.415
1,9.3,1,2,0.868
0,16.78,0,23,3.184
1,13.55,1,16,0.88
4,18.48,0,1,0.032
3,1.63,0,2,0.107
2,8.35,1,22,0.427
2,19.66,0,3,0.67
0,22.5,0,7,3.468
3,12.31,1,12,0.615
3,18.59,0,9,0.818
4,11.59,1,14,0.01
1,14.44,0,12,1.292
2,25.35,1,23,1.236
2,29.37,1,13,1.416
2,12.72,1,21,0.603
3,13.37,0,15,0.658
0,17.61,1,14,2.683
3,0.59,1,0,0.043
3,9.88,1,1,0.328
4,5.53,1,15,0.01
2,20.94,1,1,1.161
1,23.29,0,7,2.325
4,14.38,0,14,0.01
1,24.13,0,2,1.788
0,0.85,0,6,0.107
3,13.99,0,2,0.98
0,28.91,0,12,5.332
1,4.07,0,13,0.319
0,18.48,1,15,4.176
0,3.05,0,23,0.557
0,13.53,0,5,1.984
0,14.88,1,22,3.9
0,9.81,0,10,1.871
2,10.76,0,20,0.507
2,11.16,0,22,0.246
2,15.25,0,0,0.544
0,1.65,0,1,0.252
4,29.91,1,10,0.024
2,2.16,0,20,0.052
0,20.78,0,2,2.697
3,3.48,0,0,0.201
0,28.81,0,17,8.056
3,7.45,0,6,0.38
4,13.15,1,9,0.01
0,14.66,1,3,2.52
0,0.71,0,22,0.145
4,1.74,0,5,0.01
0,9.68,1,11,2.46
1,14.9,0,23,1.449
4,6.77,0,13,0.01
0,3.73,1,12,0.92
4,16.04,1,22,0.02
4,19.57,1,13,0.035
0,15.54,0,3,2.236
1,17.2,0,12,1.228
4,17.15,1,11,0.023
4,7.8,1,13,0.01
2,26.34,0,0,1.036
2,12.4,0,7,0.55
1,4.25,1,11,0.384
3,24.86,1,8,1.218
2,29.17,1,9,0.903
3,6.81,1,21,0.531
0,24.65,1,0,5.248
3,24.14,0,1,1.047
2,9.19,1,4,0.351
4,17.7,1,14,0.025
1,9.82,1,18,1.061
2,1.27,0,0,0.049
3,13.54,1,15,0.939
2,4.32,0,3,0.152
2,14.53,1,1,0.635
4,24.11,0,8,0.052
3,16.26,0,11,0.613
2,17.68,0,9,0.794
2,26.33,1,6,0.753
3,24.11,1,6,1.223
1,15.49,0,12,1.243
4,21.36,0,16,0.032
4,28.16,1,13,0.017
4,8.47,0,2,0.01
1,24.85,1,7,1.729
1,10.8,0,14,0.979
0,13.05,0,9,2.234
1,7.53,0,18,0.713
0,15.97,0,12,2.321
2,10.12,1,19,0.23
1,21.84,1,23,2.363
4,8.81,0,17,0.01
0,18.87,1,2,3.189
0,6.69,1,7,1.708
4,5.27,0,0,0.01
1,26.74,0,18,2.542
4,14.25,0,16,0.013
3,11.18,0,0,0.714
1,23.06,0,19,2.007
4,28.63,1,6,0.024
3,29.66,1,7,1.163
2,10.64,1,7,0.437
4,6.74,0,7,0.012
1,15.29,1,19,1.61
0,21.93,1,13,3.584
0,29.29,0,10,7.941
2,1.82,1,12,0.075
4,21.51,0,19,0.047
1,17.42,1,13,1.857
2,23.14,0,7,0.72
0,6.11,0,21,0.952
0,4.05,0,13,0.535
4,19.85,1,13,0.028
2,29.19,1,4,1.159
1,1.34,1,8,0.133
4,8.9,0,2,0.015
2,8.7,1,22,0.254
1,23.77,0,2,1.471
1,7.53,0,20,0.603
0,21.13,0,4,3.845
4,13.98,0,4,0.013
0,1.94,1,2,0.368
3,19.67,1,18,1.121
2,22.36,1,18,1.22
1,13.22,1,5,1.426
0,27.9,0,9,7.091
3,25.76,0,1,1.106
4,20.21,0,17,0.024
0,22.57,0,14,4.744
0,12.66,0,21,3.313
2,29.13,0,7,0.775
2,20.03,0,0,0.943
1,21.05,1,0,2.071
3,22.76,0,1,0.727
2,5.51,0,15,0.16
2,27.12,0,14,1.336
3,12.58,0,20,0.565
4,12.7,1,21,0.015
3,23.81,1,12,1.153
0,13.03,1,14,2.609
4,17.29,1,15,0.036
2,22.05,0,15,1.018
1,6.3,1,15,0.464
4,11.5,0,22,0.014
3,20.11,0,0,1.267
1,14.17,0,13,1.002
4,18.4,0,1,0.03
0,9.5,0,3,1.329
4,16.32,0,18,0.027
1,8.12,1,0,0.751
2,14.87,1,6,0.731
2,4.0,0,4,0.102
3,5.13,1,22,0.189
1,23.18,0,4,2.1
0,15.87,0,14,3.37
4,6.91,1,22,0.01
3,6.95,1,18,0.511
0,4.75,1,15,0.977
3,26.1,0,7,1.368
0,6.27,0,6,1.433
4,3.34,0,7,0.01
1,9.75,0,10,1.136
4,1.75,1,23,0.01
3,15.74,1,22,0.554
1,20.58,1,12,1.831
3,3.92,0,23,0.117
0,13.73,1,5,3.418
1,8.16,1,20,0.877
1,24.89,1,12,2.588
4,6.2,0,16,0.01
4,23.6,1,9,0.028
4,24.72,1,8,0.04
4,29.89,0,0,0.017
2,1.09,0,16,0.051
0,24.55,1,15,5.587
0,28.68,0,19,4.672
1,29.15,1,11,2.695
0,24.81,1,15,5.638
3,2.1,0,19,0.128
0,7.13,0,7,1.775
0,16.28,1,16,4.904
4,23.33,0,19,0.025
3,0.6,0,21,0.037
0,3.09,0,0,0.785
3,1.06,1,17,0.08
2,26.09,1,10,1.107
2,21.34,0,6,0.487
1,29.83,1,18,2.814
2,13.06,0,8,0.304
2,2.33,1,5,0.115
3,22.29,1,16,1.532
4,29.69,0,17,0.031
2,24.42,1,22,1.003
2,7.03,1,21,0.302
1,6.66,1,6,0.766
4,8.04,1,2,0.01
2,17.64,0,12,0.609
3,11.97,0,17,0.484
0,27.61,0,11,4.811
4,18.84,0,12,0.022
4,1.64,0,6,0.01
0,10.44,0,22,2.54
3,7.45,1,10,0.389
4,12.97,1,6,0.021
0,20.68,0,17,5.703
1,24.57,1,20,2.274
1,26.78,0,22,2.441
3,2.5,1,6,0.154
0,1.93,1,17,0.492
4,28.48,1,18,0.037
3,0.99,1,8,0.037
4,26.0,0,12,0.016
0,28.88,0,22,7.046
3,14.93,1,15,1.019
2,3.71,1,0,0.097
0,16.83,0,10,3.072
0,17.52,1,21,2.807
3,10.08,0,10,0.397
0,21.76,1,10,5.887
0,5.72,0,20,1.77
0,12.09,0,13,2.16
1,5.55,1,2,0.45
0,5.9,1,18,1.015
3,9.64,1,18,0.586
0,29.45,1,7,7.27
3,13.66,1,22,0.702
0,3.78,1,13,0.673
0,3.3,1,1,0.76
4,16.92,1,15,0.029
0,28.4,0,22,6.0
3,6.47,1,18,0.343
4,15.01,0,0,0.018
4,6.14,1,2,0.01
3,0.7,0,3,0.041
1,19.28,0,12,1.529
2,14.5,0,7,0.645
4,15.94,1,1,0.025
4,5.49,1,15,0.012
0,21.48,0,8,4.286
1,13.18,0,20,1.14
0,7.65,0,15,1.902
4,24.93,1,4,0.036
4,25.83,1,15,0.041
4,16.57,0,17,0.018
0,25.59,0,6,5.101
0,25.34,0,23,5.11
0,10.09,0,14,2.249
3,26.53,0,19,1.097
3,21.54,1,2,0.893
1,13.26,1,13,1.283
1,11.36,1,2,1.014
4,25.16,0,18,0.028
0,14.52,0,8,2.93
2,8.37,0,1,0.175
0,29.16,0,4,6.252
3,29.0,0,22,1.079
2,17.15,0,12,0.336
2,23.64,1,16,0.623
2,15.4,0,7,0.551
0,15.21,0,9,3.756
0,19.23,1,3,4.14
3,24.67,1,21,1.788
3,5.1,0,5,0.293
0,12.88,0,23,2.89
2,15.8,0,10,0.361
4,5.64,0,8,0.01
1,29.0,0,18,2.838
1,29.93,0,17,3.013
2,1.82,1,4,0.075
3,20.34,0,0,0.897
4,9.57,1,23,0.01
2,27.35,0,14,1.0
3,13.55,0,19,0.631
0,14.44,1,16,2.482
2,29.22,1,13,1.38
0,24.58,0,13,3.583
1,26.85,0,15,2.487
2,29.62,0,2,1.392
4,26.4,0,13,0.049
1,16.13,0,11,1.945
1,3.26,0,10,0.262
0,12.93,0,20,1.785
2,6.21,0,19,0.252
1,27.94,1,19,3.525
3,14.86,1,6,1.106
4,17.36,1,14,0.011
1,21.08,1,11,2.472
4,18.42,1,20,0.041
0,10.62,1,12,2.441
0,19.95,0,20,4.15
1,24.39,1,21,2.098
0,13.27,0,2,1.755
3,14.26,0,20,0.752
0,18.34,0,4,2.335
3,19.91,1,19,1.219
1,1.69,1,2,0.121
4,5.34,1,3,0.01
4,1.23,0,4,0.01
3,9.51,0,11,0.36
4,17.37,0,11,0.011
1,22.44,1,7,1.734
4,4.31,0,19,0.01
0,4.09,1,5,0.707
2,28.4,1,2,1.1
2,4.49,1,13,0.188
1,22.64,0,3,1.742
3,10.11,0,17,0.688
2,5.08,1,16,0.144
4,2.41,1,10,0.01
1,2.39,0,2,0.221
1,15.73,1,17,1.872
1,28.72,0,15,2.107
1,5.12,1,10,0.617
2,15.8,1,4,0.444
0,7.86,1,20,1.817
4,24.58,0,17,0.04
1,28.81,0,11,2.682
0,18.86,1,13,2.838
3,28.43,1,19,1.103
3,29.85,0,21,1.017
1,18.14,1,18,2.35
4,4.79,0,19,0.01
1,10.32,1,7,0.9
3,3.7,0,18,0.18
1,17.59,1,13,1.491
1,13.13,0,5,1.05
3,19.91,1,23,1.172
2,8.58,1,8,0.341
3,27.53,0,1,1.459
2,7.57,0,8,0.379
4,2.39,1,6,0.01
1,25.53,0,8,1.969
1,2.47,1,3,0.282
0,22.65,0,1,4.335
4,10.86,0,17,0.016
3,8.32,1,23,0.29
0,20.62,0,12,3.951
2,7.66,1,8,0.359
0,7.02,0,3,1.072
4,6.1,0,22,0.01
2,6.68,0,8,0.211
3,24.92,0,15,0.846
3,21.23,1,16,0.674
2,14.69,0,0,0.614
0,23.55,1,19,5.944
3,28.46,0,0,1.756
0,15.37,0,23,2.428
1,20.47,1,19,2.308
0,6.11,1,2,1.131
2,17.61,0,6,0.456
2,9.5,0,8,0.265
1,19.9,1,0,1.397
0,15.6,0,7,3.295
4,12.62,0,9,0.015
1,14.79,0,15,1.215
4,6.11,0,0,0.01
0,26.56,0,3,5.242
1,5.05,0,3,0.456
3,9.34,0,17,0.581
1,24.92,0,3,2.389
0,27.02,0,4,6.58
4,17.27,0,21,0.024
3,12.09,0,18,0.707
2,6.4,0,11,0.137
1,18.65,0,3,1.891
4,12.31,0,3,0.016
0,8.83,1,3,1.267
0,26.47,0,23,3.356
2,24.19,0,3,1.128
4,29.68,0,0,0.05
1,5.44,0,7,0.426
3,26.96,0,19,1.372
0,11.75,0,9,2.213
4,27.4,1,18,0.036
1,9.44,0,11,0.841
2,7.57,1,19,0.364
3,16.36,0,7,0.808
2,11.09,1,18,0.365
2,20.47,1,7,1.098
4,0.91,1,23,0.01
2,28.1,0,3,0.716
3,7.37,0,10,0.253
4,26.59,1,11,0.02
0,13.08,1,23,3.771
1,16.09,0,21,1.502
0,24.73,1,12,3.566
2,14.31,0,3,0.57
0,25.71,0,0,3.082
4,28.36,0,18,0.029
3,9.83,1,7,0.493
3,27.99,1,22,1.84
1,23.71,0,22,1.656
1,1.91,1,19,0.161
4,5.82,0,13,0.011
4,21.64,0,6,0.028
1,5.66,0,8,0.684
1,1.94,1,4,0.167
2,18.08,0,13,0.982
1,3.19,1,5,0.248
1,25.66,0,20,1.989
2,6.0,0,6,0.175
2,7.17,1,13,0.27
1,14.11,0,18,1.264
4,0.66,1,0,0.01
4,1.3,1,9,0.01
4,21.99,1,2,0.051
1,19.78,1,6,2.043
2,13.85,1,9,0.465
3,6.02,0,20,0.392
2,15.14,1,9,0.631
2,23.02,0,21,0.91
2,16.78,0,6,0.446
2,19.07,1,2,0.721
2,11.47,1,8,0.504
4,10.11,1,20,0.01
1,21.87,0,1,1.884
4,29.91,0,10,0.031
4,2.79,0,21,0.01
2,18.84,0,7,0.844
0,26.3,0,13,6.307
3,21.73,0,21,1.323
4,18.03,1,21,0.042
1,26.86,1,11,2.876
0,11.27,1,23,1.459
4,25.43,0,23,0.041
1,1.97,1,14,0.174
2,23.71,0,15,0.734
0,13.73,0,0,3.339
3,28.21,1,1,1.428
4,20.16,1,13,0.026
0,16.13,0,16,3.036
1,14.59,1,16,1.215
2,8.49,1,18,0.355
0,2.28,0,1,0.395
4,6.59,1,0,0.013
4,10.41,0,10,0.018
0,11.13,1,9,2.634
3,13.06,1,20,0.589
0,26.93,0,11,7.359
1,24.53,0,3,2.115
0,8.84,0,8,1.569
4,3.44,1,12,0.01
2,11.73,1,20,0.581
3,2.38,1,18,0.108
0,25.75,1,2,4.085
2,5.43,0,4,0.11
4,12.5,1,15,0.028
2,13.87,0,9,0.62
3,22.1,0,17,1.335
4,24.44,1,19,0.053
3,26.23,0,12,1.474
3,8.15,1,9,0.379
4,15.42,1,21,0.016
2,7.03,0,21,0.32
4,22.31,1,14,0.032
2,22.82,1,16,0.934
3,7.84,1,9,0.35
2,12.14,1,0,0.624
0,27.79,0,5,5.308
3,3.31,0,21,0.184
1,5.24,1,14,0.41
4,15.79,1,4,0.023
4,10.84,1,17,0.012
2,7.28,1,6,0.306
3,25.66,1,0,2.051
0,12.3,0,5,2.645
0,11.2,1,5,1.967
1,19.5,1,16,1.499
0,12.8,1,10,1.991
3,5.07,0,7,0.295
4,19.82,1,9,0.038
0,26.6,1,21,4.474
4,6.61,0,8,0.01
1,18.67,0,23,1.303
1,13.09,1,18,1.268
1,1.44,0,18,0.124
0,27.48,0,12,3.55
0,25.78,0,14,6.063
4,11.03,1,10,0.023
4,20.13,1,2,0.015
4,8.54,0,9,0.01
4,28.51,1,18,0.047
0,10.62,1,3,1.762
4,8.25,0,2,0.015
3,24.0,1,21,1.476
3,6.06,1,16,0.41
2,17.35,1,13,0.786
1,18.71,1,5,1.648
1,14.64,0,2,1.01
3,10.03,0,21,0.618
3,25.8,1,8,1.358
4,21.07,0,9,0.039
0,16.01,0,20,4.568
2,24.4,0,15,0.659
0,27.75,1,0,6.092
3,10.02,1,17,0.402
1,3.06,0,1,0.229
3,6.68,0,8,0.428
3,3.74,0,11,0.231
2,19.91,0,11,0.779
2,8.52,0,12,0.36
1,0.9,1,1,0.061
4,16.83,0,21,0.018
2,28.18,0,7,1.007
1,1.91,1,14,0.152
0,15.96,1,3,3.621
4,12.55,1,22,0.02
2,9.74,1,15,0.443
1,29.02,1,2,2.524
3,9.61,1,20,0.565
1,17.62,0,17,1.62
2,15.82,1,4,0.793
3,7.86,0,5,0.496
0,24.49,1,12,4.856
4,12.25,1,3,0.011
0,19.63,0,18,5.913
1,7.64,0,9,0.865
1,0.58,1,1,0.05
0,6.19,1,17,1.723
2,6.54,0,1,0.219
0,9.95,1,9,1.682
2,3.0,0,17,0.102
4,14.35,0,4,0.019
2,9.12,0,20,0.307
0,12.14,0,12,2.19
2,8.46,0,13,0.319
0,28.19,0,12,6.92
4,24.99,0,21,0.026
4,6.02,1,16,0.013
0,28.73,0,2,3.598
1,13.36,0,12,1.054
4,22.12,0,21,0.046
1,18.1,0,13,1.684
1,14.32,0,4,0.896
4,9.86,0,23,0.01
2,25.77,0,9,0.558
3,3.12,1,2,0.164
3,24.89,0,23,1.463
1,13.46,0,2,0.857
4,26.25,1,21,0.04
4,27.45,1,19,0.054
1,7.56,0,23,0.751
0,2.33,1,22,0.553
2,28.1,1,9,1.628
2,4.81,0,0,0.13
4,11.54,1,19,0.015
1,23.46,1,6,2.644
2,17.05,0,8,0.716
1,14.59,1,11,1.82
2,5.14,0,3,0.128
3,3.39,0,23,0.222
3,3.81,1,7,0.259
4,19.17,1,6,0.018
2,25.22,1,23,0.611
1,16.28,0,5,1.035
0,17.06,0,15,4.186
4,26.27,1,4,0.046
2,26.07,0,15,0.678
1,18.66,0,15,1.198
2,6.96,1,7,0.207
0,5.86,1,20,1.789
3,12.99,0,11,0.57
0,16.76,0,1,3.637
4,2.18,1,1,0.01
3,0.63,0,20,0.037
1,12.87,0,15,1.34
1,17.64,0,5,1.312
1,26.21,1,13,2.353
2,0.93,1,12,0.048
4,15.74,1,17,0.035
3,11.17,0,20,0.398
4,29.96,0,4,0.032
2,21.15,0,13,0.656
3,14.85,1,23,1.142
4,19.17,1,13,0.031
2,4.47,0,7,0.098
0,10.03,1,1,2.483
2,3.63,1,16,0.169
2,2.43,1,22,0.142
1,19.95,0,8,1.7
2,5.16,1,9,0.225
3,27.59,1,12,1.475
3,8.25,1,19,0.528
0,29.29,1,12,7.751
1,3.38,1,3,0.258
4,26.06,1,18,0.032
4,26.81,0,19,0.021
0,4.41,1,20,0.963
2,17.6,0,3,0.472
1,21.22,1,7,1.484
3,23.58,1,17,0.945
0,17.04,1,5,2.584
2,11.63,0,18,0.495
1,14.65,1,10,1.199
2,25.5,1,17,1.514
3,0.51,0,15,0.027
4,25.13,0,16,0.03
2,27.59,1,20,0.974
3,19.06,0,8,0.94
0,22.75,0,23,3.341
2,7.97,1,16,0.305
4,18.34,0,11,0.026
4,26.81,1,4,0.048
2,29.53,0,20,0.8
1,13.13,0,8,1.46
0,6.41,1,23,0.907
3,2.08,1,1,0.142
0,27.34,1,4,6.085
3,6.11,0,20,0.297
3,16.93,0,20,0.647
1,26.96,1,2,2.638
4,1.41,0,20,0.01
3,12.2,1,17,0.387
3,28.41,0,20,1.041
1,11.4,0,2,0.829
1,11.21,1,10,0.985
2,28.61,0,1,0.691
4,13.35,0,4,0.024
2,12.8,1,21,0.397
4,7.23,0,18,0.013
4,7.28,0,18,0.011
1,12.2,1,21,1.188
2,15.34,0,18,0.485
3,29.82,0,11,0.988
2,9.29,0,12,0.212
0,7.48,0,1,1.475
3,20.26,0,16,0.889
2,25.66,1,19,0.976
3,26.63,0,6,1.577
2,0.74,1,4,0.037
1,22.76,1,4,1.729
0,21.47,1,8,6.204
4,29.58,0,13,0.031
0,14.37,1,16,2.936
3,8.02,0,6,0.392
1,15.18,1,15,1.393
4,4.83,1,14,0.01
2,0.79,0,11,0.039
1,8.77,0,14,0.57
4,3.51,0,11,0.01
4,1.62,1,1,0.01
3,1.48,1,7,0.093
2,13.97,0,23,0.695
0,4.39,1,15,0.751
0,29.23,0,7,4.398
3,26.82,0,18,1.27
1,2.4,0,10,0.292
4,19.08,1,9,0.026
3,11.99,1,22,0.894
3,27.5,1,18,1.454
1,22.36,0,3,2.087
3,13.83,0,5,0.536
2,14.87,1,4,0.594
2,21.28,0,1,0.735
2,19.93,0,12,0.65
1,28.12,0,2,2.688
3,2.15,1,7,0.118
4,16.4,1,9,0.024
0,23.58,1,8,5.599
0,12.37,1,18,2.341
3,9.42,0,11,0.657
2,22.28,0,3,0.824
1,17.69,0,13,1.382
4,0.66,0,5,0.01
1,15.57,0,17,1.472
4,4.19,0,10,0.01
2,10.7,1,20,0.566
2,3.76,1,23,0.185
2,10.44,1,3,0.419
1,17.81,0,17,2.17
3,13.7,0,19,0.975
2,28.02,0,2,0.627
4,8.1,1,7,0.016
1,26.59,1,16,2.344
4,4.28,1,2,0.01
4,20.99,1,19,0.04
4,9.07,0,19,0.011
2,29.5,1,23,1.326
3,3.5,1,11,0.248
1,14.93,1,20,1.361
2,28.88,1,10,1.568
1,24.39,1,4,2.676
3,24.82,0,22,1.634
2,6.48,0,0,0.301
0,12.29,0,9,3.247
1,5.49,1,7,0.616
2,15.57,1,21,0.832
1,20.99,0,21,1.531
0,19.13,1,5,4.946
0,27.96,0,13,5.292
1,16.33,0,5,1.439
0,18.95,0,0,3.401
4,4.34,0,7,0.01
0,3.46,1,18,0.532
1,3.66,1,3,0.34
1,2.64,0,10,0.247
3,25.64,0,5,1.19
1,8.97,1,20,1.064
0,28.78,0,5,4.21
2,3.98,1,12,0.166
1,29.31,1,3,3.039
1,4.41,0,5,0.329
4,26.09,0,19,0.03
2,20.13,1,1,0.94
0,1.77,1,23,0.343
4,26.17,1,12,0.056
2,4.01,0,15,0.181
3,11.06,1,3,0.718
0,29.54,0,9,7.279
3,18.82,0,1,1.174
0,26.59,1,13,6.869
2,22.06,1,19,0.837
4,1.97,0,4,0.01
1,27.36,1,16,2.818
0,8.99,0,16,1.376
3,2.47,0,9,0.166
2,12.76,1,5,0.546
0,0.75,1,12,0.125
0,3.13,0,10,0.585
2,17.89,0,10,0.539
0,19.8,0,14,3.009
3,13.86,1,6,0.922
0,9.62,0,23,1.164
3,1.19,0,4,0.061
2,1.96,0,17,0.086
3,18.94,0,5,1.2
4,16.43,1,12,0.024
1,25.83,0,8,2.522
0,23.88,0,11,5.268
4,8.8,1,12,0.01
2,19.84,0,14,1.005
2,6.31,1,6,0.171
2,15.96,1,5,0.853
4,3.86,0,18,0.01
4,4.83,0,22,0.01
4,5.63,1,12,0.01
2,25.15,1,5,1.049
3,27.14,0,6,0.993
2,29.74,0,9,1.037
0,23.83,0,4,3.889
3,22.86,1,4,1.241
3,13.88,1,21,1.0
0,14.08,1,7,2.911
4,27.73,1,13,0.025
3,0.56,1,7,0.026
3,11.11,1,9,0.892
1,7.18,0,21,0.703
1,23.05,1,16,1.908
0,3.29,1,23,0.428
0,2.3,0,11,0.486
3,28.15,1,10,0.945
2,26.73,0,1,1.275
2,11.27,0,3,0.252
1,22.77,1,19,2.539
2,21.02,1,13,0.967
1,19.95,0,12,1.483
4,0.8,1,3,0.01
0,16.41,0,21,3.384
4,29.18,0,13,0.032
4,24.32,1,7,0.036
0,5.75,0,0,1.161
1,15.06,0,13,1.377
1,9.61,1,8,0.804
0,28.37,1,14,7.025
1,28.69,1,17,2.783
3,1.7,1,18,0.119
1,3.39,0,22,0.344
4,20.0,0,2,0.033
3,11.87,1,15,0.565
2,2.89,1,14,0.078
3,20.14,0,16,0.761
2,3.82,1,8,0.163
0,21.63,1,21,6.431
2,27.62,1,19,0.833
1,14.05,1,18,1.347
3,24.89,0,11,1.11
2,9.79,1,13,0.344
2,15.71,0,22,0.559
3,6.61,0,5,0.285
2,1.58,1,12,0.083
3,26.78,0,14,1.435
2,11.14,1,19,0.475
3,15.3,1,17,0.996
0,17.02,1,5,3.172
4,16.7,0,16,0.027
3,5.59,0,10,0.304
0,15.82,0,22,2.219
1,0.77,0,12,0.072
1,5.33,1,20,0.633
4,8.93,1,9,0.01
1,23.46,0,20,1.872
1,13.76,1,2,1.167
3,19.79,0,1,0.725
3,16.04,0,15,1.147
0,24.12,1,4,5.247
4,8.16,0,2,0.01
4,14.84,0,17,0.025
1,20.58,0,10,1.39
4,19.01,0,15,0.032
3,6.79,0,3,0.296
2,12.6,1,2,0.388
2,4.6,0,23,0.184
1,4.32,0,14,0.288
3,13.06,1,19,0.525
0,14.82,0,21,2.561
0,27.92,1,2,4.224
3,11.03,1,4,0.609
2,20.37,0,6,0.703
4,25.71,1,4,0.038
2,16.55,1,22,0.77
0,28.03,1,13,3.775
2,29.58,0,9,1.011
1,23.75,0,1,1.866
1,19.14,1,13,1.488
0,5.86,1,1,1.638
1,20.64,0,20,1.7
2,9.52,1,14,0.332
2,8.44,0,6,0.241
2,16.83,0,15,0.444
0,13.0,1,16,2.322
4,25.09,0,8,0.033
0,4.52,0,7,0.648
0,17.7,0,16,2.971
1,29.76,0,21,2.15
3,22.28,1,4,1.593
3,12.09,0,22,0.602
3,14.02,1,3,0.975
1,2.14,0,17,0.165
3,7.97,0,13,0.552
3,9.75,1,14,0.367
3,18.82,1,10,1.222
1,15.44,1,5,1.183
2,0.5,0,11,0.024
3,29.98,1,6,1.834
1,25.67,0,14,2.211
3,4.69,1,2,0.259
0,11.5,1,6,2.423
1,26.77,0,22,2.175
4,26.42,0,0,0.031
0,28.17,1,0,6.416
0,2.88,0,7,0.749
2,1.77,0,13,0.055
0,12.49,0,12,2.584
0,29.02,0,13,6.083
2,13.86,1,18,0.813
1,24.18,1,15,2.339
4,16.51,1,7,0.036
1,25.62,0,12,2.257
2,8.42,0,14,0.408
0,5.06,0,5,0.812
0,8.17,1,16,1.499
2,2.98,0,12,0.146
2,15.15,0,7,0.385
1,2.87,0,12,0.257
0,18.98,0,0,3.019
1,16.05,1,7,1.293
3,11.17,1,12,0.782
4,17.61,0,12,0.02
0,15.54,1,14,3.732
3,19.18,1,11,1.53
2,2.63,1,5,0.126
0,28.96,0,3,4.482
2,28.05,1,15,0.783
4,8.25,0,18,0.016
3,25.61,1,5,1.06
3,9.48,0,9,0.572
3,21.4,0,22,1.277
2,5.28,1,22,0.163
3,4.61,1,23,0.247
4,22.76,1,10,0.044
4,9.8,0,3,0.019
0,18.75,1,1,3.453
2,9.51,0,16,0.316
0,4.12,0,3,0.867
1,19.2,0,18,1.623
3,13.46,0,14,0.673
2,7.16,0,5,0.158
4,1.99,1,3,0.01
1,14.44,1,17,1.181
3,14.92,1,4,0.631
0,20.09,0,22,4.541
2,7.67,1,20,0.201
2,17.81,0,10,0.435
2,25.59,0,3,1.058
3,8.78,0,14,0.318
2,17.06,1,16,0.741
3,10.35,1,9,0.427
3,11.8,1,11,0.426
3,9.4,0,20,0.544
4,9.77,0,10,0.01
1,5.01,1,14,0.502
0,28.01,1,17,9.425
2,26.86,1,17,1.443
0,1.91,1,15,0.377
1,1.67,0,23,0.119
1,6.21,1,16,0.435
2,1.73,0,3,0.075
2,12.79,1,8,0.659
4,17.41,1,7,0.018
0,24.54,0,14,4.219
0,6.52,0,12,1.544
0,15.95,0,19,2.488
3,24.26,0,18,1.355
1,28.82,0,21,3.006
2,24.0,0,1,0.99
1,8.26,0,18,0.773
3,1.51,0,19,0.052
2,28.57,0,1,1.181
4,3.01,1,22,0.01
3,6.27,0,14,0.251
0,7.9,0,2,1.971
1,4.0,1,6,0.36
0,9.84,1,22,2.494
3,24.37,1,10,1.585
2,16.33,1,22,0.468
0,24.06,1,3,6.95
0,7.16,1,12,2.01
3,19.19,1,15,0.673
0,26.2,0,8,7.635
2,7.19,1,11,0.183
1,11.2,1,21,1.521
0,29.39,1,21,9.594
0,7.21,0,12,1.684
1,9.36,1,8,0.741
1,21.52,1,4,1.841
2,2.05,0,19,0.083
0,0.62,1,21,0.135
2,12.41,0,19,0.575
1,9.65,1,20,0.794
4,9.61,1,5,0.01
1,17.45,0,0,1.492
3,21.3,0,15,0.831
4,16.32,0,11,0.03
2,17.99,1,4,0.507
1,4.93,1,8,0.499
1,2.52,1,23,0.214
3,8.7,1,17,0.517
3,21.43,1,10,0.778
1,8.93,1,14,1.04
3,4.26,1,3,0.149
1,3.62,0,20,0.401
1,6.61,0,18,0.79
2,22.13,1,12,0.528
1,9.53,0,20,1.067
3,10.36,0,20,0.635
3,25.97,1,10,1.526
2,2.94,0,11,0.086
3,1.4,0,18,0.083
4,27.6,1,18,0.031
4,19.73,0,22,0.02
1,19.01,0,15,1.754
2,9.44,1,11,0.493
1,11.95,0,12,1.016
0,16.15,0,21,4.801
2,27.54,1,4,1.284
3,24.57,0,5,1.206
1,14.19,0,6,0.916
0,26.61,1,14,3.832
4,28.83,1,0,0.051
3,5.68,0,15,0.36
1,11.44,0,14,0.804
1,7.77,0,19,0.629
2,9.94,0,23,0.454
4,27.22,1,5,0.028
4,27.98,1,19,0.055
3,12.75,1,3,0.757
4,28.21,0,15,0.033
0,29.1,1,21,6.443
3,21.33,1,3,1.566
0,27.78,1,12,5.515
3,1.73,1,22,0.098
4,5.7,1,13,0.01
0,26.23,1,23,4.415
1,2.05,0,16,0.188
3,12.68,1,11,0.882
3,11.34,0,3,0.597
2,12.4,0,5,0.484
4,14.17,0,3,0.017
0,5.05,1,2,0.657
0,19.17,0,3,3.433
0,25.91,0,14,4.256
0,19.69,0,8,5.819
4,13.8,0,4,0.023
3,28.72,0,4,2.019
0,11.67,1,5,2.708
2,3.71,0,8,0.165
2,25.89,0,21,1.188
1,11.84,1,11,1.536
2,26.35,1,7,1.368
1,29.03,0,11,2.738
3,9.43,0,8,0.454
4,10.53,0,20,0.01
2,10.9,1,20,0.45
3,13.89,1,18,1.075
2,24.51,1,21,1.333
1,18.12,1,17,1.753
2,8.79,0,8,0.38
3,8.76,0,7,0.377
2,4.2,0,10,0.203
3,4.3,0,0,0.199
1,11.78,1,21,1.243
2,14.84,1,3,0.718
1,24.52,1,11,2.331
1,9.2,1,0,0.694
3,3.77,0,17,0.159
4,7.43,1,8,0.01
0,17.78,1,2,2.631
2,5.07,1,0,0.303
3,26.39,1,5,1.046
2,13.04,0,0,0.628
1,29.85,0,22,2.41
1,0.73,1,17,0.083
2,22.78,1,3,0.871
1,16.24,1,20,1.736
3,15.22,1,14,0.997
1,27.58,1,8,2.275
3,22.23,1,2,1.642
3,13.37,0,20,0.948
4,28.0,1,17,0.046
2,24.95,1,18,0.941
2,14.17,0,22,0.638
1,14.64,0,23,1.311
4,28.69,0,19,0.024
4,21.74,1,21,0.027
3,4.08,1,16,0.229
1,21.63,0,17,2.446
0,8.59,0,15,1.568
3,23.95,0,9,1.353
1,19.8,1,21,1.827
4,4.28,0,17,0.01
1,14.47,0,15,1.329
2,29.52,0,2,1.329
4,2.35,1,0,0.01
3,10.24,1,21,0.571
0,26.95,0,6,4.524
1,21.28,1,11,1.688
0,12.93,1,16,3.406
4,15.93,0,6,0.01
2,0.84,0,23,0.019
0,24.33,0,17,5.282
4,7.35,0,11,0.012
0,27.8,1,12,5.468
2,26.69,1,18,0.925
2,19.19,1,2,0.554
0,8.66,1,17,1.525
0,1.02,1,12,0.272
2,25.26,1,14,1.286
2,9.24,0,4,0.238
3,19.65,0,1,1.443
4,28.62,0,6,0.03
2,4.79,0,19,0.236
0,2.16,0,6,0.512
0,19.86,0,15,4.604
0,22.19,1,4,3.747
3,3.48,0,18,0.108
0,20.96,1,17,3.938
3,23.72,1,9,1.351
3,15.16,0,11,0.999
4,10.97,1,18,0.011
3,12.89,0,15,0.515
1,11.29,0,19,1.293
4,23.4,0,16,0.023
3,1.18,1,2,0.045
3,0.73,1,12,0.031
3,3.23,1,1,0.214
4,22.22,0,2,0.024
1,10.08,1,15,0.966
4,29.59,1,7,0.056
1,29.81,1,9,2.692
2,6.94,0,5,0.181
2,12.47,0,20,0.439
1,27.16,1,19,2.11
1,23.57,0,8,2.337
4,19.11,1,7,0.024
1,14.07,0,19,1.267
3,16.84,1,9,0.942
0,2.87,0,21,0.473
2,5.11,1,0,0.217
0,8.76,1,20,2.546
4,28.38,1,4,0.055
0,29.0,0,3,4.277
3,22.2,0,12,1.194
4,28.42,0,2,0.06
2,11.1,0,22,0.353
1,26.06,1,14,2.1
0,22.09,1,17,7.062
3,29.33,0,2,2.238
3,17.23,1,6,1.345
0,28.31,0,22,4.021
2,24.31,1,0,0.597
4,8.93,1,5,0.014
1,9.72,0,14,0.581
4,23.94,0,6,0.041
4,15.87,1,17,0.037
4,19.82,1,18,0.042
1,5.23,1,13,0.484
2,4.65,1,10,0.248
3,13.82,1,7,0.714
2,1.87,0,9,0.076
3,21.7,1,23,0.85
0,8.59,1,10,1.364
0,14.27,1,13,3.611
1,17.61,0,14,1.132
3,11.99,1,0,0.969
2,27.63,1,0,0.682
4,11.56,0,7,0.018
1,8.28,1,4,0.578
0,22.39,0,18,5.375
2,13.59,1,5,0.577
0,6.55,1,1,1.616
4,10.23,0,11,0.019
2,13.51,0,12,0.404
3,9.96,0,11,0.655
0,12.84,1,13,3.838
3,7.29,0,15,0.282
1,12.22,1,23,1.291
4,7.26,1,14,0.013
3,1.14,1,21,0.091
2,6.62,1,20,0.244
3,29.33,0,14,1.602
2,13.34,0,2,0.424
4,14.73,1,22,0.03
1,14.76,1,9,1.525
0,8.29,1,21,2.805
4,15.23,1,4,0.017
3,4.17,0,19,0.189
2,0.52,0,3,0.017
0,27.39,0,20,5.728
0,11.66,1,1,2.489
0,7.53,0,3,1.5
0,10.07,0,5,1.864
4,0.87,0,7,0.01
4,21.8,0,1,0.023
3,0.55,0,10,0.021
4,9.71,0,21,0.015
4,19.02,1,19,0.023
1,29.38,0,3,2.349
2,11.01,1,23,0.474
4,16.55,0,19,0.017
1,13.88,0,17,1.723
4,12.12,0,7,0.02
4,19.9,1,3,0.021
3,25.46,0,16,1.614
4,24.72,1,10,0.051
3,17.1,1,11,1.035
1,1.31,0,2,0.137
3,4.9,1,4,0.218
0,5.47,0,3,0.731
4,5.71,0,19,0.01
1,5.0,0,23,0.468
1,4.75,1,12,0.446
4,8.54,1,13,0.01
0,16.76,0,9,3.487
1,2.56,1,11,0.344
4,10.24,0,6,0.01
2,5.36,0,0,0.142
0,24.56,0,12,6.071
0,9.2,1,5,2.697
0,6.63,1,2,0.918
2,19.78,0,12,0.846
1,12.53,0,3,0.852
4,3.27,1,14,0.01
4,21.59,1,12,0.037
1,3.06,0,5,0.259
0,29.89,1,9,7.372
1,19.78,0,0,1.607
4,25.71,1,17,0.018
0,17.44,0,4,2.62
3,13.65,0,23,0.604
4,0.79,0,15,0.01
2,1.95,1,8,0.071
2,11.99,0,16,0.407
1,6.93,0,22,0.488
1,23.41,1,22,1.939
0,21.64,0,21,4.676
3,21.44,1,18,1.204
4,19.59,0,22,0.013
4,20.01,0,1,0.027
3,9.58,1,0,0.765
1,10.05,0,2,0.951
3,8.86,0,2,0.634
2,10.83,0,17,0.554
3,19.17,0,5,0.847
1,29.15,1,11,2.673
1,9.38,1,18,0.984
0,0.77,0,3,0.127
0,17.97,0,20,5.164
0,29.56,0,4,4.414
3,11.45,1,5,0.692
3,1.53,1,16,0.062
4,16.98,1,23,0.021
1,8.39,0,0,0.841
2,26.36,0,20,0.671
2,4.92,1,10,0.204
3,6.76,0,15,0.223
2,24.5,1,9,1.127
4,19.37,1,10,0.023
1,25.71,0,7,1.789
4,15.05,1,15,0.019
4,12.56,0,21,0.012
0,0.99,1,16,0.152
2,0.69,0,5,0.025
2,12.22,1,21,0.345
1,20.01,1,15,1.483
2,4.34,1,0,0.211
4,18.07,0,14,0.03
1,22.01,0,22,1.695
2,4.86,0,14,0.125
3,15.22,0,19,0.54
4,19.25,0,0,0.029
2,19.71,0,4,1.061
3,11.56,1,10,0.828
4,1.04,0,18,0.01
0,22.77,1,17,4.531
0,12.88,0,5,2.481
3,17.76,0,4,1.046
2,10.72,1,22,0.497
0,11.3,1,3,2.627
1,26.74,1,8,2.545
3,26.02,1,20,1.389
1,14.22,1,5,1.15
4,5.28,0,8,0.01
0,26.68,1,20,5.871
3,10.87,0,22,0.56
4,8.61,1,18,0.014
0,19.42,0,9,3.832
0,20.83,0,2,4.859
1,3.64,0,22,0.273
4,23.7,1,21,0.044
1,14.49,0,7,1.477
4,24.61,1,14,0.015
4,25.94,0,6,0.039
4,27.6,1,11,0.043
3,8.59,1,22,0.335
0,29.05,0,2,4.109
1,7.61,0,10,0.804
0,6.7,1,14,0.923
4,24.18,0,3,0.042
1,19.96,0,14,1.828
3,24.17,0,0,1.028
1,5.84,0,8,0.409
0,22.22,1,9,5.718
2,21.51,0,6,0.597
1,20.86,0,4,1.739
2,2.05,1,6,0.094
1,22.5,0,1,1.864
2,14.14,0,14,0.657
4,19.0,1,4,0.021
2,1.55,1,10,0.084
1,11.69,0,12,1.073
2,14.43,0,3,0.558
0,16.57,0,13,2.975
3,3.49,0,16,0.193
3,15.55,1,5,0.69
4,19.07,1,13,0.041
0,1.07,1,23,0.211
0,10.47,1,15,1.566
1,20.9,1,22,2.191
2,7.58,0,15,0.361
1,12.97,0,22,1.291
3,29.17,0,22,1.658
0,1.43,0,10,0.303
3,15.6,1,5,0.716
2,28.46,1,2,1.245
1,19.33,1,17,1.679
2,16.66,0,12,0.398
1,0.84,1,17,0.091
1,20.35,0,22,1.394
1,8.53,0,0,0.591
2,28.71,0,23,1.489
0,21.35,1,17,5.778
1,5.47,0,10,0.493
0,12.44,1,23,3.278
3,6.26,0,4,0.408
1,2.56,0,13,0.16
1,20.76,1,4,2.392
0,28.49,0,19,6.018
0,0.53,0,12,0.105
2,13.01,1,13,0.728
1,12.73,0,1,1.309
0,29.83,1,22,3.928
1,21.95,0,7,1.614
2,17.96,1,9,0.581
4,15.14,1,10,0.015
3,10.23,1,22,0.561
1,5.42,1,0,0.517
4,29.11,1,11,0.037
0,17.75,1,2,3.416
3,21.39,0,11,0.827
3,25.07,1,10,0.834
0,29.53,1,11,7.155
4,14.19,0,22,0.022
2,10.88,0,3,0.35
0,21.0,0,20,5.58
1,19.51,0,19,2.018
3,5.26,0,9,0.309
3,12.87,1,23,0.484
0,25.96,0,23,5.861
2,23.72,0,10,0.829
4,9.66,0,11,0.015
0,9.84,0,13,2.576
3,23.08,1,0,1.55
2,28.08,0,7,0.826
1,24.01,0,18,2.55
4,4.16,0,19,0.01
0,11.0,0,12,1.381
4,1.87,1,1,0.01
0,26.91,0,15,4.614
4,6.61,1,21,0.012
2,24.25,0,22,0.482
4,23.63,1,5,0.023
2,21.81,0,1,0.796
0,16.72,1,2,3.721
3,27.73,1,21,1.053
4,16.17,1,5,0.018
0,20.23,0,13,4.478
3,23.39,1,16,1.164
3,26.53,0,16,1.395
4,7.02,0,19,0.01
4,6.04,0,11,0.01
1,27.86,1,6,2.197
3,4.53,0,14,0.264
4,13.78,1,12,0.017
2,18.6,0,12,0.391
3,3.57,1,9,0.173
1,18.16,0,17,1.462
2,11.35,1,23,0.501
4,24.72,0,9,0.046
4,21.11,0,21,0.027
0,17.93,0,1,2.739
1,11.44,1,1,1.078
3,4.38,0,8,0.268
1,23.84,0,7,1.802
0,4.71,0,11,0.796
2,3.51,0,8,0.162
3,17.94,0,8,0.842
3,14.6,0,22,0.953
0,8.44,0,6,1.122
0,25.41,1,21,7.332
1,25.63,0,8,2.101
4,9.54,1,13,0.011
0,20.82,1,11,3.757
2,22.98,0,21,0.497
2,0.99,0,0,0.028
2,5.17,1,18,0.189
0,17.49,1,8,5.313
0,15.5,1,10,4.12
3,10.66,0,6,0.563
2,5.25,0,20,0.175
1,26.71,0,7,2.652
2,3.67,1,4,0.083
4,8.48,1,9,0.016
0,28.48,0,15,5.608
0,0.76,1,3,0.155
4,1.35,1,9,0.01
2,27.6,1,10,0.858
3,2.88,1,8,0.144
0,14.42,0,18,2.743
3,18.13,0,13,1.327
1,5.05,1,23,0.435
0,13.9,1,13,2.333
2,7.34,0,13,0.329
4,16.76,1,6,0.034
1,1.66,0,8,0.157
1,26.8,1,7,2.438
0,29.7,1,8,8.236
1,22.8,1,13,2.099
4,6.94,1,19,0.014
1,11.01,0,10,0.918
1,14.02,0,22,1.473
4,27.32,0,1,0.054
4,26.26,0,10,0.046
0,27.13,0,1,3.618
3,3.98,0,22,0.182
1,19.03,0,21,1.877
1,12.64,1,1,1.304
1,21.34,0,8,1.923
1,8.21,0,13,0.821
4,11.3,0,15,0.013
1,27.36,1,1,2.783
4,10.26,1,21,0.015
0,5.29,1,23,1.028
3,11.08,1,20,0.529
3,10.09,1,1,0.444
2,8.52,0,14,0.361
0,14.93,1,7,2.303
1,26.34,0,16,2.538
3,28.63,1,22,1.633
1,10.81,1,4,1.177
0,23.94,1,15,4.815
2,10.11,1,13,0.3
1,8.42,0,21,1.013
3,5.87,1,9,0.319
0,11.57,1,4,2.0
1,29.18,0,15,2.47
2,21.71,1,7,0.572
2,6.71,0,15,0.315
4,27.16,0,18,0.047
1,21.29,1,17,2.456
2,3.0,0,12,0.098
0,19.99,0,15,3.847
3,23.07,0,20,1.581
2,14.93,0,15,0.529
2,7.31,0,12,0.381
1,20.69,0,8,2.182
3,1.79,0,17,0.119
0,3.41,1,23,0.778
4,16.7,1,5,0.029
3,3.3,0,18,0.105
4,12.2,0,0,0.013
2,12.21,0,1,0.258
1,4.47,0,15,0.343
1,28.41,0,4,2.306
2,17.02,0,14,0.872
4,6.42,0,7,0.01
1,21.19,1,22,2.107
2,9.59,1,1,0.506
3,12.44,1,16,0.673
1,13.18,0,0,1.051
2,13.41,1,2,0.442
0,20.39,0,1,3.696
2,10.68,0,14,0.235
1,10.25,0,13,0.925
1,8.41,1,0,0.722
2,2.11,0,15,0.107
2,2.78,1,6,0.146
4,9.82,1,4,0.011
2,5.77,0,20,0.186
1,15.15,0,4,1.265
3,12.35,0,2,0.405
1,15.05,0,15,1.337
3,11.98,0,19,0.584
4,1.84,1,21,0.01
3,21.39,0,5,0.941
0,2.71,0,16,0.382
0,7.15,0,5,1.172
4,21.68,1,7,0.014
3,25.37,1,0,1.295
1,2.64,0,4,0.217
3,26.62,0,8,1.178
0,26.2,0,2,6.144
1,27.83,0,9,1.968
0,14.1,1,18,3.276
1,1.57,1,9,0.152
1,11.09,0,18,1.058
3,23.68,1,23,1.098
4,3.82,0,20,0.01
2,26.07,1,6,0.825
2,10.27,0,21,0.327
0,1.6,1,13,0.229
4,11.55,0,1,0.02
3,11.37,1,23,0.881
2,25.96,0,21,1.382
0,15.02,1,23,2.415
1,4.42,1,23,0.446
4,0.57,0,16,0.01
0,28.8,0,8,6.519
1,17.62,0,6,1.173
4,29.07,0,5,0.03
0,9.79,1,10,2.182
4,26.96,0,19,0.026
2,1.45,1,6,0.075
1,19.32,0,4,1.276
0,20.54,1,15,5.293
1,7.47,1,13,0.629
2,5.54,1,17,0.286
1,14.2,0,23,1.366
4,16.44,0,7,0.031
0,1.98,1,15,0.367
0,29.62,0,9,7.939
4,23.09,0,9,0.045
1,12.84,1,15,1.247
1,29.15,0,4,1.835
3,10.23,0,20,0.301
1,27.77,1,8,2.745
0,3.97,1,20,1.114
3,13.85,0,21,0.753
2,21.99,1,14,0.865
1,10.19,1,11,1.044
2,5.55,0,2,0.206
4,11.11,1,7,0.023
4,16.57,1,12,0.016
2,20.05,1,2,0.813
4,29.18,1,22,0.035
3,13.92,0,10,0.907
2,19.41,0,15,0.736
1,21.44,0,5,1.688
3,28.14,0,14,0.92
3,20.5,1,20,0.906
3,9.14,1,1,0.391
4,21.77,0,2,0.019
3,5.51,1,2,0.197
3,14.1,0,10,0.85
2,12.97,1,18,0.637
2,21.32,1,4,0.7
3,7.02,1,8,0.291
3,14.23,0,18,0.592
0,8.93,0,10,1.756
0,3.34,1,2,0.573
4,5.7,0,10,0.01
2,8.52,1,10,0.302
3,4.77,1,18,0.318
3,16.98,1,2,0.994
0,22.24,1,11,6.179
1,24.72,1,14,1.846
0,3.4,0,4,0.591
0,1.08,0,10,0.161
4,1.54,1,23,0.01
3,3.49,1,17,0.132
4,29.52,0,16,0.045
0,22.43,0,9,5.432
2,4.83,1,3,0.25
2,29.92,1,4,0.779
3,16.21,1,20,0.722
1,3.98,1,21,0.354
4,12.3,1,5,0.025
1,3.87,1,11,0.39
0,25.52,1,2,4.288
4,15.6,0,0,0.023
0,27.97,1,1,5.542
3,25.34,1,4,1.242
0,23.89,0,7,2.919
2,9.41,0,19,0.441
2,22.77,1,15,0.966
2,8.94,0,18,0.246
4,15.68,0,12,0.01
1,3.38,1,21,0.355
0,3.89,1,17,1.115
4,26.01,1,12,0.02
1,0.65,0,20,0.069
4,10.21,0,2,0.01
4,17.38,1,14,0.015
3,2.49,1,19,0.125
4,28.37,0,15,0.045
0,2.69,0,21,0.468
3,8.89,1,3,0.434
4,11.87,0,15,0.01
1,13.82,0,8,1.517
3,20.22,0,21,1.037
1,28.32,1,1,2.495
2,20.04,1,19,0.851
4,10.06,0,23,0.012
3,12.68,0,19,0.422
2,19.27,1,10,0.685
0,5.86,1,16,1.747
4,21.06,1,0,0.031
0,20.83,1,6,3.468
0,25.86,1,22,5.942
1,6.2,0,22,0.575
0,17.46,1,3,2.746
3,29.36,0,15,1.024
1,20.07,0,7,1.991
2,8.52,0,0,0.359
0,25.58,0,2,4.802
0,4.35,1,5,0.73
1,29.5,1,13,2.517
3,24.44,1,6,1.207
2,20.32,1,0,0.95
1,6.81,1,13,0.676
3,28.79,1,4,1.741
1,20.43,1,19,2.327
3,22.79,1,18,0.967
3,21.32,1,18,1.044
4,8.78,0,23,0.017
3,9.85,0,3,0.441
3,27.83,1,14,1.817
3,14.64,1,4,0.827
2,6.15,0,6,0.197
1,3.13,1,19,0.308
4,15.51,1,15,0.036
2,18.03,1,16,0.724
3,8.83,0,12,0.609
2,12.51,0,16,0.521
2,29.56,0,7,1.586
1,16.84,1,3,1.363
2,2.65,0,10,0.065
2,23.99,1,20,0.77
1,22.49,0,10,1.85
0,11.13,1,1,2.724
4,12.66,0,5,0.018
0,2.59,1,11,0.656
3,14.01,1,19,1.0
3,17.64,1,15,0.804
2,12.51,0,15,0.365
0,16.8,1,5,3.899
4,6.02,1,15,0.01
0,5.07,0,10,1.104
1,28.08,1,0,2.872
1,23.17,1,12,2.033
1,23.82,0,22,2.318
2,8.97,0,0,0.261
0,14.56,0,7,3.353
4,29.58,0,11,0.049
4,9.04,1,9,0.013
4,12.76,1,16,0.027
2,7.73,1,23,0.378
0,5.0,1,18,1.455
4,10.54,1,17,0.019
3,8.49,1,15,0.547
2,28.97,0,23,0.933
1,17.69,0,14,1.097
1,28.98,0,17,2.128
3,20.77,0,11,1.025
3,15.9,1,21,0.926
3,6.72,0,11,0.386
0,11.41,0,14,1.611
2,24.21,0,23,0.637
4,25.64,0,17,0.045
2,22.43,0,19,0.674
2,4.23,0,17,0.099
0,10.66,1,7,1.628
2,22.95,0,12,1.126
0,19.72,0,9,4.385
3,9.71,1,12,0.371
2,6.43,1,1,0.239
1,17.7,1,16,1.601
1,3.16,0,4,0.302
2,7.96,1,5,0.371
0,24.18,0,20,7.405
1,15.79,1,19,1.861
1,8.83,1,20,0.842
1,5.05,0,20,0.378
4,12.99,1,4,0.025
2,10.56,0,16,0.298
1,23.63,1,6,2.403
3,4.43,0,11,0.218
2,7.53,0,19,0.202
3,27.75,1,19,2.193
3,2.8,1,11,0.109
2,3.62,1,7,0.158
0,24.56,1,14,3.834
4,16.83,1,17,0.022
2,18.56,0,3,0.509
1,15.72,0,16,1.427
0,7.88,1,10,1.349
0,12.36,1,21,2.626
4,4.85,1,1,0.01
0,22.04,0,15,3.741
2,17.55,0,18,0.405
4,12.15,0,15,0.01
1,21.33,1,2,2.388
4,29.92,1,11,0.023
3,23.34,0,17,1.386
3,9.24,0,23,0.354
1,19.42,1,0,1.319
2,28.23,0,19,1.447
4,3.49,1,1,0.01
0,10.23,1,8,1.702
0,5.27,0,18,0.777
4,16.2,0,23,0.011
3,1.93,0,20,0.088
3,4.74,1,14,0.186
2,3.9,0,12,0.108
0,25.74,0,6,5.922
4,1.24,0,23,0.01
1,2.11,0,4,0.177
4,18.48,1,16,0.031
3,13.24,1,9,0.543
3,3.17,1,4,0.194
0,17.26,1,1,2.964
0,26.77,1,23,6.28
0,26.28,0,15,5.444
4,6.42,1,17,0.01
1,24.88,1,4,2.51
1,5.55,1,18,0.579
4,9.59,1,21,0.01
2,1.92,1,6,0.073
4,7.24,1,14,0.015
4,5.41,0,14,0.01
0,3.95,0,20,0.854
4,5.94,1,7,0.01
4,26.12,1,23,0.05
4,6.46,0,2,0.01
2,4.71,0,23,0.158
0,25.57,0,8,4.317
2,26.37,1,8,1.499
1,7.47,1,19,0.57
4,13.59,1,16,0.024
0,25.04,1,18,4.676
4,12.45,0,2,0.01
3,24.29,1,16,1.303
0,14.05,1,23,2.543
0,13.85,1,1,2.235
2,16.36,1,11,0.814
1,6.55,0,23,0.477
0,24.14,0,18,5.374
1,16.86,1,13,1.273
2,19.97,1,14,0.809
2,24.55,1,17,1.09
2,19.3,1,16,0.759
4,7.37,0,2,0.01
1,9.99,0,2,0.95
1,25.99,1,8,1.986
4,13.2,1,10,0.02
2,4.83,1,19,0.157
1,14.44,0,21,1.473
4,6.32,0,5,0.01
2,26.09,1,15,0.634
4,25.12,0,16,0.048
1,12.49,1,22,1.359
1,8.71,0,8,0.947
1,18.0,1,19,2.055
2,21.37,0,8,0.605
2,2.62,0,9,0.097
3,9.6,1,4,0.454
1,26.38,1,13,2.648
3,7.52,0,16,0.412
2,29.72,1,18,0.746
0,21.63,1,12,4.175
3,18.32,0,14,0.901
4,8.4,1,16,0.013
1,29.17,0,6,2.634
0,12.82,0,11,2.968
0,17.6,1,5,4.628
0,4.85,1,23,1.02
4,23.3,0,16,0.018
2,11.86,1,23,0.661
2,19.67,0,12,0.781
2,8.99,0,1,0.206
3,23.58,0,18,1.096
1,27.06,0,7,2.15
1,5.08,0,11,0.532
2,21.97,0,10,0.757
2,23.33,0,3,0.77
4,8.31,1,11,0.01
3,12.5,0,4,0.947
2,28.79,0,11,0.994
1,22.04,0,15,1.458
1,8.11,1,12,0.716
2,2.81,0,23,0.12
3,1.5,1,21,0.071
4,15.46,0,0,0.01
0,15.18,0,19,2.322
0,20.72,0,0,5.153
2,18.85,1,19,0.834
4,18.53,1,13,0.026
0,11.78,1,17,3.048
0,4.42,0,4,1.151
4,22.49,1,4,0.017
4,3.32,0,7,0.01
2,14.43,1,14,0.565
0,6.28,1,12,1.012
4,2.96,0,15,0.01
1,28.25,1,16,2.044
2,1.07,1,19,0.039
4,20.13,0,6,0.022
0,5.21,1,15,1.213
4,28.19,0,12,0.058
4,9.09,0,10,0.01
1,11.89,1,8,1.011
3,17.52,0,17,0.953
0,8.54,0,14,1.969
0,22.2,1,8,4.084
1,17.47,1,20,2.084
4,21.75,1,8,0.022
1,13.06,1,16,1.467
2,27.29,1,9,0.642
2,12.19,0,14,0.391
4,26.48,0,7,0.025
0,29.7,0,10,8.039
3,8.93,1,4,0.39
0,10.47,0,3,2.348
2,1.26,1,19,0.055
3,19.75,0,9,0.896
4,25.6,0,7,0.027
2,17.95,0,19,0.478
1,23.0,0,10,2.619
0,13.36,0,3,2.331
2,20.91,0,22,0.614
2,1.69,1,8,0.072
4,2.19,0,0,0.01
2,20.41,1,20,0.712
2,24.07,1,8,0.7
1,5.89,1,23,0.48
3,15.12,0,4,0.727
1,13.41,1,0,1.407
3,9.66,1,11,0.764
3,3.81,0,19,0.275
0,3.47,1,14,0.783
1,18.31,1,5,1.279
1,29.06,1,21,2.724
0,19.89,0,20,5.046
4,15.96,1,22,0.014
0,13.18,0,15,3.008
0,26.24,0,18,3.925
3,3.81,0,4,0.207
2,1.75,0,19,0.051
2,13.32,1,6,0.47
2,17.17,0,23,0.702
0,7.21,0,7,1.665
1,28.94,1,1,2.867
4,27.64,0,23,0.056
1,3.06,1,16,0.218
1,20.88,1,19,2.303
0,4.56,0,10,0.713
4,16.62,1,23,0.017
0,10.94,1,16,2.099
0,18.33,0,15,4.626
1,3.04,0,10,0.301
2,11.45,0,7,0.561
1,20.92,0,15,1.448
0,17.13,1,18,4.516
4,27.05,0,2,0.038
1,14.0,1,3,1.081
0,20.94,0,22,4.923
1,13.01,1,8,1.653
4,27.51,0,15,0.021
0,11.85,0,6,1.675
4,24.78,1,9,0.029
4,9.93,0,8,0.02
3,16.44,1,22,0.596
4,4.26,1,23,0.01
0,9.06,0,12,1.661
1,26.53,1,3,2.19
1,16.58,0,4,1.341
2,13.38,0,22,0.468
3,7.13,1,13,0.272
0,10.04,1,15,2.113
0,16.66,1,22,3.06
4,16.79,0,22,0.01
1,4.85,1,17,0.457
3,24.32,0,11,1.112
1,25.3,0,4,1.599
4,18.81,1,6,0.021
4,19.96,1,18,0.033
2,15.21,1,20,0.359
3,19.34,1,1,0.711
1,11.32,1,20,1.212
3,14.91,1,5,0.534
1,8.46,1,19,0.776
3,0.61,1,13,0.028
1,12.03,0,2,0.931
0,20.36,1,5,5.228
4,20.0,1,4,0.027
2,25.03,1,5,1.388
4,5.59,0,3,0.01
2,15.09,1,14,0.776
2,11.71,1,1,0.308
4,29.89,1,15,0.029
4,29.02,0,20,0.031
1,21.41,1,16,1.522
0,10.53,1,4,1.669
1,0.92,0,17,0.095
1,12.35,0,8,1.173
2,23.65,1,11,0.71
2,20.0,1,5,0.759
4,29.22,0,19,0.042
0,5.82,1,22,1.363
2,3.04,0,21,0.092
0,26.45,1,13,4.785
4,5.31,1,20,0.01
3,26.14,1,3,1.915
1,29.75,1,21,3.386
2,19.64,1,5,1.044
1,27.25,0,17,3.154
3,15.32,1,15,0.701
3,8.39,0,8,0.324
1,21.45,1,18,1.934
4,14.52,1,9,0.01
2,23.46,0,5,1.091
0,11.14,1,19,2.062
1,27.34,1,5,2.544
1,11.83,0,3,1.17
1,3.06,0,1,0.185
3,15.11,0,3,0.981
2,20.7,1,11,0.935
2,22.13,1,16,1.066
4,8.18,1,13,0.015
4,16.11,0,17,0.014
0,7.39,1,9,1.472
0,1.68,0,16,0.238
3,11.52,1,1,0.785
4,14.72,1,15,0.01
2,15.06,1,21,0.585
4,21.77,1,9,0.033
3,19.58,0,18,0.714
1,7.3,0,23,0.673
4,22.0,1,17,0.039
0,5.58,0,14,0.811
2,12.73,0,6,0.514
3,10.46,0,17,0.36
4,15.37,0,11,0.017
3,25.45,0,21,1.181
2,6.4,0,14,0.289
2,3.93,1,12,0.19
2,5.8,1,15,0.318
1,2.89,0,23,0.303
3,5.16,1,17,0.242
0,5.31,0,13,1.016
4,13.63,1,17,0.024
4,18.87,0,8,0.036
3,24.11,1,15,0.929
3,2.73,1,0,0.114
2,26.69,1,21,1.134
4,17.58,0,14,0.037
2,15.75,0,13,0.421
1,23.57,0,21,2.896
3,9.74,1,18,0.58
0,5.23,0,4,0.994
3,14.05,1,22,0.572
4,20.04,1,20,0.022
3,28.69,1,3,2.218
1,27.44,0,21,2.507
3,7.06,0,2,0.257
2,20.36,0,21,0.94
3,15.02,1,22,1.089
3,23.97,0,10,1.198
1,17.06,1,15,1.907
0,16.67,1,20,3.957
1,6.76,0,19,0.538
0,16.4,0,14,3.295
0,7.82,1,23,1.894
3,6.15,0,0,0.431
4,9.1,1,17,0.01
3,8.67,0,19,0.414
1,12.18,0,4,1.219
1,13.84,1,19,1.483
0,10.99,1,12,2.945
4,20.66,1,15,0.041
1,8.95,0,17,0.637
2,19.99,0,6,1.038
1,20.84,1,14,1.577
3,28.52,1,7,0.998
1,25.5,1,15,2.149
0,16.01,0,8,2.996
3,17.1,0,23,1.018
1,14.51,1,12,1.031
1,8.22,0,13,0.791
0,17.2,1,20,3.916
3,29.54,1,10,1.623
2,7.5,1,10,0.312
2,12.41,0,6,0.393
2,7.53,0,15,0.201
3,26.11,0,3,0.962
4,5.44,0,17,0.01
1,20.25,0,12,1.634
3,23.03,0,17,1.452
1,29.05,1,3,2.815
0,28.45,0,22,6.525
2,23.73,0,8,0.649
3,7.01,0,14,0.251
1,22.52,0,4,1.845
4,11.11,0,8,0.019
2,9.06,0,15,0.26
2,6.54,1,3,0.332
2,6.87,0,20,0.3
0,14.38,0,20,3.223
3,17.15,0,10,0.56
1,14.58,1,4,1.259
3,12.07,1,21,0.982
1,21.38,1,9,2.248
3,9.09,1,19,0.584
3,10.01,0,11,0.443
3,20.99,0,2,0.669
2,19.05,0,22,0.771
3,1.84,0,22,0.101
1,25.72,1,20,2.621
4,14.5,1,23,0.033
2,8.57,0,22,0.396
3,4.72,1,14,0.283
4,21.59,0,19,0.033
0,11.8,0,16,1.754
4,19.95,1,4,0.02
1,26.84,0,12,2.18
4,23.13,1,18,0.044
1,12.49,1,4,1.062
1,2.49,1,18,0.247
1,22.18,0,5,1.56
0,0.57,0,15,0.106
2,7.97,0,20,0.369
4,16.24,0,3,0.022
4,23.19,0,6,0.016
0,3.53,0,9,0.866
0,12.34,1,6,3.457
1,26.48,1,22,2.306
0,2.56,1,23,0.339
3,24.55,1,14,1.362
3,15.93,1,23,0.954
1,6.9,0,14,0.474
3,23.86,1,18,1.387
1,15.15,1,22,1.243
1,25.03,0,8,2.333
1,1.1,1,8,0.129
3,4.75,1,13,0.322
4,6.51,0,20,0.01
0,23.49,0,9,5.266
0,26.46,1,11,6.917
1,25.05,1,21,2.969
3,7.96,1,15,0.581
3,26.14,0,3,0.87
2,4.56,0,8,0.16
4,25.59,0,21,0.052
3,21.67,0,3,1.451
0,4.33,0,11,0.761
3,8.29,0,16,0.438
4,14.44,0,8,0.027
0,24.47,1,1,5.162
4,6.23,0,5,0.01
1,12.03,0,14,0.719
4,6.73,0,18,0.01
1,28.47,0,10,3.283
3,23.21,1,22,0.908
0,20.89,1,2,3.85
0,8.79,0,21,1.988
2,12.37,0,18,0.624
3,7.74,0,19,0.358
0,23.88,1,3,5.951
4,7.52,1,18,0.01
0,14.78,1,7,3.271
2,19.4,1,15,1.0
4,5.9,0,20,0.01
3,2.16,1,6,0.133
0,18.66,1,1,5.304
0,24.15,1,23,3.624
2,13.28,0,5,0.704
1,28.32,1,19,2.672
3,11.91,1,19,0.7
3,3.96,0,10,0.209
2,0.57,0,20,0.017
2,24.34,1,21,1.094
2,5.73,0,19,0.184
2,20.01,1,0,0.942
1,25.75,0,15,2.135
3,18.43,0,10,0.654
3,22.07,1,10,0.906
2,12.75,0,18,0.3
3,21.65,0,22,1.308
0,2.32,1,19,0.66
1,13.72,0,1,1.342
3,1.82,1,23,0.095
4,17.22,0,1,0.035
3,19.37,1,21,1.412
4,18.49,1,8,0.026
0,17.02,1,20,2.591
0,7.88,0,5,1.0
2,19.78,1,23,0.707
2,26.77,0,21,0.642
3,13.73,1,1,0.537
4,28.64,1,18,0.022
3,0.81,0,4,0.051
4,8.71,1,13,0.014
0,17.74,1,10,3.616
3,9.91,0,18,0.308
3,24.46,1,6,1.692
0,8.49,1,20,2.745
2,8.41,1,5,0.313
2,5.56,0,13,0.284
0,7.33,1,16,1.848
1,16.56,1,3,1.235
0,28.66,0,16,4.094
2,12.96,1,19,0.353
0,1.67,0,7,0.363
4,1.6,1,4,0.01
2,4.81,0,14,0.148
0,13.41,0,7,2.797
0,20.61,1,0,4.56
2,7.69,1,8,0.205
0,21.04,0,1,3.136
4,0.6,1,2,0.01
3,10.91,0,7,0.648
2,26.93,1,21,0.963
2,10.99,0,11,0.4
4,17.59,1,14,0.022
2,4.31,1,7,0.178
0,21.64,1,16,5.719
2,29.87,1,11,0.763
2,6.01,0,23,0.266
4,9.52,1,20,0.01
2,19.06,1,19,0.696
4,28.56,1,20,0.031
2,21.82,1,10,0.948
0,16.11,0,22,2.771
0,1.06,0,23,0.182
3,18.9,0,3,1.165
2,29.45,0,22,0.797
1,2.93,1,10,0.237
1,6.17,0,1,0.525
3,23.51,0,9,1.5
4,18.09,0,17,0.016
4,13.23,0,10,0.028
4,4.85,1,18,0.01
3,9.18,0,4,0.373
2,9.13,1,15,0.321
3,25.49,0,18,1.465
1,18.66,0,8,1.92
2,24.02,0,13,1.192
4,8.77,0,10,0.01
3,7.81,0,23,0.571
3,28.7,1,5,1.343
2,5.73,0,20,0.143
3,9.07,0,11,0.649
2,26.14,1,1,1.054
2,20.84,1,21,0.81
0,15.86,1,19,4.82
0,26.41,1,9,4.03
0,16.22,0,22,3.451
3,1.94,0,3,0.057
1,21.12,1,6,1.874
3,11.29,1,4,0.839
3,6.5,0,13,0.369
1,21.48,1,19,2.965
4,9.82,0,2,0.012
4,9.12,0,5,0.017
0,23.8,1,0,5.069
2,25.62,1,21,1.392
4,13.39,1,20,0.028
3,28.64,1,22,1.174
4,12.07,0,21,0.01
3,10.07,0,7,0.609
4,4.85,1,6,0.01
4,16.35,0,10,0.027
4,7.41,1,16,0.01
0,9.71,0,9,1.93
4,18.73,0,10,0.036
2,6.59,1,10,0.249
1,15.35,1,13,1.496
0,27.86,0,19,5.508
1,0.73,1,12,0.071
1,29.96,1,12,2.442
1,9.1,0,12,0.703
1,16.17,1,17,1.507
3,25.81,1,21,1.928
1,9.45,1,5,0.949
4,26.28,1,11,0.047
2,7.1,1,21,0.173
4,4.43,1,0,0.01
1,5.4,1,22,0.445
1,12.28,0,7,0.883
0,29.11,1,17,6.474
1,12.66,0,4,1.174
3,23.81,0,7,0.907
0,14.53,1,4,2.137
1,21.68,1,9,1.936
1,22.26,0,16,1.756
0,29.98,0,16,4.653
2,9.08,1,20,0.305
3,13.76,0,11,0.605
0,26.97,1,15,6.209
1,9.94,1,2,1.041
2,14.84,0,4,0.466
2,6.16,0,20,0.304
2,9.54,1,17,0.482
1,15.95,0,21,1.854
4,28.16,1,10,0.046
2,12.13,0,15,0.412
0,14.68,1,12,3.2
2,27.77,1,20,0.917
0,29.29,1,8,7.728
2,26.16,1,9,1.238
3,16.56,1,22,0.9
2,8.89,0,6,0.238
0,1.51,1,1,0.282
2,11.64,1,2,0.447
1,25.17,1,5,2.764
2,9.92,0,4,0.354
3,12.93,1,15,0.564
0,22.25,1,18,6.212
3,14.92,1,2,0.603
2,25.48,1,11,1.416
4,4.99,0,9,0.01
3,25.21,0,18,1.059
1,16.81,1,14,1.251
4,27.76,1,6,0.065
1,3.86,1,22,0.262
4,11.84,0,0,0.01
2,24.73,0,11,1.041
1,19.45,0,9,1.81
2,9.31,1,22,0.281
2,3.67,1,3,0.091
1,29.05,0,15,2.046
0,13.48,1,8,2.631
3,17.53,0,10,0.559
0,2.58,0,21,0.619
3,13.68,0,5,0.847
3,26.1,1,8,1.784
4,5.24,1,11,0.011
0,5.0,1,6,1.097
4,7.57,0,9,0.016
1,27.59,1,8,2.553
2,22.29,1,0,1.231
0,2.15,1,2,0.409
3,1.64,0,18,0.061
1,23.2,1,18,2.08
0,26.98,1,9,5.388
2,21.15,1,21,0.856
3,9.46,1,22,0.439
1,27.73,1,15,2.759
0,6.89,1,20,1.622
2,22.75,0,20,0.569
0,0.55,1,19,0.128
0,25.39,1,22,4.292
3,6.06,0,17,0.211
4,0.58,1,17,0.01
0,22.77,0,11,5.904
2,15.53,0,16,0.507
2,2.82,0,10,0.074
4,0.79,0,0,0.01
4,29.87,1,20,0.02
1,15.04,0,9,1.289
0,28.52,0,13,5.02
1,13.44,0,15,1.172
1,7.67,1,23,0.839
1,18.18,0,22,1.325
2,13.08,1,17,0.699
4,5.43,1,2,0.01
2,13.02,1,4,0.458
1,25.44,1,0,2.801
4,20.69,0,22,0.03
4,26.72,1,9,0.029
0,1.28,1,13,0.332
4,16.02,1,11,0.019
1,18.53,0,20,1.887
0,7.61,1,11,2.183
4,7.96,0,21,0.01
2,29.73,0,1,0.61
4,1.34,1,20,0.01
0,6.03,1,12,1.13
2,22.6,1,13,0.913
3,29.09,0,18,1.365
4,25.15,0,2,0.019
2,10.37,1,8,0.252
3,7.37,0,15,0.29
3,4.77,1,6,0.325
4,19.85,0,3,0.018
3,13.19,0,13,0.47
2,8.4,0,20,0.318
3,6.9,0,19,0.258
0,23.74,0,3,3.325
4,4.06,0,3,0.01
4,18.41,0,19,0.027
0,20.62,0,19,5.465
2,5.85,0,7,0.219
2,0.63,1,9,0.028
1,4.93,0,2,0.507
2,13.27,0,21,0.582
1,7.76,0,11,0.784
3,28.52,0,21,0.983
0,15.35,0,23,2.57
1,24.01,1,23,2.14
2,20.5,0,13,0.753
0,5.38,0,22,1.117
2,27.68,1,8,1.006
2,6.7,1,1,0.191
0,23.28,1,21,5.869
2,28.64,1,9,1.362
4,12.96,0,11,0.015
0,11.88,0,5,2.684
2,16.91,0,23,0.577
1,9.81,1,18,1.192
1,10.91,1,6,0.892
4,12.16,1,19,0.022
1,4.84,0,1,0.443
1,20.25,1,20,2.169
1,9.02,1,17,1.087
0,18.27,1,0,3.61
2,12.57,1,23,0.451
4,21.62,0,10,0.035
2,9.51,1,3,0.353
0,7.77,0,13,1.531
4,5.97,0,23,0.011
0,3.31,0,7,0.854
3,24.93,0,11,1.536
0,12.48,1,9,2.702
1,29.69,0,1,2.536
1,27.71,0,23,1.739
4,29.13,1,21,0.026
2,28.52,0,4,0.853
3,11.61,1,16,0.644
2,7.11,0,12,0.186
1,25.2,1,15,2.372
2,11.24,1,16,0.579
3,10.49,0,6,0.685
1,6.44,1,3,0.467
2,9.1,1,5,0.334
1,22.56,0,5,1.357
0,22.05,0,0,5.388
4,22.72,0,10,0.028
0,28.76,0,7,4.387
0,13.66,0,4,2.007
4,9.96,0,5,0.017
0,13.07,0,4,2.988
1,14.29,0,9,1.306
2,12.52,1,18,0.33
1,27.27,0,14,2.292
2,10.59,0,7,0.413
2,20.34,0,22,0.88
3,11.7,1,6,0.849
3,25.82,1,10,1.016
0,28.36,0,16,5.385
0,27.29,1,20,6.078
1,26.93,1,14,2.722
1,18.48,1,22,1.354
1,26.52,1,10,2.141
4,24.88,1,8,0.023
4,17.18,1,0,0.021
1,4.75,0,1,0.427
1,29.58,0,7,2.674
2,15.32,0,15,0.47
3,15.86,1,18,0.593
3,29.76,1,16,1.176
0,0.92,1,0,0.214
1,7.9,1,13,0.84
2,27.62,0,11,1.337
3,2.79,0,19,0.148
4,10.27,1,9,0.011
0,15.47,0,1,4.089
2,2.98,1,14,0.082
3,19.85,1,19,1.275
1,2.66,0,5,0.25
1,20.57,0,21,1.715
0,29.06,0,10,5.251
2,19.92,1,5,1.124
4,11.54,1,12,0.01
1,8.43,0,7,0.819
4,8.11,0,15,0.016
3,6.2,0,17,0.212
3,27.55,1,11,1.17
0,18.0,1,10,3.31
0,22.75,0,5,4.51
3,4.07,0,5,0.225
2,19.65,1,9,0.988
0,25.77,1,20,8.36
4,24.55,0,13,0.047
0,16.84,1,7,4.579
3,10.93,0,3,0.706
4,22.81,0,1,0.034
2,20.08,1,16,0.857
4,19.92,1,20,0.018
4,28.53,0,13,0.02
2,17.86,0,7,0.809
4,27.61,0,3,0.027
0,19.82,0,3,4.628
3,3.61,1,12,0.203
0,23.53,1,7,4.828
0,13.62,1,8,3.942
2,9.58,1,2,0.456
0,6.32,0,15,0.914
2,24.44,1,16,0.834
3,24.1,0,9,1.268
2,19.78,0,21,0.507
2,22.13,1,20,1.114
1,10.57,0,9,0.922
4,25.49,1,4,0.029
4,4.43,1,20,0.01
2,21.0,1,6,0.63
4,9.97,0,17,0.018
4,16.06,1,9,0.02
4,17.16,1,20,0.022
0,4.05,0,8,1.018
0,20.72,1,12,2.864
4,11.76,0,14,0.011
4,26.39,1,12,0.051
4,28.14,0,17,0.048
1,27.48,1,17,2.35
2,4.52,0,21,0.104
4,3.77,1,16,0.01
1,23.17,1,0,2.58
4,8.25,0,3,0.012
1,28.45,1,1,2.712
4,27.45,1,18,0.044
4,14.7,0,20,0.01
3,13.03,0,3,0.582
0,26.4,0,13,3.895
1,21.75,0,13,1.738
0,16.56,0,13,3.5
1,25.77,0,19,2.703
3,12.47,0,4,0.507
0,14.47,1,3,2.142
0,18.76,1,4,3.797
4,20.53,0,22,0.02
4,18.81,0,7,0.023
2,27.68,0,2,1.309
1,12.52,0,7,0.857
2,24.66,1,13,1.095
4,15.06,1,15,0.017
4,23.0,1,21,0.032
3,5.07,1,0,0.332
3,14.52,1,12,1.167
1,18.32,1,20,2.169
2,0.95,1,2,0.021
3,3.52,0,11,0.221
4,6.92,1,10,0.01
2,20.05,0,23,0.821
2,6.5,0,9,0.229
2,3.13,0,16,0.114
1,12.37,0,12,1.092
1,22.47,1,18,2.134
0,28.37,0,20,5.84
0,18.78,0,7,3.428
1,21.29,1,6,1.703
3,10.06,1,0,0.613
1,26.9,1,5,2.129
3,18.81,0,23,1.108
0,29.32,0,23,6.244
0,18.52,1,8,4.327
1,27.86,1,5,2.001
1,22.88,0,22,1.637
1,16.25,1,12,1.478
3,9.66,0,2,0.384
3,18.5,0,20,0.938
4,12.38,1,5,0.014
4,5.36,0,2,0.01
4,15.75,1,14,0.021
1,25.71,0,4,1.966
2,13.21,1,9,0.731
1,13.1,1,4,1.303
1,22.93,1,6,1.596
0,1.54,1,12,0.381
1,7.18,1,11,0.735
1,7.77,1,16,0.588
1,22.2,1,15,2.478
2,26.41,1,3,1.279
4,21.19,0,17,0.023
3,15.42,0,9,0.604
2,7.46,0,7,0.225
4,8.36,1,19,0.01
0,14.3,0,20,2.08
1,12.6,1,11,1.077
4,3.74,0,16,0.01
2,19.33,0,3,0.403
1,7.16,1,19,0.795
1,14.88,1,23,1.682
2,17.52,0,19,0.574
2,5.24,1,14,0.229
2,0.89,0,19,0.026
1,3.65,1,6,0.27
4,13.92,0,0,0.028
3,21.6,0,3,0.721
1,5.7,1,7,0.58
0,24.36,0,19,4.56
2,20.13,0,11,0.642
3,22.55,0,8,1.044
0,6.88,0,7,1.449
1,18.51,1,17,2.273
0,3.4,0,21,0.995
2,4.8,1,10,0.252
4,2.65,1,21,0.01
4,29.73,0,6,0.025
2,20.03,0,1,0.923
4,7.96,1,8,0.012
1,0.87,1,9,0.088
4,26.07,1,1,0.027
0,5.53,1,10,1.407
3,23.26,1,4,1.478
4,6.79,0,1,0.01
1,10.44,0,3,0.831
3,24.47,1,23,1.804
2,26.33,0,8,0.81
0,28.58,0,20,4.347
2,25.13,0,3,0.815
4,18.56,0,13,0.016
1,10.64,1,20,0.85
0,25.87,0,23,5.659
3,3.63,0,5,0.226
4,18.58,0,6,0.029
2,6.14,0,5,0.228
2,5.99,1,2,0.172
1,15.74,0,10,1.171
1,8.78,1,16,0.733
0,22.95,1,10,4.592
4,24.42,1,23,0.028
4,4.93,0,5,0.01
1,0.64,1,20,0.047
2,12.15,0,17,0.361
4,3.53,0,15,0.01
0,19.69,1,19,4.349
1,14.31,0,21,1.282
4,12.43,1,22,0.026
0,15.53,1,23,2.875
2,1.53,1,12,0.058
3,25.32,1,14,1.078
2,23.05,1,5,1.028
3,2.87,0,9,0.121
1,23.11,0,20,2.117
3,11.48,1,8,0.815
3,8.87,1,12,0.637
1,23.19,1,0,2.261
4,28.33,1,10,0.052
3,10.69,1,0,0.616
3,25.5,0,23,1.787
1,16.09,1,14,1.56
0,23.88,0,1,5.397
2,22.52,1,7,1.013
3,13.36,0,15,0.828
3,6.28,0,3,0.3
4,20.87,1,10,0.032
2,27.08,0,15,0.661
2,9.58,1,22,0.243
2,10.07,0,22,0.329
0,10.65,1,10,2.149
2,16.83,1,4,0.501
4,9.85,0,6,0.01
1,4.02,1,6,0.38
1,12.78,1,7,1.214
2,13.93,0,12,0.593
1,3.07,1,3,0.308
0,4.62,0,11,1.152
3,25.14,1,10,1.859
3,24.04,1,18,1.643
3,18.93,0,16,1.227
2,13.16,0,7,0.659
1,1.38,1,11,0.118
4,9.9,1,7,0.017
3,6.87,0,0,0.386
2,20.41,0,12,0.748
1,14.55,1,9,1.309
3,0.66,1,13,0.025
4,9.99,1,13,0.015
4,12.52,0,16,0.023
1,17.6,0,8,1.923
0,1.75,1,7,0.499
0,28.33,0,14,6.754
1,13.99,1,11,1.332
2,29.72,1,18,1.493
0,14.6,1,0,3.175
2,8.84,0,20,0.295
2,26.11,1,13,1.338
2,28.92,0,9,1.018
1,20.25,1,7,1.384
2,2.61,1,5,0.126
1,17.77,0,0,1.121
0,6.02,0,9,0.798
1,5.93,1,22,0.655
1,29.21,0,13,2.775
1,10.94,1,20,1.397
3,19.37,0,3,1.331
0,1.18,1,20,0.355
0,14.71,0,17,3.761
2,19.14,1,15,0.87
4,25.66,0,5,0.014
3,10.79,1,2,0.375
1,28.59,1,6,2.324
4,6.0,1,4,0.011
1,5.81,0,16,0.427
4,10.9,0,0,0.018
4,29.94,0,6,0.039
2,6.2,0,22,0.312
2,14.37,0,5,0.395
3,6.57,1,2,0.454
1,9.66,1,18,0.903
0,19.76,1,6,4.661
3,4.37,1,10,0.265
4,12.96,1,13,0.015
3,9.91,1,9,0.746
1,11.61,0,17,1.118
1,0.72,0,12,0.052
3,14.22,0,14,0.983
3,5.05,0,2,0.312
3,19.77,0,7,0.871
3,13.58,0,13,0.672
2,23.17,1,8,1.162
2,7.01,1,8,0.353
4,5.56,0,23,0.011
3,22.48,1,19,1.439
2,21.54,0,5,0.453
2,14.31,0,10,0.667
1,23.41,1,4,1.751
1,23.27,1,11,1.93
2,17.46,1,5,0.989
4,17.45,1,8,0.024
4,9.42,0,21,0.015
2,17.56,1,8,0.501
3,22.25,0,13,1.081
0,28.92,0,12,5.718
2,15.52,0,20,0.574
2,13.58,1,0,0.785
2,21.94,0,14,1.007
3,14.09,0,1,0.912
0,4.27,0,22,1.054
4,18.19,1,12,0.025
3,21.89,1,10,1.178
3,9.61,0,23,0.353
0,4.55,1,18,0.796
2,21.28,1,8,0.679
0,21.57,0,21,6.223
0,4.69,1,7,0.758
4,21.62,1,19,0.037
3,14.51,1,19,0.989
4,28.7,0,20,0.027
4,6.43,0,11,0.01
4,2.84,1,14,0.01
0,0.89,0,14,0.226
3,24.41,1,0,1.751
2,13.77,0,20,0.661
0,5.72,0,1,0.823
2,13.17,0,22,0.589
0,21.22,1,15,5.584
4,19.5,1,14,0.039
4,14.19,0,21,0.023
4,2.82,0,8,0.01
2,22.32,0,5,1.166
3,2.51,1,12,0.155
0,6.12,0,11,1.069
2,19.49,1,6,0.782
1,27.26,1,16,1.867
4,6.13,0,2,0.01
2,14.62,1,18,0.456
1,24.29,1,16,1.681
4,2.5,1,21,0.01
0,26.09,0,6,6.15
0,24.71,1,14,5.226
3,19.52,0,15,1.236
3,18.98,0,22,0.852
1,26.33,1,9,2.877
1,10.77,0,22,0.834
1,17.48,1,10,2.124
0,23.78,1,13,6.801
2,24.69,1,9,0.664
4,4.63,0,23,0.01
0,12.84,0,10,1.778
2,8.93,1,15,0.445
1,11.63,0,5,0.775
1,19.27,1,15,1.629
4,13.53,0,0,0.01
2,10.77,0,8,0.28
4,10.05,1,17,0.021
4,11.16,0,15,0.014
4,12.91,0,11,0.022
1,19.94,1,17,2.108
3,25.31,1,12,0.95
1,2.41,1,1,0.234
2,5.12,1,4,0.126
3,6.11,1,15,0.217
0,11.54,1,22,2.108
1,22.24,0,14,2.352
4,29.35,0,18,0.045
3,2.16,1,6,0.082
1,27.02,0,9,2.052
1,20.47,0,20,1.703
0,20.46,1,2,3.876
4,19.84,1,23,0.045
3,1.8,0,0,0.099
0,14.28,0,10,3.1
1,29.1,0,19,3.033
0,26.76,0,21,4.528
3,20.44,1,21,1.106
3,9.03,0,17,0.611
0,22.03,0,1,3.507
0,27.04,0,9,4.425
4,29.44,0,12,0.043
3,26.22,0,17,1.353
1,6.36,1,18,0.56
4,4.43,0,6,0.01
1,19.11,0,10,1.658
3,29.57,0,17,1.654
0,12.93,0,18,2.414
4,1.32,1,12,0.01
0,26.29,0,15,4.316
2,17.13,1,19,0.391
4,21.97,0,21,0.037
1,10.96,0,0,0.685
1,1.96,1,1,0.199
2,4.93,0,14,0.167
4,20.04,0,13,0.021
0,3.94,0,1,0.481
3,12.82,0,18,0.67
4,0.68,0,6,0.01
2,17.13,1,20,0.542
3,17.19,1,1,0.613
0,28.9,0,23,5.511
0,9.23,0,14,1.482
1,3.76,0,15,0.261
4,4.25,0,11,0.01
0,22.62,1,10,5.531
3,19.88,0,11,1.26
4,8.76,0,12,0.01
0,17.03,1,5,2.543
2,21.3,1,1,0.751
4,24.22,0,1,0.037
3,10.69,0,0,0.639
4,26.39,1,13,0.02
1,13.15,1,6,0.936
0,29.34,0,3,6.743
1,1.84,1,16,0.118
3,16.3,0,17,0.673
3,15.47,0,5,0.81
0,1.6,0,20,0.3
1,28.97,0,20,2.007
4,17.09,0,3,0.029
1,5.67,1,2,0.4
1,29.53,0,8,2.943
4,5.72,0,3,0.01
4,23.82,1,21,0.05
1,18.3,1,8,1.585
0,14.89,0,10,2.244
0,10.08,0,1,2.372
0,21.4,0,6,3.073
1,23.26,0,15,1.5
1,23.18,1,23,1.921
0,26.36,0,23,5.929
0,25.91,1,21,6.573
0,1.22,1,21,0.223
3,26.64,1,6,1.974
1,16.04,1,9,1.332
2,16.78,0,14,0.583
4,29.81,1,21,0.061
2,10.68,1,9,0.257
3,11.12,0,16,0.581
4,18.37,0,9,0.011
1,20.74,0,8,2.464
2,20.41,1,22,0.834
4,3.35,0,19,0.01
3,4.05,0,22,0.277
3,5.13,1,13,0.402
0,7.68,0,13,1.254
4,11.96,0,8,0.023
0,8.78,0,6,1.367
4,19.1,0,11,0.032
4,3.93,1,23,0.01
0,25.82,1,11,6.304
1,23.61,0,20,2.011
3,1.13,1,10,0.056
0,17.55,0,17,4.824
0,23.07,1,15,5.398
3,12.63,0,2,0.867
3,28.0,0,22,0.906
4,5.97,0,18,0.01
0,24.37,1,11,6.849
3,25.74,0,17,1.004
0,8.84,1,8,1.641
1,23.32,1,18,2.912
2,6.34,1,23,0.297
4,13.44,1,19,0.016
1,5.09,0,10,0.443
3,13.92,1,19,0.732
3,20.26,1,4,1.357
0,14.45,1,20,4.56
1,5.22,1,22,0.528
0,25.2,0,7,5.354
3,22.44,0,10,1.293
3,0.51,0,23,0.028
4,23.46,0,1,0.035
4,24.23,0,3,0.021
3,9.39,0,7,0.542
0,3.36,0,19,0.821
0,21.94,1,2,3.171
2,17.1,1,10,0.855
1,27.48,1,22,2.662
4,15.56,1,19,0.033
3,4.87,1,5,0.322
2,18.18,1,10,0.702
4,4.05,0,8,0.01
0,22.16,0,4,3.79
3,21.48,1,17,1.514
1,13.1,0,7,1.171
1,25.22,0,23,2.31
3,10.92,0,12,0.529
4,16.89,0,5,0.025
4,4.3,0,3,0.01
3,9.86,0,4,0.556
4,16.71,0,11,0.011
4,10.11,0,11,0.018
1,15.28,1,1,1.044
0,21.2,0,19,5.792
4,11.9,1,14,0.01
2,21.43,0,14,1.013
1,8.59,0,4,0.66
3,2.85,1,12,0.122
3,10.3,1,0,0.59
4,15.96,0,20,0.026
3,0.9,1,7,0.039
2,4.99,0,12,0.194
3,1.01,1,23,0.049
1,5.0,1,16,0.457
0,6.14,0,20,1.145
1,18.18,0,17,1.786
2,24.73,1,7,0.661
4,27.37,0,19,0.04
1,15.15,0,5,1.276
4,20.55,0,17,0.024
1,16.22,0,9,1.361
4,11.17,1,11,0.019
2,28.95,0,13,0.814
1,24.07,1,13,1.924
1,15.41,0,19,1.227
2,24.34,1,22,1.279
3,3.43,1,19,0.235
2,15.71,1,2,0.595
4,6.69,1,0,0.01
0,12.89,0,18,3.148
0,7.61,1,3,1.505
4,22.18,1,5,0.044
2,4.02,0,22,0.096
0,9.71,0,7,2.14
2,27.86,1,7,1.502
1,20.02,0,21,2.289
0,1.65,0,4,0.367
2,7.85,1,2,0.414
3,24.28,1,22,1.283
3,7.41,0,3,0.297
1,4.53,1,5,0.47
1,28.74,0,4,2.885
3,26.45,0,0,1.191
3,22.99,1,22,1.552
2,26.42,1,8,0.937
4,12.38,0,17,0.015
4,23.25,1,12,0.036
1,0.92,0,23,0.058
3,28.15,0,21,1.72
0,18.91,1,1,3.523
0,12.34,0,18,3.576
4,5.56,0,9,0.01
3,8.28,1,13,0.284
2,17.09,1,10,0.869
1,26.9,1,18,1.993
4,16.55,0,12,0.032
1,18.28,1,20,1.625
4,2.09,1,2,0.01
4,11.86,0,20,0.018
1,14.94,0,9,1.665
3,18.1,0,4,1.149
2,29.26,0,8,0.834
4,5.66,0,22,0.01
3,10.57,1,0,0.391
4,26.57,0,17,0.02
0,12.51,0,10,2.237
4,15.94,0,9,0.031
0,15.11,0,19,2.231
0,16.99,1,3,2.324
4,22.49,1,22,0.024
2,3.32,0,6,0.084
3,7.58,1,9,0.417
1,10.95,1,7,1.211
1,15.93,1,17,2.047
3,7.71,1,4,0.277
1,0.94,1,19,0.088
0,11.34,1,9,2.314
1,17.49,1,1,1.592
1,11.69,1,14,0.884
0,20.26,0,1,4.821
4,26.57,1,2,0.05
3,22.84,1,8,1.378
4,29.12,0,20,0.049
0,19.22,1,1,4.288
4,23.57,0,20,0.04
1,0.74,1,13,0.071
1,15.29,0,16,1.381
4,18.77,0,8,0.018
4,19.53,1,10,0.012
1,28.58,1,10,3.443
4,19.95,1,6,0.012
3,0.91,1,15,0.055
4,16.07,1,17,0.023
0,14.63,1,2,3.355
4,5.34,0,9,0.01
0,21.36,0,7,3.534
3,18.34,0,21,0.925
1,17.07,1,1,1.786
2,21.65,0,23,0.649
3,20.59,1,15,0.816
3,7.64,0,21,0.498
2,29.68,0,5,0.651
3,28.53,0,7,1.807
1,2.81,1,21,0.224
3,5.88,0,5,0.428
3,13.65,0,15,0.882
4,15.47,1,18,0.032
4,19.53,1,5,0.031
2,2.54,1,6,0.065
4,5.66,0,9,0.01
0,4.01,1,4,0.561
1,8.15,1,15,0.706
4,1.86,1,23,0.01
0,7.73,1,21,1.497
2,3.22,1,11,0.16
3,2.95,1,20,0.168
2,24.79,0,7,0.519
1,27.2,0,10,2.959
3,27.16,1,4,1.29
4,27.97,1,19,0.059
3,16.8,1,1,0.882
3,10.83,0,22,0.564
1,10.76,1,3,1.081
3,17.72,0,12,0.623
1,8.17,1,21,0.722
0,17.05,1,20,4.705
4,23.59,1,12,0.021
4,17.8,0,15,0.013
4,22.71,0,6,0.02
3,24.41,0,7,1.399
3,10.3,0,12,0.645
1,25.87,1,6,2.09
4,20.3,1,1,0.026
1,16.69,0,9,1.474
4,16.35,0,13,0.034
1,17.87,0,8,1.588
0,11.2,1,14,1.771
3,24.99,0,4,0.803
1,8.99,0,17,0.763
4,12.39,1,18,0.025
4,1.58,0,5,0.01
2,18.46,1,0,0.978
1,11.7,0,11,1.254
1,14.02,1,12,1.133
0,27.62,1,2,8.008
3,9.5,1,20,0.346
2,14.29,0,7,0.428
3,20.65,1,15,0.954
3,7.58,0,6,0.342
0,14.98,0,18,3.658
4,4.68,0,21,0.01
1,3.8,0,18,0.334
3,4.18,0,6,0.287
0,28.37,1,10,7.106
3,2.73,0,18,0.133
2,20.71,0,11,1.047
1,29.83,1,3,3.352
3,5.97,1,1,0.361
0,21.12,1,21,6.84
1,22.4,0,14,1.744
3,29.92,0,10,0.882
0,5.32,1,7,1.431
3,11.39,0,10,0.565
1,15.65,1,23,1.188
0,7.15,1,18,2.166
1,12.95,1,12,1.256
0,6.12,1,6,1.125
4,28.46,0,4,0.037
3,19.9,1,21,1.301
2,10.81,0,16,0.381
1,18.49,0,22,1.501
4,19.63,1,14,0.041
0,18.2,1,1,3.32
2,10.91,0,13,0.261
4,8.91,1,2,0.015
4,0.78,0,6,0.01
3,28.7,0,22,0.88
4,4.01,0,2,0.01
2,8.96,0,13,0.247
1,16.56,0,12,1.523
3,19.55,0,10,0.625
3,29.55,0,1,1.678
3,26.65,1,3,1.464
4,7.67,1,3,0.014
0,14.58,1,6,3.519
2,15.25,0,18,0.507
1,13.07,0,6,0.86
2,23.98,0,9,0.779
4,24.15,1,11,0.054
2,9.0,0,7,0.449
0,11.45,1,12,1.743
4,7.55,0,17,0.015
3,14.66,0,23,0.987
0,4.71,0,15,1.032
4,16.37,0,13,0.016
2,1.31,1,8,0.039
3,7.95,0,9,0.307
2,17.7,1,18,0.798
1,5.1,1,1,0.462
1,24.44,0,20,2.568
0,28.35,1,14,6.473
1,9.56,0,11,0.908
0,15.58,1,12,2.774
1,16.15,0,15,1.048
3,24.1,0,14,0.751
2,24.29,0,22,0.549
4,17.09,1,0,0.024
0,7.62,1,12,1.408
1,14.31,0,11,1.652
2,16.41,1,11,0.555
3,5.09,0,13,0.227
2,23.66,1,17,1.158
0,3.43,1,22,0.694
4,14.97,1,5,0.019
1,7.06,1,22,0.558
0,12.98,0,21,2.874
1,19.45,0,0,1.687
0,12.68,1,22,2.381
0,9.13,0,3,1.425
0,17.32,0,12,3.816
2,15.71,1,13,0.784
0,20.0,0,2,3.878
2,12.89,1,23,0.445
1,11.84,0,13,0.75
0,23.46,0,7,4.63
0,20.95,1,16,4.884
0,9.57,0,19,2.451
0,10.06,0,6,1.878
0,28.7,0,13,4.268
1,26.84,1,15,2.991
3,6.51,1,20,0.228
2,22.34,0,15,0.713
4,4.78,0,4,0.01
1,22.24,1,5,2.047
3,27.66,1,19,1.478
0,27.95,1,11,8.053
0,12.54,0,5,2.885
2,1.57,1,2,0.069
1,19.18,0,22,1.245
1,28.52,1,10,3.43
3,12.86,1,2,0.941
2,24.19,0,11,1.178
1,21.85,1,20,2.627
0,25.84,1,9,6.528
1,28.28,1,11,3.368
4,23.58,0,20,0.03
2,12.9,1,21,0.55
1,18.74,0,18,1.618
1,19.8,0,6,2.064
1,28.14,0,5,1.791
2,14.53,0,22,0.362
1,23.42,1,18,2.842
0,1.42,1,9,0.301
4,19.34,1,11,0.037
4,26.28,1,18,0.033
1,7.34,0,17,0.894
1,24.78,0,19,2.699
0,15.45,0,11,2.838
0,4.82,1,5,1.232
1,19.89,0,9,1.958
1,1.99,0,9,0.218
3,7.0,1,16,0.475
0,26.73,0,1,5.659
0,15.17,0,14,2.593
3,3.65,0,0,0.142
4,22.17,0,12,0.043
3,7.88,0,19,0.269
0,17.54,1,11,4.299
0,24.07,1,6,6.067
3,6.79,0,19,0.209
0,14.5,0,5,2.278
3,18.46,0,21,1.292
3,3.59,0,12,0.133
4,17.61,1,5,0.019
0,0.9,0,7,0.195
3,20.1,0,21,1.116
4,27.95,0,23,0.051
1,16.53,1,22,1.258
1,15.05,1,7,1.561
1,1.29,0,3,0.1
3,11.68,1,18,0.819
0,11.12,1,12,2.703
1,8.79,1,21,0.698
2,25.17,0,20,1.134
1,27.99,0,19,2.625
4,22.82,1,15,0.027
1,27.89,1,1,1.889
3,17.81,1,11,0.797
3,11.48,1,14,0.607
0,22.9,1,14,5.565
2,22.96,0,23,0.833
2,21.3,0,1,0.86
0,26.43,0,15,4.356
0,13.23,0,8,2.378
2,7.39,1,4,0.24
3,27.89,0,22,1.135
1,25.96,0,23,2.315
3,11.21,0,5,0.722
3,5.09,1,11,0.292
4,13.92,0,3,0.026
4,24.62,1,18,0.056
0,14.74,1,19,3.442
0,19.7,1,15,4.041
2,7.38,0,11,0.385
0,25.38,1,13,7.376
1,7.67,0,7,0.619
2,11.05,1,19,0.389
0,11.48,1,20,2.395
1,14.29,0,23,1.228
0,6.46,1,16,1.479
2,28.13,0,2,1.271
1,5.03,1,16,0.413
4,15.45,1,11,0.031
0,4.57,1,14,1.291
1,8.33,0,14,0.8
3,15.58,1,7,1.188
4,13.9,0,20,0.013
1,14.96,1,23,1.424
0,1.14,0,3,0.245
3,16.22,1,15,0.872
1,9.42,0,18,0.971
2,29.44,0,14,1.065
1,0.85,0,2,0.085
2,1.27,0,18,0.051
3,1.97,1,13,0.108
1,6.09,0,15,0.591
2,29.01,1,23,1.108
0,19.35,0,12,4.083
4,23.0,0,17,0.045
0,6.74,0,11,1.682
3,15.11,0,19,0.64
3,24.33,1,7,1.202
2,23.21,0,18,1.174
0,23.41,1,18,4.356
3,28.25,0,21,1.789
1,1.33,0,16,0.079
3,7.39,0,21,0.335
3,20.27,1,4,0.817
1,20.39,1,11,2.721
1,16.68,1,21,2.156
3,19.68,0,11,1.195
3,1.65,1,3,0.091
2,23.29,1,14,1.156
1,7.0,0,8,0.824
2,3.78,1,9,0.148
3,21.22,1,18,1.617
3,17.58,1,7,0.73
3,7.49,1,22,0.456
3,3.09,0,2,0.179
3,23.84,0,19,1.454
2,5.03,1,18,0.16
4,3.62,1,3,0.01
4,12.66,0,8,0.01
1,6.85,0,8,0.661
0,8.59,0,0,2.11
2,14.98,1,1,0.886
0,23.33,1,12,5.185
4,21.18,1,14,0.023
4,19.8,1,13,0.045
1,3.77,0,23,0.361
0,1.31,0,9,0.237
2,18.53,1,22,0.642
4,23.49,0,12,0.014
2,15.22,1,14,0.488
3,13.39,1,20,0.738
2,11.76,0,19,0.334
1,9.24,1,20,0.94
3,19.66,1,4,1.149
4,21.48,0,5,0.029
1,0.94,1,20,0.102
3,19.49,1,0,1.388
0,26.86,0,10,5.415
2,4.17,1,8,0.202
1,10.93,0,2,0.907
1,20.66,0,5,1.398
3,9.69,1,22,0.447
4,2.89,0,17,0.01
2,2.64,0,11,0.136
0,0.63,0,3,0.094
0,17.56,1,8,5.092
1,6.06,1,10,0.498
0,16.06,0,0,2.834
2,6.98,0,14,0.319
0,15.25,0,16,2.747
1,17.42,1,18,1.515
0,26.92,0,15,4.055
4,14.39,0,0,0.016
4,17.87,1,20,0.014
2,12.69,0,13,0.449
1,4.08,1,0,0.32
2,11.64,1,2,0.62
3,10.52,1,8,0.413
2,21.91,1,3,0.7
2,28.22,0,8,0.944
1,11.41,0,14,0.993
4,10.48,1,23,0.01
1,21.88,0,1,1.654
2,15.06,0,3,0.306
4,23.32,0,1,0.043
2,2.74,0,2,0.096
4,23.21,0,3,0.016
3,21.06,1,5,1.521
0,29.55,0,11,4.569
1,27.73,0,9,2.637
1,6.46,1,21,0.59
1,5.64,0,8,0.593
1,7.63,0,23,0.631
3,1.2,1,14,0.078
3,27.98,1,19,2.28
1,23.3,1,23,2.267
2,16.56,1,1,0.399
2,20.28,0,1,1.012
1,8.98,0,3,0.579
4,7.9,0,22,0.01
3,13.53,0,15,0.882
3,20.74,1,2,1.443
0,4.62,1,5,1.171
3,6.59,1,1,0.307
1,12.45,0,15,0.741
0,3.42,1,6,0.685
1,17.05,1,0,1.789
3,20.93,0,10,1.247
0,19.2,1,3,4.108
0,16.71,0,9,3.616
1,24.24,1,0,1.659
1,9.75,0,19,0.706
3,27.72,1,22,1.351
3,12.11,1,1,0.94
2,10.0,1,18,0.321
1,14.12,0,6,1.354
0,19.01,1,5,3.253
1,17.13,0,10,1.719
1,17.4,0,14,1.166
0,8.71,1,16,1.584
1,20.93,1,9,2.052
4,24.93,1,5,0.052
0,16.2,1,19,4.336
4,17.97,1,19,0.038
1,23.54,0,22,2.151
0,2.22,0,17,0.568
3,12.0,1,5,0.468
3,29.69,0,10,1.979
2,9.87,1,22,0.278
1,16.97,1,19,2.035
4,9.11,0,3,0.018
1,24.36,1,6,2.458
1,17.06,0,9,1.342
3,9.8,0,16,0.362
0,2.15,1,0,0.48
0,28.23,1,3,6.205
2,6.44,1,14,0.311
1,9.12,1,19,1.142
2,2.44,0,21,0.096
1,18.77,1,18,1.643
3,11.36,1,3,0.565
2,8.05,1,5,0.32
1,9.36,0,4,0.892
4,13.95,1,10,0.026
4,1.19,0,2,0.01
2,15.96,0,3,0.396
0,1.15,0,6,0.139
2,15.05,0,20,0.406
1,9.62,0,19,0.953
2,22.4,1,3,0.682
4,21.01,1,20,0.033
0,25.86,1,23,3.906
1,3.31,0,5,0.22
3,7.52,0,7,0.505
1,1.65,1,15,0.172
4,4.59,1,3,0.01
3,28.42,0,22,1.602
4,21.89,1,10,0.033
2,27.78,1,3,1.375
4,24.05,1,22,0.028
1,1.41,0,4,0.11
1,15.78,0,8,1.22
4,25.22,1,4,0.046
2,8.43,0,0,0.294
4,17.24,0,8,0.031
4,14.73,1,9,0.021
1,26.96,0,10,2.41
4,22.33,0,20,0.029
4,27.97,1,15,0.041
1,10.93,1,11,1.036
2,29.91,0,3,1.162
3,5.81,0,15,0.264
0,22.6,1,9,4.652
2,14.9,0,4,0.638
0,16.3,1,21,2.77
0,19.54,1,4,3.566
3,16.75,1,20,1.282
0,4.62,1,13,0.674
2,3.77,1,12,0.144
0,6.25,1,3,1.352
2,21.11,1,5,1.054
4,11.92,1,13,0.013
4,12.13,1,19,0.025
1,28.7,0,22,2.411
2,2.86,0,7,0.092
0,19.61,1,6,4.618
0,11.13,0,14,1.583
4,28.16,0,18,0.019
2,21.0,1,6,0.692
2,26.52,1,7,1.072
1,27.78,0,20,2.117
1,6.41,0,19,0.575
2,6.93,0,21,0.17
1,25.95,1,23,2.268
4,23.49,0,19,0.034
2,25.98,1,16,1.138
0,17.08,0,12,3.074
2,17.81,0,3,0.686
2,5.3,1,1,0.145
1,5.7,0,3,0.589
4,17.49,1,6,0.019
1,15.45,1,13,1.163
4,16.54,1,7,0.022
0,16.77,1,14,2.747
0,16.96,0,6,2.409
2,24.06,0,3,1.146
1,23.56,0,13,1.57
4,5.39,0,1,0.01
3,14.92,1,16,1.02
0,12.53,1,8,2.084
3,29.2,0,22,1.439
0,17.45,1,6,4.932
0,5.29,0,1,0.994
1,3.71,1,6,0.26
2,12.12,1,13,0.696
0,1.92,1,1,0.415
2,26.37,0,23,1.141
0,21.14,1,9,5.233
0,12.33,0,11,3.235
4,8.2,1,5,0.017
1,15.28,1,11,1.211
0,29.93,0,22,7.176
4,1.64,0,10,0.01
3,8.97,1,1,0.506
3,3.29,0,9,0.153
2,26.91,1,15,0.762
3,11.95,0,19,0.434
0,24.12,0,11,5.704
3,21.16,0,15,0.668
0,24.6,0,12,6.207
4,11.85,1,9,0.023
4,18.65,1,2,0.039
2,16.67,0,13,0.679
2,10.92,0,22,0.344
0,24.73,1,23,6.361
2,14.33,1,19,0.717
2,27.95,0,15,0.916
3,2.85,1,21,0.126
2,6.12,0,5,0.202
0,1.09,1,7,0.28
4,23.35,1,8,0.017
1,19.12,1,5,1.461
4,26.25,0,19,0.017
3,26.62,0,13,1.144
0,15.83,1,17,3.732
1,3.75,0,14,0.316
2,5.7,0,9,0.232
0,22.84,1,7,3.391
1,15.1,1,5,1.629
2,6.69,1,12,0.181
2,22.98,0,0,0.742
3,4.74,1,17,0.368
0,2.71,1,11,0.793
1,28.88,1,21,2.783
1,29.78,0,2,2.636
2,20.97,1,0,0.877
0,26.69,0,0,6.106
1,1.11,1,11,0.1
3,28.84,0,8,1.222
0,3.72,0,16,0.619
4,26.69,1,15,0.036
0,25.78,1,5,5.669
3,14.79,0,20,0.581
4,16.27,1,9,0.019
0,13.6,0,21,3.52
0,14.57,1,17,3.065
4,18.48,0,23,0.025
2,26.76,1,2,0.966
0,8.1,0,17,2.389
4,24.56,1,6,0.017
3,25.16,1,23,1.417
2,3.92,1,6,0.177
1,13.64,0,1,0.893
3,13.77,0,7,0.492
4,16.56,1,1,0.029
3,16.26,1,2,0.856
3,6.77,0,21,0.241
1,29.95,0,7,2.436
4,14.28,0,6,0.012
3,12.72,0,16,0.452
4,14.75,0,10,0.027
3,3.99,1,2,0.152
4,6.08,0,17,0.01
3,21.29,0,3,1.023
2,25.54,1,23,1.211
1,4.74,1,1,0.334
3,27.99,0,12,1.104
1,18.21,0,23,1.623
2,18.81,1,12,0.629
2,18.78,0,5,0.928
3,12.16,1,15,0.93
1,17.52,1,0,1.529
0,18.63,0,5,3.705
2,9.59,1,20,0.471
4,7.76,0,11,0.01
1,8.76,1,13,0.599
3,21.97,0,22,1.617
2,13.26,0,18,0.282
0,27.04,1,7,5.439
0,25.8,0,17,4.484
2,10.37,0,18,0.418
1,25.47,1,15,1.708
0,25.66,1,14,6.47
0,20.67,1,9,3.754
2,23.79,0,19,0.922
3,16.19,0,19,1.143
3,6.57,1,18,0.246
2,16.45,0,19,0.708
1,26.36,0,6,1.777
0,10.83,1,16,2.364
0,17.88,1,18,4.762
2,20.66,1,0,1.07
1,3.1,1,8,0.312
4,21.42,1,23,0.021
2,15.89,0,22,0.78
2,29.9,0,21,0.831
1,1.41,0,10,0.123
0,28.39,0,22,5.748
3,2.85,0,21,0.115
0,1.91,1,6,0.506
0,6.87,1,20,1.904
4,19.98,1,16,0.037
1,19.96,0,17,1.64
0,1.27,0,15,0.238
0,20.89,0,4,3.389
2,7.21,0,2,0.186
0,8.09,0,10,1.99
1,19.67,0,21,1.543
0,27.46,0,16,4.093
3,10.43,1,7,0.561
2,9.13,0,4,0.308
0,26.36,1,2,7.546
1,9.77,0,15,0.821
3,20.6,1,4,0.827
2,1.61,1,0,0.07
3,17.27,0,22,1.181
3,12.55,1,14,0.763
1,21.46,1,14,1.878
3,1.03,0,13,0.049
3,16.78,1,7,0.743
0,12.34,1,4,2.747
1,12.29,0,1,1.182
3,25.27,1,15,1.474
1,17.81,0,18,1.844
3,16.31,1,4,0.821
1,14.73,1,6,1.132
4,14.47,1,4,0.012
0,13.38,1,7,2.717
3,15.5,0,21,1.153
0,24.79,1,0,4.64
0,23.87,1,23,4.476
0,22.62,1,20,3.912
3,14.11,1,21,0.912
1,22.54,1,19,2.26
4,26.16,0,5,0.052
0,2.08,0,0,0.424
0,4.38,1,19,1.333
1,2.81,1,3,0.192
3,27.61,0,8,1.575
2,22.22,0,20,0.982
3,19.87,0,20,1.144
2,8.64,1,20,0.368
4,18.78,0,9,0.025
3,5.56,1,20,0.375
4,1.39,0,10,0.01
2,16.72,1,17,0.766
4,1.14,1,18,0.01
4,11.66,0,6,0.011
1,16.18,0,2,1.477
2,15.74,1,15,0.895
1,23.04,1,10,2.738
0,4.55,1,8,0.829
2,8.91,0,10,0.409
4,13.28,0,19,0.022
4,26.8,1,9,0.025
2,26.72,0,11,1.163
0,6.21,0,13,0.884
0,2.02,1,8,0.314
2,6.5,0,4,0.142
3,3.43,1,8,0.136
0,1.09,1,15,0.228
1,9.19,0,8,0.762
3,19.96,0,17,0.643
3,27.0,0,10,1.839
0,10.73,0,12,2.021
3,8.28,0,3,0.528
0,24.61,1,21,4.384
3,13.74,1,6,0.595
3,7.48,1,2,0.452
2,27.13,1,7,0.584
4,6.5,1,19,0.01
1,7.79,1,0,0.709
1,21.8,0,6,2.087
0,4.19,0,13,1.073
4,1.66,0,13,0.01
4,17.86,1,5,0.032
3,0.87,0,11,0.038
4,23.61,0,13,0.015
2,21.7,1,12,0.856
1,28.77,0,18,3.179
0,26.93,1,2,5.661
4,23.58,0,15,0.03
1,17.97,1,3,1.441
3,8.85,0,1,0.516
3,3.43,1,23,0.193
4,20.32,1,5,0.04
3,19.27,1,22,1.021
3,9.78,1,20,0.684
4,24.25,0,9,0.029
1,15.59,0,0,1.325
3,6.78,1,9,0.31
1,16.2,0,2,1.163
4,7.07,0,1,0.01
1,21.26,1,9,2.187
4,2.5,0,6,0.01
2,23.07,0,18,1.001
2,15.01,0,15,0.506
3,7.8,1,6,0.472
3,10.68,0,10,0.314
1,11.9,0,6,0.996
0,9.42,0,8,2.06
3,13.83,0,7,0.821
3,27.64,1,23,1.455
1,9.08,1,11,0.913
3,8.93,1,6,0.32
3,24.97,1,15,1.405
0,4.65,0,20,1.233
0,26.25,1,19,7.09
2,11.15,1,23,0.482
0,1.8,0,5,0.435
0,14.88,1,17,2.736
2,15.52,1,6,0.71
1,1.4,0,11,0.148
0,25.96,1,19,5.645
0,0.78,1,11,0.147
3,20.49,1,3,1.011
0,23.17,1,20,7.032
1,11.08,1,20,0.843
1,18.62,1,7,1.389
4,23.06,1,8,0.025
0,17.47,0,23,4.463
0,27.43,1,6,4.006
2,20.86,0,20,0.99
1,12.49,0,10,1.555
2,10.49,0,1,0.351
1,6.25,0,2,0.394
4,16.24,1,20,0.014
2,24.09,1,0,0.769
2,23.15,1,7,0.74
3,5.04,0,5,0.291
0,25.38,1,13,6.515
1,27.95,1,15,2.811
1,18.19,0,0,1.664
2,4.86,1,1,0.212
2,14.21,0,4,0.564
2,1.48,1,21,0.051
3,6.59,1,14,0.434
1,6.96,0,23,0.452
4,20.37,1,2,0.027
1,14.54,1,0,1.437
4,24.75,1,8,0.018
4,8.61,1,17,0.01
4,15.52,1,7,0.026
2,4.63,1,4,0.264
2,5.98,0,5,0.23
1,14.21,1,2,0.925
3,1.66,1,3,0.082
2,25.61,1,0,1.1
4,10.86,1,2,0.021
3,5.55,0,20,0.21
1,19.07,1,1,1.769
1,6.52,1,22,0.434
0,21.38,1,13,3.436
4,2.95,1,2,0.01
0,21.01,0,3,4.427
3,29.72,1,9,1.281
2,14.4,0,7,0.298
0,10.3,1,16,1.66
0,27.01,1,6,6.267
3,23.23,1,17,1.191
3,18.26,0,2,1.317
3,15.3,0,13,0.617
0,19.23,1,16,2.996
4,14.68,0,11,0.013
2,1.58,0,22,0.067
4,23.08,0,23,0.014
3,10.53,0,4,0.749
1,21.97,1,11,1.812
1,10.52,1,18,1.043
4,22.94,0,1,0.022
1,11.61,1,11,1.489
1,7.73,0,13,0.605
0,19.03,1,6,2.688
2,23.97,0,13,0.863
1,13.64,0,14,0.871
0,0.55,1,6,0.078
1,9.46,1,1,0.987
3,20.98,1,3,1.364
3,8.8,1,14,0.533
1,23.7,0,12,2.3
3,26.16,1,20,1.878
2,23.19,0,10,0.719
3,16.37,1,19,0.99
4,20.1,0,14,0.023
2,26.02,1,6,1.146
4,5.68,0,16,0.012
3,21.23,1,6,1.658
1,10.4,0,16,0.855
0,27.95,0,10,7.118
1,1.2,0,22,0.09
0,16.44,0,15,3.131
2,23.75,0,9,0.541
0,2.52,1,16,0.482
3,16.96,0,13,1.005
0,25.92,0,13,4.38
3,4.18,0,15,0.197
1,25.42,0,17,2.636
4,3.16,1,19,0.01
1,1.21,1,14,0.09
2,20.63,0,7,0.519
1,6.19,0,9,0.547
4,5.72,1,19,0.01
0,9.19,1,9,2.012
4,26.2,1,20,0.06
1,6.04,1,4,0.565
0,19.18,1,7,4.878
3,8.19,1,14,0.437
1,6.37,1,12,0.507
3,9.67,1,20,0.547
4,1.07,0,8,0.01
3,0.59,0,4,0.03
4,9.02,0,23,0.017
4,29.2,1,2,0.053
3,5.32,0,17,0.267
2,15.58,1,6,0.566
0,1.18,1,6,0.25
3,6.25,0,11,0.46
2,8.8,1,5,0.393
0,13.16,1,21,2.871
3,17.79,0,14,0.535
4,24.58,1,6,0.051
0,20.04,1,17,3.292
3,2.73,1,17,0.21
1,2.02,1,23,0.14
4,17.78,0,11,0.011
2,10.81,0,14,0.471
4,20.66,1,17,0.024
4,19.8,1,22,0.037
3,11.09,0,10,0.566
4,12.19,0,8,0.013
1,10.22,0,17,0.826
1,14.33,1,19,1.843
4,7.61,1,11,0.01
2,16.16,0,12,0.686
1,22.64,1,11,1.972
3,13.41,1,18,0.928
1,4.86,1,15,0.484
4,24.44,1,7,0.032
1,26.92,1,13,2.342
1,23.45,0,7,2.302
3,23.92,0,15,1.172
2,13.87,1,17,0.382
3,8.69,1,0,0.337
2,13.32,0,6,0.351
2,3.38,1,17,0.142
0,26.57,0,3,5.035
3,2.02,0,1,0.078
2,20.2,1,12,0.53
3,3.9,1,4,0.149
4,14.03,0,22,0.025
0,28.09,1,16,4.789
4,1.52,1,21,0.01
4,2.03,0,16,0.01
2,8.33,0,20,0.362
1,27.22,0,1,2.25
4,25.39,1,4,0.041
3,13.39,0,12,0.938
1,19.18,0,15,1.436
2,1.39,0,23,0.039
4,7.67,1,23,0.014
4,17.1,0,8,0.029
4,18.37,0,18,0.037
4,26.07,0,23,0.031
3,26.57,0,11,0.959
4,15.64,1,20,0.017
3,17.47,1,7,1.167
0,18.94,1,18,3.107
3,18.49,1,3,1.087
4,18.59,0,11,0.027
2,23.51,0,0,0.542
3,11.81,1,3,0.477
3,6.65,0,5,0.384
3,14.62,0,16,0.551
4,17.75,0,18,0.024
4,14.53,0,5,0.013
4,18.76,0,3,0.03
3,15.27,0,1,0.995
2,25.87,0,21,1.112
1,6.71,1,14,0.586
0,5.21,0,14,1.207
2,18.4,1,7,0.674
3,14.55,1,13,1.095
2,11.63,1,1,0.621
4,28.8,1,16,0.048
3,5.43,1,19,0.214
0,9.37,1,8,2.461
4,10.69,1,22,0.011
0,10.46,1,5,1.649
4,21.99,1,13,0.051
3,1.28,0,0,0.062
3,12.18,1,17,0.514
2,25.29,1,11,0.865
2,22.47,1,7,0.63
1,1.78,1,5,0.202
2,3.35,1,8,0.168
1,7.84,1,6,0.67
3,2.09,1,21,0.132
0,21.48,0,1,2.499
1,25.38,1,21,2.461
4,29.78,1,12,0.038
1,16.35,1,20,2.108
4,14.63,0,1,0.013
2,12.12,1,15,0.286
2,2.41,0,23,0.071
1,5.1,0,22,0.462
4,13.15,1,14,0.011
1,16.63,1,16,1.32
1,5.54,0,21,0.544
0,14.79,0,20,4.208
1,23.3,0,2,1.727
0,28.29,1,9,4.698
2,24.32,1,11,1.058
1,9.49,0,20,0.946
2,28.33,0,14,1.12
3,23.87,1,10,1.262
0,20.97,1,19,5.222
0,13.29,0,23,2.565
0,15.4,1,15,3.363
2,18.39,0,3,0.41
0,10.89,1,11,1.767
2,5.41,1,5,0.289
3,9.98,0,1,0.391
2,24.73,0,13,1.115
4,15.75,1,6,0.027
3,4.19,1,6,0.168
1,13.77,1,19,1.57
2,21.18,1,1,1.122
0,24.76,0,11,4.758
4,11.35,0,6,0.017
3,16.54,0,3,1.02
2,24.8,1,12,1.058
1,15.24,0,21,1.804
1,25.64,1,1,2.374
4,5.03,0,20,0.01
2,18.13,0,18,0.56
4,11.06,0,4,0.011
1,6.58,1,6,0.463
2,10.56,1,7,0.463
0,19.11,1,12,4.901
0,13.31,0,23,2.25
1,26.5,0,6,2.703
0,15.51,1,19,2.996
2,23.36,1,19,1.228
0,29.1,0,5,5.047
1,15.36,0,12,1.214
4,1.75,1,15,0.01
0,23.73,1,22,6.632
4,25.07,1,17,0.046
0,9.81,1,14,1.612
0,23.31,0,2,4.022
4,0.9,1,20,0.01
4,5.09,0,18,0.01
4,3.93,1,15,0.01
4,10.36,1,7,0.012
1,10.31,1,4,1.128
1,2.33,0,22,0.15
1,13.74,0,15,1.354
3,26.99,0,3,1.329
0,18.55,0,13,4.155
2,17.82,1,2,0.875
0,27.74,0,17,7.515
3,5.75,0,1,0.389
0,8.36,1,21,2.153
2,29.79,1,15,0.727
3,28.11,1,17,1.191
2,29.98,0,17,0.749
0,12.11,0,5,2.412
0,4.5,1,17,1.178
0,12.37,1,20,3.57
4,28.77,1,17,0.061
4,6.18,0,19,0.01
1,18.45,0,13,1.78
1,4.5,1,13,0.328
3,7.72,1,8,0.407
1,15.3,1,12,1.518
1,24.33,1,18,2.063
0,8.21,0,8,1.751
3,8.07,0,15,0.548
4,21.88,0,11,0.018
0,26.81,0,16,4.344
2,17.82,1,2,0.844
3,29.91,0,8,1.045
2,8.31,1,2,0.191
4,8.39,0,7,0.011
4,16.05,1,5,0.018
3,7.47,0,13,0.484
0,21.05,0,20,4.335
4,5.42,1,14,0.011
3,22.37,0,12,1.437
2,7.42,0,21,0.243
2,13.11,0,11,0.431
2,24.77,0,5,0.808
2,16.26,0,22,0.403
1,27.59,1,11,3.489
1,22.29,0,15,1.803
3,13.33,0,2,0.492
3,14.62,1,3,0.989
4,20.58,1,8,0.042
0,2.23,1,12,0.586
0,25.61,1,5,5.349
4,14.28,0,2,0.01
1,29.75,1,10,3.921
2,3.07,1,23,0.092
3,4.48,0,2,0.186
3,25.63,1,11,1.897
2,4.17,1,7,0.229
2,10.37,0,17,0.499
1,10.37,1,2,0.979
1,21.23,0,6,1.828
1,12.52,1,13,1.356
3,1.52,1,2,0.108
0,14.16,1,6,3.579
3,19.47,0,8,1.077
3,13.39,0,9,0.904
2,27.64,0,11,0.796
1,2.9,1,12,0.308
2,2.31,0,19,0.12
0,5.93,1,13,1.107
4,7.51,1,9,0.011
2,9.08,1,3,0.374
4,7.66,0,5,0.01
2,1.22,0,5,0.06
2,2.06,0,8,0.079
1,4.81,1,16,0.534
1,11.7,1,20,1.229
1,25.68,1,23,1.635
4,2.94,0,16,0.01
1,27.18,1,5,3.255
3,14.67,1,19,0.723
1,10.79,1,23,0.811
3,9.32,0,16,0.425
4,2.78,1,9,0.01
3,7.64,0,3,0.536
2,22.97,0,10,0.733
3,29.89,0,6,1.12
4,16.89,0,13,0.019
3,9.7,1,1,0.593
1,27.1,1,11,2.652
4,14.85,1,22,0.028
1,2.88,0,14,0.285
1,22.93,0,2,1.71
4,10.45,0,1,0.01
1,13.57,0,13,1.123
2,9.54,1,7,0.351
3,1.29,1,10,0.088
3,2.9,0,2,0.193
3,9.71,1,7,0.641
2,20.94,1,19,0.856
4,29.33,1,16,0.038
4,8.58,0,21,0.017
2,7.17,1,8,0.244
3,21.25,1,5,1.098
3,14.86,0,16,1.012
3,8.49,1,17,0.618
1,8.41,1,17,0.844
1,16.91,0,14,1.636
4,25.78,1,5,0.045
2,23.32,0,15,0.647
0,1.28,0,8,0.353
1,22.95,1,15,2.526
0,27.83,1,1,3.735
2,8.57,1,7,0.309
0,3.34,0,16,0.715
0,19.24,0,23,4.718
3,18.18,0,11,1.311
1,6.2,0,23,0.467
0,22.58,0,14,4.454
4,0.9,0,13,0.01
1,4.61,0,2,0.411
0,27.14,1,21,5.902
3,7.6,1,6,0.301
2,21.43,0,6,0.892
4,1.31,0,8,0.01
1,26.72,1,21,2.653
3,26.63,1,15,2.073
1,5.12,1,19,0.442
0,1.55,1,10,0.441
4,11.4,1,11,0.023
4,7.19,1,10,0.01
3,1.3,0,0,0.063
1,14.87,1,15,1.409
3,26.84,0,12,1.613
2,17.98,0,0,0.549
1,15.87,0,17,1.284
3,13.49,0,9,0.863
2,1.04,1,4,0.047
3,17.79,1,2,0.875
3,23.19,0,13,1.529
4,23.53,1,9,0.052
0,4.72,1,0,0.641
1,6.33,1,9,0.779
3,0.8,1,17,0.052
3,20.44,1,4,0.784
0,3.35,0,21,0.895
4,22.48,0,7,0.013
0,1.42,0,2,0.378
2,18.74,1,4,0.772
2,11.18,1,17,0.575
3,15.17,0,7,0.526
2,29.18,1,17,1.024
0,19.17,1,22,3.693
1,16.42,0,14,1.639
0,7.78,1,5,1.922
0,12.24,0,6,3.097
3,2.02,0,3,0.083
4,20.48,0,3,0.025
2,25.44,1,6,0.98
3,8.58,0,9,0.549
3,21.58,1,5,1.117
2,6.39,1,14,0.16
0,3.01,0,18,0.562
4,8.17,1,1,0.01
4,1.19,0,11,0.01
3,3.85,0,16,0.242
0,12.78,1,14,2.398
4,8.77,0,8,0.014
4,29.9,1,21,0.043
4,5.74,1,6,0.01
1,11.1,0,3,1.096
0,15.47,1,21,2.912
0,10.95,1,4,1.786
4,15.89,1,21,0.012
0,23.62,1,3,3.045
3,15.2,1,20,0.856
3,24.48,0,5,1.334
0,0.94,1,18,0.234
3,11.27,1,23,0.733
2,9.7,0,11,0.481
2,8.06,1,15,0.191
3,5.42,0,13,0.226
4,17.31,0,7,0.024
3,15.97,0,12,0.464
1,7.69,0,5,0.741
3,18.92,1,2,1.016
0,26.05,1,0,6.94
0,20.52,1,14,4.823
1,14.35,1,3,1.167
2,13.16,0,2,0.329
4,12.6,1,14,0.021
4,7.43,0,8,0.012
0,24.11,0,0,5.535
2,16.98,1,7,0.769
3,4.81,1,0,0.328
3,17.12,1,21,0.658
0,18.73,1,21,5.799
4,19.18,0,10,0.025
1,20.87,1,0,1.966
1,10.6,0,6,0.967
4,14.54,0,9,0.01
2,22.24,1,8,1.107
1,11.51,0,15,1.135
4,1.45,0,2,0.01
0,12.98,0,18,3.21
4,9.34,0,19,0.01
0,12.58,1,7,3.294
3,22.65,1,10,1.005
1,4.01,0,13,0.267
1,24.04,0,10,2.817
4,5.58,0,2,0.01
1,1.74,1,21,0.172
1,18.56,1,8,1.69
4,20.41,1,8,0.038
0,0.87,1,5,0.174
1,21.32,1,21,2.616
1,20.78,1,3,1.622
4,18.45,1,23,0.017
0,18.38,0,16,2.435
2,8.84,0,13,0.384
0,13.23,1,14,3.339
1,1.93,1,6,0.183
1,15.44,1,9,1.243
4,27.64,1,20,0.022
0,24.7,1,5,5.345
1,19.99,0,3,1.867
0,16.93,0,18,3.948
1,25.46,1,13,2.045
4,14.51,1,20,0.013
0,22.74,0,17,4.504
0,19.03,0,2,3.145
2,9.01,0,17,0.489
2,28.17,0,21,1.008
1,8.26,0,12,0.683
0,10.11,1,8,3.338
2,17.1,0,23,0.9
4,25.55,1,15,0.042
4,6.86,1,2,0.014
1,16.2,0,8,1.844
1,24.37,0,4,2.502
1,29.35,0,12,2.438
1,18.35,0,15,1.217
4,26.52,1,1,0.038
3,11.36,1,5,0.589
0,21.91,1,13,3.873
3,21.3,1,12,0.924
3,20.16,1,10,1.558
2,9.34,0,17,0.243
4,2.61,1,5,0.01
3,5.45,1,7,0.263
4,23.19,0,14,0.034
0,7.87,1,9,2.325
4,18.49,0,19,0.02
3,2.59,0,17,0.146
2,21.52,1,10,0.834
4,19.51,0,11,0.02
2,21.46,0,19,0.958
1,29.29,1,0,2.594
0,22.61,0,2,4.32
4,25.62,1,14,0.046
1,20.79,0,18,1.511
0,20.95,0,7,3.878
1,22.06,1,12,2.459
1,29.72,0,5,1.828
4,1.02,1,19,0.01
1,19.9,1,8,1.902
1,6.91,1,5,0.684
4,26.31,0,9,0.021
2,2.43,1,8,0.114
1,21.82,1,5,1.709
1,28.65,0,5,2.307
1,27.43,1,14,2.695
0,6.53,1,4,1.348
4,2.3,1,15,0.01
4,25.91,0,16,0.037
2,7.81,0,3,0.377
4,26.07,1,23,0.037
1,29.49,0,0,1.944
1,1.58,0,18,0.182
2,9.01,0,18,0.286
4,13.19,1,19,0.01
1,21.13,1,0,1.97
0,3.59,0,10,0.951
2,2.59,0,16,0.098
4,7.21,1,3,0.013
4,22.14,1,21,0.028
2,7.58,1,10,0.271
1,4.89,0,17,0.477
4,17.0,1,20,0.016
3,26.34,0,19,1.316
0,11.12,1,20,1.931
0,0.98,1,22,0.243
0,23.08,0,23,5.17
2,5.26,0,7,0.218
3,29.69,1,16,1.345
2,2.16,0,11,0.107
1,5.52,1,21,0.688
2,6.12,0,18,0.276
0,18.43,0,16,3.652
1,3.33,0,1,0.321
2,16.57,1,6,0.714
2,8.53,0,3,0.348
2,26.31,0,11,1.174
0,4.03,0,10,0.638
3,12.46,0,10,0.719
1,22.06,0,2,2.158
2,6.59,1,1,0.378
1,11.45,0,18,1.162
3,20.63,0,14,1.489
1,9.63,0,21,0.952
2,19.42,0,2,0.865
2,1.67,1,22,0.07
4,12.14,0,19,0.013
2,24.17,0,3,0.933
3,27.14,1,4,1.751
4,4.01,0,17,0.01
3,20.38,1,17,1.281
1,7.95,0,8,0.677
0,24.83,0,23,3.986
1,15.97,0,9,1.326
4,13.45,0,14,0.014
0,26.17,0,5,5.364
1,7.8,1,19,0.586
1,3.24,0,8,0.285
1,14.18,0,23,1.283
3,1.11,0,6,0.041
2,12.63,1,12,0.379
4,17.68,1,4,0.031
2,7.86,0,0,0.34
1,1.28,0,11,0.102
3,25.84,1,8,1.568
4,17.99,1,7,0.021
0,29.22,0,17,6.435
1,11.64,1,4,0.848
1,12.27,0,14,1.007
4,21.29,0,19,0.028
0,28.84,1,5,5.299
4,15.95,0,18,0.01
3,6.27,0,1,0.381
3,9.83,1,16,0.553
0,22.46,0,8,5.353
2,4.82,0,19,0.17
3,17.29,1,10,1.241
4,29.19,1,14,0.048
2,23.28,0,13,0.689
1,10.21,1,4,0.759
1,15.05,1,7,1.414
0,8.9,0,7,1.491
4,13.31,0,14,0.018
1,9.4,0,6,0.743
4,4.47,1,9,0.01
1,14.71,0,1,1.582
2,1.99,0,9,0.06
2,13.92,1,5,0.368
1,12.84,1,5,1.504
0,28.07,1,3,7.534
3,18.72,1,13,0.782
1,26.15,1,9,2.076
0,10.16,1,18,1.924
1,26.65,0,6,2.223
3,12.87,1,20,0.8
3,26.63,0,17,1.376
0,12.98,1,6,1.836
2,20.18,1,14,0.473
0,6.31,1,7,1.438
4,15.05,0,3,0.03
1,5.52,1,15,0.634
3,26.73,1,21,2.041
1,2.18,0,0,0.14
2,28.43,1,19,1.448
3,20.83,0,7,0.754
1,11.75,1,15,1.265
3,28.35,0,17,1.31
4,22.06,0,5,0.036
3,10.47,0,23,0.581
2,26.81,0,0,0.922
4,14.37,1,15,0.03
0,7.96,0,18,1.4
0,18.88,1,19,3.553
4,29.2,0,6,0.057
3,29.29,0,5,1.429
4,20.17,0,8,0.036
3,5.1,0,19,0.349
4,25.29,1,11,0.053
4,13.35,0,7,0.025
1,13.1,1,1,1.285
1,8.74,1,11,0.755
2,16.29,1,23,0.9
2,15.3,0,13,0.52
0,6.17,1,0,1.788
3,16.53,1,15,0.933
2,28.63,0,9,0.91
4,7.17,1,1,0.01
1,20.12,1,22,2.139
0,28.11,1,0,5.626
4,23.53,1,1,0.023
3,18.92,0,9,0.941
0,22.15,0,14,2.843
2,26.16,1,22,1.27
1,18.61,1,11,1.572
1,9.56,0,22,0.9
1,14.18,1,7,1.033
1,22.07,1,21,2.159
1,3.19,0,4,0.281
1,15.12,0,13,1.264
2,16.45,0,10,0.548
3,13.17,0,21,0.863
0,1.32,0,6,0.306
3,21.02,0,5,1.514
3,26.25,0,7,1.878
2,11.76,1,9,0.464
4,5.27,1,20,0.01
3,3.14,1,20,0.201
3,2.64,1,5,0.139
2,27.03,1,6,0.967
3,5.92,0,22,0.293
4,7.45,0,20,0.01
4,12.8,1,10,0.028
1,20.07,1,13,1.416
3,12.68,0,14,0.867
0,6.56,1,11,1.907
1,27.45,1,16,2.138
2,23.36,0,8,0.52
1,28.86,0,18,2.372
0,24.93,0,18,5.278
4,17.44,1,5,0.031
3,8.96,0,8,0.486
1,26.08,1,5,1.981
2,10.5,1,14,0.607
4,15.36,1,14,0.01
3,16.01,1,18,0.849
3,26.28,0,3,1.539
4,21.45,1,20,0.041
1,18.68,0,9,2.079
2,10.08,1,17,0.375
3,1.95,1,22,0.111
1,20.15,1,17,2.309
1,14.33,1,14,1.544
4,14.83,1,3,0.03
1,20.77,0,6,1.322
2,13.85,1,5,0.335
3,26.24,0,0,1.683
2,1.9,1,8,0.089
1,2.38,1,14,0.223
2,20.45,1,18,1.035
0,28.93,0,7,4.05
2,25.22,1,1,0.681
2,23.09,1,9,1.013
3,22.8,0,22,1.62
0,20.24,1,0,3.483
2,29.38,0,17,0.716
2,18.41,0,1,0.411
0,5.3,0,5,1.192
1,22.23,1,5,1.702
1,21.75,0,19,1.96
0,20.96,0,15,4.51
0,1.89,1,14,0.357
2,19.03,1,14,0.552
4,16.05,1,10,0.017
3,5.8,1,3,0.413
4,18.9,1,0,0.032
2,23.33,1,11,0.817
4,0.9,0,7,0.01
1,3.86,0,6,0.259
4,2.94,0,9,0.01
4,12.56,1,12,0.01
2,25.8,1,18,1.106
3,11.44,1,19,0.595
3,23.02,1,1,0.932
4,27.24,1,6,0.017
0,2.84,0,8,0.688
0,18.95,1,1,4.686
4,12.87,1,19,0.029
3,17.11,0,16,0.755
2,3.83,1,22,0.145
0,19.44,1,7,2.795
0,13.29,1,7,2.356
4,17.57,0,4,0.015
4,21.37,0,3,0.032
2,22.46,0,14,0.662
3,12.01,1,9,0.777
4,8.18,1,5,0.01
0,24.75,0,3,5.317
4,19.22,1,12,0.013
1,21.43,1,9,2.261
4,13.64,1,19,0.03
2,17.13,1,14,0.589
0,18.37,0,23,2.464
3,26.98,1,6,1.52
1,11.53,0,6,0.938
4,13.15,0,20,0.011
0,19.15,0,20,3.375
2,6.95,1,17,0.326
3,1.33,0,23,0.083
2,27.94,0,12,0.916
0,22.22,0,18,4.926
0,13.13,1,15,3.333
2,6.26,1,10,0.275
0,21.69,0,19,5.757
2,20.23,0,5,0.816
1,18.95,0,16,1.278
2,5.45,0,13,0.152
1,20.74,0,10,1.54
0,4.24,1,11,0.692
4,2.29,1,19,0.01
2,15.28,1,4,0.547
2,22.63,0,18,0.456
3,8.46,1,15,0.372
1,29.38,0,5,2.379
0,23.22,1,23,4.581
4,18.94,1,5,0.026
3,7.96,1,5,0.578
4,22.66,0,17,0.016
2,5.67,1,2,0.195
0,28.94,0,15,5.682
2,27.65,1,7,1.492
4,28.22,0,22,0.054
0,10.83,0,21,2.533
1,6.79,1,16,0.602
3,0.81,1,23,0.038
4,24.26,0,9,0.052
2,17.66,0,7,0.81
2,12.72,0,23,0.564
1,6.89,0,9,0.598
3,0.71,0,7,0.026
2,13.31,1,20,0.501
1,17.15,1,13,1.111
1,4.64,1,17,0.353
1,16.86,0,18,1.798
0,12.24,0,5,3.329
4,8.83,0,17,0.01
2,26.58,0,3,0.717
1,21.24,1,5,2.057
2,17.81,0,17,0.531
3,26.35,0,1,1.516
0,12.93,0,22,3.325
3,23.73,0,12,1.132
3,18.04,0,17,0.591
4,13.88,0,10,0.018
3,12.77,1,6,0.822
3,11.45,1,9,0.72
4,14.06,1,14,0.013
1,5.74,0,7,0.55
4,15.43,0,16,0.016
2,14.49,1,9,0.65
2,1.43,1,22,0.033
0,29.04,0,7,6.449
2,19.29,0,4,0.94
4,2.02,1,9,0.01
1,21.85,1,10,1.824
0,1.96,1,11,0.358
4,15.65,1,7,0.028
0,4.94,0,13,0.77
3,7.34,1,16,0.336
4,26.96,1,9,0.025
3,16.04,0,14,0.952
0,17.73,0,5,3.476
3,6.15,0,10,0.345
2,22.49,0,23,0.976
0,4.89,1,16,1.21
4,28.93,1,7,0.031
2,7.23,0,6,0.287
3,8.92,0,10,0.425
3,20.04,0,6,0.677
3,9.78,0,13,0.555
0,14.98,1,15,2.988
1,25.89,1,2,2.206
1,22.77,0,1,1.629
3,19.71,0,13,1.341
1,17.98,1,10,1.925
3,18.63,0,21,1.131
0,19.3,0,21,3.3
3,9.02,0,9,0.549
1,28.41,0,5,2.104
4,16.88,0,7,0.027
1,13.39,1,13,1.225
0,21.8,1,8,5.948
3,26.43,0,12,0.919
3,24.36,1,0,1.216
1,7.96,1,9,0.917
2,21.16,0,3,0.752
4,3.82,0,22,0.01
0,3.57,0,12,0.898
2,28.36,0,20,0.887
1,1.15,1,3,0.122
2,6.87,1,7,0.315
3,29.03,0,18,0.964
0,26.15,1,23,4.913
3,11.45,1,15,0.631
1,15.41,1,15,1.214
0,19.99,0,11,3.948
3,29.69,0,9,1.105
1,9.2,1,4,0.987
2,22.65,0,18,0.511
2,15.92,0,1,0.677
3,2.18,1,21,0.121
3,4.29,0,1,0.211
4,0.92,0,4,0.01
3,22.12,1,12,1.789
1,13.66,0,5,1.041
0,17.07,1,20,2.679
3,24.04,0,23,1.394
2,0.69,1,18,0.017
1,24.29,1,4,2.492
0,14.22,1,14,3.049
4,24.73,0,2,0.019
3,24.6,1,15,1.574
4,19.43,0,19,0.031
1,23.04,0,13,1.374
2,20.4,1,0,0.855
2,13.23,0,9,0.484
2,13.88,1,5,0.507
2,9.68,0,22,0.5
4,22.48,1,22,0.034
0,3.3,1,0,0.535
2,9.23,0,15,0.264
4,12.98,0,3,0.022
1,4.84,1,1,0.47
0,4.79,0,21,1.008
1,18.63,0,7,1.756
2,20.2,0,21,0.755
0,11.51,1,16,2.479
2,25.64,1,0,1.159
3,11.04,0,23,0.474
2,26.25,1,2,0.753
1,5.05,0,14,0.509
3,18.97,0,14,0.67
1,3.58,0,8,0.251
1,6.85,0,23,0.535
4,0.81,1,13,0.01
1,27.37,1,20,3.023
2,29.05,1,5,1.01
0,5.71,0,13,1.066
2,2.99,1,17,0.119
3,29.16,0,20,0.976
4,0.64,1,22,0.01
1,6.66,1,17,0.75
2,5.93,1,4,0.236
3,27.46,0,14,1.498
1,1.3,1,11,0.148
2,7.06,1,9,0.307
0,20.57,0,9,4.402
0,12.09,0,18,2.121
1,7.7,1,18,0.866
4,21.36,1,3,0.014
4,21.52,0,5,0.021
2,27.06,0,23,0.974
1,10.65,0,3,0.692
1,4.56,0,0,0.404
0,17.34,0,9,3.867
0,27.88,1,2,7.991
3,21.02,0,5,0.81
4,9.76,0,11,0.01
3,7.15,0,3,0.362
4,28.56,0,18,0.036
2,11.16,1,19,0.411
2,18.77,0,11,0.795
3,16.49,0,6,0.611
0,24.05,0,19,4.178
0,27.44,0,20,5.405
1,1.59,0,16,0.135
0,6.51,1,5,1.4
4,12.87,1,7,0.028
1,13.49,0,16,0.931
1,1.15,0,23,0.1
2,2.57,1,7,0.11
2,10.96,1,20,0.38
4,28.0,1,20,0.055
1,4.35,0,22,0.304
0,5.01,1,11,1.162
2,15.25,1,15,0.711
4,29.76,0,8,0.038
1,24.39,1,2,2.014
3,29.61,0,15,1.267
2,27.42,0,23,1.09
4,14.44,0,11,0.031
1,26.84,1,4,1.874
1,18.18,1,22,1.402
3,18.29,1,5,1.146
0,2.49,1,16,0.601
0,15.55,0,10,2.775
2,7.72,1,7,0.431
0,6.87,0,15,1.487
3,11.93,1,13,0.833
3,1.5,1,15,0.111
3,26.28,0,5,1.059
3,6.19,0,9,0.201
1,22.45,0,2,1.529
2,19.79,0,19,0.82
3,20.65,1,4,0.736
4,26.34,1,12,0.025
4,7.4,0,16,0.013
3,17.86,1,20,0.72
4,22.58,0,13,0.045
2,4.98,0,16,0.2
0,15.3,1,2,3.063
4,17.37,1,9,0.024
4,23.7,1,12,0.043
3,3.7,0,21,0.137
3,25.96,0,18,1.635
0,25.79,1,9,5.864
2,9.96,1,2,0.277
3,10.58,1,0,0.772
2,22.81,1,10,1.131
4,18.59,1,13,0.032
4,25.28,0,20,0.033
3,9.08,0,2,0.59
1,28.28,1,9,2.761
1,8.24,1,22,0.693
1,13.54,0,22,1.052
2,27.79,1,16,1.259
3,23.45,0,11,1.629
0,15.33,0,10,3.209
3,5.09,1,20,0.275
1,8.8,0,19,0.848
1,23.97,0,15,2.263
2,10.95,0,10,0.477
3,28.12,0,22,1.199
1,16.22,0,20,1.793
1,26.25,0,2,2.619
2,22.57,0,8,0.967
2,27.99,1,10,1.405
2,2.05,1,19,0.107
2,7.88,0,11,0.231
2,21.31,1,21,1.019
4,15.87,0,17,0.012
0,14.89,0,11,3.043
2,5.37,0,6,0.243
3,9.8,0,23,0.461
1,13.27,0,3,1.226
0,1.91,0,11,0.513
3,22.41,1,5,1.71
1,8.75,0,4,0.822
2,28.57,0,4,1.282
3,3.15,1,20,0.21
1,16.8,1,6,1.547
2,18.35,1,17,0.885
2,12.2,1,1,0.651
3,25.5,0,17,1.614
4,0.77,1,11,0.01
1,3.23,1,12,0.279
3,20.1,0,10,0.943
4,12.36,0,21,0.016
2,22.38,0,7,0.684
1,13.14,0,14,1.31
0,6.66,1,1,0.997
2,16.61,0,5,0.752
2,2.69,0,11,0.089
0,15.21,0,21,3.265
4,12.34,0,15,0.01
3,0.79,1,10,0.05
4,24.48,0,11,0.033
3,12.52,1,6,0.785
2,2.45,1,4,0.145
3,12.82,0,20,0.538
3,12.62,1,20,0.591
3,23.77,1,10,1.452
1,9.52,1,12,0.987
3,22.66,0,6,1.331
1,21.1,1,13,1.821
4,27.65,1,19,0.032
3,10.86,0,16,0.586
2,18.01,1,14,0.729
4,8.47,0,15,0.013
1,17.56,0,18,1.614
2,6.25,1,20,0.337
2,2.42,1,8,0.066
2,22.12,0,11,1.023
1,23.97,1,4,1.561
2,24.42,1,22,0.74
1,7.69,1,12,0.829
4,18.93,1,11,0.036
0,14.38,0,11,4.319
1,25.59,1,14,1.702
3,28.89,0,6,1.174
2,28.34,1,13,1.326
2,4.02,1,11,0.116
4,15.2,0,17,0.013
0,4.85,1,4,1.269
0,29.43,0,21,5.939
0,11.25,0,10,2.944
0,24.85,1,22,6.994
2,19.87,1,0,0.482
2,19.53,0,21,0.927
1,10.39,1,14,1.206
0,12.5,1,18,2.796
3,22.24,1,9,1.75
4,25.5,0,17,0.048
2,8.6,0,21,0.339
2,16.42,1,10,0.452
2,6.94,0,15,0.248
2,25.95,1,16,0.672
2,10.25,0,6,0.233
3,25.96,0,1,1.57
1,22.04,1,8,2.568
2,20.09,1,11,0.848
4,5.89,1,3,0.01
2,29.39,0,13,0.727
3,7.96,1,19,0.373
1,4.34,1,22,0.453
1,7.06,0,20,0.711
1,25.29,1,13,2.133
3,26.71,1,15,1.897
4,25.07,0,12,0.052
2,15.66,1,22,0.436
4,9.11,0,23,0.018
4,20.28,1,10,0.031
4,12.19,1,11,0.024
0,18.85,0,5,2.694
0,8.54,0,23,1.148
4,1.92,0,23,0.01
0,27.51,0,3,6.661
0,21.74,1,16,4.977
1,21.13,0,22,1.639
2,5.28,1,18,0.222
1,26.71,1,18,2.163
4,21.08,0,11,0.011
1,3.2,1,8,0.343
0,6.21,0,0,1.052
4,7.83,1,3,0.013
1,4.26,0,3,0.301
1,0.81,1,12,0.076
4,18.62,0,22,0.027
3,10.74,0,9,0.452
2,21.33,1,23,0.867
1,2.36,1,21,0.239
0,3.65,0,22,0.614
2,6.66,0,16,0.313
4,11.27,0,14,0.022
4,18.6,0,4,0.029
2,13.24,1,13,0.35
0,22.72,0,16,3.109
0,20.01,1,13,3.628
0,15.11,1,23,2.554
2,2.66,0,5,0.122
0,5.83,1,13,1.1
3,29.99,0,19,1.153
0,13.1,1,21,3.517
0,14.6,0,19,3.929
4,11.0,1,7,0.01
3,29.56,0,20,1.002
2,22.98,1,19,1.149
3,11.32,1,19,0.458
1,7.71,0,5,0.522
3,18.05,1,10,1.331
3,11.77,0,4,0.792
0,28.47,1,2,6.243
3,22.32,1,10,0.918
1,14.12,0,19,1.157
3,20.68,1,9,1.247
4,11.99,1,15,0.027
2,20.04,1,14,0.521
0,11.38,1,2,2.173
2,28.05,0,17,1.147
0,4.56,1,3,1.058
2,11.35,0,19,0.334
4,22.46,0,6,0.042
1,12.95,1,12,1.333
0,3.57,1,9,1.089
0,16.07,0,6,3.883
3,13.16,1,1,0.621
3,15.43,0,12,0.751
3,3.74,1,13,0.165
1,17.05,1,22,1.839
4,11.12,0,4,0.01
1,5.49,0,4,0.462
0,2.25,1,12,0.388
4,7.98,0,3,0.015
0,19.33,1,23,3.468
3,2.99,0,11,0.129
2,16.29,0,12,0.487
4,29.0,1,22,0.049
4,16.33,0,7,0.03
4,16.72,0,3,0.032
4,24.39,0,7,0.021
2,7.2,0,16,0.17
4,5.3,0,7,0.01
3,9.03,0,14,0.372
1,24.48,0,14,1.819
1,3.26,1,6,0.301
2,16.3,1,10,0.929
1,28.98,1,7,2.79
2,19.48,0,9,0.807
2,21.14,1,6,0.9
2,1.86,1,17,0.073
3,5.75,0,2,0.352
2,24.85,1,16,0.884
0,16.5,0,18,2.955
0,25.96,0,18,6.301
1,17.06,0,0,1.128
3,21.74,0,22,1.19
1,27.82,1,4,1.835
0,10.79,1,4,1.649
4,5.22,1,10,0.01
2,7.3,1,15,0.232
0,14.33,0,10,4.073
2,8.68,0,15,0.416
0,12.56,1,9,3.797
4,9.51,1,8,0.011
4,26.68,0,4,0.044
1,13.02,1,6,1.08
2,5.65,0,10,0.244
1,2.61,1,1,0.201
1,24.28,0,21,1.904
3,28.77,1,16,1.964
2,24.33,1,21,1.302
3,11.42,1,9,0.631
4,1.29,0,2,0.01
1,0.57,0,4,0.035
4,12.98,1,1,0.028
4,16.2,1,23,0.023
2,23.96,0,9,0.742
2,14.14,1,10,0.499
4,8.96,0,14,0.012
1,8.31,1,9,0.922
2,10.07,1,12,0.379
2,20.75,1,5,0.62
4,4.61,1,15,0.01
1,22.54,0,13,1.781
2,20.55,0,2,0.547
0,7.45,0,8,1.772
3,3.74,0,8,0.234
3,6.78,0,17,0.419
0,20.05,1,19,4.014
0,7.23,0,8,1.095
1,18.63,0,6,1.804
3,8.24,1,13,0.456
3,19.04,1,18,1.374
3,29.07,0,20,1.607
4,2.36,1,17,0.01
1,19.76,0,2,1.348
4,8.68,1,20,0.017
4,13.21,1,19,0.017
2,29.46,0,2,1.242
1,2.23,0,20,0.18
0,14.4,0,19,3.553
3,11.66,0,19,0.387
3,12.47,1,9,0.965
1,13.95,1,20,1.463
1,2.4,1,1,0.188
1,1.67,1,12,0.156
2,5.94,0,1,0.216
4,12.27,1,21,0.023
2,18.13,0,20,0.718
0,23.26,0,19,4.572
3,8.94,0,10,0.612
0,26.85,1,4,6.676
3,18.28,1,7,1.141
1,25.83,1,22,1.99
3,15.0,1,6,0.782
0,7.25,1,18,1.584
4,4.92,0,15,0.01
2,4.9,1,11,0.215
1,18.43,1,1,1.547
0,27.88,0,19,7.484
2,22.63,1,8,0.93
0,7.8,0,6,1.622
2,24.96,0,22,0.927
1,14.44,0,16,1.251
3,7.45,1,14,0.284
3,25.3,0,14,1.051
2,28.83,1,11,0.88
1,10.64,1,7,1.114
0,21.21,0,15,5.243
4,1.26,1,17,0.01
4,10.73,0,4,0.01
0,7.0,1,17,1.504
3,11.73,0,22,0.451
0,13.13,0,21,3.545
3,17.25,1,6,0.579
4,0.86,1,5,0.01
0,19.07,1,4,4.027
1,7.94,1,2,0.558
0,29.0,0,13,6.667
1,25.2,0,5,2.151
4,26.49,1,6,0.056
4,27.6,1,1,0.02
2,12.6,0,23,0.397
0,14.8,1,16,2.222
0,1.22,1,3,0.303
0,1.89,0,13,0.471
2,25.77,0,7,0.946
4,17.98,1,23,0.028
1,5.72,1,16,0.39
0,29.95,0,19,8.71
1,17.58,1,21,1.886
2,27.26,0,2,1.379
0,27.99,0,10,7.011
2,28.63,1,7,1.492
0,17.69,0,10,4.13
1,1.67,0,4,0.15
2,18.81,0,12,0.615
1,4.1,0,22,0.309
4,22.77,1,3,0.037
2,20.35,0,18,0.897
0,20.27,1,4,4.819
0,24.46,1,0,5.381
3,28.34,1,5,1.932
3,22.67,1,6,1.353
2,5.96,1,4,0.323
3,15.92,0,10,0.864
2,24.03,0,16,0.963
2,10.19,0,15,0.26
3,16.44,0,19,0.971
2,23.25,1,6,0.826
4,19.96,0,9,0.02
4,17.15,0,15,0.017
1,26.29,0,17,2.847
0,28.53,0,12,5.014
4,3.3,0,3,0.01
1,26.79,0,13,1.968
2,19.91,0,23,0.792
2,14.31,0,1,0.57
1,8.74,0,16,0.829
4,28.14,0,5,0.058
2,21.74,0,11,0.831
3,1.1,1,13,0.056
0,12.92,1,7,2.474
4,24.47,1,3,0.055
4,27.39,0,8,0.058
0,18.77,0,5,3.085
3,15.34,0,12,0.709
3,23.73,1,0,1.508
4,3.71,0,6,0.01
3,27.19,1,22,1.539
2,14.49,0,10,0.335
4,3.52,0,3,0.01
4,10.17,1,5,0.01
3,14.44,1,6,0.981
3,8.62,0,1,0.318
2,4.23,0,8,0.124
1,16.49,0,19,1.754
2,26.69,1,15,0.833
4,1.65,1,10,0.01
4,28.19,1,7,0.017
3,20.09,0,22,0.871
2,22.79,1,6,0.818
2,8.1,0,15,0.285
1,11.61,0,0,0.94
4,5.12,1,10,0.01
1,16.6,0,5,1.644
0,1.85,1,17,0.337
0,3.65,1,12,0.524
2,3.64,0,18,0.123
3,21.06,0,8,0.988
3,8.33,1,11,0.373
1,19.28,0,1,1.713
1,5.65,0,23,0.522
2,5.37,0,17,0.2
3,12.37,1,6,0.63
2,9.82,1,13,0.47
0,18.71,0,9,3.767
0,25.66,1,18,7.273
1,23.88,0,13,1.647
2,28.84,0,22,1.417
2,24.1,0,10,0.527
3,1.0,0,19,0.05
3,15.58,1,18,0.948
0,29.13,0,4,4.585
3,6.58,1,12,0.316
3,29.51,0,18,0.974
0,15.41,0,19,3.426
4,15.16,1,12,0.016
4,29.11,1,14,0.046
1,23.16,1,14,2.706
0,9.39,1,22,1.591
4,7.37,1,7,0.014
4,13.43,0,1,0.01
4,28.17,0,22,0.058
3,10.73,1,17,0.588
0,18.23,0,18,5.242
2,9.51,1,7,0.532
1,1.54,1,1,0.152
1,27.6,1,18,2.129
2,4.43,1,9,0.226
3,21.7,1,15,1.613
0,11.47,1,11,3.196
2,17.61,1,20,1.055
4,8.49,0,7,0.01
2,5.47,0,7,0.269
2,10.82,1,18,0.524
4,27.79,0,3,0.053
4,10.52,0,22,0.01
0,16.18,0,14,3.565
2,28.76,1,8,1.4
2,14.45,0,14,0.401
0,0.64,0,2,0.095
2,7.23,0,17,0.175
4,6.84,0,12,0.014
4,18.55,1,7,0.04
1,1.2,0,20,0.083
0,9.56,0,14,1.514
4,29.14,1,20,0.062
0,25.7,0,1,4.014
1,25.86,0,14,1.513
1,29.64,0,13,2.167
1,26.1,0,0,2.527
4,16.47,0,17,0.015
1,20.42,0,1,1.572
1,29.37,0,22,2.142
2,20.5,1,13,1.019
1,13.4,0,15,1.061
1,0.92,1,22,0.059
1,26.21,0,21,1.888
0,9.6,1,4,1.276
1,18.83,1,15,1.982
4,3.88,1,17,0.01
0,13.38,0,18,3.081
1,19.79,1,0,1.735
3,16.12,0,6,0.659
3,15.9,0,8,0.896
4,17.32,0,1,0.03
2,2.79,0,18,0.095
4,23.27,0,3,0.041
3,21.94,1,1,0.947
2,14.94,1,9,0.607
2,21.61,1,12,0.991
0,6.35,1,18,1.106
1,15.14,1,19,1.552
3,29.78,1,14,1.349
4,17.68,1,23,0.012
2,12.2,1,10,0.275
1,23.07,1,1,2.598
4,2.05,0,15,0.01
1,4.18,0,2,0.29
3,17.46,1,21,1.092
2,13.79,0,9,0.737
2,6.82,1,19,0.342
2,18.27,0,19,0.423
1,19.01,1,16,1.801
3,17.11,1,11,1.115
0,4.45,0,15,0.972
2,27.79,1,12,1.005
1,27.0,0,20,2.573
1,6.79,1,23,0.552
3,21.42,0,18,1.012
2,8.84,0,14,0.35
4,6.52,1,13,0.011
0,12.09,1,8,2.82
3,1.79,0,23,0.084
4,19.23,0,19,0.032
2,1.19,0,8,0.061
2,20.17,0,23,0.979
4,29.08,1,0,0.028
2,26.11,0,1,1.198
4,26.87,1,0,0.054
4,15.38,0,23,0.013
1,18.83,1,22,1.223
0,15.16,0,15,3.44
0,29.83,0,12,4.772
0,12.49,0,3,2.079
1,25.1,1,18,2.473
2,22.93,1,5,1.186
2,27.5,1,18,0.982
3,6.77,1,15,0.325
4,29.88,1,23,0.042
1,10.38,1,12,0.773
0,26.06,0,19,6.37
3,29.9,1,2,2.407
2,19.31,1,23,1.0
1,23.35,1,10,3.009
2,23.41,0,4,0.823
3,24.07,1,4,0.99
1,4.77,0,17,0.372
1,26.24,0,0,2.652
3,17.62,1,22,1.358
4,12.17,0,4,0.026
1,10.4,1,23,0.971
0,14.39,0,1,3.015
4,9.33,0,9,0.01
0,11.52,1,10,2.412
2,17.45,1,23,0.96
4,9.54,0,2,0.012
0,14.34,0,1,3.356
3,7.15,0,4,0.381
2,27.97,0,19,0.974
3,3.87,0,20,0.136
4,14.03,1,19,0.013
2,29.41,1,12,1.01
2,2.06,0,3,0.055
4,18.4,0,16,0.012
3,19.42,1,0,1.367
3,7.93,0,21,0.366
2,17.08,0,15,0.479
0,8.85,0,17,1.361
3,27.54,1,18,1.0
0,25.28,1,8,7.508
4,6.74,1,10,0.014
2,1.29,0,18,0.054
4,12.27,1,22,0.01
1,18.96,1,2,1.902
1,16.88,1,5,1.554
2,6.63,0,15,0.297
3,19.21,0,11,0.69
0,25.48,1,19,7.256
2,14.09,1,9,0.559
4,29.11,0,14,0.033
2,3.5,1,7,0.141
1,13.05,1,19,1.485
0,28.42,0,12,4.544
2,17.21,0,8,0.785
2,7.43,1,7,0.268
0,12.92,1,2,1.997
3,27.0,1,7,1.296
2,4.35,0,8,0.213
3,26.71,0,21,0.95
3,20.0,0,2,1.306
2,6.14,0,6,0.176
1,12.68,1,8,1.152
0,25.62,0,6,5.468
4,16.06,1,13,0.02
2,17.95,0,13,0.699
0,7.03,0,4,0.928
2,7.92,1,22,0.307
3,3.88,1,12,0.136
2,29.06,1,4,1.637
1,2.5,1,18,0.253
1,14.36,0,8,1.023
3,10.1,0,22,0.618
3,4.19,0,13,0.26
3,13.96,0,16,0.625
4,3.82,1,6,0.01
0,18.37,1,2,4.579
2,6.3,1,16,0.314
0,16.9,1,4,4.129
3,23.08,1,3,1.337
1,22.51,0,14,1.421
0,17.29,0,8,2.398
3,3.27,1,8,0.116
4,21.08,0,1,0.038
3,12.92,0,11,0.532
3,18.97,1,7,1.148
2,24.28,1,11,1.002
0,5.42,1,2,0.985
3,4.59,1,14,0.33
1,25.9,1,2,2.309
0,13.83,1,1,2.239
2,21.92,1,15,0.933
4,25.84,0,10,0.047
1,19.38,0,2,1.69
4,19.08,0,15,0.024
4,18.22,0,5,0.011
4,10.99,0,21,0.018
1,19.78,0,19,1.948
1,15.17,0,1,1.442
2,28.62,1,5,1.114
1,9.07,1,11,0.798
0,24.11,0,1,5.874
0,22.22,0,1,5.862
2,22.56,1,16,0.853
3,13.86,1,1,0.493
4,5.01,0,17,0.01
1,24.83,1,6,2.655
2,20.48,1,9,0.565
3,13.26,0,8,0.985
4,27.7,0,6,0.038
4,3.06,0,6,0.01
0,2.58,1,8,0.742
1,13.84,0,19,1.385
1,0.92,0,19,0.103
2,26.02,1,7,1.273
2,17.23,1,20,0.927
1,3.92,0,11,0.302
2,5.02,0,19,0.131
0,22.85,0,0,3.459
2,3.74,0,9,0.083
3,26.43,0,4,1.281
2,1.83,0,14,0.085
1,11.54,0,8,1.004
4,9.16,0,2,0.013
1,10.28,0,2,0.9
2,27.21,1,19,0.869
3,24.84,0,17,1.683
1,0.94,1,9,0.09
2,23.68,1,13,0.828
0,2.4,0,22,0.392
4,12.53,1,10,0.017
2,19.13,1,13,0.528
1,26.72,0,6,2.147
4,21.97,0,5,0.022
4,28.21,0,21,0.019
1,26.98,1,14,1.894
2,1.53,0,19,0.06
0,1.61,0,20,0.272
4,28.19,0,3,0.053
1,1.82,0,0,0.121
1,13.87,0,20,1.209
1,17.89,1,14,1.497
0,0.67,0,16,0.132
1,26.17,1,0,2.734
1,23.61,1,10,2.041
1,19.86,0,7,1.678
2,22.36,0,9,0.596
4,15.17,0,18,0.033
4,21.67,1,4,0.047
3,12.38,1,23,0.469
0,8.94,0,9,1.431
2,20.31,0,20,0.572
0,14.91,1,17,4.82
4,15.03,1,2,0.024
0,17.72,0,17,3.28
3,29.84,0,8,1.126
4,15.29,0,16,0.029
3,5.19,0,5,0.25
1,25.84,1,21,2.216
3,29.76,0,11,0.905
4,17.27,1,20,0.039
2,16.07,1,2,0.61
4,6.81,1,12,0.012
1,28.46,1,22,2.548
4,17.18,0,0,0.026
0,20.21,1,5,4.715
2,23.56,0,2,0.854
3,29.72,0,16,0.973
4,23.95,0,5,0.016
3,7.43,0,12,0.234
3,7.69,0,11,0.477
0,11.42,1,8,2.6
2,0.78,0,18,0.019
3,11.36,1,7,0.609
4,20.28,1,20,0.039
1,15.91,0,8,1.318
1,4.13,0,23,0.36
1,11.41,1,19,0.989
0,7.73,0,7,1.885
4,13.79,0,6,0.014
0,22.2,1,16,5.506
0,2.07,0,2,0.302
1,2.66,1,1,0.286
2,6.84,1,3,0.255
3,0.7,0,3,0.044
1,25.73,0,0,1.632
1,1.78,0,13,0.122
1,21.18,1,1,1.921
0,6.29,0,2,1.023
1,12.85,0,14,0.849
0,12.42,0,20,2.43
1,29.91,0,4,2.007
1,2.13,0,21,0.202
1,17.14,0,21,1.435
4,1.74,1,18,0.01
1,25.77,1,0,2.941
1,7.36,0,4,0.728
4,28.43,1,17,0.03
1,9.79,1,23,1.051
2,27.52,1,19,1.44
0,10.59,0,2,1.949
4,5.31,0,16,0.01
1,10.12,0,6,0.677
1,24.8,1,23,2.008
2,22.4,1,17,1.306
0,28.42,0,14,5.261
2,28.52,1,23,1.121
2,1.8,0,0,0.038
0,27.97,1,8,5.674
4,7.93,0,12,0.01
3,28.3,0,22,1.727
2,3.18,1,10,0.07
4,29.09,1,5,0.052
1,19.75,0,4,1.305
1,1.02,1,13,0.078
0,26.39,1,3,5.546
0,3.42,1,1,0.531
4,26.15,0,20,0.05
2,7.99,1,1,0.273
1,12.69,1,10,1.054
4,21.96,1,10,0.031
1,25.36,0,19,2.835
0,15.84,1,18,2.973
1,20.0,0,4,1.741
3,15.53,1,8,1.043
4,22.92,0,6,0.031
4,11.91,0,21,0.011
4,4.2,1,21,0.01
2,0.65,1,12,0.038
2,0.93,1,3,0.047
1,2.52,0,5,0.16
2,6.89,1,23,0.163
4,23.18,0,21,0.033
2,14.38,1,5,0.663
0,6.27,0,3,1.399
4,28.19,0,9,0.047
3,20.81,0,12,0.924
3,29.2,1,0,2.068
1,11.6,0,15,0.984
4,13.08,0,4,0.023
4,7.09,1,0,0.01
2,19.78,1,22,0.971
0,6.13,1,23,0.874
0,14.34,1,4,2.325
2,29.27,1,4,0.738
0,8.72,1,21,1.601
4,27.36,0,7,0.041
3,4.83,1,2,0.284
1,7.35,1,15,0.765
2,28.85,0,22,0.879
4,26.51,1,19,0.04
3,23.95,0,21,0.826
1,1.37,0,19,0.15
1,5.94,1,21,0.78
1,1.3,0,21,0.11
0,21.24,1,15,3.405
1,22.66,0,1,2.242
3,19.47,1,9,1.341
0,21.82,1,5,4.919
4,26.51,0,22,0.03
2,3.11,1,18,0.08
4,26.12,0,20,0.035
2,23.94,1,2,0.914
4,23.59,1,4,0.015
4,22.98,0,5,0.04
2,4.82,1,23,0.147
2,16.68,0,7,0.422
0,20.16,0,12,3.012
3,9.54,0,8,0.337
4,12.93,1,1,0.02
0,15.29,0,9,3.713
4,25.87,0,23,0.026
3,29.65,0,22,1.14
4,16.9,1,15,0.037
4,27.42,0,10,0.025
1,22.68,0,8,2.579
2,11.42,1,2,0.294
1,1.41,1,9,0.118
4,2.6,1,23,0.01
0,14.41,0,16,3.077
2,14.05,0,0,0.722
2,15.77,0,2,0.591
2,7.43,1,6,0.172
3,16.0,1,10,0.738
1,16.53,0,15,1.019
1,16.16,0,17,1.727
1,10.0,1,3,0.728
2,6.27,0,17,0.176
1,17.6,1,0,1.51
3,17.07,0,20,0.588
2,18.86,1,23,0.552
2,1.99,1,9,0.065
3,20.22,0,0,0.917
0,27.06,0,0,3.568
4,13.83,1,14,0.015
4,14.23,0,14,0.01
4,13.94,0,6,0.01
1,7.1,1,4,0.614
4,14.5,0,20,0.022
4,27.01,0,2,0.048
1,9.72,0,13,0.622
1,16.74,0,4,1.172
2,17.22,1,3,0.726
2,18.54,1,20,1.012
4,6.88,0,11,0.011
4,17.91,0,2,0.026
4,10.51,1,3,0.012
4,9.03,1,23,0.011
2,6.09,0,0,0.18
0,9.9,1,23,2.311
2,29.27,0,13,1.222
4,19.65,1,11,0.041
0,9.0,0,23,1.294
1,28.91,0,3,2.335
3,9.27,0,1,0.41
3,24.19,0,2,1.387
0,13.16,1,12,2.833
0,13.82,0,11,3.585
4,16.4,1,10,0.023
3,7.64,0,18,0.532
0,10.09,1,6,1.941
2,1.04,1,5,0.056
1,28.58,0,0,2.474
0,13.8,0,16,3.054
1,1.76,1,9,0.155
4,16.55,1,1,0.026
0,23.34,0,8,5.359
1,4.62,0,22,0.395
0,2.89,0,0,0.733
3,2.81,0,15,0.12
2,12.74,1,9,0.562
3,21.51,0,3,0.818
4,10.67,0,17,0.01
0,5.36,1,4,0.802
0,25.39,1,13,3.509
4,10.89,1,20,0.012
1,9.73,0,14,1.038
2,19.57,0,23,0.933
2,15.89,0,17,0.614
1,14.83,0,22,1.42
3,13.09,1,8,0.735
1,13.83,0,9,1.103
1,2.82,1,0,0.272
4,29.78,0,6,0.037
3,4.25,1,17,0.295
3,12.64,0,23,0.818
2,10.19,0,6,0.25
1,3.28,1,10,0.3
1,17.73,1,5,1.529
0,7.03,1,22,1.514
1,12.41,1,5,1.117
0,3.74,1,23,1.028
3,12.73,1,7,0.575
3,23.84,0,10,1.616
3,12.13,1,12,0.799
2,13.31,0,18,0.548
0,2.98,1,5,0.71
4,10.4,1,21,0.01
4,5.67,1,22,0.012
0,13.32,0,14,2.613
2,18.42,1,12,0.804
1,19.93,1,4,1.638
3,8.0,1,15,0.481
2,21.28,0,5,0.482
4,24.82,1,14,0.017
2,9.6,0,18,0.265
1,1.76,1,1,0.146
4,17.59,0,0,0.018
2,10.65,1,11,0.408
0,1.97,1,21,0.378
3,25.39,1,3,1.524
4,27.22,1,3,0.021
0,19.36,0,10,3.883
1,22.96,0,23,1.465
0,29.24,0,18,8.003
3,25.31,1,6,0.921
1,21.98,1,2,2.245
2,9.71,1,20,0.316
2,4.21,0,9,0.161
4,5.23,0,20,0.01
3,15.93,0,6,1.057
0,10.26,0,18,1.517
2,23.71,0,7,0.823
2,21.85,1,9,0.933
2,19.61,1,0,0.639
2,23.9,0,4,0.907
2,17.17,1,14,0.572
1,16.02,0,17,1.814
1,1.23,1,20,0.157
3,20.62,1,14,1.129
0,1.06,0,6,0.257
4,15.09,1,12,0.019
0,25.84,1,18,5.445
0,22.74,0,10,4.513
1,26.59,0,14,1.741
0,13.9,1,7,2.123
2,20.44,0,1,0.903
2,18.66,0,18,0.703
3,4.29,0,17,0.156
3,27.16,1,12,1.966
1,3.62,0,19,0.284
2,23.3,0,2,0.879
0,17.9,0,10,3.675
1,29.66,1,23,2.693
0,9.14,0,21,1.538
1,13.65,0,9,1.204
0,27.31,1,21,4.253
4,17.98,0,6,0.012
1,2.81,1,11,0.327
3,18.85,1,12,1.309
4,14.77,0,6,0.015
2,12.67,1,18,0.692
3,12.35,1,4,0.565
4,5.82,1,22,0.013
2,1.38,1,14,0.037
1,26.05,1,19,2.881
0,16.84,0,14,3.224
1,4.75,1,9,0.537
1,18.27,0,20,1.741
0,26.34,0,3,5.531
1,7.68,0,4,0.692
3,16.97,1,15,0.715
1,25.51,0,20,1.978
1,12.12,0,14,1.268
1,25.08,1,4,2.306
4,14.27,0,8,0.015
0,15.47,0,19,3.169
2,9.7,1,23,0.41
3,22.3,1,16,1.433
3,26.52,0,7,1.159
2,16.12,1,4,0.806
3,24.09,0,17,0.937
2,14.04,1,1,0.665
3,10.83,0,14,0.633
0,28.73,0,22,4.863
1,23.04,1,3,1.922
1,11.91,0,7,0.941
0,7.92,0,15,1.736
0,26.42,1,14,3.696
4,10.77,1,5,0.01
1,20.97,0,17,2.475
2,26.01,1,10,0.617
4,7.66,0,19,0.015
4,12.78,0,16,0.01
2,19.55,0,22,0.984
0,7.4,0,18,1.233
0,28.06,0,13,3.632
2,4.82,1,13,0.257
2,8.42,1,2,0.456
1,27.64,0,6,1.709
3,4.84,0,18,0.234
3,23.58,1,10,1.095
0,19.68,1,6,3.437
2,16.75,1,1,0.704
2,1.05,0,2,0.025
1,11.95,0,6,0.72
1,27.22,1,16,1.847
0,18.75,1,16,5.443
3,29.97,0,14,1.191
3,5.21,1,6,0.218
3,7.44,1,11,0.601
2,11.25,0,19,0.432
4,5.92,1,4,0.012
1,2.95,0,3,0.193
3,18.59,1,8,1.035
2,26.37,1,21,0.76
4,4.72,1,8,0.01
3,3.28,0,0,0.186
4,17.19,0,13,0.016
3,20.59,0,7,1.138
3,24.07,0,9,1.61
2,5.85,1,3,0.301
4,11.1,1,2,0.011
0,14.1,0,19,2.307
0,1.8,1,10,0.301
2,1.75,0,20,0.065
0,8.48,0,20,1.202
3,13.7,1,18,0.717
3,1.42,1,4,0.097
4,12.17,1,22,0.016
3,13.03,0,8,0.564
2,3.77,1,2,0.185
0,18.77,0,13,3.657
3,4.73,1,13,0.297
0,24.45,1,6,6.343
4,8.75,1,12,0.014
4,25.27,0,13,0.05
0,16.36,1,12,3.45
2,11.5,1,13,0.367
1,6.83,0,23,0.5
2,1.18,1,18,0.046
2,28.46,0,7,0.925
4,11.45,1,14,0.014
1,4.61,1,1,0.37
4,5.41,1,13,0.01
2,6.16,1,19,0.149
2,28.78,0,10,1.144
2,24.09,0,14,0.751
0,19.92,0,16,4.431
1,19.29,1,6,1.911
1,24.14,1,3,1.717
2,15.97,0,16,0.654
0,12.56,1,12,2.457
1,3.57,0,12,0.332
3,29.49,0,21,1.256
3,17.67,0,3,0.886
1,4.28,1,23,0.392
2,14.62,0,16,0.502
3,28.46,1,6,2.269
4,13.95,0,3,0.014
4,29.27,1,5,0.017
4,19.11,1,1,0.03
2,16.61,0,8,0.334
0,24.83,0,19,6.691
0,8.45,1,6,1.651
1,9.45,0,7,0.673
1,9.17,0,17,0.701
2,12.17,1,21,0.585
0,24.53,1,19,7.404
1,19.15,1,4,1.422
1,17.89,0,12,1.408
4,8.56,0,15,0.01
2,16.54,0,1,0.462
2,21.98,1,16,0.908
1,15.04,1,9,1.659
3,13.14,0,23,0.78
3,1.05,1,9,0.06
4,18.92,0,2,0.025
1,14.64,0,15,0.93
3,8.05,1,14,0.482
4,22.41,1,0,0.013
1,0.99,1,19,0.074
1,1.33,1,2,0.087
4,20.07,0,11,0.036
2,6.55,1,20,0.329
0,28.36,1,1,4.422
0,19.0,1,16,3.66
4,0.53,0,14,0.01
1,7.09,1,19,0.655
1,15.04,0,18,1.739
3,1.0,0,15,0.075
3,9.43,0,1,0.472
4,11.83,1,6,0.02
3,22.68,0,1,1.534
4,21.85,1,15,0.026
1,27.76,1,5,2.811
2,20.08,1,23,1.009
0,22.55,0,5,3.292
3,3.76,1,21,0.169
1,10.31,1,17,0.94
0,20.62,0,21,5.744
2,8.03,1,20,0.421
0,1.28,1,6,0.205
2,19.22,0,2,0.876
4,19.59,1,8,0.035
0,16.3,0,1,3.29
1,27.32,1,3,2.779
2,19.74,0,13,0.408
1,4.06,1,6,0.392
2,10.2,1,13,0.336
0,14.01,1,2,3.117
0,15.3,1,21,3.291
3,29.08,0,6,0.903
2,9.77,1,14,0.479
3,21.31,1,23,1.418
3,17.0,0,11,1.18
3,17.93,0,4,1.149
2,13.65,1,21,0.678
2,10.53,1,1,0.264
0,14.53,1,21,4.251
1,27.31,0,22,2.483
0,29.66,1,17,9.154
1,17.93,0,14,1.728
3,10.35,0,14,0.636
1,8.93,1,13,0.702
4,16.86,0,0,0.029
4,5.71,0,2,0.01
2,20.01,1,23,0.723
4,18.4,0,9,0.027
4,10.94,0,11,0.015
2,26.18,0,15,0.574
1,15.9,0,3,1.119
3,21.61,1,3,1.36
1,2.74,1,4,0.321
3,21.92,1,13,0.851
4,13.09,1,3,0.018
3,11.7,1,8,0.666
1,2.16,0,14,0.2
2,1.9,1,10,0.046
3,28.71,0,0,1.34
2,23.05,1,6,0.692
3,19.91,0,13,1.166
4,6.29,0,15,0.01
4,7.04,0,0,0.01
0,18.19,0,23,4.278
2,29.34,1,8,0.915
2,2.45,0,23,0.106
2,2.53,0,11,0.057
2,24.46,0,1,0.871
3,12.96,0,16,0.708
3,26.21,0,19,1.798
0,11.72,0,14,1.566
0,8.75,1,21,1.936
3,9.14,1,22,0.3
2,0.98,1,8,0.049
1,21.73,0,19,2.669
3,3.88,0,23,0.143
0,23.86,1,18,4.893
1,1.08,0,4,0.068
2,17.9,1,12,0.915
1,1.44,1,9,0.154
0,1.54,1,14,0.229
4,5.1,0,17,0.01
4,12.1,1,12,0.018
0,1.32,0,23,0.223
1,0.89,0,2,0.073
2,7.32,0,5,0.283
1,18.24,1,17,2.049
3,11.96,0,8,0.744
3,5.0,0,15,0.326
3,4.38,0,9,0.278
0,7.8,0,7,1.378
2,9.04,1,10,0.288
1,21.04,0,14,1.464
3,6.97,0,16,0.293
0,17.39,1,16,4.152
0,7.79,0,20,2.16
0,2.38,0,4,0.313
1,19.71,0,15,1.339
2,9.58,1,12,0.275
4,26.6,0,6,0.041
1,12.58,0,21,1.014
3,7.7,0,8,0.31
2,2.89,1,5,0.14
4,4.66,0,4,0.01
4,6.39,1,1,0.01
4,12.7,0,16,0.015
3,17.8,0,0,1.074
2,13.69,0,18,0.56
4,19.99,0,2,0.024
4,12.87,1,12,0.015
0,4.13,1,22,1.107
1,15.5,0,19,1.341
4,13.36,1,5,0.025
1,20.03,1,18,1.635
3,24.84,0,4,1.228
4,20.11,1,5,0.021
1,10.56,1,3,0.943
1,27.87,0,4,2.22
4,3.03,0,8,0.01
4,21.3,0,1,0.031
2,8.65,0,2,0.318
0,19.86,0,20,4.118
4,20.25,1,1,0.022
0,1.55,0,1,0.28
4,2.28,0,12,0.01
2,29.33,0,5,1.247
2,9.8,1,2,0.398
0,10.72,0,0,1.328
4,29.79,0,4,0.051
4,24.51,0,17,0.032
4,6.73,1,3,0.015
2,19.8,0,23,1.032
4,9.05,0,10,0.012
0,15.24,0,3,2.124
0,6.08,1,23,0.927
4,0.58,1,10,0.01
3,8.34,1,0,0.625
1,20.02,1,6,1.62
2,14.63,0,8,0.459
2,17.98,0,6,0.523
1,28.1,0,13,2.744
2,6.56,0,12,0.287
2,10.01,1,5,0.344
4,10.93,0,22,0.016
2,17.64,1,11,0.841
3,16.2,0,17,1.04
0,12.57,0,15,2.792
4,13.15,0,3,0.01
0,13.78,1,23,3.053
2,10.23,1,1,0.319
1,14.5,1,16,1.673
3,13.49,1,9,0.51
1,25.47,0,10,2.847
0,18.14,0,23,3.223
1,9.86,0,0,0.838
1,2.35,0,5,0.235
1,9.53,1,12,0.842
4,25.94,1,0,0.052
3,9.69,0,13,0.416
0,12.92,1,8,2.946
2,25.32,1,14,1.095
2,14.24,1,13,0.316
4,13.34,1,21,0.027
0,24.01,1,11,4.663
2,12.89,1,15,0.481
3,5.21,1,3,0.381
1,22.13,1,7,2.068
4,8.92,0,5,0.018
1,12.27,0,9,1.21
0,19.46,1,9,3.209
4,27.27,0,23,0.016
4,24.26,0,5,0.021
3,27.69,0,7,0.963
3,25.0,1,22,1.13
4,13.74,1,7,0.013
0,2.62,1,5,0.568
1,1.62,1,20,0.126
0,17.69,1,0,4.259
4,26.0,1,23,0.018
0,11.68,1,18,2.762
2,16.25,0,17,0.74
4,6.37,1,3,0.011
4,24.3,0,18,0.031
2,14.49,0,13,0.318
4,23.45,0,18,0.03
1,29.59,0,17,2.13
1,27.54,0,23,2.601
1,7.58,0,17,0.602
0,21.42,0,1,3.987
3,0.78,1,6,0.031
2,18.26,1,5,0.43
4,12.7,0,1,0.024
1,2.35,1,6,0.231
3,4.36,1,4,0.248
3,27.87,1,19,1.908
3,0.57,0,16,0.042
1,8.18,1,1,0.803
1,16.93,1,20,2.26
4,18.9,1,23,0.028
4,21.17,1,21,0.041
2,7.63,0,15,0.17
4,28.99,0,14,0.039
2,1.28,1,0,0.059
4,10.53,1,9,0.017
0,14.41,1,3,3.82
4,26.71,0,3,0.018
1,15.01,1,13,1.37
0,28.7,1,0,6.936
3,12.64,1,12,0.554
3,6.23,0,19,0.252
0,26.82,0,12,4.701
0,17.82,1,7,2.583
2,28.18,0,19,0.905
3,7.1,0,13,0.289
0,9.66,1,22,2.352
0,29.96,1,10,8.046
3,19.39,1,14,1.159
4,27.52,1,5,0.028
2,14.79,0,22,0.757
3,3.92,1,11,0.197
1,13.77,0,4,1.023
0,29.23,0,8,4.454
1,17.21,0,6,1.423
4,17.06,1,12,0.026
3,13.08,0,18,0.403
0,7.91,1,16,1.652
1,13.27,0,21,1.342
0,19.88,1,10,5.4
0,7.2,1,5,0.992
4,8.52,0,7,0.01
2,24.3,0,10,0.938
2,21.38,1,10,0.898
1,24.86,1,6,1.995
4,16.78,1,17,0.019
4,12.77,1,17,0.01
2,25.74,1,11,0.927
1,8.4,0,2,0.679
0,8.27,1,6,1.718
4,16.32,1,11,0.015
1,1.84,0,12,0.147
1,1.81,0,2,0.151
0,18.28,0,18,2.909
4,16.48,0,9,0.031
1,13.56,1,6,0.937
1,11.42,1,23,1.201
3,1.91,0,11,0.073
2,15.12,0,10,0.491
0,3.75,1,5,0.897
4,19.87,0,15,0.019
1,19.33,1,22,1.428
1,24.03,1,18,2.073
4,7.44,1,9,0.013
3,9.6,0,6,0.474
4,6.81,0,11,0.01
1,17.83,1,12,1.477
3,13.92,0,15,0.913
0,25.84,0,23,5.511
1,26.15,1,11,2.288
1,16.57,0,12,1.17
3,23.29,0,1,1.443
1,13.8,1,10,1.731
1,21.47,1,10,1.849
4,26.73,1,16,0.032
1,2.7,0,3,0.263
4,18.66,1,7,0.014
3,14.0,1,8,0.481
3,27.71,0,4,1.422
3,24.34,1,16,1.169
4,6.55,1,16,0.014
0,22.31,0,3,5.5
2,5.92,1,1,0.167
2,2.28,0,20,0.054
2,3.95,0,7,0.121
0,13.44,1,13,3.414
0,26.44,0,18,7.249
3,2.34,1,7,0.151
2,11.87,0,15,0.445
3,10.79,0,11,0.537
3,4.69,0,10,0.228
3,22.98,1,3,1.011
0,4.64,1,23,1.085
4,16.71,0,10,0.025
3,8.43,1,3,0.702
0,9.33,0,10,2.228
2,27.14,0,21,1.273
0,15.33,1,10,4.558
1,27.6,0,19,2.991
3,22.77,0,17,0.984
3,5.25,0,23,0.2
4,8.79,1,14,0.01
2,18.87,1,3,0.597
4,9.2,0,10,0.012
0,0.76,1,2,0.139
0,9.27,0,22,1.396
4,6.46,1,17,0.01
2,10.06,0,7,0.297
2,3.33,0,14,0.133
3,26.6,1,10,0.938
4,12.84,0,15,0.022
3,13.64,0,10,0.745
1,3.01,1,9,0.282
0,13.24,0,5,2.213
4,29.74,1,3,0.059
0,24.32,1,3,5.763
2,4.31,0,2,0.13
1,14.03,1,2,0.885
1,21.13,1,3,1.581
2,2.73,0,20,0.121
0,3.57,1,4,0.801
2,15.45,0,14,0.753
0,1.64,1,16,0.313
0,27.74,1,13,4.749
4,17.22,0,7,0.034
2,28.86,1,13,0.836
2,26.26,0,12,1.003
1,19.34,1,21,2.233
3,21.16,1,4,1.144
4,1.71,0,15,0.01
0,6.57,0,4,1.178
0,9.52,0,21,1.489
3,8.5,1,13,0.289
4,22.26,1,16,0.038
2,20.59,1,3,0.948
3,26.98,1,9,1.139
3,9.57,1,20,0.544
1,15.06,1,5,1.785
1,23.07,1,15,2.574
4,19.98,1,20,0.012
4,11.79,1,23,0.016
4,20.8,1,10,0.016
1,21.83,0,22,1.918
0,17.73,1,3,3.44
3,16.2,1,3,0.608
2,5.17,0,17,0.152
0,16.06,0,2,3.998
4,26.03,1,13,0.062
1,11.63,1,10,1.237
0,1.48,1,17,0.239
1,14.59,0,5,1.038
0,20.96,0,6,5.06
1,1.78,1,9,0.129
4,25.49,1,4,0.049
3,12.48,1,5,0.861
0,19.39,1,18,3.967
2,16.9,0,20,0.611
1,27.7,1,23,2.06
4,11.43,0,10,0.01
2,2.71,0,17,0.12
1,20.08,0,4,1.754
2,20.39,0,2,0.44
2,8.8,1,0,0.374
1,3.72,1,19,0.39
4,4.13,0,10,0.01
0,2.62,1,4,0.756
4,23.39,1,23,0.053
0,21.83,0,5,5.204
1,0.75,1,16,0.089
4,23.82,0,8,0.042
1,27.52,0,14,1.97
3,10.59,1,1,0.581
1,13.03,0,12,1.306
1,29.71,1,21,2.574
0,23.89,0,23,3.139
0,26.9,0,20,7.161
4,19.59,1,15,0.024
3,5.11,1,3,0.225
0,25.7,0,2,5.353
4,23.83,1,16,0.033
4,15.91,1,20,0.01
2,2.11,1,0,0.116
4,28.56,0,19,0.055
3,20.16,0,7,0.691
4,29.23,0,8,0.056
3,16.78,0,20,0.958
2,8.15,0,23,0.233
0,14.17,1,18,4.305
1,15.24,0,4,1.135
0,15.53,1,0,2.883
1,21.1,0,15,1.384
2,16.36,0,13,0.556
1,23.18,1,19,1.924
0,18.72,0,13,3.996
0,28.03,1,13,4.431
2,28.17,0,20,0.935
2,1.89,0,19,0.051
3,21.27,0,21,0.794
2,24.97,1,15,0.937
3,29.68,0,21,1.109
0,19.05,0,11,3.196
0,25.28,0,5,3.272
1,8.79,1,8,0.986
1,28.16,0,10,2.877
1,13.84,0,11,1.614
4,11.79,0,20,0.019
2,10.62,0,13,0.393
4,26.74,1,17,0.025
1,28.71,1,23,2.727
0,5.52,0,10,0.951
3,16.31,1,15,0.869
0,17.18,0,17,3.333
4,3.36,1,1,0.01
4,24.1,0,3,0.026
3,19.23,1,2,0.748
4,17.14,0,4,0.01
4,10.5,1,10,0.01
0,21.65,0,7,3.088
2,25.04,1,20,0.976
0,25.59,0,17,4.134
0,19.84,0,22,2.728
3,22.0,0,15,1.432
4,5.92,1,0,0.011
0,6.05,1,7,1.649
0,12.56,0,7,2.916
3,3.39,1,3,0.157
4,6.2,1,7,0.012
1,17.94,1,5,1.771
3,23.34,0,9,0.823
2,3.51,0,1,0.144
3,14.29,0,19,0.654
1,11.34,0,0,0.978
1,24.97,0,3,2.161
2,20.92,0,5,0.706
1,13.12,0,21,1.139
0,12.51,0,6,2.281
0,27.87,1,21,4.923
3,20.39,0,5,1.203
1,10.13,0,3,0.812
1,1.6,0,16,0.106
2,25.71,0,4,0.887
4,13.02,0,13,0.014
0,22.99,1,5,5.542
1,6.41,1,7,0.618
2,8.31,1,8,0.198
4,11.12,0,11,0.016
2,10.18,0,12,0.288
1,4.26,0,9,0.353
2,24.12,0,14,1.07
3,21.07,1,11,1.08
3,10.04,1,7,0.561
0,20.37,1,22,5.612
0,5.51,1,8,1.012
0,5.37,1,10,1.146
3,7.87,0,0,0.365
1,11.39,1,2,1.095
3,14.61,0,17,0.639
4,6.0,1,15,0.012
4,13.7,0,12,0.01
1,24.09,0,4,1.654
4,20.3,1,18,0.018
2,16.09,0,5,0.76
0,20.83,0,8,4.835
1,10.78,0,2,1.112
4,15.27,1,3,0.029
4,25.07,1,16,0.025
4,5.2,0,0,0.01
2,14.05,1,3,0.342
3,15.92,0,11,0.503
1,19.42,0,19,1.638
4,4.76,0,19,0.01
0,9.19,1,2,1.654
4,20.19,0,3,0.031
0,29.69,0,7,3.998
3,13.69,0,6,1.021
4,4.95,1,15,0.01
3,25.09,1,10,1.776
2,15.79,1,14,0.772
4,12.09,0,4,0.025
3,2.49,1,14,0.137
0,16.78,0,3,3.01
0,12.11,1,7,1.903
0,10.19,1,8,2.341
1,22.84,1,5,1.911
4,28.98,0,9,0.021
0,3.42,1,17,0.703
2,26.54,0,11,0.539
3,27.03,1,18,1.004
3,18.78,0,13,1.258
0,16.87,1,20,5.139
1,16.26,0,9,1.374
2,12.8,1,14,0.529
4,8.41,1,3,0.013
0,24.97,0,18,3.929
1,22.26,0,12,1.339
2,19.59,0,4,0.426
2,8.48,0,19,0.406
3,15.68,1,18,0.951
3,22.48,0,18,1.48
0,27.77,0,11,6.11
2,21.09,0,19,0.689
1,8.23,0,11,0.619
1,4.79,0,19,0.391
0,16.98,1,13,3.949
0,19.56,0,1,3.768
0,15.99,0,10,3.377
4,4.25,1,23,0.01
4,26.88,1,18,0.058
1,4.69,0,21,0.386
2,25.12,1,6,0.906
2,8.28,0,4,0.412
1,8.53,1,3,0.656
1,28.88,0,15,2.758
1,26.32,1,3,1.93
2,1.64,1,2,0.043
2,8.65,0,14,0.253
4,27.84,0,8,0.017
2,6.25,0,17,0.201
0,18.32,0,7,2.769
3,29.15,0,17,1.173
3,27.79,0,0,1.034
0,19.92,0,6,3.749
2,24.86,1,23,0.731
4,27.49,0,4,0.021
0,9.15,1,0,2.644
3,24.11,1,17,1.102
3,27.96,1,8,1.998
1,11.38,0,2,1.028
0,5.27,1,7,0.86
2,10.71,1,19,0.377
4,18.45,0,7,0.017
4,5.11,0,15,0.01
3,28.27,0,23,1.828
1,22.82,1,1,2.228
4,1.89,1,9,0.01
2,16.35,1,3,0.875
4,17.97,1,13,0.031
3,6.61,1,12,0.329
1,6.12,0,22,0.571
0,15.17,0,8,2.269
3,6.92,1,22,0.498
2,16.95,0,1,0.658
2,1.6,0,13,0.053
0,5.99,0,4,1.044
3,22.19,0,14,0.943
4,27.53,0,22,0.036
3,10.05,1,20,0.481
1,7.9,1,13,0.743
0,13.92,1,0,3.748
2,23.24,0,10,0.727
1,4.58,1,9,0.484
2,12.72,1,18,0.723
2,20.08,0,13,0.844
4,8.29,0,14,0.011
0,27.4,1,13,6.73
4,0.95,1,20,0.01
3,17.2,1,12,0.782
3,14.94,1,13,1.032
4,17.59,0,8,0.017
4,23.99,0,21,0.021
2,23.35,1,1,1.256
2,8.68,0,17,0.345
4,6.83,1,16,0.014
1,5.1,1,23,0.491
2,29.68,1,21,1.481
0,6.37,1,5,1.436
1,19.26,0,21,2.206
2,23.64,1,7,0.643
2,17.41,1,13,0.608
2,21.92,1,11,1.138
1,10.52,0,14,0.912
0,25.54,0,6,4.397
4,20.65,0,20,0.016
1,22.2,1,14,2.167
2,27.14,1,2,1.19
2,17.29,1,11,0.909
1,5.26,1,1,0.584
4,20.26,0,15,0.024
4,26.04,1,11,0.026
3,23.79,1,22,1.01
4,21.92,1,11,0.047
2,20.21,0,17,0.917
0,11.58,0,4,1.597
2,2.26,1,2,0.097
3,2.0,0,9,0.064
0,15.95,0,14,2.436
4,1.72,0,5,0.01
2,29.86,1,18,1.349
2,2.67,0,4,0.103
1,17.72,1,17,1.56
4,24.15,1,7,0.049
2,6.2,1,11,0.203
4,1.05,0,6,0.01
4,2.02,0,17,0.01
3,13.91,1,21,0.753
1,5.64,1,9,0.551
2,1.07,0,11,0.045
3,3.62,0,4,0.18
4,16.69,1,8,0.032
3,27.6,1,13,1.25
0,14.9,1,3,3.91
4,5.41,1,10,0.01
1,21.6,0,14,1.543
4,29.47,1,8,0.039
4,0.68,0,18,0.01
0,26.13,0,7,5.344
0,2.25,1,17,0.682
2,4.77,0,16,0.215
1,4.72,1,12,0.509
1,14.5,1,14,1.116
2,5.62,0,1,0.198
1,8.73,1,20,0.7
3,29.83,1,18,1.226
1,11.29,1,18,0.913
3,9.04,1,11,0.624
1,23.55,1,14,2.138
2,7.38,0,19,0.198
1,5.66,1,4,0.533
0,27.82,0,20,4.439
4,12.72,0,2,0.01
0,29.2,1,14,7.924
4,20.17,0,12,0.03
3,6.88,1,12,0.529
2,6.6,1,7,0.353
0,26.64,1,1,5.189
1,14.5,1,12,1.408
2,27.86,0,9,0.55
4,27.74,0,0,0.025
3,25.42,0,0,0.959
4,28.93,1,12,0.023
3,3.92,0,14,0.266
4,8.5,0,7,0.01
3,4.3,0,21,0.212
3,4.91,1,7,0.243
0,14.47,1,20,3.802
0,11.44,1,7,2.413
3,9.04,1,10,0.563
0,10.63,1,16,2.96
1,10.8,1,15,0.865
0,8.6,0,21,2.194
4,12.75,0,10,0.01
1,23.5,0,5,2.296
2,28.16,0,9,0.697
2,11.77,0,21,0.393
4,1.77,0,3,0.01
3,15.72,0,13,0.869
0,12.27,1,4,2.865
0,22.87,1,8,4.356
0,22.7,0,2,5.231
4,6.98,0,4,0.014
0,26.59,1,23,6.861
1,5.97,1,9,0.628
3,20.31,0,18,1.294
3,6.07,1,19,0.422
1,16.42,0,16,1.472
2,7.33,0,23,0.308
4,22.94,0,9,0.037
0,28.93,1,23,6.855
2,22.25,0,12,0.539
1,24.94,0,11,2.086
4,15.1,0,11,0.022
3,14.43,0,17,0.455
3,5.97,1,8,0.22
4,9.27,1,15,0.02
0,16.48,0,17,3.749
4,18.68,0,18,0.032
3,26.26,1,16,1.062
1,11.21,0,22,0.754
0,14.47,0,9,3.971
2,5.39,1,16,0.17
0,16.76,0,16,2.779
2,2.74,0,12,0.128
0,18.68,0,13,4.646
2,26.81,0,9,0.835
3,12.17,0,1,0.639
0,27.19,0,7,6.469
1,12.55,1,9,0.936
4,13.69,0,0,0.023
2,10.06,1,12,0.515
4,16.81,0,22,0.019
1,27.78,1,15,2.351
1,12.01,1,0,0.923
1,11.46,0,9,1.161
0,20.42,1,17,4.428
3,6.89,0,9,0.339
2,16.63,1,21,0.497
0,21.48,0,10,4.847
1,4.01,0,0,0.397
3,3.75,0,6,0.126
0,27.22,1,6,4.467
4,1.01,1,14,0.01
3,17.59,0,3,1.116
0,9.97,0,13,1.6
4,12.35,0,14,0.023
0,2.33,1,19,0.423
4,16.98,0,10,0.024
1,18.81,0,11,1.366
4,9.33,1,22,0.021
4,1.7,1,1,0.01
4,3.28,1,13,0.01
4,27.39,1,12,0.029
1,19.88,0,13,2.006
3,26.97,0,16,1.704
1,6.77,1,6,0.532
0,24.91,0,17,5.255
3,12.75,1,5,0.787
2,18.18,1,15,0.945
3,26.61,1,8,1.483
0,6.74,1,9,1.475
4,3.02,1,4,0.01
0,0.75,1,1,0.115
2,26.05,1,15,0.842
4,5.83,0,22,0.01
4,3.01,1,4,0.01
2,11.04,0,11,0.235
4,21.11,0,20,0.016
2,26.44,0,2,0.847
0,19.44,0,8,4.352
2,3.56,1,8,0.177
1,0.93,0,4,0.095
1,5.49,0,5,0.544
4,23.91,0,0,0.018
0,21.24,0,14,5.0
2,3.64,0,23,0.165
3,11.78,1,9,0.823
2,13.28,0,16,0.377
3,9.03,0,4,0.474
2,14.68,1,12,0.782
3,3.21,1,19,0.137
0,3.41,0,23,0.579
1,20.25,1,4,2.155
4,2.09,1,12,0.01
2,15.32,1,21,0.725
3,26.3,0,1,1.267
1,15.19,0,3,1.262
3,29.66,0,17,1.509
3,1.81,1,18,0.098
4,18.52,1,6,0.04
0,11.52,0,16,1.927
3,12.16,1,3,0.912
2,5.53,0,22,0.182
1,29.8,0,5,2.5
1,19.22,0,3,1.716
4,18.69,0,4,0.028
4,1.6,1,19,0.01
0,11.96,0,0,2.223
4,14.0,0,22,0.014
4,18.86,1,9,0.011
0,9.72,1,15,2.674
3,2.84,1,3,0.217
4,8.3,1,7,0.013
0,8.9,0,23,1.945
4,8.53,0,17,0.01
3,14.4,0,18,0.595
3,28.3,1,19,2.07
0,29.12,0,15,6.382
2,29.36,0,19,1.107
3,8.86,1,10,0.408
2,28.63,1,8,1.009
2,25.4,0,11,0.538
0,14.41,1,14,2.554
1,12.94,0,7,0.865
2,16.55,1,19,0.754
0,29.01,0,13,5.76
1,25.63,1,16,1.989
3,25.36,1,18,1.784
3,10.59,1,7,0.684
1,27.9,0,2,1.948
3,16.65,1,5,0.873
2,1.63,1,17,0.071
0,9.03,1,22,1.531
4,17.09,1,3,0.011
0,22.77,0,6,3.644
0,2.66,0,23,0.461
3,26.19,1,0,1.807
4,1.46,1,19,0.01
0,23.91,0,2,4.72
3,14.08,1,16,1.081
0,5.37,0,11,1.623
3,13.93,1,21,0.878
4,29.75,1,5,0.033
2,18.87,0,17,0.529
3,23.78,1,19,1.274
1,29.77,1,15,3.246
3,1.36,0,4,0.047
2,13.22,0,22,0.288
3,21.09,0,18,0.864
0,12.24,1,23,2.604
0,14.94,0,15,2.999
3,13.85,0,7,1.032
2,28.15,1,23,0.858
4,12.05,1,14,0.012
3,24.93,1,20,1.532
2,24.03,1,3,0.611
3,1.85,1,15,0.073
4,9.51,1,2,0.018
2,14.95,1,4,0.443
3,19.24,0,19,0.882
0,10.18,1,13,2.222
1,8.77,1,11,0.762
0,4.65,1,0,0.71
1,5.67,0,9,0.504
0,9.06,1,8,1.872
2,7.31,0,1,0.289
0,10.43,0,13,1.579
1,0.6,1,10,0.045
3,2.53,1,1,0.133
3,12.04,0,5,0.525
2,21.73,0,0,1.043
3,6.41,0,6,0.28
1,10.07,0,23,0.679
4,9.04,0,5,0.013
3,4.32,0,18,0.19
0,29.54,1,13,5.387
4,12.29,1,22,0.012
4,15.15,1,18,0.01
1,15.26,0,3,1.238
3,8.59,0,19,0.316
3,20.9,1,23,1.653
3,7.61,0,6,0.34
1,2.16,0,14,0.232
1,22.64,0,13,1.7
0,16.86,0,17,3.407
0,7.73,1,19,1.591
3,8.49,1,11,0.379
4,5.68,1,8,0.012
4,11.22,0,16,0.017
3,11.3,1,3,0.83
4,2.42,1,10,0.01
0,3.6,0,1,0.535
2,15.07,0,9,0.634
4,8.2,0,23,0.017
3,13.91,1,14,0.99
3,10.1,0,12,0.381
1,6.09,1,21,0.6
2,10.59,0,7,0.249
1,20.52,1,21,2.068
3,18.04,1,16,1.181
1,13.83,0,11,1.394
1,1.13,0,13,0.106
3,6.95,0,11,0.279
3,17.82,0,23,1.344
4,15.79,0,23,0.016
4,21.39,1,20,0.03
1,29.3,0,14,2.474
1,29.56,1,18,3.192
4,27.72,0,3,0.031
3,5.2,0,5,0.202
3,22.34,0,15,0.778
1,9.85,0,13,0.979
3,29.94,1,0,1.709
2,8.82,1,11,0.446
0,6.56,1,22,0.949
0,25.18,1,10,7.714
1,1.17,1,22,0.129
4,24.79,1,2,0.057
2,13.47,1,19,0.345
2,4.78,0,0,0.166
0,18.19,1,11,4.8
2,18.19,0,7,0.738
1,18.18,1,9,2.191
4,11.68,0,15,0.019
2,19.77,0,17,0.625
0,12.58,1,0,3.61
3,25.35,0,3,1.283
2,9.97,1,18,0.294
2,28.85,1,12,1.038
0,17.4,0,5,2.678
2,25.39,1,20,1.396
4,1.32,1,22,0.01
3,10.34,1,9,0.72
3,16.79,1,19,0.817
3,4.41,0,23,0.243
2,28.07,1,20,0.892
0,15.66,0,22,2.141
3,17.72,0,5,1.18
0,26.02,1,18,4.142
2,21.59,1,10,0.658
0,16.73,0,7,2.481
0,11.09,0,5,1.995
2,12.08,0,15,0.549
3,6.34,0,5,0.401
2,1.57,1,6,0.078
4,23.26,0,10,0.032
0,28.25,0,7,6.097
0,5.27,0,21,1.114
4,2.18,0,8,0.01
4,16.82,0,15,0.01
0,20.86,1,1,5.087
1,28.94,0,7,2.027
2,25.28,1,6,0.801
1,3.72,0,5,0.31
0,20.24,1,16,3.831
3,26.22,0,7,1.471
2,9.65,1,13,0.323
1,7.35,0,16,0.667
3,9.37,1,16,0.552
2,6.61,0,17,0.25
3,25.75,1,8,1.571
2,20.22,1,22,0.808
3,25.87,1,10,1.305
1,10.95,1,9,0.943
1,6.0,1,14,0.466
3,3.52,1,2,0.241
1,21.63,1,23,2.032
0,29.84,1,8,6.947
1,27.01,0,17,1.864
3,20.97,0,18,0.74
1,25.5,1,7,2.08
2,21.37,0,0,1.106
3,24.48,1,23,1.065
0,12.14,1,17,2.705
1,4.83,0,13,0.379
0,21.45,1,22,4.007
1,12.94,1,14,1.183
2,2.8,1,8,0.087
2,15.53,0,13,0.542
4,11.84,1,12,0.025
0,25.28,1,13,5.824
4,12.85,0,7,0.012
4,28.47,0,1,0.034
1,18.21,1,4,1.682
4,1.0,1,23,0.01
4,18.08,1,18,0.024
2,4.42,1,13,0.234
0,8.65,0,4,1.912
3,1.77,0,3,0.094
1,17.35,0,14,1.158
0,10.91,1,15,2.59
3,5.19,0,16,0.249
0,16.33,0,8,4.08
3,2.58,0,23,0.123
4,6.33,1,4,0.014
0,7.49,1,4,1.826
0,29.47,1,14,6.647
4,13.47,0,11,0.01
2,26.14,0,14,1.1
0,11.11,1,14,2.892
0,16.23,1,12,3.417
1,18.17,1,11,2.257
4,13.89,1,18,0.02
4,24.45,0,10,0.024
0,13.86,0,11,3.714
2,29.13,0,2,0.688
2,5.79,0,6,0.233
3,0.71,0,20,0.052
2,16.88,1,17,0.691
4,6.68,1,7,0.011
2,23.44,0,23,0.587
0,28.17,1,0,6.902
2,23.23,1,4,0.861
3,18.07,0,23,0.81
4,27.1,1,15,0.053
0,13.46,1,13,3.886
0,29.02,1,0,6.677
2,7.38,1,9,0.237
4,24.29,1,2,0.016
2,4.11,0,10,0.098
0,25.07,0,23,5.457
2,1.89,1,1,0.108
1,23.26,1,9,2.77
2,15.17,0,0,0.336
0,12.05,0,15,2.763
0,3.2,1,9,0.611
2,3.94,0,22,0.174
0,1.16,1,18,0.25
0,27.54,1,21,5.294
3,14.05,0,6,0.885
1,1.97,0,21,0.195
4,9.97,0,22,0.014
2,17.29,0,0,0.807
0,17.1,1,9,3.189
3,21.9,0,7,1.411
0,17.49,0,5,3.147
0,14.05,0,4,3.322
2,27.67,0,22,0.865
4,25.04,0,10,0.016
1,24.29,0,14,1.512
2,26.89,0,21,0.942
0,6.62,0,9,1.271
2,27.25,1,9,1.419
4,27.66,1,10,0.029
1,15.58,1,19,1.256
4,10.82,0,13,0.018
3,20.92,1,18,1.395
1,17.84,0,5,1.472
0,2.4,1,8,0.762
3,1.53,0,5,0.055
2,29.48,1,6,1.475
3,7.73,0,10,0.401
3,17.21,0,3,0.763
1,18.62,0,20,2.12
3,0.52,1,3,0.035
1,2.87,0,15,0.276
1,23.44,1,14,1.788
2,20.21,0,1,1.027
2,12.21,0,23,0.408
3,11.23,1,20,0.593
1,23.91,1,3,2.372
1,19.83,1,13,1.676
1,20.78,0,14,1.443
0,28.28,1,16,5.787
0,2.28,0,2,0.396
2,15.58,1,10,0.63
0,23.86,1,23,4.497
1,23.44,1,6,2.204
1,3.78,1,14,0.27
3,15.54,1,12,0.632
2,27.61,0,21,0.826
0,13.85,1,17,2.755
2,17.31,0,12,0.751
0,7.2,0,22,1.118
0,0.76,1,8,0.193
2,19.55,0,20,0.65
4,26.44,1,21,0.024
2,21.24,0,21,0.818
2,18.61,0,2,0.754
1,2.1,0,9,0.182
1,14.86,0,11,1.494
0,11.42,1,21,2.377
3,26.37,0,2,1.246
3,24.16,1,5,0.88
2,15.39,0,4,0.418
0,4.0,0,12,0.906
3,20.14,0,1,0.824
0,2.5,0,22,0.474
0,6.09,0,11,1.07
3,3.63,0,20,0.202
4,4.84,1,10,0.01
0,23.4,1,19,4.311
4,5.1,1,2,0.01
4,19.98,0,19,0.029
0,22.57,1,19,4.759
3,9.51,0,11,0.552
4,26.75,0,21,0.037
4,9.24,1,16,0.016
0,7.72,0,18,1.457
2,11.71,1,18,0.427
2,4.16,0,7,0.106
0,13.23,1,14,3.015
4,24.63,0,6,0.033
1,16.79,1,0,1.316
2,26.17,1,5,1.377
4,8.9,0,7,0.011
1,11.58,0,11,1.152
4,27.73,1,15,0.053
4,25.54,0,1,0.021
0,26.57,1,2,6.226
2,14.77,0,5,0.452
0,19.74,1,15,4.761
0,4.6,1,0,0.889
3,23.81,0,12,1.121
2,3.5,1,1,0.128
1,28.65,0,17,3.008
4,9.65,1,4,0.017
2,2.43,0,3,0.1
4,22.62,0,22,0.037
0,14.84,0,20,2.894
1,3.43,1,17,0.353
4,3.78,1,22,0.01
2,29.06,0,10,0.793
3,29.47,1,8,1.395
4,13.59,0,1,0.016
4,13.46,0,0,0.027
0,18.36,0,13,2.863
2,25.33,0,10,0.872
1,7.61,1,10,0.838
1,23.3,1,4,2.304
4,28.75,1,22,0.047
2,8.12,1,2,0.253
1,20.73,0,17,1.532
0,9.88,1,8,1.745
3,18.38,1,4,1.082
1,2.99,1,11,0.335
0,8.12,0,8,2.057
4,26.26,1,19,0.036
4,29.0,0,13,0.036
0,19.2,0,4,2.444
2,0.82,0,19,0.029
0,8.36,0,10,1.323
2,6.23,1,4,0.262
1,10.07,0,11,0.948
3,13.64,0,18,0.778
4,12.5,0,6,0.013
1,18.91,1,4,1.627
4,26.41,1,20,0.022
2,28.78,0,4,1.302
4,29.57,0,11,0.016
1,2.62,1,6,0.242
0,7.79,0,9,1.763
4,17.18,1,5,0.019
2,2.15,0,14,0.105
0,26.46,0,21,6.446
1,16.38,0,21,1.348
3,19.15,1,23,0.663
2,17.07,0,1,0.565
1,27.64,0,9,3.058
2,6.43,1,4,0.187
4,4.19,0,16,0.01
4,27.21,0,13,0.047
0,9.13,0,3,1.413
1,18.03,1,2,1.346
3,9.36,0,18,0.568
3,0.76,0,11,0.028
0,16.23,1,16,3.536
1,23.37,0,4,1.677
1,9.2,1,11,0.89
0,24.65,1,11,5.004
2,22.08,0,9,0.82
1,10.5,1,22,0.842
4,15.37,1,4,0.036
3,18.73,1,2,0.829
4,15.56,0,12,0.015
2,7.37,0,4,0.365
0,16.31,0,4,3.459
2,16.85,0,15,0.769
3,26.22,0,1,1.039
4,11.5,1,21,0.01
1,8.1,1,6,0.88
2,28.12,0,13,1.318
4,27.57,1,22,0.03
2,6.56,0,2,0.189
2,12.17,1,22,0.474
4,26.99,1,15,0.023
2,10.24,0,8,0.367
0,8.17,0,20,2.196
0,14.26,0,10,2.861
2,6.49,1,11,0.208
3,4.35,0,10,0.2
3,9.5,1,13,0.627
0,17.89,0,3,2.944
2,9.29,1,8,0.381
0,7.36,1,12,2.032
4,29.47,1,14,0.03
4,2.96,0,16,0.01
4,28.07,0,7,0.036
3,28.22,1,16,2.258
1,5.0,0,8,0.37
4,18.28,0,11,0.012
1,5.19,1,16,0.42
0,20.32,1,16,5.762
4,22.5,1,20,0.019
2,4.24,1,0,0.129
2,18.07,1,7,0.457
1,8.9,1,19,0.848
3,7.21,1,21,0.354
3,7.81,1,7,0.56
0,23.45,0,4,4.731
2,28.06,0,4,0.765
0,0.54,1,10,0.13
3,9.72,0,8,0.433
1,21.45,0,0,2.264
3,9.99,1,18,0.383
4,6.49,0,13,0.01
4,21.52,1,3,0.036
4,27.12,0,19,0.021
3,25.95,1,13,1.624
1,17.01,0,20,1.443
4,15.49,1,3,0.025
2,13.03,0,14,0.434
4,8.01,0,8,0.015
4,13.25,0,20,0.023
1,1.31,1,4,0.091
2,24.39,1,7,1.286
3,23.02,1,1,1.853
3,26.83,0,6,1.979
2,16.74,0,5,0.582
1,16.73,0,15,1.528
4,4.46,1,19,0.01
2,22.42,1,6,0.893
1,27.53,0,20,2.699
1,27.52,0,9,2.956
0,8.87,1,16,1.584
1,14.2,1,4,1.133
2,13.35,0,2,0.402
1,28.76,0,20,2.846
0,13.92,0,7,2.042
2,26.16,0,12,0.796
2,6.05,0,18,0.141
1,21.87,0,15,1.558
4,10.12,1,5,0.013
2,5.73,0,5,0.231
3,10.56,1,15,0.735
1,22.39,1,17,2.066
4,13.08,0,5,0.01
3,6.3,1,2,0.419
0,8.25,0,4,1.356
1,8.36,1,21,1.143
2,11.47,0,19,0.29
2,7.93,1,8,0.408
0,26.99,1,9,6.927
4,17.62,1,17,0.011
0,2.08,0,14,0.349
2,5.83,1,1,0.217
0,20.38,1,0,2.985
1,24.1,0,0,1.961
0,11.7,1,15,1.875
3,21.91,1,6,0.884
0,1.83,1,1,0.386
4,17.12,1,9,0.019
4,19.47,1,20,0.04
0,8.21,1,11,1.669
1,9.47,1,5,0.689
3,22.62,0,21,1.174
0,12.9,1,17,2.968
0,16.08,0,15,2.817
4,7.94,1,11,0.015
0,3.58,1,21,1.111
3,21.81,0,21,1.091
4,1.7,0,5,0.01
3,26.93,1,13,1.407
0,6.86,1,12,1.423
3,7.11,1,14,0.359
0,23.84,0,18,3.848
4,17.0,1,23,0.024
0,9.11,0,20,2.466
3,16.78,1,19,1.138
3,27.5,1,7,1.852
0,4.6,1,8,1.399
0,19.96,1,4,5.423
0,9.11,0,9,1.859
2,14.1,1,15,0.534
0,2.44,0,20,0.596
0,3.52,0,19,0.845
0,28.92,1,22,7.356
3,22.67,1,9,1.514
4,24.61,0,18,0.025
3,11.01,0,18,0.706
2,2.65,1,6,0.138
2,17.64,0,8,0.675
1,4.21,0,1,0.291
4,18.37,1,20,0.01
0,20.44,0,16,5.206
2,9.91,0,0,0.513
3,23.11,0,3,1.456
3,5.52,1,6,0.418
0,15.21,0,15,3.925
1,11.86,0,11,0.888
4,16.58,0,4,0.032
0,3.12,0,8,0.554
0,17.44,1,12,4.196
0,21.84,0,21,6.021
0,0.98,1,18,0.323
2,15.33,1,1,0.789
2,16.56,0,23,0.67
2,6.19,0,5,0.269
2,10.65,1,7,0.537
2,1.24,0,18,0.061
4,5.67,1,20,0.01
0,20.16,1,9,3.497
4,6.24,1,10,0.01
1,10.2,1,17,0.837
2,17.93,1,15,0.639
3,1.27,1,23,0.047
2,26.06,1,1,1.478
4,23.44,0,6,0.028
4,28.71,1,7,0.033
2,17.94,0,7,0.553
4,21.05,1,19,0.027
2,6.65,0,23,0.163
4,15.4,1,19,0.034
4,5.03,0,9,0.01
4,13.17,0,23,0.011
2,16.3,0,11,0.697
2,10.23,0,0,0.445
4,28.91,0,16,0.021
4,28.35,1,10,0.04
4,29.96,1,0,0.031
0,13.86,1,12,3.352
3,9.96,1,7,0.672
2,29.01,1,9,1.11
0,13.86,0,21,2.939
0,19.4,1,11,5.697
3,29.59,1,11,1.346
1,11.81,1,0,0.771
1,27.45,1,3,1.984
0,26.54,1,11,4.661
0,1.0,0,14,0.143
1,0.7,0,7,0.075
1,4.49,0,23,0.426
4,20.68,1,16,0.026
0,17.51,0,18,2.905
1,29.9,1,19,3.335
2,16.09,0,9,0.746
1,16.78,1,13,1.335
2,10.04,0,6,0.276
3,22.99,0,16,1.336
2,8.87,0,21,0.327
1,18.81,1,4,2.152
2,2.06,1,3,0.079
0,5.81,0,18,1.361
3,8.3,1,3,0.348
0,2.59,0,5,0.658
3,1.85,1,19,0.076
0,14.06,0,13,1.943
3,2.59,1,17,0.192
3,25.23,0,5,1.667
3,0.55,0,3,0.026
4,26.28,0,20,0.053
1,15.14,0,20,1.735
1,27.52,1,8,2.506
1,17.79,1,15,1.357
4,19.92,1,7,0.028
2,23.79,0,14,0.72
4,4.82,0,14,0.01
0,14.86,1,22,3.568
0,9.83,1,16,2.0
4,23.61,1,16,0.031
4,17.81,0,21,0.036
2,13.03,1,17,0.418
4,18.16,0,20,0.012
1,20.59,0,15,1.502
3,17.11,0,20,1.163
3,19.14,1,22,0.695
1,8.74,0,6,0.697
3,27.33,1,0,1.342
4,10.68,1,14,0.022
1,8.02,0,5,0.59
0,19.99,0,15,4.169
2,19.36,0,22,0.532
4,29.81,1,15,0.055
3,8.81,1,10,0.711
2,1.74,0,23,0.084
3,27.23,1,2,1.966
3,10.01,1,5,0.717
2,17.84,0,15,0.45
0,1.27,1,11,0.359
1,28.68,0,14,2.322
2,26.72,1,22,1.097
0,29.48,0,20,6.153
0,21.89,0,10,4.247
0,28.11,1,23,5.037
4,17.46,1,0,0.017
2,8.64,1,8,0.282
3,24.44,0,16,1.699
3,21.13,0,22,1.241
0,10.05,0,21,1.418
3,2.16,0,20,0.144
1,20.56,0,13,1.847
4,6.35,0,22,0.01
4,23.36,1,3,0.016
4,29.49,0,1,0.026
3,0.92,1,2,0.068
4,8.43,0,5,0.01
1,13.33,1,15,1.007
3,10.42,0,3,0.709
2,3.51,1,12,0.166
2,11.82,0,20,0.444
0,13.19,1,12,1.708
3,24.78,0,17,1.55
4,18.58,1,12,0.011
1,16.87,1,21,1.665
2,9.84,1,10,0.248
0,4.59,0,14,1.038
0,4.84,1,21,0.819
1,7.47,0,11,0.834
1,27.38,0,19,2.535
0,28.3,1,18,7.355
3,2.46,0,8,0.115
1,29.75,0,8,2.168
4,2.69,0,23,0.01
2,2.99,1,13,0.094
2,13.87,1,15,0.667
2,14.12,0,9,0.344
2,25.31,1,21,0.816
3,13.1,1,18,0.573
0,13.46,1,20,3.747
2,8.83,0,21,0.302
2,6.24,0,22,0.169
2,27.26,0,7,0.822
0,24.95,1,13,5.953
4,3.52,1,17,0.01
4,7.57,1,6,0.01
2,9.92,1,21,0.454
0,12.05,0,4,1.416
2,21.62,0,1,0.575
0,23.66,1,15,3.542
0,11.99,0,7,2.808
2,15.28,1,16,0.388
4,10.73,0,14,0.02
4,5.59,0,2,0.01
1,22.22,0,16,1.438
3,29.69,0,14,1.411
4,1.99,1,18,0.01
0,20.28,1,22,2.901
4,4.0,0,1,0.01
4,24.57,0,14,0.047
2,9.82,0,18,0.255
3,19.48,0,22,0.816
0,21.27,1,3,5.338
3,22.44,1,8,1.47
3,13.57,0,0,0.719
3,26.25,1,19,1.549
0,7.3,0,18,2.198
1,17.82,1,2,1.169
1,23.76,0,9,2.269
2,26.04,1,21,1.206
3,16.35,0,15,0.586
3,12.02,1,22,0.529
2,11.65,1,2,0.295
2,4.65,1,7,0.237
0,26.39,1,6,6.968
3,13.87,1,2,0.634
2,27.51,0,17,0.921
4,17.44,0,19,0.016
2,17.42,1,21,0.99
2,8.18,0,15,0.27
4,17.63,0,14,0.025
4,1.62,0,19,0.01
4,25.03,1,11,0.04
4,19.03,0,15,0.03
1,28.41,0,19,3.357
4,12.33,1,12,0.022
2,26.34,0,12,1.143
0,25.82,1,1,6.991
4,5.8,0,12,0.01
4,27.42,0,3,0.03
2,22.59,1,18,0.948
1,22.34,1,17,2.492
4,17.59,0,22,0.03
1,26.34,0,23,2.048
0,25.43,0,19,5.152
4,26.28,0,0,0.027
4,13.1,0,9,0.012
2,14.34,0,14,0.458
2,11.28,1,23,0.3
1,27.55,0,0,2.631
1,29.44,1,19,2.867
4,20.07,0,13,0.036
0,17.44,0,21,3.311
0,4.27,1,20,1.295
2,26.08,1,8,0.798
2,23.89,0,13,0.596
0,3.52,0,16,0.835
4,18.43,1,18,0.02
2,19.83,1,21,0.824
4,3.05,1,9,0.01
3,28.98,0,1,1.111
2,24.22,0,12,0.862
4,12.36,0,22,0.018
4,26.59,0,4,0.029
3,28.87,1,20,1.227
3,4.21,1,10,0.19
3,12.6,1,7,0.7
0,27.17,1,18,8.017
0,13.83,0,0,2.435
2,26.94,1,2,0.705
1,9.09,1,3,0.737
3,9.17,0,0,0.377
2,13.17,1,16,0.412
3,27.27,1,0,1.065
0,10.36,0,5,1.409
4,20.98,1,21,0.031
2,13.99,1,11,0.461
2,8.58,0,18,0.253
3,25.11,1,7,1.025
2,14.79,1,5,0.711
4,28.05,0,18,0.016
4,15.34,0,22,0.01
1,4.4,1,8,0.555
3,19.86,0,12,0.98
2,20.99,0,22,0.928
1,2.13,1,14,0.201
1,20.33,1,3,2.165
3,22.34,1,15,0.76
2,11.2,0,0,0.37
0,23.55,0,4,6.235
0,26.19,0,14,3.64
4,4.17,1,9,0.01
3,17.56,0,12,0.757
2,15.5,1,7,0.568
3,9.35,0,12,0.57
1,7.2,0,0,0.705
2,15.34,0,13,0.711
3,21.93,1,7,1.504
3,16.41,1,1,0.892
1,29.43,1,5,2.304
4,22.07,1,10,0.046
4,10.22,0,22,0.01
1,2.58,0,1,0.158
4,5.46,0,4,0.01
2,10.83,0,9,0.422
4,10.15,0,4,0.016
2,18.12,0,8,0.558
3,3.85,0,21,0.131
1,16.08,0,3,0.942
0,24.91,0,21,5.501
4,17.92,1,18,0.022
3,6.29,1,10,0.294
3,11.31,1,11,0.67
3,27.73,0,3,1.161
3,16.79,0,15,1.098
4,9.35,1,12,0.02
1,18.68,0,1,1.311
4,27.04,0,2,0.048
2,23.08,0,7,0.666
2,18.08,0,15,0.591
1,20.88,1,0,1.927
1,6.42,1,14,0.641
4,3.61,0,19,0.01
0,5.08,0,5,1.047
3,0.82,1,21,0.043
4,19.3,1,1,0.023
0,6.73,0,1,1.697
1,17.08,1,5,1.504
4,15.83,0,11,0.027
3,25.93,1,13,1.005
2,13.48,1,17,0.684
3,26.74,0,5,1.252
2,26.32,0,0,0.896
0,25.3,1,10,7.131
1,4.61,0,12,0.335
4,23.58,0,20,0.042
3,6.69,1,15,0.378
3,27.44,1,8,1.713
4,18.55,0,19,0.017
3,5.18,0,15,0.315
0,20.2,0,16,3.154
4,20.97,1,14,0.042
3,7.74,0,17,0.4
1,10.44,0,5,0.859
2,11.61,1,20,0.531
2,7.46,1,12,0.242
0,11.54,0,15,2.321
4,4.65,1,12,0.01
0,7.45,1,23,1.938
3,16.29,0,9,0.812
1,26.21,1,14,2.629
2,1.8,0,14,0.085
0,28.57,1,4,4.734
4,27.13,1,17,0.05
0,3.54,1,5,0.664
3,15.31,1,3,0.587
1,12.56,0,9,1.268
4,25.66,1,20,0.057
1,18.46,0,7,1.178
3,4.8,1,2,0.295
0,22.08,0,9,6.483
3,28.34,1,10,1.269
0,1.13,0,9,0.239
4,17.7,1,15,0.033
4,1.8,1,13,0.01
1,6.13,0,7,0.418
1,17.53,0,19,1.818
2,29.43,0,13,1.341
0,9.75,1,20,1.758
3,22.87,1,20,1.402
4,21.49,0,13,0.027
4,29.1,0,5,0.036
4,4.27,0,6,0.01
3,28.21,1,19,1.429
0,26.5,1,20,6.056
4,14.17,1,12,0.028
4,19.88,0,20,0.025
3,9.44,0,16,0.408
0,22.7,1,15,5.446
3,20.18,0,18,0.678
1,0.92,0,1,0.061
2,4.06,1,16,0.086
1,25.6,0,10,1.703
1,8.47,1,10,0.798
2,19.29,1,4,0.991
2,19.14,1,6,0.522
0,22.33,1,4,5.581
0,16.51,0,5,2.698
1,25.74,1,18,3.108
0,26.72,0,6,4.847
2,14.62,0,9,0.452
1,0.88,0,13,0.079
3,16.58,0,19,0.888
0,5.87,0,21,1.363
4,28.13,1,10,0.049
4,4.92,1,19,0.01
3,28.52,0,21,1.96
0,11.48,0,3,2.255
1,12.52,1,8,1.23
3,23.63,1,16,1.15
2,9.74,1,18,0.407
1,17.47,0,13,1.488
0,11.28,0,19,2.2
2,16.57,0,6,0.42
0,14.47,1,14,2.049
3,17.81,0,20,1.313
4,5.83,1,7,0.011
0,8.69,1,1,1.827
3,27.18,1,5,1.703
3,12.87,1,20,0.747
4,24.65,0,8,0.029
4,29.62,1,11,0.019
3,29.3,0,5,1.963
3,3.42,0,20,0.197
2,13.38,0,5,0.528
2,9.15,0,7,0.361
2,12.99,1,6,0.669
0,5.58,0,12,0.918
1,26.16,1,14,2.006
3,20.95,1,12,1.213
3,21.87,1,19,1.524
2,13.27,1,0,0.663
0,7.02,0,4,1.363
2,28.55,0,0,0.975
4,3.94,0,11,0.01
1,14.35,1,1,1.136
3,16.52,1,8,0.653
2,16.19,0,16,0.788
2,7.8,0,21,0.156
3,28.27,1,12,1.432
2,1.29,0,17,0.034
0,26.93,0,2,4.507
2,11.94,0,16,0.419
2,19.82,1,4,0.43
1,9.83,0,17,0.962
4,22.81,0,2,0.019
1,19.39,1,7,1.47
0,6.25,0,16,0.98
4,0.76,1,10,0.01
0,12.28,0,0,1.989
3,10.07,0,6,0.537
2,24.52,0,6,0.539
1,2.43,1,21,0.199
2,18.73,1,18,0.571
1,2.5,0,2,0.256
1,26.69,1,22,2.477
3,5.49,0,23,0.321
4,22.21,0,13,0.023
3,5.95,1,17,0.41
3,26.99,0,16,1.153
3,25.87,0,2,1.753
4,21.64,0,21,0.016
2,20.5,0,8,0.907
3,25.7,1,3,0.985
4,2.79,0,19,0.01
1,12.37,0,19,1.303
1,22.79,0,1,1.993
3,26.21,1,21,1.048
4,24.78,1,5,0.015
4,5.39,0,4,0.01
4,10.21,0,19,0.013
4,20.98,0,19,0.028
0,19.71,0,11,4.221
0,6.94,0,5,1.621
1,11.67,1,4,0.89
1,5.22,0,14,0.415
1,4.62,0,23,0.361
4,1.83,1,1,0.01
4,29.11,0,10,0.024
4,26.75,1,13,0.027
3,11.05,1,12,0.64
0,25.49,0,16,4.926
1,21.33,0,1,1.545
4,2.14,1,16,0.01
1,12.4,1,10,1.335
1,29.45,1,16,2.418
4,15.62,1,7,0.023
3,14.57,1,2,1.223
1,26.79,0,20,2.116
2,12.07,1,10,0.656
1,12.64,1,4,1.282
4,15.33,0,5,0.023
0,26.5,0,9,6.355
1,12.13,0,23,1.093
1,15.64,1,6,1.558
0,22.34,1,12,5.3
3,13.78,1,4,0.913
1,0.53,1,15,0.06
0,2.12,1,19,0.481
3,1.05,0,4,0.038
4,17.89,1,20,0.011
2,2.01,1,14,0.085
3,24.75,0,17,1.274
0,29.51,1,20,6.141
3,6.09,0,19,0.287
1,10.45,0,10,1.139
4,20.29,1,6,0.028
1,21.61,1,13,1.765
2,22.04,0,8,0.595
2,6.21,1,18,0.216
1,20.46,0,2,1.518
3,2.52,0,9,0.174
1,11.85,1,13,1.145
2,5.08,1,0,0.247
3,17.55,0,8,1.228
2,19.83,0,8,0.669
2,25.49,0,21,0.946
2,15.87,0,11,0.768
0,3.95,0,16,0.532
2,18.67,0,17,0.814
3,4.29,0,0,0.286
4,29.33,1,18,0.052
4,7.37,0,3,0.01
3,24.06,0,11,1.59
3,26.54,0,4,0.761
0,16.22,1,0,2.444
2,9.75,0,0,0.474
1,6.82,1,6,0.54
0,9.79,0,18,1.965
2,27.11,1,13,0.968
1,16.74,0,11,1.869
2,16.65,1,4,0.59
3,22.83,0,12,1.653
4,11.79,1,17,0.021
2,9.54,1,18,0.498
2,12.96,0,1,0.473
0,15.54,0,2,2.17
3,18.58,0,2,1.191
2,1.32,0,15,0.039
2,5.88,0,13,0.156
4,27.41,1,18,0.04
4,19.75,1,2,0.029
0,7.07,1,4,1.812
2,18.06,1,7,0.453
4,28.58,0,2,0.021
0,24.84,1,7,5.621
2,12.39,0,9,0.317
4,13.52,0,3,0.01
0,12.44,0,14,2.154
2,15.83,0,14,0.695
4,9.82,1,16,0.014
4,9.85,0,3,0.01
4,12.4,0,23,0.01
3,2.37,1,20,0.121
4,19.84,0,13,0.024
3,27.03,0,0,1.318
4,22.64,1,5,0.05
3,2.35,1,8,0.152
2,2.85,0,0,0.134
2,19.82,1,7,0.71
4,10.15,0,10,0.011
3,11.02,1,19,0.489
1,20.27,1,3,2.257
0,6.45,1,13,1.582
2,17.49,1,2,0.617
4,22.13,0,12,0.037
0,28.65,1,6,5.845
0,22.57,1,21,6.303
2,26.33,1,11,1.389
2,12.33,0,2,0.446
3,22.39,0,15,0.785
0,10.86,0,3,2.246
1,26.83,1,23,2.275
2,14.72,1,23,0.415
0,20.13,0,1,3.942
3,20.92,1,3,1.477
3,20.54,1,11,1.217
0,5.93,1,15,1.506
4,11.72,0,9,0.02
1,1.79,1,7,0.171
0,2.97,0,14,0.511
0,2.6,1,1,0.732
2,15.19,1,5,0.79
4,27.73,0,9,0.026
0,27.62,0,21,4.134
3,24.95,1,3,1.734
1,3.87,1,2,0.289
4,16.51,0,0,0.031
4,14.97,0,5,0.02
3,29.62,0,10,1.821
3,17.33,1,0,1.056
3,28.31,0,2,1.36
4,26.06,1,13,0.057
2,10.94,0,18,0.254
3,3.05,1,7,0.225
1,7.98,1,2,0.592
2,12.98,1,7,0.534
3,21.22,0,14,0.718
1,26.35,0,7,1.814
4,27.58,1,10,0.026
3,17.13,1,1,0.609
2,7.36,1,13,0.271
4,27.05,0,16,0.052
1,15.24,0,3,1.409
3,27.08,1,6,1.154
2,23.62,1,4,1.379
3,27.39,0,18,1.97
4,24.23,0,4,0.046
0,18.08,1,7,4.545
3,24.17,1,6,1.573
3,5.7,0,20,0.274
1,6.08,1,9,0.769
3,4.02,1,3,0.234
4,7.4,1,12,0.012
0,16.79,1,2,3.222
0,27.76,0,3,6.386
4,9.49,0,17,0.01
3,25.35,1,0,1.935
3,11.36,0,22,0.56
4,8.58,0,10,0.01
3,6.55,0,8,0.224
1,28.33,1,14,2.815
0,17.14,1,1,2.889
0,7.11,1,22,1.693
3,6.46,1,3,0.36
2,14.83,1,1,0.764
2,11.6,1,23,0.496
0,0.72,0,22,0.158
2,25.0,0,9,0.9
3,17.65,0,20,1.238
1,26.03,0,21,2.749
0,19.59,1,3,4.919
3,23.74,0,4,0.764
1,22.09,0,11,1.811
2,14.39,0,13,0.297
2,12.2,1,16,0.593
2,2.15,0,12,0.109
1,19.64,0,4,1.189
1,13.21,1,10,1.176
3,18.1,0,6,1.323
2,21.11,0,20,0.923
4,26.63,0,22,0.054
1,3.96,1,20,0.37
3,16.82,0,5,1.146
3,7.07,1,8,0.436
1,13.24,1,15,0.902
4,1.27,0,4,0.01
0,25.82,1,18,5.611
4,25.94,0,7,0.035
3,24.73,1,17,1.071
1,10.06,1,2,0.754
0,22.64,0,19,5.798
2,8.84,1,0,0.273
4,4.61,0,15,0.01
3,5.76,0,23,0.391
2,4.9,0,0,0.168
0,7.73,0,23,1.11
0,29.49,0,21,4.652
2,24.56,1,7,0.734
1,9.08,1,12,0.616
4,14.11,1,15,0.017
3,14.01,0,19,0.502
1,3.49,1,20,0.258
1,24.3,1,21,3.204
1,4.72,1,6,0.513
3,5.1,0,5,0.161
4,14.1,1,10,0.024
2,14.36,0,0,0.273
4,14.93,1,5,0.027
4,29.28,1,21,0.036
2,15.68,0,2,0.428
0,26.34,0,16,4.933
4,2.73,0,15,0.01
1,10.02,1,16,0.937
2,10.14,0,2,0.352
4,20.74,0,22,0.029
1,16.16,1,7,1.618
4,11.27,1,21,0.01
1,13.84,0,4,0.884
1,27.55,0,21,2.033
1,14.71,1,15,1.496
4,22.5,1,17,0.041
0,16.0,0,20,3.924
2,17.38,0,21,0.778
1,2.62,1,2,0.176
2,7.26,1,4,0.215
1,23.04,1,15,2.48
1,28.8,0,2,2.448
3,12.41,1,10,0.623
2,5.87,0,3,0.271
1,25.28,0,14,2.684
1,21.1,1,10,1.925
3,0.72,0,21,0.03
2,9.6,1,13,0.489
4,5.74,1,13,0.01
2,27.78,0,3,1.192
1,28.11,1,23,3.146
4,3.25,0,22,0.01
1,19.24,0,3,1.742
1,1.06,0,0,0.088
2,27.18,1,2,0.701
0,1.34,1,2,0.217
1,16.72,1,15,1.955
1,17.19,1,16,1.321
4,4.42,1,7,0.01
1,10.74,0,16,1.057
2,24.35,1,10,0.685
3,6.76,1,7,0.44
2,21.28,1,7,0.487
0,23.61,1,23,5.422
4,21.7,1,5,0.034
3,5.44,1,20,0.334
3,23.05,1,12,1.001
2,3.28,1,11,0.12
2,0.71,1,7,0.033
2,7.44,0,4,0.156
1,12.23,1,15,0.857
3,25.97,0,12,0.94
3,19.98,0,10,1.151
1,28.19,1,9,3.381
0,14.15,1,22,2.821
0,7.35,0,21,1.657
1,28.22,1,10,2.899
4,22.14,1,20,0.018
2,6.72,0,7,0.202
1,13.48,1,22,1.461
1,17.24,0,12,1.598
3,17.53,1,5,1.116
4,6.61,0,21,0.01
0,18.94,1,4,4.928
3,25.07,0,9,1.234
4,22.04,1,6,0.029
3,8.83,0,9,0.439
2,28.25,0,13,0.829
2,15.56,1,2,0.425
1,3.44,1,19,0.378
2,0.87,1,21,0.038
1,10.08,0,10,1.037
4,5.03,1,6,0.01
0,12.1,0,18,2.155
0,17.58,1,18,4.997
4,27.1,1,18,0.038
0,3.95,1,10,1.138
3,8.42,1,13,0.608
0,27.65,0,10,5.703
2,22.59,1,2,0.797
0,16.32,1,3,3.136
0,13.16,0,19,4.059
1,24.77,1,7,1.664
2,23.65,0,5,0.615
2,26.52,1,7,1.078
1,17.68,0,17,1.322
2,0.59,1,10,0.019
4,26.14,1,23,0.014
1,18.37,1,8,1.825
3,10.34,1,14,0.577
0,24.74,0,1,5.614
3,10.9,1,0,0.606
0,10.7,0,21,2.083
1,12.39,0,11,1.325
0,22.35,0,3,4.292
2,21.47,0,0,0.918
1,27.53,0,15,2.419
4,14.99,0,20,0.024
3,20.12,1,11,1.283
0,16.27,0,9,2.217
0,21.99,0,3,2.563
2,28.43,0,2,0.596
0,18.52,1,20,5.043
4,13.59,0,15,0.015
3,10.34,1,22,0.46
1,3.37,0,15,0.305
1,22.77,1,22,2.444
1,17.84,1,15,1.843
3,25.24,0,1,1.244
1,8.56,1,0,0.62
2,12.42,0,8,0.624
3,11.12,1,0,0.504
3,13.98,1,2,1.016
3,29.11,1,16,1.426
3,1.68,1,23,0.06
3,29.57,1,13,1.145
0,18.51,0,12,3.122
0,11.53,0,21,1.606
0,21.34,1,18,3.633
3,3.5,0,7,0.149
4,29.06,0,9,0.034
3,17.51,0,13,0.961
2,7.78,0,15,0.258
1,18.51,0,13,1.832
3,25.45,1,14,1.892
1,23.53,1,22,2.607
4,22.98,0,10,0.033
1,22.16,1,14,1.961
1,5.43,0,9,0.462
3,14.86,1,15,1.239
1,20.18,0,8,2.316
2,25.91,1,15,1.235
1,17.3,1,9,1.646
0,21.68,0,12,2.848
4,27.9,1,20,0.015
4,21.52,1,10,0.02
1,10.78,1,10,1.2
4,15.41,1,10,0.01
4,3.84,1,9,0.01
3,6.09,0,12,0.363
1,5.54,1,18,0.54
2,4.73,0,6,0.238
4,13.78,1,18,0.01
2,10.92,0,6,0.307
4,14.35,0,2,0.018
1,26.16,0,20,2.189
3,8.5,1,20,0.602
4,16.06,0,14,0.017
3,29.76,1,14,2.166
3,14.66,0,1,0.527
3,11.07,0,2,0.605
4,22.63,0,10,0.025
2,8.13,0,20,0.194
4,20.92,1,0,0.04
3,17.91,1,13,0.806
4,1.75,0,7,0.01
4,8.22,1,19,0.017
3,11.97,0,13,0.571
1,6.41,1,9,0.565
3,16.44,1,19,1.206
3,19.79,0,4,0.702
4,3.92,1,3,0.01
1,16.2,0,17,1.762
1,14.64,1,3,1.389
0,21.71,1,12,4.831
4,28.12,1,6,0.055
4,14.44,0,3,0.022
3,4.16,1,4,0.258
2,8.0,0,18,0.323
0,17.96,0,7,3.054
0,25.23,0,16,4.386
1,15.76,1,22,1.828
4,2.81,1,7,0.01
2,24.8,0,20,0.673
4,27.96,1,2,0.04
2,29.08,1,23,0.714
2,9.52,0,5,0.281
2,17.93,0,6,0.831
2,1.76,1,21,0.048
4,8.66,0,20,0.01
0,16.22,0,5,3.101
0,20.7,1,9,5.58
2,20.83,1,0,0.548
4,12.52,1,17,0.01
0,12.27,0,2,3.056
1,22.87,0,13,2.374
1,23.58,1,12,2.518
4,26.58,1,11,0.019
4,29.71,0,11,0.032
2,22.41,0,6,1.082
3,10.98,1,13,0.601
0,23.39,0,13,4.298
4,6.17,1,18,0.01
3,12.96,0,19,0.701
2,3.8,1,23,0.167
4,15.75,1,14,0.016
0,3.07,1,8,1.022
4,21.71,1,11,0.045
2,21.21,1,16,0.469
1,17.74,1,9,1.618
3,16.93,1,21,1.121
1,25.55,1,22,1.795
1,9.44,0,1,0.828
0,9.32,1,17,2.114
3,24.41,0,20,1.614
3,14.29,1,12,0.917
1,6.37,0,15,0.639
3,16.78,0,15,0.743
2,10.76,0,13,0.219
0,21.23,1,7,3.325
1,18.31,0,10,1.914
3,17.57,0,8,1.207
4,22.6,0,8,0.039
1,5.68,0,14,0.464
2,5.97,0,8,0.192
0,13.6,1,0,3.709
2,25.5,0,12,0.761
4,15.15,0,20,0.031
1,26.4,1,6,2.736
3,5.52,0,2,0.385
1,9.22,0,15,0.834
0,2.55,1,11,0.529
2,3.08,1,3,0.115
0,2.43,0,13,0.44
3,4.83,1,12,0.318
2,14.32,0,6,0.754
0,7.51,1,0,1.806
1,8.57,0,23,0.842
3,22.43,1,0,0.852
2,12.35,1,23,0.516
1,9.58,1,17,1.073
0,14.74,1,9,3.065
3,23.24,0,10,0.705
2,16.32,1,0,0.577
1,6.16,1,16,0.473
1,28.09,1,15,2.6
0,28.49,0,6,5.21
0,26.8,1,4,5.367
3,15.15,1,15,1.038
2,13.57,1,14,0.57
2,0.63,1,13,0.016
2,28.0,0,4,0.619
1,15.49,0,0,1.059
3,9.12,0,15,0.439
2,13.31,0,2,0.459
4,19.17,0,19,0.02
2,13.04,0,10,0.68
0,14.71,0,14,2.944
3,17.7,1,9,1.049
3,28.46,1,10,1.992
2,0.94,1,15,0.053
3,3.32,1,22,0.223
1,16.37,0,9,1.317
2,28.78,1,3,1.273
1,28.11,1,6,3.372
3,12.18,0,16,0.637
2,26.14,0,10,1.219
1,22.09,0,5,2.066
3,21.1,0,16,1.185
1,7.31,0,17,0.716
0,12.91,0,8,3.45
2,9.54,0,23,0.503
4,27.59,1,9,0.048
3,6.67,0,0,0.459
4,16.52,1,0,0.019
3,27.09,0,13,1.465
1,1.77,1,9,0.176
3,21.59,0,18,1.276
4,29.5,1,10,0.061
2,5.78,0,8,0.233
4,19.85,1,9,0.043
0,25.08,0,18,6.235
4,21.47,0,4,0.019
0,15.12,0,11,3.625
3,26.52,0,10,1.417
0,10.56,1,10,2.468
2,17.24,1,0,0.508
3,4.37,1,19,0.27
2,3.12,0,22,0.109
1,11.2,0,18,1.12
2,15.15,1,9,0.604
2,7.72,1,2,0.357
0,5.9,1,4,1.654
1,22.09,1,15,1.557
1,5.5,0,4,0.375
4,22.82,0,2,0.033
4,24.58,0,4,0.043
4,8.33,0,2,0.01
2,27.01,0,17,0.839
4,14.98,1,7,0.031
4,17.31,0,20,0.014
0,27.1,0,1,7.04
4,22.74,1,16,0.051
2,7.83,0,16,0.19
1,24.2,1,16,1.905
4,12.54,0,6,0.01
0,5.02,1,2,0.802
4,18.22,0,21,0.033
1,8.67,1,5,0.779
2,5.54,0,6,0.123
1,6.58,1,9,0.599
2,17.33,1,6,0.65
0,9.51,1,23,2.456
2,26.45,1,17,1.255
4,12.49,1,9,0.027
0,25.67,1,1,4.249
1,16.8,0,4,1.291
0,3.28,0,19,0.571
1,1.83,1,20,0.186
0,22.84,0,12,5.926
3,19.4,1,22,1.018
0,1.03,1,13,0.183
3,19.31,0,0,1.409
1,0.97,1,23,0.067
3,12.08,1,1,0.557
1,24.04,0,0,2.477
0,29.63,0,5,6.146
1,21.9,1,9,2.491
0,2.56,0,2,0.482
4,12.8,1,12,0.01
3,13.4,1,17,0.972
4,26.81,1,23,0.031
0,16.7,0,7,2.249
1,19.05,0,19,1.535
1,14.04,0,12,1.05
0,6.81,0,15,1.414
0,1.21,0,15,0.224
3,29.16,1,20,1.338
0,24.51,0,8,3.856
3,23.75,0,19,1.091
4,28.49,1,0,0.052
3,21.59,1,17,1.734
2,12.44,1,8,0.491
1,22.23,0,11,2.354
0,2.43,1,14,0.399
3,29.14,0,3,1.339
1,8.56,1,16,0.797
0,15.15,0,1,2.958
3,13.01,0,22,0.879
4,15.23,0,7,0.025
0,24.11,1,13,5.622
3,6.2,1,10,0.341
0,5.22,1,8,1.136
1,17.51,0,9,1.413
3,23.32,1,12,1.523
1,21.34,1,8,2.445
1,29.15,1,19,3.741
2,7.03,0,20,0.167
3,21.38,0,7,0.923
2,28.43,1,20,0.814
1,27.94,1,0,3.019
4,18.81,1,13,0.013
0,13.79,1,15,2.281
3,2.55,1,21,0.098
4,21.55,1,13,0.021
0,3.45,0,13,0.747
1,26.9,1,14,2.01
3,19.6,0,16,1.347
0,20.47,1,6,3.092
2,22.87,0,14,0.479
0,18.09,0,23,2.412
1,6.42,1,22,0.464
2,6.73,0,21,0.141
1,11.06,0,0,0.851
2,22.77,1,1,0.914
3,16.88,1,3,1.192
1,15.54,0,12,1.177
4,25.75,1,23,0.028
4,1.53,1,12,0.01
0,5.54,0,23,0.735
4,1.87,1,11,0.01
2,5.26,1,10,0.309
0,12.47,0,23,1.944
1,21.93,0,12,1.835
4,25.71,0,8,0.039
3,14.97,0,23,0.581
1,7.79,1,9,0.706
3,25.94,0,9,1.482
0,10.65,1,15,1.809
1,6.73,1,16,0.573
1,3.96,0,9,0.372
0,16.39,0,7,2.72
0,9.05,0,19,2.516
3,10.55,1,3,0.531
4,25.88,0,23,0.049
3,25.18,0,2,1.016
0,10.44,0,5,2.178
2,16.91,1,5,0.889
4,9.82,1,7,0.013
0,13.68,0,16,2.942
1,24.41,0,10,1.875
0,9.5,0,1,2.296
0,10.19,1,11,3.301
1,6.09,0,12,0.518
2,24.98,0,8,0.734
1,10.53,0,15,0.695
4,12.02,1,6,0.015
4,27.91,1,5,0.058
4,24.5,0,19,0.019
2,19.73,0,14,0.709
2,22.68,0,12,0.513
3,12.52,0,18,0.861
0,23.93,0,4,5.111
0,26.42,0,5,4.995
1,27.04,0,1,2.526
0,8.26,0,20,1.524
3,17.39,0,16,1.219
2,22.02,0,0,1.01
2,4.03,1,15,0.154
2,11.92,0,13,0.443
1,13.65,0,0,1.197
3,13.7,0,7,0.889
1,7.09,0,4,0.625
0,8.42,1,4,1.914
3,19.97,1,19,0.836
4,28.19,0,15,0.054
4,3.69,1,19,0.01
0,5.84,0,15,1.03
1,9.56,0,12,0.883
0,12.97,1,17,3.163
0,27.69,0,9,6.323
3,14.5,1,10,0.957
3,28.95,0,21,1.13
2,13.77,1,14,0.429
3,18.21,0,17,0.867
3,26.92,1,16,1.382
0,13.47,1,8,4.349
4,27.77,1,11,0.039
1,8.14,1,5,0.84
2,7.74,0,16,0.223
1,21.14,0,21,2.306
3,20.27,0,8,1.512
2,15.07,0,11,0.446
3,14.82,0,23,0.665
1,2.0,1,19,0.149
2,3.19,0,14,0.105
3,14.39,0,21,0.616
3,14.98,1,22,0.878
3,25.84,1,3,1.593
4,18.93,1,22,0.034
0,27.0,1,6,6.459
2,19.59,0,18,0.61
2,13.16,0,16,0.361
0,1.91,0,13,0.322
0,14.52,1,14,2.19
3,1.75,1,3,0.127
1,11.18,1,23,1.198
0,13.68,0,19,2.599
4,25.66,1,11,0.018
2,29.0,0,10,1.134
0,0.62,0,21,0.115
3,22.16,1,5,1.065
0,8.57,0,22,1.859
3,28.28,1,1,1.167
1,3.09,1,15,0.293
2,5.6,0,7,0.126
1,18.99,1,12,1.977
2,3.73,0,3,0.122
2,17.73,0,18,0.754
1,18.62,0,7,1.312
0,19.61,0,8,3.13
2,19.59,1,3,1.001
2,14.62,1,20,0.513
4,12.12,0,19,0.025
3,22.69,1,22,1.01
2,7.66,1,13,0.312
3,19.44,0,2,0.983
3,7.18,1,6,0.449
0,23.55,0,22,4.157
3,8.89,0,12,0.299
0,29.17,1,10,7.856
0,2.33,0,16,0.539
4,8.19,0,8,0.01
3,6.21,1,18,0.216
4,12.95,0,16,0.024
0,17.73,1,4,4.502
0,5.55,0,11,1.514
1,9.61,0,23,0.791
0,7.92,0,18,1.997
0,24.04,1,14,5.105
4,10.36,1,13,0.012
0,18.41,1,11,4.692
4,14.34,0,16,0.013
2,15.4,1,13,0.732
0,16.6,0,2,4.032
0,20.98,0,23,3.094
3,19.66,1,0,1.289
3,22.59,0,9,1.111
1,12.67,0,16,1.228
3,5.39,0,19,0.362
4,23.22,0,23,0.043
3,7.09,1,7,0.347
4,12.18,1,11,0.02
4,20.34,1,6,0.039
3,16.84,0,1,0.853
0,21.21,0,13,3.303
2,22.64,1,7,1.055
3,26.35,1,22,1.015
2,24.22,1,19,0.783
2,18.87,1,2,0.684
1,23.71,0,9,1.818
3,1.63,0,1,0.088
0,21.41,0,10,3.459
2,20.13,1,16,0.436
2,25.4,0,10,0.944
0,5.08,1,14,0.985
3,9.72,1,18,0.664
4,25.99,1,7,0.017
1,14.93,1,23,1.348
2,22.64,0,1,1.005
4,26.49,0,23,0.033
2,13.31,1,6,0.673
2,16.61,1,2,0.882
1,7.69,1,0,0.828
3,9.6,0,9,0.289
4,28.03,1,10,0.017
3,19.43,1,18,1.504
0,18.06,0,14,2.992
3,23.62,0,7,1.466
1,14.87,1,0,1.116
3,18.11,0,21,1.325
3,20.81,1,22,1.018
3,18.97,0,15,1.106
1,5.59,0,5,0.497
3,21.65,1,1,1.11
2,13.22,0,15,0.629
4,15.86,0,5,0.029
4,14.72,0,11,0.01
2,13.37,1,10,0.432
4,4.81,0,8,0.01
3,6.66,1,4,0.275
1,14.74,1,22,1.107
3,17.24,1,10,0.722
0,12.95,1,13,3.053
4,12.95,1,17,0.01
4,22.64,1,14,0.019
1,3.64,1,11,0.384
4,14.8,0,5,0.031
1,4.01,1,15,0.372
3,11.37,1,8,0.829
4,22.12,1,20,0.022
2,17.37,0,21,0.749
4,21.8,0,4,0.015
2,22.91,1,3,0.802
1,28.06,0,3,2.148
2,10.74,1,10,0.439
1,10.86,0,5,0.961
1,16.72,1,19,2.038
1,11.43,0,10,0.929
3,1.97,1,17,0.141
3,12.74,1,6,0.66
2,26.63,0,2,0.948
2,11.45,0,6,0.523
0,18.98,1,3,4.609
1,4.35,1,21,0.483
4,18.82,1,1,0.035
3,0.51,1,0,0.025
2,26.86,0,15,0.742
2,7.48,1,1,0.322
4,16.66,0,12,0.017
3,23.07,0,9,1.505
4,26.79,1,11,0.019
4,28.41,0,5,0.017
3,16.64,0,18,0.652
2,27.58,1,1,0.729
0,22.47,0,3,3.0
3,2.22,0,21,0.147
2,26.04,0,5,0.769
3,21.59,0,8,1.634
2,26.41,0,12,1.421
2,25.51,0,10,1.098
4,15.6,0,8,0.028
1,24.11,1,18,2.056
1,2.67,1,13,0.215
1,19.5,0,21,1.523
2,22.78,1,6,1.364
1,17.95,1,15,1.708
1,18.97,0,18,1.329
1,16.87,1,21,1.741
4,27.17,0,2,0.045
4,12.2,0,4,0.01
1,20.0,1,22,2.025
3,4.82,1,3,0.234
0,9.41,0,6,1.34
2,11.38,1,11,0.592
0,13.14,1,6,3.511
1,26.17,1,14,2.23
2,17.33,1,6,0.69
2,10.88,0,3,0.424
0,13.21,0,21,2.918
3,11.91,0,10,0.552
2,25.89,1,22,0.7
2,2.94,1,7,0.15
2,19.44,0,9,0.929
0,22.41,1,0,4.888
4,23.29,1,8,0.036
2,7.17,1,16,0.257
1,7.84,1,15,0.758
2,28.87,0,5,0.629
2,14.29,1,21,0.378
4,25.52,1,23,0.027
0,20.2,1,12,3.439
0,15.78,1,16,2.101
3,21.88,1,5,1.337
1,8.42,1,12,0.88
0,1.74,1,19,0.453
0,14.15,0,1,3.038
3,11.67,1,16,0.641
0,25.94,1,19,7.617
1,8.86,1,20,1.047
2,0.84,1,12,0.032
1,25.27,1,13,2.513
4,14.59,1,11,0.016
4,8.1,1,0,0.01
1,2.61,1,1,0.207
2,11.24,0,15,0.301
4,2.81,0,15,0.01
0,11.65,0,8,2.9
0,29.68,1,15,4.317
3,11.96,0,3,0.592
2,23.73,1,18,0.651
2,1.53,0,2,0.062
0,6.47,0,22,1.048
0,22.53,1,8,5.653
1,26.88,1,23,2.445
0,29.01,0,5,6.854
2,29.11,0,18,0.993
4,27.51,0,21,0.039
3,2.59,1,9,0.122
1,28.09,0,6,2.757
4,22.9,0,14,0.016
0,5.44,0,1,1.317
4,20.99,0,11,0.038
1,14.04,0,7,0.962
3,3.37,1,17,0.233
4,19.67,0,9,0.031
3,19.93,1,7,1.213
1,18.29,1,3,1.597
1,19.94,0,3,1.487
2,14.53,0,2,0.533
1,10.99,1,4,0.831
1,5.59,1,12,0.421
0,17.26,0,9,4.792
4,14.04,1,23,0.028
3,13.08,1,11,0.614
4,14.42,0,14,0.012
1,25.72,1,10,2.267
1,8.88,0,1,0.712
3,23.2,1,1,1.641
2,24.06,0,17,0.661
0,15.47,1,8,3.905
2,29.07,0,10,1.23
2,19.29,1,4,0.68
0,20.74,1,23,3.261
4,27.33,1,2,0.058
4,21.6,0,22,0.023
2,16.24,0,16,0.388
2,9.6,0,23,0.46
1,27.7,0,9,3.172
3,21.42,0,16,0.861
3,7.0,0,18,0.414
2,20.69,0,9,0.489
4,27.33,0,15,0.038
3,19.06,1,8,1.343
1,21.48,0,21,2.014
0,17.1,1,21,5.238
3,20.78,1,13,1.388
2,10.57,1,16,0.509
2,18.52,0,22,0.567
3,4.83,1,14,0.226
3,15.86,0,20,0.855
3,24.34,1,7,1.534
3,20.31,0,15,1.045
4,4.65,0,23,0.01
1,17.21,0,11,1.293
3,28.19,0,22,1.773
2,4.82,1,11,0.178
2,29.28,0,8,0.97
1,26.43,0,18,2.189
0,21.08,1,9,5.982
1,24.79,1,16,2.508
4,15.32,1,7,0.031
0,0.9,0,22,0.113
0,17.64,1,4,3.132
4,5.47,0,4,0.01
4,2.32,1,1,0.01
1,16.95,1,3,1.7
3,19.96,0,10,1.151
4,8.01,1,19,0.011
3,17.82,0,6,1.052
0,20.69,1,12,4.901
3,13.67,1,16,0.811
1,23.34,0,18,2.26
0,25.71,1,18,4.422
4,26.06,0,22,0.024
3,5.62,1,11,0.264
4,29.72,0,15,0.057
0,5.57,1,4,0.828
4,11.63,0,1,0.022
0,19.35,0,11,5.625
4,16.01,0,1,0.03
3,26.4,0,12,1.924
2,16.21,1,0,0.901
1,12.91,1,7,0.922
4,10.29,0,17,0.01
4,25.15,0,5,0.036
3,15.42,0,15,0.816
0,13.2,1,7,3.183
4,23.4,0,21,0.041
1,16.28,0,4,1.272
1,2.68,0,12,0.178
3,25.76,1,13,1.521
1,10.32,1,12,1.085
1,22.9,1,21,2.378
1,25.53,0,9,2.792
3,9.07,1,15,0.446
3,17.57,1,6,1.117
2,20.18,1,15,1.12
3,12.35,0,15,0.839
0,24.97,1,12,4.729
3,2.59,0,4,0.098
3,22.8,1,0,0.81
2,3.61,1,11,0.125
3,28.31,0,16,1.789
2,8.42,1,21,0.194
1,11.28,0,5,1.199
3,2.9,1,16,0.141
1,7.76,1,3,0.727
4,5.4,1,13,0.01
2,15.28,1,19,0.636
2,5.01,0,22,0.136
3,24.26,1,16,1.678
3,4.04,0,9,0.218
3,25.2,0,19,1.627
4,9.76,0,10,0.01
2,10.86,0,5,0.484
4,1.51,1,0,0.01
1,7.95,1,0,0.758
3,10.31,1,9,0.442
1,16.39,1,1,1.3
1,12.85,0,14,1.0
1,9.98,1,14,0.893
4,16.18,0,14,0.022
0,18.83,1,1,4.191
3,1.19,1,8,0.062
2,24.0,0,3,1.04
0,18.04,0,10,2.883
2,22.05,1,17,0.766
0,14.07,1,3,3.347
4,3.58,0,14,0.01
4,27.07,0,18,0.031
4,21.69,0,11,0.042
4,20.82,1,7,0.047
3,5.58,1,20,0.408
2,22.82,0,12,0.732
3,1.75,0,20,0.113
1,13.34,1,14,1.0
0,25.52,1,23,3.252
4,27.17,1,17,0.054
4,28.68,0,0,0.018
1,7.96,1,10,0.924
0,15.24,0,1,2.236
3,13.84,0,4,0.922
2,20.21,0,9,0.975
3,25.51,1,5,1.855
2,29.22,1,18,1.625
0,1.71,1,22,0.453
4,26.41,1,12,0.051
3,13.04,0,22,0.751
2,24.11,1,3,1.195
3,23.16,0,7,1.632
3,7.79,1,8,0.452
1,6.81,0,1,0.501
0,24.34,0,19,3.912
3,26.16,0,9,1.353
0,10.89,0,23,2.923
3,8.43,0,5,0.309
2,21.38,0,6,0.648
2,27.45,1,7,1.296
3,2.54,1,2,0.202
2,6.17,1,20,0.285
3,11.86,1,10,0.443
2,19.2,1,11,0.859
4,24.81,1,15,0.052
3,17.25,1,1,0.968
0,11.56,0,12,1.951
3,18.88,1,15,1.133
2,22.82,0,7,0.783
0,6.15,0,19,1.401
1,7.84,1,20,0.872
1,29.9,1,20,3.542
4,17.51,1,5,0.016
3,7.23,0,18,0.362
4,20.29,1,18,0.021
2,11.37,0,0,0.497
2,25.38,1,23,0.841
3,10.65,0,4,0.571
4,18.23,1,7,0.027
0,4.55,1,17,1.224
0,12.84,1,10,3.825
3,18.28,0,0,0.589
4,20.11,0,14,0.028
1,6.12,0,14,0.472
3,29.56,0,0,1.75
2,23.56,1,15,0.771
0,23.48,1,11,4.735
4,24.26,1,9,0.044
0,6.48,0,13,1.666
3,0.59,1,0,0.022
1,21.24,1,9,2.099
4,24.75,1,23,0.056
0,27.87,0,1,3.885
2,13.42,1,2,0.365
3,13.46,1,13,0.845
0,6.95,1,20,1.652
2,26.63,0,6,0.898
2,26.2,0,18,1.197
2,17.33,1,13,0.575
2,26.01,0,23,0.682
4,2.57,1,5,0.01
4,14.13,0,9,0.017
0,9.61,0,23,1.747
0,15.7,0,8,4.152
0,15.2,1,16,3.066
2,7.91,1,9,0.316
3,14.14,0,11,0.781
2,7.16,1,1,0.361
2,23.92,0,22,0.867
1,17.18,1,11,1.604
2,5.24,1,20,0.184
3,8.64,1,22,0.518
2,10.87,1,10,0.406
0,9.21,1,15,1.563
2,13.53,0,2,0.456
2,19.87,1,17,0.797
2,25.28,0,2,1.116
1,10.76,0,8,1.041
1,6.23,1,3,0.648
2,12.36,1,16,0.612
4,3.91,1,6,0.01
0,11.21,1,10,3.032
4,8.14,0,20,0.014
1,11.38,0,11,0.893
0,11.83,0,22,1.682
3,26.53,0,0,1.339
4,12.19,0,13,0.015
4,13.71,1,22,0.015
4,17.59,1,4,0.02
2,23.04,0,23,0.592
4,27.12,0,0,0.037
3,9.15,1,16,0.595
2,14.24,0,18,0.662
3,29.02,0,11,1.323
3,16.62,1,8,1.146
3,17.19,0,11,1.156
0,4.06,0,14,0.509
0,5.7,1,23,1.083
2,23.78,0,17,0.785
1,26.39,0,18,2.458
3,21.02,0,17,0.955
2,3.28,1,1,0.141
3,12.68,1,0,0.878
2,8.18,0,0,0.304
0,23.52,0,15,5.075
0,21.67,0,5,3.472
0,3.73,0,4,0.647
1,29.75,0,15,2.453
1,15.26,0,5,1.003
2,2.07,0,16,0.049
4,29.52,1,8,0.052
3,13.92,0,12,0.893
0,19.69,1,14,5.751
4,3.09,1,2,0.01
2,26.41,1,18,1.161
3,10.86,0,8,0.711
3,9.58,1,8,0.47
4,19.74,1,1,0.045
3,22.27,0,19,1.155
2,14.49,1,2,0.54
1,26.22,0,22,2.083
4,4.63,1,18,0.01
3,27.72,1,19,1.208
2,2.38,1,12,0.1
4,11.73,1,22,0.01
4,20.11,1,3,0.03
1,22.74,0,12,2.024
2,23.26,0,11,0.854
0,27.3,1,16,3.907
0,6.13,0,9,1.485
0,23.93,0,13,5.514
3,24.92,1,20,1.301
1,13.65,0,11,1.416
3,22.26,1,18,1.634
3,17.19,0,8,0.965
0,15.28,0,1,3.626
1,25.5,1,11,2.113
3,1.82,0,14,0.095
2,25.2,0,22,1.193
1,27.45,1,17,3.114
4,13.22,0,20,0.01
0,10.87,1,16,2.625
2,6.2,0,19,0.149
1,24.66,1,0,2.889
3,11.72,1,0,0.434
3,11.74,1,20,0.497
4,11.02,0,7,0.019
1,26.84,1,20,2.182
0,9.4,0,18,2.244
2,29.52,0,9,1.453
2,8.36,0,16,0.214
0,8.18,0,6,1.741
0,18.32,0,15,2.703
3,25.31,0,8,1.606
2,25.66,0,1,0.837
3,20.66,1,3,1.539
0,27.91,1,1,6.31
2,13.6,1,8,0.734
2,9.54,1,17,0.479
0,10.68,0,11,2.632
4,14.14,0,11,0.024
1,23.95,0,22,2.363
4,0.52,1,15,0.01
0,9.0,1,1,2.557
2,20.59,1,0,0.688
4,20.66,1,19,0.025
3,20.84,1,11,0.883
3,23.59,1,18,1.397
3,11.18,1,4,0.403
1,2.76,1,15,0.228
2,0.82,0,9,0.033
1,10.83,0,8,0.912
3,13.77,0,4,0.968
4,9.5,1,7,0.018
1,9.45,1,9,1.038
1,23.48,1,1,2.683
2,20.99,0,5,0.701
1,22.92,1,15,2.267
2,25.31,0,3,0.929
0,11.03,1,15,1.943
2,4.6,0,18,0.173
2,12.37,1,13,0.527
2,0.86,1,2,0.023
4,14.78,1,21,0.011
1,13.56,0,16,0.899
2,10.07,0,13,0.484
4,24.45,0,15,0.037
3,22.95,1,2,0.985
1,5.83,1,2,0.498
1,5.39,1,23,0.39
0,17.21,1,0,2.901
4,9.26,1,21,0.01
1,2.64,0,3,0.162
0,29.93,1,4,4.637
3,14.02,0,6,0.981
1,13.22,1,15,1.187
1,14.27,1,2,1.075
1,1.05,1,10,0.095
1,28.83,0,13,2.504
2,26.68,0,1,0.761
4,18.09,0,7,0.019
4,23.86,0,19,0.028
0,4.45,1,11,0.869
4,1.54,0,15,0.01
0,21.91,1,23,3.792
0,26.75,0,14,4.798
1,16.54,1,12,1.536
4,29.36,1,15,0.025
4,28.42,1,22,0.065
3,24.62,0,20,1.695
4,14.75,1,21,0.028
0,21.81,1,17,6.736
0,8.78,1,4,1.309
0,10.32,1,3,1.906
0,10.31,0,2,1.591
4,6.0,1,15,0.011
0,25.34,1,5,4.351
3,19.68,1,21,1.464
4,10.14,0,7,0.019
1,20.98,1,19,2.021
2,24.38,0,13,0.669
1,0.63,1,17,0.051
2,5.6,1,14,0.325
3,11.76,1,2,0.76
3,5.1,1,16,0.349
0,15.02,1,3,2.871
3,19.44,1,13,1.55
2,2.82,0,17,0.065
4,20.63,1,20,0.035
2,19.98,0,10,0.597
0,18.31,0,21,3.37
3,20.19,0,12,1.111
3,18.45,1,23,1.098
4,2.04,0,21,0.01
2,29.91,0,14,1.021
0,21.41,0,10,3.832
3,18.21,1,18,1.152
2,5.84,1,19,0.215
1,18.48,1,13,1.946
3,1.34,1,12,0.097
0,23.01,0,22,4.486
4,9.29,0,13,0.016
3,4.44,1,22,0.32
0,6.05,1,13,1.519
2,18.2,1,17,0.767
4,24.93,0,22,0.021
3,10.05,1,2,0.708
2,22.92,1,14,0.582
2,19.06,1,9,0.638
3,7.37,0,5,0.336
1,8.73,1,19,0.955
1,5.04,0,23,0.442
0,0.72,1,14,0.108
4,5.51,1,0,0.01
3,2.81,1,19,0.151
3,28.17,0,18,1.916
1,26.92,0,11,2.352
0,11.8,1,17,2.972
3,2.59,1,10,0.132
1,26.51,0,8,2.71
2,4.66,1,0,0.139
1,24.83,1,14,2.449
1,8.46,1,20,0.917
1,22.55,0,6,1.666
0,11.72,0,23,1.736
4,9.23,1,9,0.014
4,3.91,1,12,0.01
1,19.2,1,8,2.177
3,24.12,0,20,1.453
2,22.81,0,1,0.9
2,15.25,0,16,0.58
1,8.22,0,9,0.696
3,29.53,0,4,2.145
1,8.33,1,1,0.766
2,19.92,1,4,0.673
2,29.06,0,19,0.597
2,25.26,0,9,1.114
4,14.29,1,6,0.015
2,15.22,1,5,0.648
3,17.78,1,11,0.807
1,11.08,0,8,1.013
3,11.0,1,3,0.487
3,27.22,1,1,2.048
3,12.81,1,4,1.025
2,15.95,0,8,0.667
1,26.58,1,13,2.161
4,4.47,1,22,0.01
4,28.6,1,21,0.046
1,14.47,0,22,1.388
2,21.58,0,4,0.943
3,27.86,0,11,1.112
1,6.93,0,13,0.536
0,7.31,1,8,1.302
2,5.22,0,21,0.284
1,4.34,0,20,0.38
2,20.82,0,0,0.899
2,12.8,1,17,0.51
0,9.27,0,0,1.25
0,5.82,0,8,1.404
3,25.85,0,6,1.307
2,8.72,1,11,0.397
3,0.8,0,22,0.027
0,0.58,0,18,0.096
1,17.61,1,14,1.319
2,22.23,1,23,0.591
4,23.23,0,15,0.014
0,6.48,1,15,1.504
1,15.45,0,12,1.328
4,6.39,1,5,0.01
0,13.41,0,3,2.038
3,26.3,1,11,1.727
3,4.06,1,9,0.237
3,26.36,1,12,1.942
1,8.45,1,13,0.817
2,23.18,1,8,0.68
4,8.01,1,7,0.01
3,11.22,0,9,0.744
3,25.64,1,0,1.162
2,2.97,0,16,0.074
0,6.19,1,10,1.364
2,12.0,0,3,0.445
1,13.57,0,23,0.884
2,26.23,0,10,0.537
1,20.25,1,14,1.715
0,20.65,1,11,4.312
4,11.59,0,21,0.023
0,15.42,1,11,3.9
0,10.19,1,2,1.982
2,8.05,0,15,0.338
2,15.95,0,7,0.555
0,3.19,0,23,0.419
1,4.92,1,2,0.449
3,29.88,0,22,1.987
2,14.54,0,21,0.338
2,25.61,1,5,0.89
4,18.32,1,8,0.037
3,0.58,0,7,0.037
1,25.02,1,10,3.39
1,8.61,1,21,0.845
0,19.31,0,10,4.557
1,29.65,0,17,3.159
1,11.31,0,10,0.929
3,23.23,1,2,1.455
1,6.53,0,21,0.682
0,15.43,0,15,2.843
1,4.44,1,4,0.337
4,14.43,1,15,0.024
4,17.78,1,14,0.038
1,10.35,1,15,0.822
2,3.9,1,21,0.173
0,9.37,0,19,2.318
2,24.04,0,7,0.681
1,13.85,0,2,1.142
3,12.55,0,17,0.841
0,19.49,1,16,4.612
0,27.94,1,20,8.193
0,21.48,1,22,3.232
3,12.0,0,11,0.624
1,9.62,1,14,0.735
2,8.61,1,3,0.233
4,6.19,0,9,0.01
2,19.16,0,18,0.842
0,11.8,1,9,2.363
2,7.09,0,2,0.147
0,29.71,1,13,5.255
2,29.15,0,17,1.507
4,19.0,0,10,0.017
4,12.42,0,14,0.026
2,16.97,1,3,0.626
4,8.54,1,16,0.011
1,12.2,0,15,0.919
3,24.54,0,10,1.587
4,13.2,1,2,0.024
2,4.36,0,1,0.141
0,8.31,1,19,1.641
3,10.81,0,19,0.638
3,8.3,0,0,0.459
2,4.54,0,16,0.098
0,9.83,1,13,2.038
4,1.75,0,10,0.01
0,15.14,0,6,2.533
3,20.27,1,18,1.043
0,18.16,0,11,4.152
4,16.19,1,5,0.023
2,5.92,1,7,0.319
2,22.47,1,10,0.921
0,21.97,0,18,5.02
1,26.06,1,17,3.244
3,9.63,1,0,0.549
0,7.98,0,5,1.064
2,28.26,0,10,1.39
0,23.53,1,10,5.804
1,8.78,1,15,0.921
2,13.28,0,20,0.477
2,1.76,0,9,0.08
2,26.14,0,5,1.308
3,12.75,1,16,0.933
4,23.12,1,23,0.051
1,11.67,1,20,1.318
3,12.53,1,19,0.926
1,2.84,0,14,0.299
3,24.18,1,11,1.705
3,15.68,0,7,0.694
0,4.0,1,22,0.683
2,10.04,1,4,0.54
3,1.85,1,7,0.118
4,20.88,1,20,0.026
4,25.34,0,7,0.018
3,0.58,0,9,0.018
2,19.88,0,19,0.753
4,20.04,1,18,0.044
2,5.86,1,19,0.223
0,26.2,1,5,5.073
3,27.11,1,14,1.339
0,27.22,1,1,7.045
2,3.53,1,8,0.187
1,15.21,0,11,1.528
0,20.7,0,0,3.558
3,28.32,0,3,0.981
1,24.55,1,14,2.689
1,8.82,1,5,0.818
0,15.34,1,16,4.602
2,23.38,1,0,1.018
3,19.2,0,17,1.071
3,23.72,0,20,1.504
2,23.8,1,7,0.897
3,29.38,1,5,1.85
4,1.48,1,21,0.01
4,4.71,1,9,0.01
0,28.48,1,13,7.611
3,19.74,1,4,0.922
3,28.27,0,3,0.922
4,13.03,0,14,0.015
2,18.31,1,8,0.913
2,13.84,1,19,0.666
4,19.57,0,17,0.029
1,2.0,0,18,0.245
3,25.11,0,5,0.958
4,8.13,0,6,0.016
3,13.69,1,16,0.582
2,11.35,0,10,0.324
4,29.14,0,12,0.045
1,10.49,1,7,0.709
0,0.76,1,0,0.188
2,14.2,1,11,0.442
3,8.05,1,16,0.582
1,25.96,1,20,2.811
3,17.63,1,12,0.953
1,10.07,1,6,0.721
4,3.16,1,6,0.01
2,24.68,0,14,1.114
3,22.47,0,8,1.413
1,26.29,0,23,2.412
2,4.93,1,8,0.226
3,13.22,0,18,0.705
3,15.46,1,14,0.858
1,15.89,0,0,1.446
0,12.61,0,10,3.391
4,26.07,0,22,0.038
3,27.81,1,2,1.081
0,7.25,1,23,1.007
2,11.08,0,2,0.286
3,1.13,0,4,0.037
3,4.67,0,15,0.142
3,29.54,1,10,2.083
2,2.83,0,22,0.075
3,25.38,0,7,1.021
3,7.32,0,21,0.291
1,25.91,1,7,1.986
4,21.94,0,22,0.03
0,2.39,0,22,0.53
4,16.11,1,19,0.028
1,26.96,1,7,2.421
0,15.1,1,19,2.529
2,1.97,0,12,0.074
3,6.07,0,11,0.402
3,23.11,0,17,1.423
3,21.14,0,4,0.694
1,6.85,1,0,0.642
3,5.9,1,5,0.31
3,20.13,0,17,1.37
4,13.54,0,8,0.023
1,5.16,0,19,0.597
2,7.06,0,21,0.224
0,11.93,0,2,2.303
2,10.7,0,3,0.281
1,13.88,1,18,1.134
0,22.01,1,17,5.36
4,6.15,1,1,0.01
4,20.46,1,5,0.023
4,20.27,1,14,0.047
3,22.89,0,13,1.26
2,9.78,1,17,0.295
2,12.89,1,0,0.643
1,11.55,0,20,1.278
3,9.82,1,23,0.506
0,10.49,1,8,2.543
2,23.27,0,5,0.796
1,9.0,1,6,0.779
0,13.78,0,18,3.265
4,24.76,1,0,0.02
1,25.96,1,1,2.538
0,4.93,0,7,1.251
3,11.06,1,3,0.539
3,5.96,1,0,0.406
4,27.58,1,0,0.035
0,21.23,1,21,3.304
3,1.17,1,9,0.039
0,19.69,1,5,4.704
1,16.48,1,3,1.665
3,12.51,0,13,0.844
3,28.06,0,7,1.403
0,15.37,0,10,2.506
2,22.76,0,20,0.842
1,29.69,0,5,2.938
3,3.23,1,7,0.196
2,23.45,0,7,0.503
4,24.83,1,14,0.042
2,4.13,0,21,0.179
0,12.72,0,12,2.281
0,7.0,1,8,1.421
2,19.43,0,13,0.566
4,12.77,0,21,0.013
1,1.34,1,17,0.11
3,13.73,1,18,0.757
2,9.71,0,22,0.345
0,15.63,0,1,3.833
3,17.61,0,11,1.059
0,23.8,0,0,3.934
0,7.83,0,23,1.984
3,24.63,1,12,1.756
1,21.43,0,2,1.722
1,19.64,1,1,1.51
0,9.23,0,4,2.07
0,7.41,0,23,1.725
2,1.81,0,18,0.063
0,28.92,0,21,5.019
3,13.55,1,8,0.937
3,17.71,1,18,0.701
2,1.76,1,13,0.071
4,23.63,1,12,0.041
2,25.87,0,5,0.974
4,26.82,1,14,0.045
1,8.86,1,16,0.833
4,17.32,1,12,0.022
0,22.27,1,18,5.012
0,23.9,1,23,6.107
2,0.72,1,6,0.027
3,16.67,0,13,0.955
2,3.23,0,15,0.165
4,4.76,1,16,0.01
3,27.44,1,20,1.399
2,27.31,1,0,1.393
0,6.26,1,7,1.25
2,9.47,0,15,0.247
3,13.78,1,4,0.964
0,7.28,0,17,1.271
1,4.98,1,5,0.504
1,13.34,1,17,1.646
0,26.31,1,5,6.02
0,19.7,0,14,2.96
1,23.56,0,3,1.899
0,22.08,1,0,4.688
1,22.05,1,13,2.096
4,28.34,1,0,0.035
4,7.17,1,20,0.017
1,9.75,1,16,1.148
2,29.89,0,22,0.813
2,26.15,0,19,1.286
3,23.37,1,6,1.591
0,20.69,1,6,5.92
4,29.75,0,23,0.017
3,6.56,0,19,0.295
3,18.67,1,23,1.133
3,26.86,0,9,1.506
1,16.51,1,17,1.818
2,2.98,0,0,0.143
2,2.01,1,1,0.102
3,24.66,1,16,1.83
0,13.26,0,15,1.848
1,24.64,1,3,2.771
3,7.15,1,12,0.362
4,23.89,0,16,0.036
2,1.07,1,10,0.031
2,23.51,1,2,0.805
4,19.26,0,19,0.03
2,9.98,0,22,0.328
0,16.7,0,3,4.035
1,2.79,0,13,0.198
4,18.84,0,15,0.011
4,29.53,0,7,0.027
0,29.98,0,20,6.217
4,29.13,0,21,0.017
3,1.82,1,11,0.107
0,7.54,1,6,1.763
1,2.69,1,19,0.21
2,2.39,0,7,0.071
4,22.6,0,18,0.041
1,15.92,0,6,1.127
4,2.11,1,16,0.01
3,22.31,0,14,1.024
0,1.59,0,4,0.413
3,21.83,0,20,0.995
1,29.05,0,22,2.114
4,16.68,0,21,0.023
1,28.49,1,3,2.178
1,27.13,0,4,2.312
2,25.69,1,6,0.834
0,24.14,1,9,6.094
4,7.19,1,22,0.01
3,2.92,0,15,0.202
1,20.51,0,4,1.454
0,11.43,0,17,1.744
3,28.14,1,3,1.405
4,3.43,0,11,0.01
1,8.76,1,9,0.956
3,3.13,1,11,0.166
4,29.21,0,10,0.037
2,21.92,1,14,1.042
4,5.27,1,10,0.01
2,16.17,0,13,0.554
2,28.23,0,15,0.664
0,2.39,1,15,0.372
1,5.1,1,6,0.486
2,24.57,0,14,0.562
2,1.1,0,3,0.039
3,19.31,1,19,0.846
4,22.01,1,0,0.016
2,21.52,0,12,0.601
1,7.84,1,16,0.514
0,10.25,1,7,2.776
0,26.67,0,9,4.325
1,8.29,0,19,0.738
3,24.98,1,18,1.464
1,29.71,1,15,3.145
4,28.58,0,15,0.049
3,28.35,1,23,1.631
4,9.55,1,10,0.012
0,29.11,1,19,8.344
3,6.26,0,16,0.434
3,17.5,0,4,0.739
2,4.82,1,18,0.197
0,21.41,0,2,2.893
1,19.07,0,15,1.285
1,20.91,0,18,2.044
2,25.33,1,10,0.908
2,23.91,1,1,0.735
2,26.12,0,22,0.66
4,5.41,1,15,0.01
2,27.71,1,19,1.367
3,15.5,0,1,0.597
2,27.43,1,9,1.51
0,11.01,1,6,2.982
1,9.69,1,18,1.177
1,17.42,1,18,1.441
0,8.84,0,0,1.22
1,25.99,1,4,2.093
1,29.57,1,6,3.308
0,12.28,0,10,3.219
2,28.21,0,23,0.683
0,6.61,1,17,1.495
2,5.72,0,16,0.231
2,1.66,0,8,0.08
1,6.12,1,12,0.494
3,13.72,0,11,0.498
0,14.07,0,3,2.931
1,27.99,1,19,2.16
1,12.81,1,10,1.257
0,5.07,1,7,1.479
1,16.53,1,6,1.313
1,23.88,0,5,1.874
2,19.25,1,14,0.615
4,18.31,1,11,0.012
1,2.41,0,2,0.202
3,17.26,0,21,0.595
3,14.55,1,2,0.644
3,12.8,0,11,0.778
3,9.92,1,21,0.601
2,1.78,1,9,0.048
2,24.26,0,16,1.274
2,14.61,1,17,0.765
2,25.42,0,23,0.716
2,27.9,1,4,1.53
1,29.89,1,16,2.672
1,10.78,1,12,0.744
3,29.79,1,16,1.487
2,18.29,0,21,0.765
3,16.2,0,19,0.773
0,29.24,0,16,5.612
0,23.87,1,11,6.457
4,23.11,0,10,0.03
3,17.17,0,19,1.141
1,15.73,0,8,1.171
4,17.59,1,3,0.031
3,7.94,1,5,0.52
3,7.86,0,20,0.347
1,21.27,0,1,1.502
3,14.84,0,22,0.741
4,26.4,0,14,0.046
3,22.34,0,19,1.216
0,18.08,0,3,3.462
2,7.48,1,9,0.394
0,15.69,0,8,4.06
2,26.85,1,11,0.792
1,4.59,1,13,0.459
3,28.36,1,18,1.608
1,16.62,0,18,1.291
1,13.37,0,3,0.891
1,5.6,1,9,0.67
4,25.4,1,23,0.051
0,27.97,1,8,8.945
3,21.86,1,1,1.236
2,14.16,0,11,0.744
1,21.89,0,5,1.767
2,22.51,0,18,0.864
2,23.33,1,12,1.3
1,29.16,0,2,3.023
2,9.51,0,11,0.233
0,27.75,1,13,7.079
3,26.3,1,4,1.003
2,7.93,1,10,0.435
0,7.08,1,12,1.314
4,24.7,1,1,0.04
0,1.95,0,8,0.503
1,16.28,0,2,1.303
1,1.45,0,21,0.131
1,20.26,1,16,1.812
1,13.05,0,1,0.84
3,13.29,0,14,0.531
2,7.39,0,18,0.269
0,21.13,0,10,5.882
2,22.86,1,5,0.937
2,14.65,0,21,0.682
4,24.27,1,6,0.035
1,21.31,1,11,2.147
0,16.34,1,2,2.396
2,21.71,1,6,0.795
4,9.32,1,22,0.019
4,28.4,0,20,0.044
2,10.36,0,13,0.375
4,14.13,1,2,0.032
2,10.03,0,22,0.295
4,8.69,0,14,0.012
4,3.07,0,11,0.01
4,2.51,0,21,0.01
1,22.02,0,12,1.622
3,1.66,1,23,0.113
4,19.73,1,9,0.021
2,3.81,0,7,0.115
4,24.74,1,20,0.025
2,21.79,1,3,0.773
4,1.09,0,11,0.01
2,21.27,1,11,1.17
0,12.26,1,11,3.871
1,27.7,0,23,2.742
1,21.92,1,18,2.199
0,13.45,0,9,2.79
0,16.24,0,11,2.377
4,10.6,1,12,0.01
4,10.69,0,17,0.01
4,8.17,1,11,0.01
2,7.33,1,16,0.429
4,14.05,1,0,0.021
1,15.79,0,15,1.488
2,18.63,0,4,0.526
1,1.67,0,11,0.124
0,17.03,0,16,2.274
1,21.52,0,8,2.272
1,22.86,1,19,1.986
3,7.19,1,22,0.486
4,29.86,0,7,0.03
2,14.05,1,23,0.427
2,6.04,0,22,0.161
3,12.17,0,8,0.408
0,21.5,1,18,6.266
1,22.89,1,20,1.992
2,14.27,0,8,0.739
2,19.4,0,9,0.675
0,4.62,0,18,0.851
4,1.59,0,2,0.01
0,13.09,0,17,2.661
1,19.8,1,3,1.697
3,14.85,1,9,0.754
4,3.17,1,17,0.01
1,28.28,1,17,2.586
3,24.54,0,21,0.985
4,3.52,0,16,0.01
2,24.09,0,2,0.597
3,11.29,1,6,0.81
4,25.25,0,22,0.015
1,10.78,1,5,0.99
4,14.03,0,18,0.017
4,9.16,1,21,0.02
2,26.09,0,0,0.613
3,19.41,0,0,0.675
2,10.87,1,4,0.361
2,9.93,1,12,0.322
3,6.02,1,3,0.395
1,19.89,1,18,1.948
0,11.23,0,15,2.324
3,8.79,0,4,0.279
2,28.13,1,13,0.692
2,1.12,0,23,0.039
1,19.05,1,21,1.604
0,29.13,0,16,6.019
1,14.95,1,7,1.616
2,20.13,0,6,0.664
2,24.09,1,19,1.0
2,2.76,1,16,0.083
4,3.74,1,19,0.01
3,11.69,1,20,0.439
0,24.77,1,12,6.515
0,16.02,1,10,2.648
3,5.87,0,20,0.353
4,22.9,0,13,0.02
2,28.55,0,17,0.582
2,22.93,1,19,1.237
4,16.09,1,6,0.021
0,18.92,0,10,4.039
4,29.3,1,14,0.056
1,15.05,1,23,1.781
4,11.67,1,14,0.016
2,4.7,1,9,0.242
0,29.59,0,0,6.144
1,27.47,0,10,2.454
1,22.11,1,6,2.172
2,3.25,1,20,0.125
0,11.81,1,0,1.696
2,21.27,0,9,0.929
3,11.95,1,4,0.759
0,23.57,1,14,5.623
3,22.21,0,12,1.224
0,22.24,1,22,6.082
0,18.14,0,6,2.508
3,4.75,0,0,0.204
4,29.88,0,12,0.021
2,23.07,0,16,0.811
3,28.92,1,0,1.465
1,3.04,1,0,0.302
4,22.73,0,10,0.021
4,4.46,0,18,0.01
3,28.55,0,16,1.425
1,29.28,1,4,2.652
3,5.61,1,7,0.396
4,7.41,1,13,0.011
3,17.53,1,15,0.751
3,4.33,0,14,0.181
2,20.95,0,0,0.917
3,1.78,0,5,0.116
2,8.52,0,15,0.443
1,9.83,1,10,1.169
1,5.42,0,1,0.41
4,5.88,0,12,0.01
1,28.89,0,23,1.848
2,19.2,1,0,1.037
1,27.49,1,20,3.286
0,18.26,0,10,3.854
2,15.27,0,9,0.68
4,8.79,0,4,0.01
1,28.98,0,5,2.134
0,18.68,0,8,3.995
4,3.53,0,0,0.01
0,25.93,1,12,3.557
1,26.37,1,8,2.882
1,21.33,1,8,2.2
3,27.3,0,8,1.482
4,7.77,1,14,0.01
2,6.45,0,9,0.334
0,17.47,0,8,4.266
1,13.1,0,0,0.907
2,15.32,1,11,0.787
0,17.14,1,6,4.0
0,14.69,1,7,2.797
3,7.65,1,8,0.481
3,21.88,1,3,1.175
1,17.3,1,3,1.532
4,16.52,0,9,0.03
2,18.05,0,10,0.69
0,23.27,0,14,5.469
1,25.89,0,6,2.535
2,14.13,0,22,0.397
2,25.83,0,19,1.062
2,3.29,0,10,0.169
1,24.98,1,4,2.431
2,25.22,0,23,0.888
2,23.95,0,3,1.031
0,22.42,1,9,7.027
0,19.27,0,2,3.818
4,8.36,0,18,0.012
3,18.99,0,6,1.221
4,5.27,0,8,0.01
2,2.94,0,12,0.14
2,9.75,0,23,0.297
0,25.11,1,11,4.568
3,21.1,1,9,1.554
4,23.8,1,11,0.042
1,17.49,0,22,1.318
1,18.64,1,15,1.389
2,2.57,1,23,0.068
1,21.28,1,4,1.766
4,21.29,0,21,0.028
2,23.87,0,16,0.616
3,16.02,0,7,0.695
0,12.63,1,16,2.304
1,24.61,0,19,2.444
4,21.76,1,21,0.023
3,11.75,0,10,0.517
4,12.85,1,0,0.014
1,1.9,0,4,0.151
4,20.02,0,1,0.021
4,13.67,1,9,0.015
0,5.95,1,5,1.148
3,5.77,1,6,0.222
0,3.18,0,15,0.477
0,1.23,0,1,0.288
2,25.17,1,0,0.92
4,4.79,1,5,0.01
0,2.48,0,0,0.443
3,11.2,0,7,0.595
3,6.64,1,3,0.236
4,11.45,0,10,0.01
1,0.86,1,21,0.097
3,27.87,0,15,1.623
0,5.52,1,15,0.887
4,2.46,0,8,0.01
4,4.9,1,23,0.01
1,12.26,1,23,0.977
2,20.64,0,13,0.486
3,4.51,0,20,0.263
2,10.38,1,20,0.309
3,10.33,0,12,0.563
1,15.55,1,9,1.694
3,0.62,0,15,0.037
4,27.45,1,12,0.061
1,1.39,0,20,0.122
4,24.27,0,21,0.038
3,3.62,0,6,0.152
0,28.65,1,15,5.582
3,14.1,1,21,0.573
4,24.06,0,22,0.041
2,20.9,1,6,0.527
3,22.56,1,11,0.811
0,3.74,1,8,0.64
3,15.03,1,6,0.933
2,5.31,0,4,0.214
0,1.53,1,10,0.287
2,2.09,1,21,0.056
3,18.5,1,19,0.871
1,1.27,1,20,0.159
2,5.34,1,22,0.19
0,1.48,0,2,0.242
1,10.53,0,15,1.076
2,24.28,1,15,1.294
0,14.01,0,9,3.541
3,19.43,1,10,0.772
3,26.16,1,4,1.979
0,5.77,0,10,1.56
4,23.87,0,22,0.026
0,25.8,0,15,3.574
4,8.16,0,11,0.012
4,26.23,0,7,0.025
2,17.71,0,22,0.668
3,17.82,1,8,0.828
4,29.67,1,22,0.049
0,2.3,0,20,0.44
2,5.98,0,16,0.259
3,19.91,1,11,1.042
3,10.08,0,20,0.393
3,12.29,0,7,0.75
2,25.93,0,2,0.786
1,27.94,0,20,3.145
4,9.89,0,20,0.017
0,18.38,0,20,5.757
4,10.23,0,14,0.019
2,26.32,0,22,0.787
0,13.46,1,12,3.532
0,25.05,1,18,7.078
4,10.9,0,5,0.011
3,20.47,0,21,1.524
0,19.09,0,0,3.028
0,14.83,1,23,2.101
3,2.07,0,9,0.117
4,2.01,1,10,0.01
1,7.8,0,22,0.543
4,21.31,1,0,0.047
1,3.81,1,17,0.402
3,18.13,1,4,0.773
0,12.17,1,9,2.265
1,8.65,1,4,0.885
0,15.33,0,15,3.116
4,20.48,1,13,0.013
0,24.41,1,8,5.391
4,14.43,0,5,0.017
4,23.76,0,1,0.043
3,11.96,1,7,0.451
2,9.82,0,9,0.324
0,5.67,0,14,1.133
0,5.68,1,22,1.122
2,10.28,0,10,0.549
1,22.36,1,10,2.133
3,20.49,0,8,1.073
3,22.91,1,7,1.801
1,1.72,0,1,0.176
3,28.53,1,1,2.237
4,21.64,1,13,0.024
0,18.26,1,15,4.329
0,26.01,0,20,5.921
4,23.76,1,9,0.034
3,1.23,0,0,0.065
0,3.14,1,11,0.741
1,27.92,1,13,2.989
3,8.69,0,18,0.496
3,28.88,1,22,2.344
1,14.05,1,11,1.565
4,28.02,1,6,0.038
2,27.48,0,16,0.618
2,5.3,0,3,0.132
0,24.09,0,17,5.329
4,5.5,0,2,0.01
2,16.23,1,2,0.894
2,19.08,0,13,0.623
4,22.32,0,14,0.013
1,3.75,1,0,0.381
2,29.7,0,9,1.2
3,4.23,0,3,0.139
0,0.95,1,6,0.165
0,25.38,0,9,5.5
1,6.55,1,18,0.626
0,9.55,0,8,1.632
4,15.88,1,2,0.018
4,13.58,0,18,0.017
2,24.16,1,11,0.592
0,1.51,1,14,0.353
4,5.41,1,0,0.01
2,3.49,1,13,0.175
4,20.68,0,20,0.028
3,21.63,1,14,1.719
1,16.02,0,23,1.108
0,15.1,1,23,2.621
3,10.91,0,8,0.724
1,21.93,1,23,1.471
4,9.13,0,9,0.01
2,11.47,0,3,0.341
0,2.8,1,15,0.504
0,14.62,0,16,2.217
0,19.67,0,8,4.732
1,27.65,1,8,2.756
1,23.7,0,9,1.692
0,26.18,1,16,5.575
4,20.01,1,23,0.023
4,1.26,0,10,0.01
2,10.65,0,15,0.437
2,9.86,0,8,0.464
4,23.89,1,7,0.025
2,3.6,1,7,0.13
0,12.92,0,14,3.08
0,9.92,1,17,2.993
4,22.4,1,22,0.03
4,7.32,0,19,0.01
3,2.81,1,11,0.112
2,5.97,0,0,0.158
0,13.28,1,12,2.618
2,20.02,1,5,0.776
0,12.08,0,10,2.191
4,8.82,0,10,0.014
0,16.19,1,3,3.402
4,12.0,1,20,0.015
1,10.74,1,5,0.949
3,10.85,0,0,0.572
2,1.41,0,0,0.037
2,17.62,0,20,0.697
1,13.05,0,8,0.891
3,19.24,0,18,0.859
3,18.96,0,19,0.773
2,1.06,0,6,0.047
2,6.97,0,12,0.332
3,13.85,0,2,0.598
0,21.75,1,8,3.547
0,26.73,1,0,5.84
3,18.14,0,10,0.749
4,11.12,0,3,0.01
2,17.32,0,18,0.577
2,4.21,0,13,0.189
2,27.61,1,2,1.085
3,8.27,0,15,0.454
3,13.84,1,21,0.869
2,3.5,1,11,0.115
1,21.01,1,0,1.931
4,16.5,1,8,0.033
4,3.1,1,22,0.01
3,2.92,0,11,0.141
0,28.68,0,1,6.87
3,10.87,1,22,0.762
4,23.16,1,4,0.018
2,14.01,1,4,0.405
1,24.16,0,12,1.978
0,7.05,1,6,1.049
0,6.89,0,14,1.147
3,4.22,1,10,0.221
1,9.93,1,12,0.84
3,27.14,0,21,1.329
1,1.79,1,14,0.153
0,11.71,0,11,2.141
4,28.65,1,18,0.062
0,14.88,1,5,3.549
1,12.59,1,18,1.038
3,17.9,0,9,1.114
4,21.84,1,2,0.014
4,14.46,1,23,0.01
0,25.98,0,17,3.936
2,29.07,1,2,0.979
3,28.6,1,8,2.242
4,10.66,0,6,0.02
2,10.08,1,22,0.485
2,2.19,1,12,0.111
1,29.84,1,9,3.029
4,4.04,1,18,0.01
2,16.39,1,18,0.58
3,27.8,0,8,1.44
3,23.66,0,10,0.857
1,4.57,1,17,0.577
3,12.05,0,4,0.626
1,8.69,0,15,0.696
3,0.94,1,12,0.055
4,26.23,0,16,0.025
3,22.41,1,11,1.094
4,1.63,1,7,0.01
3,23.93,1,21,1.482
4,1.27,1,11,0.01
1,22.59,0,13,1.449
4,24.64,1,1,0.053
3,25.01,1,17,1.548
4,29.51,1,12,0.04
3,29.78,0,9,1.14
2,22.21,0,17,1.019
3,3.27,0,9,0.2
3,2.65,1,12,0.209
1,1.9,0,21,0.232
1,5.51,0,6,0.481
2,11.18,1,20,0.516
0,4.35,1,21,0.773
4,21.22,1,14,0.018
0,11.51,0,21,2.022
0,4.0,1,0,1.076
2,10.49,1,10,0.319
0,10.84,0,9,1.616
0,4.58,0,6,1.107
2,3.38,1,17,0.154
1,9.53,1,19,1.244
0,12.35,1,9,2.51
1,22.55,0,19,2.372
3,27.54,1,15,2.035
2,22.1,0,16,0.742
2,9.25,1,15,0.403
1,22.89,0,9,2.03
2,24.13,1,6,1.312
1,16.58,1,6,1.768
1,8.25,0,12,0.671
1,22.24,1,3,1.745
1,22.28,1,15,1.666
0,18.87,0,19,4.314
2,10.22,1,7,0.249
4,12.68,0,16,0.015
0,19.88,0,23,4.768
2,11.73,0,18,0.387
4,7.83,0,8,0.01
2,27.09,1,19,0.802
0,23.53,1,2,6.424
1,29.64,0,21,2.366
1,26.44,1,19,3.095
4,12.81,0,11,0.01
2,26.3,0,8,1.2
4,16.1,0,17,0.014
0,3.11,0,23,0.468
1,24.94,1,20,2.425
1,24.36,1,13,1.945
0,27.7,1,5,5.473
0,0.67,1,11,0.178
4,1.14,1,5,0.01
1,21.91,0,18,1.858
3,10.66,1,6,0.819
2,2.98,0,23,0.096
0,13.89,0,23,2.112
0,9.51,1,19,2.184
0,22.46,0,20,3.996
0,23.75,1,19,4.202
1,15.6,0,11,1.694
2,9.67,1,21,0.256
2,26.15,1,14,0.995
1,29.19,0,12,2.4
4,16.92,0,23,0.011
1,19.84,0,12,1.511
0,10.8,1,5,2.851
2,28.51,0,4,0.919
0,10.72,1,14,2.761
0,25.29,1,14,4.147
4,20.67,1,13,0.041
0,12.62,0,6,1.607
0,26.37,0,6,5.705
0,16.94,0,19,4.834
2,10.19,1,7,0.412
0,5.8,1,6,1.559
4,18.67,0,20,0.025
1,5.49,1,9,0.565
0,1.0,1,12,0.151
0,4.1,1,14,0.915
3,14.7,0,10,0.566
1,8.3,1,6,0.934
2,16.06,0,16,0.323
2,24.09,0,4,1.105
1,29.62,0,12,2.086
2,9.98,1,20,0.301
2,19.16,1,18,0.998
4,28.09,1,13,0.059
2,9.77,1,15,0.275
4,21.02,1,20,0.012
3,29.65,0,15,1.163
3,22.14,1,4,1.717
0,5.3,0,1,1.262
4,16.55,1,15,0.016
0,15.17,0,0,3.177
1,9.89,0,10,0.736
3,23.23,0,3,1.08
0,25.45,0,20,5.959
2,24.18,1,3,1.384
4,20.44,1,10,0.019
2,2.08,1,9,0.114
3,15.22,0,9,1.083
0,21.08,1,20,6.185
1,12.09,0,9,0.881
4,9.58,1,11,0.01
4,26.16,0,5,0.014
3,16.87,0,3,0.546
3,20.44,0,6,1.237
4,19.3,1,6,0.037
3,24.7,0,10,0.938
4,12.21,0,17,0.023
4,15.03,0,6,0.02
3,20.16,1,17,1.171
1,13.78,0,4,1.186
3,3.64,1,11,0.183
0,28.14,0,22,5.288
4,29.55,1,10,0.051
4,14.52,1,9,0.01
3,25.84,0,8,1.105
4,10.9,0,21,0.02
3,7.86,0,18,0.405
0,18.41,1,5,2.582
0,18.27,0,9,2.774
4,19.33,1,10,0.021
2,11.82,0,8,0.55
1,27.69,0,3,2.337
2,7.23,1,22,0.389
0,4.39,1,2,1.092
1,29.71,0,21,2.921
1,9.81,1,4,1.106
3,22.38,1,5,1.397
4,7.28,1,11,0.01
1,26.95,1,11,2.496
2,20.24,1,17,0.577
3,25.58,0,19,1.018
3,13.77,0,7,0.944
0,29.03,0,1,6.733
3,24.42,1,4,1.354
4,1.22,1,9,0.01
2,28.18,1,16,1.28
4,24.28,1,3,0.021
3,11.22,1,8,0.84
0,4.38,1,15,1.241
3,11.56,1,18,0.567
4,14.41,1,7,0.01
3,22.42,0,8,1.461
3,18.36,1,14,1.099
0,3.16,0,3,0.464
4,25.25,1,15,0.048
4,7.83,0,19,0.013
0,25.23,0,0,3.677
4,14.85,1,9,0.032
1,3.25,0,23,0.293
0,17.29,1,1,3.227
1,18.56,1,14,1.942
2,22.57,1,19,0.764
1,6.74,0,20,0.651
3,6.53,1,12,0.447
1,21.31,1,10,2.69
0,5.24,1,1,1.269
3,21.5,1,0,1.42
4,15.78,1,14,0.027
1,6.34,1,2,0.601
3,15.08,1,12,0.782
0,2.55,0,10,0.574
2,10.99,1,5,0.552
0,13.68,0,15,3.287
3,1.11,1,18,0.047
0,26.98,0,2,5.788
3,29.43,0,18,1.71
4,9.24,1,0,0.011
4,18.37,0,15,0.014
1,29.25,1,15,2.704
0,1.03,0,15,0.132
3,17.49,1,13,1.081
0,1.61,1,7,0.294
4,1.35,0,8,0.01
2,17.15,0,22,0.343
2,20.25,1,0,1.073
3,6.9,0,1,0.216
2,29.91,1,7,1.39
0,3.48,1,12,0.749
2,11.69,0,19,0.256
2,24.02,1,21,0.958
4,29.01,1,15,0.037
3,11.32,0,9,0.747
2,23.69,1,6,1.378
3,23.9,0,21,1.508
0,2.94,1,23,0.46
2,7.04,1,2,0.299
2,2.93,0,6,0.149
4,5.02,0,9,0.01
2,11.93,1,2,0.56
4,23.54,1,17,0.014
1,8.68,0,9,0.703
1,6.5,1,12,0.71
2,23.23,0,16,1.049
2,7.87,1,7,0.177
2,21.24,0,9,0.814
0,18.5,0,6,3.382
4,8.1,0,11,0.01
2,26.39,0,15,0.671
1,29.19,0,20,1.948
0,5.44,0,4,0.702
4,4.79,0,10,0.01
0,20.5,1,3,5.801
3,23.13,1,18,1.753
1,26.41,1,20,3.137
1,6.73,1,4,0.572
3,1.49,0,19,0.078
4,10.51,1,19,0.02
2,22.38,0,8,1.073
4,7.94,0,1,0.013
4,27.45,1,7,0.045
2,25.04,0,21,1.286
1,20.88,0,3,1.542
1,9.36,0,9,1.011
3,25.97,1,16,1.345
4,21.71,0,15,0.02
4,20.23,0,3,0.03
4,20.41,1,8,0.039
0,21.27,0,7,3.023
2,24.99,0,5,1.13
4,0.83,1,12,0.01
4,27.01,0,13,0.051
1,13.55,0,2,0.848
2,22.91,0,3,0.877
4,6.06,1,12,0.01
0,24.78,1,0,4.98
1,13.72,1,1,1.448
3,21.03,0,15,1.004
2,11.59,1,6,0.399
1,29.44,1,23,2.718
0,17.82,0,4,2.339
0,22.72,1,9,3.9
0,17.79,0,12,3.979
4,23.38,1,19,0.037
4,14.33,1,23,0.01
1,9.37,1,20,0.779
4,18.77,1,3,0.015
0,23.59,0,2,3.182
2,23.74,1,23,0.768
2,19.35,1,7,0.955
3,4.43,1,19,0.304
4,8.54,1,18,0.01
4,2.14,0,15,0.01
3,22.29,0,11,1.28
1,21.4,0,0,1.367
1,8.34,0,8,0.584
4,1.8,0,21,0.01
2,8.21,1,14,0.328
2,25.95,1,5,0.901
2,1.6,0,10,0.053
3,10.69,0,5,0.561
3,21.51,1,1,1.476
0,22.39,0,6,3.807
2,18.81,1,4,0.818
1,17.71,1,14,1.991
1,7.96,1,18,0.835
2,2.98,1,22,0.177
1,15.36,0,22,1.323
3,16.9,0,7,0.686
0,19.74,0,23,3.589
1,8.16,0,13,0.718
3,9.77,1,15,0.393
3,7.6,1,1,0.504
4,21.59,1,11,0.023
4,8.47,0,15,0.016
4,18.18,0,15,0.023
4,9.87,1,17,0.018
0,4.66,1,20,1.367
0,26.46,1,3,5.983
4,5.07,1,11,0.01
0,23.5,1,5,4.192
1,17.3,0,12,1.281
3,11.18,0,2,0.766
2,6.11,1,13,0.168
1,22.48,0,8,2.022
0,2.94,0,8,0.663
2,1.23,1,11,0.064
1,29.0,1,11,3.068
0,11.41,0,11,3.131
0,28.26,1,15,8.257
0,19.29,0,6,3.005
0,23.99,0,7,4.487
1,8.95,1,11,0.956
4,14.96,1,17,0.011
3,18.66,1,22,0.931
1,16.62,1,19,1.542
4,8.39,0,19,0.01
3,16.74,1,4,0.93
4,8.63,0,5,0.014
4,19.07,1,23,0.027
3,17.49,0,0,0.593
2,13.82,0,14,0.298
4,10.26,1,0,0.021
3,13.67,1,5,1.077
1,17.45,0,14,1.631
4,15.22,1,1,0.027
3,29.35,1,2,1.993
0,5.43,0,10,0.843
2,11.77,0,14,0.411
4,9.62,0,13,0.01
3,8.09,1,17,0.527
1,5.86,0,14,0.479
4,29.46,0,13,0.049
4,21.13,1,15,0.032
0,13.83,1,23,3.169
4,4.14,0,21,0.01
2,24.49,0,6,0.962
1,24.0,1,22,2.612
3,12.36,0,13,0.506
0,13.68,0,23,3.408
2,7.41,1,1,0.392
4,6.53,1,16,0.014
1,17.93,0,4,1.495
0,7.4,0,9,1.345
4,11.16,1,18,0.02
2,6.33,0,3,0.277
3,5.86,0,17,0.319
3,16.57,0,1,0.805
4,4.42,1,23,0.01
2,29.05,1,4,1.32
0,16.78,1,1,3.261
3,3.08,1,2,0.199
0,23.62,1,17,7.247
4,3.0,0,22,0.01
4,26.82,0,5,0.055
4,11.96,0,11,0.024
1,25.25,0,16,1.603
2,24.73,0,11,0.544
0,15.98,1,7,3.403
1,5.48,1,2,0.482
4,1.79,1,14,0.01
0,26.01,1,9,6.147
3,18.17,1,9,1.436
1,23.79,0,4,2.272
3,26.25,0,23,1.622
1,17.43,1,2,1.872
1,9.8,0,16,0.601
4,22.13,0,0,0.036
0,10.03,0,13,2.308
1,1.9,1,9,0.222
0,12.09,1,9,2.186
0,8.03,1,11,1.165
4,13.66,0,4,0.029
3,24.89,0,3,0.817
4,17.26,0,5,0.024
0,6.58,0,14,1.192
3,12.48,1,5,0.51
1,29.53,1,1,2.919
2,25.36,0,7,0.678
1,11.37,0,19,0.957
4,8.76,1,19,0.013
3,8.2,0,9,0.31
4,28.26,0,18,0.029
3,24.91,0,17,1.578
0,13.36,0,21,2.182
1,9.95,1,8,1.201
3,8.18,1,23,0.331
1,26.97,0,0,2.243
3,28.08,0,4,1.652
0,5.87,1,18,1.545
0,22.35,1,12,4.331
2,9.87,1,22,0.533
1,24.23,1,2,2.662
0,6.42,1,18,1.296
0,8.37,0,7,1.629
1,10.54,1,23,1.13
3,12.27,0,0,0.37
4,28.08,1,0,0.063
0,28.74,1,8,7.481
0,13.61,0,8,2.916
1,4.32,0,4,0.382
4,19.3,0,23,0.01
4,15.88,1,17,0.028
0,29.89,0,3,6.926
4,4.92,1,13,0.01
1,11.55,1,20,1.253
0,25.87,0,8,3.698
2,2.57,1,15,0.141
3,13.21,1,11,0.509
4,22.26,1,14,0.049
1,17.04,1,12,1.428
1,3.49,0,8,0.31
0,25.02,0,23,3.888
0,13.61,1,18,2.214
0,5.15,0,4,1.152
4,13.72,1,3,0.026
1,15.44,0,12,1.451
0,27.31,1,5,4.161
2,8.54,0,8,0.317
0,14.25,0,12,3.372
3,6.44,0,6,0.327
4,17.68,1,1,0.022
0,8.81,0,14,1.127
1,17.02,1,6,1.4
3,5.63,0,10,0.195
1,8.94,1,3,0.586
2,23.24,1,6,0.858
3,1.69,0,6,0.058
4,23.13,0,22,0.021
0,17.81,0,15,3.641
3,11.79,0,21,0.413
4,18.38,0,15,0.01
1,18.12,0,11,1.644
2,1.65,1,5,0.063
4,9.65,1,5,0.018
1,15.94,1,10,1.446
3,13.17,1,18,0.434
4,23.6,0,0,0.013
4,13.44,1,7,0.018
3,8.93,1,23,0.623
1,21.17,1,20,2.674
3,0.83,0,17,0.03
0,13.55,0,11,2.893
4,26.1,0,16,0.025
1,20.73,1,23,2.218
1,14.54,0,13,1.249
0,7.52,0,6,1.461
3,16.47,0,9,1.12
1,23.98,0,9,1.736
2,6.38,1,22,0.224
1,28.84,1,10,3.001
3,13.91,0,14,0.566
3,14.93,0,9,1.063
4,20.54,1,0,0.04
2,24.49,0,9,1.146
3,11.65,1,18,0.736
3,18.85,0,13,1.322
0,23.68,0,11,4.85
0,12.22,0,11,3.496
3,10.48,1,8,0.446
4,10.78,1,5,0.011
3,3.69,1,7,0.253
3,13.82,0,15,0.532
0,19.54,1,2,3.35
4,6.87,1,4,0.012
1,16.7,1,7,1.376
4,8.46,1,7,0.01
3,18.28,0,13,0.621
2,26.06,1,13,1.183
4,17.84,0,3,0.028
3,2.6,1,23,0.211
0,5.81,0,10,1.1
1,20.96,1,3,2.156
3,1.77,1,3,0.087
4,20.05,0,15,0.02
2,9.43,1,16,0.267
3,24.61,0,5,1.649
3,28.54,1,10,1.111
2,2.64,0,2,0.075
4,10.92,0,10,0.01
3,5.94,0,12,0.342
2,12.2,1,8,0.356
2,18.39,0,23,0.669
1,25.16,1,18,2.86
4,5.4,0,8,0.01
0,9.22,1,16,2.321
0,27.52,0,9,4.643
4,11.5,1,8,0.018
3,12.33,0,12,0.758
2,19.44,1,20,0.788
4,21.43,1,8,0.012
2,15.64,0,21,0.646
3,4.23,1,12,0.249
1,16.34,1,16,1.46
1,28.37,1,4,3.142
1,8.69,0,17,0.973
1,17.91,0,16,1.423
1,22.03,0,16,1.829
3,12.38,0,11,0.82
2,20.03,0,9,0.775
4,24.98,0,1,0.038
4,19.11,1,16,0.043
2,9.81,1,3,0.446
2,16.91,0,9,0.477
2,21.88,1,7,0.944
1,8.21,1,3,0.674
4,21.37,1,0,0.03
4,27.81,1,10,0.038
3,3.25,0,16,0.138
2,4.03,0,22,0.082
4,13.01,1,5,0.01
4,8.92,1,22,0.013
0,29.35,1,5,8.675
0,29.38,0,17,5.97
4,10.4,0,7,0.015
1,9.05,1,16,0.795
0,10.22,1,9,2.409
0,15.48,0,2,1.828
2,2.79,0,5,0.136
2,10.61,0,16,0.56
0,20.71,0,13,4.065
0,16.87,0,1,2.838
1,16.63,0,4,1.241
1,27.02,0,10,1.984
1,4.17,1,8,0.438
4,6.01,0,12,0.01
2,7.53,1,12,0.358
4,13.58,0,9,0.01
4,13.52,0,5,0.01
2,2.28,1,1,0.069
0,21.53,1,16,5.508
2,25.72,0,15,0.876
4,29.78,1,3,0.059
0,18.78,0,0,4.629
1,13.02,0,16,0.82
0,11.01,1,2,1.642
0,10.09,1,3,1.853
1,1.21,1,1,0.091
4,23.65,1,9,0.049
2,8.2,1,14,0.32
0,12.86,0,16,1.902
0,16.8,1,23,2.706
3,14.01,0,3,0.598
1,20.31,0,21,2.472
3,15.42,0,20,1.014
3,17.34,0,9,0.543
0,8.09,1,9,2.449
1,4.48,1,6,0.365
2,2.07,0,23,0.086
1,21.4,0,12,1.515
3,26.5,1,22,1.682
3,21.72,0,0,0.734
2,21.79,0,10,0.804
4,19.24,0,23,0.025
3,15.99,1,4,0.709
3,4.16,0,16,0.229
1,17.08,0,7,1.094
1,4.66,0,3,0.445
4,23.49,0,2,0.022
0,16.74,1,20,2.825
3,22.55,1,15,1.476
0,4.47,0,23,1.077
0,12.86,0,21,2.49
2,1.45,1,20,0.049
4,7.29,0,9,0.01
4,6.04,0,8,0.01
3,2.23,1,21,0.155
4,1.77,0,23,0.01
2,24.24,1,0,1.322
3,10.09,1,17,0.494
3,9.85,0,1,0.305
4,7.97,0,12,0.01
2,5.6,1,6,0.138
1,24.95,1,2,2.768
1,2.31,1,4,0.262
4,12.03,0,15,0.01
2,24.51,0,9,0.565
2,15.24,0,2,0.56
2,7.34,1,17,0.167
2,21.79,0,17,0.873
1,9.62,1,13,0.913
2,11.61,1,23,0.295
2,3.4,0,12,0.135
4,29.66,0,0,0.042
0,15.23,0,17,2.152
1,18.25,1,20,2.25
2,3.7,0,21,0.132
0,11.2,1,16,2.772
2,9.88,1,11,0.494
1,13.48,0,12,0.863
1,23.72,0,21,1.79
0,26.5,1,20,5.213
2,1.46,1,19,0.055
4,8.18,1,11,0.01
2,14.79,0,9,0.448
1,4.05,0,14,0.393
1,8.87,0,13,0.766
4,4.9,0,9,0.01
3,16.9,0,7,0.91
3,22.09,1,12,1.725
1,13.3,1,2,1.404
0,8.36,1,0,2.113
2,10.58,0,21,0.321
2,16.49,0,11,0.731
0,27.35,0,21,6.32
0,4.6,1,23,0.922
0,17.24,0,10,3.6
3,10.2,0,19,0.619
2,3.33,0,9,0.118
1,22.94,0,12,1.461
1,24.62,1,12,1.775
2,21.9,1,3,0.934
2,17.78,0,13,0.789
1,23.25,1,11,2.368
3,6.23,0,17,0.294
3,15.4,1,8,1.13
1,16.93,0,5,1.126
1,11.29,0,12,1.006
4,29.31,0,23,0.056
4,23.04,1,22,0.016
0,11.7,1,6,2.567
0,10.5,0,20,2.643
0,7.22,0,3,1.689
0,8.07,1,0,1.093
2,28.99,1,8,0.736
2,22.56,0,11,1.051
1,29.85,0,14,2.21
1,13.04,0,16,0.933
3,15.71,0,16,0.501
2,29.26,0,23,0.875
2,1.39,0,6,0.058
3,17.5,0,1,0.963
1,22.64,1,21,2.749
2,26.61,1,18,1.363
3,11.98,1,5,0.792
0,14.53,1,16,3.118
3,27.48,0,3,1.492
4,0.95,1,11,0.01
1,19.43,0,11,2.178
1,17.55,0,6,1.508
2,11.47,1,15,0.407
4,7.99,0,3,0.016
3,23.35,1,10,0.875
0,29.65,0,1,6.57
2,5.18,1,19,0.237
2,22.0,0,1,0.859
0,3.91,1,6,1.015
3,4.11,0,13,0.271
1,4.85,0,19,0.454
3,18.56,1,22,1.298
4,18.13,1,1,0.03
3,0.83,1,4,0.049
1,20.25,1,13,1.615
1,29.4,1,11,3.257
3,19.15,1,16,1.321
4,19.89,1,16,0.037
4,19.36,1,19,0.031
4,5.23,1,4,0.01
4,15.0,1,5,0.028
4,24.29,1,12,0.029
4,8.99,1,22,0.014
3,5.39,1,14,0.215
3,20.04,0,2,1.467
4,22.97,0,21,0.037
3,7.71,0,16,0.351
4,9.75,0,0,0.015
0,19.57,1,1,2.852
0,13.6,0,3,3.557
4,12.78,0,1,0.021
2,19.08,0,15,0.723
1,22.96,0,1,1.597
1,5.34,1,19,0.569
4,23.87,0,23,0.036
4,3.86,0,11,0.01
0,6.57,1,21,1.539
2,12.22,0,1,0.571
1,16.96,0,10,2.008
3,27.65,1,10,1.874
0,8.81,0,2,2.088
1,3.24,0,1,0.316
4,23.34,1,15,0.027
0,13.57,0,5,2.036
3,15.38,0,2,0.769
3,17.29,0,19,0.713
3,16.77,1,13,1.052
3,23.61,1,13,0.854
3,1.69,1,11,0.12
0,15.97,1,9,4.244
1,19.89,0,6,1.532
1,10.09,0,20,0.912
1,8.88,0,23,0.926
0,10.99,0,9,3.112
1,11.42,0,22,1.217
2,27.55,1,18,1.305
3,23.95,0,23,1.758
4,26.63,1,18,0.019
3,23.4,1,10,1.379
2,12.05,1,11,0.366
4,26.08,0,16,0.026
4,14.57,0,10,0.014
1,24.03,1,18,2.254
0,18.97,1,5,4.837
1,17.91,0,9,2.028
1,15.43,1,17,1.871
4,27.52,1,22,0.052
0,12.86,0,15,1.614
4,8.64,1,12,0.016
4,25.28,1,11,0.025
0,0.93,0,21,0.199
4,3.13,0,18,0.01
0,25.96,1,3,5.825
1,17.59,0,18,1.461
1,18.91,0,5,1.724
2,19.97,0,13,0.846
2,29.33,1,10,0.833
0,14.14,0,12,3.261
0,14.69,1,19,2.346
4,21.37,1,7,0.029
0,22.87,1,5,5.004
3,25.34,1,14,1.262
3,7.55,1,8,0.531
3,7.58,0,13,0.487
1,8.03,1,4,0.802
4,18.92,1,3,0.033
3,23.96,1,17,1.893
2,18.54,0,1,0.616
0,13.34,0,8,3.636
3,14.83,1,5,0.482
4,18.42,0,13,0.027
3,18.18,1,21,0.597
1,10.92,1,11,1.014
1,11.54,0,9,1.089
2,26.69,0,22,1.235
0,27.35,1,21,7.97
2,22.51,0,3,0.643
2,13.65,0,14,0.454
1,11.81,1,21,0.931
0,2.1,1,14,0.362
2,27.51,1,6,0.854
2,27.33,1,11,0.75
2,23.72,0,1,1.088
0,8.01,1,4,1.144
0,16.17,1,21,3.82
2,21.4,1,18,1.028
0,7.09,0,12,1.509
3,4.27,0,23,0.292
4,20.92,0,22,0.012
2,10.37,0,5,0.397
3,16.25,1,21,0.721
3,17.29,1,10,1.185
0,22.82,0,23,4.382
1,22.31,1,17,2.935
4,28.46,0,20,0.05
4,14.6,0,22,0.025
2,7.11,0,11,0.174
4,10.47,0,15,0.017
4,17.51,1,0,0.033
2,23.77,1,8,0.86
0,28.56,1,16,6.056
3,29.97,0,17,2.059
0,11.43,0,21,2.018
2,29.87,0,1,1.304
0,10.65,1,20,1.929
4,8.03,0,5,0.011
1,26.32,1,14,2.702
1,12.74,0,1,1.122
1,28.15,1,12,2.75
3,26.33,1,6,2.081
0,16.5,1,15,3.765
0,16.72,1,20,2.997
3,15.74,0,17,0.925
0,9.01,1,5,1.595
0,27.04,1,20,7.71
4,27.82,1,19,0.053
4,2.13,1,5,0.01
1,15.73,0,0,1.533
4,5.56,1,14,0.01
1,3.24,0,11,0.229
0,9.8,0,23,1.313
2,10.19,1,15,0.231
3,0.78,0,18,0.045
4,1.5,0,14,0.01
4,12.18,0,14,0.017
2,16.23,1,22,0.574
0,11.65,1,22,2.256
3,12.73,1,14,0.541
3,24.71,1,3,1.41
0,14.24,1,2,3.026
1,27.73,0,10,2.254
3,5.84,0,4,0.352
2,1.02,1,17,0.056
1,16.38,1,13,1.557
1,6.71,0,0,0.581
1,14.11,1,15,1.011
2,23.06,0,18,1.11
3,14.4,1,10,0.931
2,22.57,1,2,0.928
0,2.23,0,20,0.398
0,13.25,1,18,3.827
1,7.71,0,2,0.561
2,9.28,1,21,0.346
0,23.93,0,23,3.092
2,5.96,0,19,0.251
2,28.91,0,7,0.918
0,5.99,1,22,1.181
2,29.56,1,13,1.323
0,1.31,1,5,0.254
2,16.15,1,23,0.533
0,3.89,1,2,0.868
0,2.7,0,22,0.349
3,3.24,1,22,0.24
1,10.62,0,10,1.101
1,19.93,1,17,1.501
0,7.77,1,10,2.109
4,14.92,0,9,0.016
2,25.5,1,18,0.612
3,21.6,0,9,1.625
2,4.71,0,12,0.218
4,23.3,0,20,0.02
3,21.66,1,5,1.446
3,21.41,1,22,1.237
1,28.02,1,20,2.657
1,20.54,0,10,1.856
4,9.07,1,2,0.01
2,6.59,1,22,0.169
2,26.33,1,10,0.783
0,24.0,1,18,5.968
0,22.41,1,2,5.895
2,29.31,1,21,1.134
3,1.43,0,16,0.073
0,1.03,1,2,0.235
0,11.71,0,4,2.267
1,2.08,1,5,0.199
1,21.2,1,16,2.412
1,0.77,0,20,0.074
2,29.67,0,22,0.702
3,14.92,0,15,0.762
2,3.45,0,10,0.154
2,1.74,1,18,0.039
1,9.64,1,16,0.736
1,2.21,1,13,0.221
1,17.71,1,0,1.991
4,6.11,1,12,0.01
2,1.73,0,6,0.045
0,2.36,1,13,0.421
2,3.69,1,22,0.135
4,2.08,0,2,0.01
2,6.55,0,10,0.209
2,15.66,1,1,0.863
0,9.47,1,9,2.503
3,22.93,0,19,1.463
0,19.42,0,1,2.34
4,26.11,0,0,0.048
4,12.69,0,8,0.01
1,18.65,0,19,1.908
0,17.92,0,10,3.984
2,0.54,0,9,0.017
1,5.16,0,0,0.391
3,20.09,1,4,1.077
1,27.61,0,9,2.655
2,26.45,0,15,0.706
2,24.91,1,22,0.701
1,15.51,1,5,1.332
4,13.42,0,19,0.017
1,16.98,1,21,1.685
4,25.37,1,17,0.046
0,2.94,1,5,0.741
2,11.94,1,8,0.587
1,25.22,0,22,1.553
1,19.04,1,2,1.966
2,24.09,0,4,1.081
0,15.74,0,15,2.407
1,2.9,0,6,0.294
2,12.79,0,18,0.415
2,22.37,0,8,1.053
3,20.03,1,21,1.574
3,8.12,1,17,0.555
0,5.01,1,11,1.358
2,20.78,0,4,0.474
0,11.3,1,18,2.404
1,11.53,1,14,1.272
1,1.52,1,3,0.166
2,24.39,0,23,0.564
1,5.76,0,0,0.436
3,23.41,1,12,1.109
1,20.29,1,15,1.644
0,15.61,1,11,2.51
2,20.17,1,3,0.962
2,22.18,1,11,0.785
0,22.79,1,20,5.321
1,11.46,0,7,0.985
1,13.29,1,6,1.157
0,23.46,0,8,6.22
4,19.52,0,3,0.016
4,5.05,1,18,0.01
3,1.73,1,9,0.116
1,3.63,1,17,0.403
2,0.59,0,10,0.022
2,6.73,1,11,0.214
1,22.27,1,12,1.556
4,3.27,0,5,0.01
0,14.63,0,0,2.684
0,2.23,1,12,0.405
1,20.76,1,13,1.479
4,0.69,1,23,0.01
0,26.13,0,18,4.955
3,4.51,0,13,0.21
3,19.92,0,7,0.641
0,19.51,1,3,3.49
3,27.04,0,15,1.311
4,7.11,1,15,0.01
4,19.75,0,21,0.018
3,16.13,0,20,0.809
0,14.4,1,2,3.251
2,14.3,1,6,0.74
1,13.0,0,20,0.938
4,11.96,1,5,0.019
3,26.64,1,14,1.991
1,4.7,0,3,0.339
4,1.35,1,13,0.01
0,10.03,0,14,1.294
2,26.08,0,15,0.679
4,22.32,0,9,0.029
3,27.15,0,2,1.638
4,15.96,1,21,0.011
3,18.3,0,9,0.652
2,12.37,1,16,0.6
1,2.66,0,4,0.204
4,1.74,0,9,0.01
3,28.7,0,6,1.124
2,1.77,1,18,0.05
2,2.31,1,8,0.093
2,16.29,0,15,0.811
4,8.47,0,15,0.012
0,13.22,0,15,2.271
2,27.78,0,2,0.726
3,12.88,0,18,0.815
2,6.37,1,20,0.334
3,4.66,0,1,0.262
2,20.83,0,3,0.979
1,16.6,1,6,1.916
1,11.16,0,1,0.968
4,28.05,1,9,0.043
0,9.72,1,20,1.582
4,16.71,0,9,0.032
1,20.28,0,20,1.952
3,13.37,1,13,0.992
1,5.89,0,13,0.408
2,29.53,0,4,1.396
1,8.92,1,9,0.851
1,17.36,0,17,1.391
0,10.91,0,11,1.705
3,22.8,0,11,1.622
4,29.58,1,14,0.052
1,20.24,0,18,1.515
2,27.79,1,11,0.832
2,8.26,0,9,0.325
1,14.01,0,20,1.456
3,17.48,0,22,0.856
4,21.1,1,22,0.035
1,7.62,1,16,0.535
4,16.05,0,20,0.023
2,17.3,1,6,0.547
0,25.98,1,8,6.51
1,13.81,1,19,1.161
0,11.23,1,2,1.832
1,11.01,1,0,1.002
2,14.79,1,3,0.638
1,25.36,0,14,2.186
1,27.36,0,6,2.456
3,22.92,0,12,1.423
3,8.15,1,1,0.556
1,3.77,0,10,0.328
4,16.02,1,7,0.035
0,11.88,1,15,3.422
0,18.87,1,17,3.513
1,20.48,1,10,1.567
0,21.34,1,2,5.259
1,24.46,0,22,2.401
2,7.61,0,15,0.354
0,17.52,0,6,3.719
1,29.11,1,17,3.346
1,13.42,0,12,1.029
2,23.4,0,9,0.623
0,14.41,0,2,2.687
0,1.89,1,4,0.423
2,20.7,0,21,0.775
1,15.17,0,23,1.071
0,27.82,0,16,5.315
3,11.21,0,19,0.755
1,8.68,0,19,0.706
3,12.81,0,0,0.631
0,12.32,1,14,2.311
4,24.41,0,13,0.029
1,2.16,0,12,0.147
0,26.16,1,3,6.982
3,27.74,0,18,1.936
1,10.61,1,15,1.13
3,23.82,1,23,1.115
3,13.92,0,5,0.825
2,14.25,0,14,0.589
3,25.34,0,1,0.941
0,25.01,0,1,5.397
0,16.48,0,0,2.782
1,22.97,0,16,1.632
0,27.45,0,5,5.304
2,17.09,0,5,0.46
4,11.66,0,23,0.021
1,26.5,1,2,2.598
0,7.66,1,23,1.664
1,16.27,1,2,1.44
2,10.15,0,12,0.472
0,2.88,0,12,0.492
1,16.49,0,3,1.426
0,25.6,1,20,7.576
4,9.99,0,16,0.013
3,13.2,1,4,0.524
2,27.81,1,21,1.179
0,17.08,1,19,3.856
3,13.23,0,10,0.795
0,6.42,0,3,1.667
0,24.98,1,10,6.346
1,17.2,1,13,1.731
2,13.16,1,21,0.488
4,28.13,0,23,0.024
2,16.87,0,8,0.501
3,14.25,1,21,0.488
2,18.52,0,11,0.536
2,29.95,0,20,1.182
4,1.93,0,16,0.01
3,13.97,1,1,0.66
2,2.89,1,23,0.096
0,24.4,1,9,7.562
3,23.47,1,16,1.624
3,25.18,1,13,1.758
1,0.85,0,9,0.102
4,12.34,1,7,0.017
2,22.15,1,5,0.876
3,22.1,1,10,1.639
3,14.96,0,22,1.102
0,20.82,1,18,4.345
1,22.48,0,1,1.82
1,4.18,1,11,0.521
0,20.86,1,6,4.459
1,17.74,1,21,1.537
2,21.23,0,1,0.593
2,11.39,1,10,0.569
3,7.29,0,7,0.293
4,28.66,1,19,0.049
4,16.7,1,19,0.013
0,17.09,1,8,3.575
3,29.61,0,17,0.951
2,18.03,1,9,0.88
2,15.69,1,22,0.477
3,23.74,0,8,1.394
3,21.71,1,11,1.413
4,22.61,0,2,0.018
3,7.73,1,20,0.505
1,11.31,0,13,1.097
3,27.9,1,11,1.382
2,27.83,0,2,1.239
4,16.41,0,8,0.03
0,18.17,0,23,4.53
0,8.07,1,7,2.073
0,1.33,1,8,0.331
3,21.83,0,6,1.26
4,17.76,1,21,0.035
4,11.77,0,6,0.01
1,9.71,0,23,1.01
2,15.82,0,21,0.791
3,6.73,1,11,0.509
1,27.3,1,16,2.088
2,11.13,1,13,0.313
0,26.01,1,4,5.944
3,12.61,1,10,0.866
2,17.95,0,8,0.568
4,14.77,1,14,0.03
4,8.93,0,6,0.017
4,8.19,0,4,0.01
3,14.19,1,0,1.046
0,1.95,0,7,0.274
4,19.54,1,14,0.021
1,24.39,0,13,1.583
2,20.42,0,22,0.984
1,29.74,1,7,3.307
4,27.33,0,16,0.037
1,1.08,1,21,0.11
3,22.98,1,16,0.914
0,7.71,1,11,2.015
3,4.97,1,11,0.303
0,29.34,1,8,6.813
0,6.68,1,12,1.073
3,4.57,0,17,0.18
2,21.51,1,16,1.191
2,25.64,1,6,0.744
2,14.23,1,23,0.754
2,17.53,1,21,0.982
3,15.11,1,8,0.793
1,5.35,1,2,0.466
3,28.08,0,15,1.529
0,4.22,1,1,1.233
2,8.75,0,13,0.215
2,23.01,0,6,0.527
1,15.39,1,1,1.4
0,8.94,0,4,1.475
3,28.97,0,18,1.758
4,17.21,0,10,0.016
4,21.19,1,4,0.047
0,11.33,1,15,2.06
0,22.56,0,13,5.226
4,20.63,0,2,0.028
3,13.21,1,16,0.518
1,9.31,1,9,1.098
2,7.76,0,20,0.315
4,6.4,1,3,0.01
1,22.05,0,10,2.062
2,24.85,1,3,0.789
3,27.63,0,11,1.507
0,3.39,0,16,0.416
3,22.42,1,15,1.337
2,20.73,0,11,0.42
4,9.05,1,5,0.019
1,18.06,0,2,1.64
3,11.43,0,21,0.833
1,22.97,1,6,1.621
4,26.92,0,12,0.033
1,24.92,1,17,2.243
1,9.19,0,18,0.786
4,0.66,0,9,0.01
2,15.08,1,11,0.598
3,28.49,0,22,1.383
1,10.67,0,15,1.064
2,11.54,0,9,0.432
1,4.63,1,8,0.5
0,3.47,0,0,0.651
3,2.61,1,15,0.087
3,9.92,0,3,0.433
2,21.51,0,19,1.076
0,2.25,0,2,0.418
0,19.22,1,18,6.132
1,29.85,0,1,2.041
0,6.27,1,4,1.069
3,0.9,1,20,0.033
0,2.49,0,6,0.621
0,23.26,1,23,5.373
0,3.5,0,13,0.865
1,4.1,0,7,0.353
4,4.89,0,20,0.01
0,17.4,0,0,3.551
1,26.9,0,1,2.272
3,18.14,1,23,1.29
3,16.51,1,10,0.677
0,15.97,0,13,3.65
3,29.4,1,1,1.25
2,1.36,0,10,0.055
3,1.22,0,20,0.045
4,29.3,1,18,0.055
1,2.13,0,19,0.199
4,16.11,1,2,0.014
3,14.91,0,8,0.641
4,9.1,0,5,0.019
0,27.19,0,16,5.085
3,16.11,0,6,0.598
0,20.76,1,7,3.578
4,17.17,1,15,0.035
3,27.41,0,0,0.973
3,2.41,1,17,0.174
1,25.58,1,22,2.482
3,17.42,0,6,1.074
0,28.73,0,11,6.413
2,8.78,0,2,0.271
4,8.83,1,16,0.01
1,11.59,1,3,1.028
1,4.7,0,4,0.32
1,25.58,1,18,3.014
0,28.57,1,18,5.797
4,24.46,0,8,0.034
2,20.59,0,0,0.506
0,14.06,1,7,1.9
3,12.46,0,18,0.639
0,8.57,1,12,1.831
1,2.63,0,18,0.193
1,23.09,1,0,2.005
0,1.92,0,5,0.313
4,11.56,0,20,0.017
2,19.78,0,5,1.018
0,20.2,1,3,3.273
1,24.97,1,23,2.434
0,18.34,0,13,3.946
0,23.92,1,19,8.002
2,11.13,1,7,0.563
0,6.37,1,4,0.933
2,24.98,1,20,1.484
4,24.09,0,6,0.032
1,2.66,1,17,0.286
3,15.18,1,22,0.996
2,19.33,1,1,0.5
0,22.98,1,21,6.47
2,21.12,0,17,1.016
2,3.1,1,6,0.074
2,22.05,1,17,1.019
0,21.1,1,12,5.748
1,2.01,0,16,0.135
2,2.46,0,13,0.078
0,2.51,1,4,0.542
4,10.37,0,0,0.012
0,28.89,0,11,6.188
1,20.15,0,23,1.501
4,9.27,1,11,0.013
4,10.45,0,9,0.019
0,4.42,0,6,1.139
2,16.8,1,7,0.443
2,3.49,1,11,0.173
2,6.25,1,10,0.165
0,15.39,1,8,3.222
1,2.66,1,6,0.257
1,1.73,1,5,0.12
2,2.4,0,2,0.072
0,3.61,1,17,0.605
0,7.66,0,12,1.596
2,8.05,0,6,0.369
1,29.64,0,6,2.115
3,3.8,1,3,0.12
0,25.05,0,6,3.076
4,12.3,0,12,0.023
1,7.62,0,8,0.632
0,28.12,0,22,6.887
1,8.1,0,17,0.698
0,22.53,0,3,3.374
4,7.63,1,7,0.014
2,28.66,0,20,0.96
1,26.58,1,7,1.724
1,23.2,1,23,1.797
3,21.34,1,9,1.658
1,3.19,1,1,0.27
0,17.23,0,10,3.623
0,4.35,0,4,1.134
1,20.43,0,8,1.766
4,11.27,0,0,0.024
3,24.16,0,8,1.577
4,26.03,0,17,0.026
4,12.76,1,10,0.013
0,17.77,1,23,4.219
2,10.74,0,14,0.295
3,28.18,0,4,1.617
2,16.76,1,20,0.724
2,11.31,1,5,0.386
3,18.12,0,4,1.263
0,20.76,1,10,5.446
1,24.64,0,15,1.435
4,6.75,1,15,0.01
4,17.63,0,2,0.02
4,12.44,1,6,0.017
0,1.96,0,6,0.415
3,26.34,1,0,1.239
1,19.49,0,11,2.104
4,9.08,1,12,0.01
0,25.08,0,19,4.033
4,18.15,0,6,0.02
1,12.13,1,14,1.057
3,14.55,1,18,0.528
3,14.34,0,8,0.981
3,14.11,1,23,0.586
3,24.87,0,20,0.977
3,26.01,1,9,1.575
3,20.36,0,3,0.842
3,18.61,1,12,0.742
4,5.46,1,17,0.01
2,26.33,0,0,0.775
4,25.56,0,20,0.042
1,29.31,1,9,2.622
3,25.64,0,16,1.447
2,17.64,1,22,0.463
4,8.46,1,15,0.01
4,17.47,0,14,0.021
2,16.01,0,23,0.763
4,17.25,0,22,0.026
0,8.7,1,21,2.092
3,7.3,0,20,0.378
0,1.9,0,2,0.33
2,21.56,0,21,1.046
1,18.25,1,5,1.816
4,16.45,0,1,0.02
3,13.47,1,4,0.78
0,1.87,1,4,0.374
3,3.01,1,22,0.181
2,25.42,1,0,1.081
4,2.59,0,15,0.01
4,16.75,0,20,0.01
3,24.87,1,2,1.675
4,15.37,1,8,0.013
3,11.48,0,8,0.529
3,8.65,0,8,0.355
2,12.04,0,3,0.589
3,1.5,1,3,0.068
0,4.69,0,6,0.682
0,29.06,0,3,4.895
3,21.52,0,16,0.899
1,2.17,1,2,0.199
3,17.64,0,14,1.142
4,6.89,1,21,0.014
4,16.38,1,6,0.03
0,3.76,1,3,0.834
0,24.33,1,13,3.428
3,29.31,0,6,1.371
1,3.08,0,13,0.247
2,5.45,0,11,0.175
4,3.46,0,8,0.01
3,29.89,0,9,1.277
1,13.93,1,18,1.714
2,6.92,1,19,0.175
3,20.03,1,10,1.183
2,11.62,1,21,0.367
3,28.53,0,18,1.31
3,26.73,1,2,1.725
4,25.14,1,9,0.036
1,3.91,0,18,0.333
2,22.4,0,18,0.768
3,7.16,1,23,0.517
2,22.41,0,5,0.714
0,24.74,0,9,5.708
0,21.57,0,15,2.532
0,25.64,0,22,5.763
4,17.03,0,22,0.029
0,21.64,1,10,6.063
2,12.39,1,6,0.424
0,21.46,0,5,4.405
1,26.51,1,22,2.306
2,2.3,0,17,0.072
2,19.93,1,1,1.06
3,14.92,1,17,0.658
1,23.39,1,9,2.024
1,9.38,0,14,0.701
0,12.08,1,11,2.512
1,20.16,1,22,2.029
0,16.48,1,14,2.702
4,20.38,1,13,0.038
4,2.56,1,13,0.01
4,26.64,1,16,0.024
2,17.0,1,4,0.78
2,4.79,1,14,0.165
3,27.86,0,11,1.777
1,20.21,1,6,1.796
4,28.49,1,11,0.038
2,8.87,0,4,0.349
4,10.86,0,7,0.022
3,23.55,1,9,1.629
3,26.87,1,15,1.595
3,21.84,0,23,1.309
3,29.93,1,18,1.745
4,22.43,1,18,0.031
0,16.97,0,11,4.157
1,9.69,0,10,1.077
0,9.09,0,13,2.068
0,18.21,1,10,5.961
4,16.86,1,6,0.034
2,25.38,0,2,0.796
3,12.92,0,8,0.563
2,22.51,0,18,0.904
0,16.81,0,7,3.937
4,29.65,0,14,0.053
0,10.45,1,18,2.144
2,14.21,0,5,0.465
1,14.43,1,6,0.957
3,25.2,0,18,0.927
2,13.76,1,8,0.445
0,9.05,0,4,1.135
3,22.37,1,7,0.923
2,4.77,0,23,0.191
2,15.43,0,0,0.477
3,17.63,0,7,0.879
1,9.32,1,10,1.228
3,8.02,0,19,0.461
2,6.75,1,22,0.259
4,17.42,0,8,0.022
0,10.11,0,22,1.284
2,8.77,1,11,0.469
0,15.05,1,6,2.596
3,1.82,0,12,0.133
1,10.68,1,1,1.135
0,18.66,0,18,3.756
1,24.76,0,4,2.019
2,15.03,1,8,0.7
4,14.13,1,18,0.021
3,10.54,0,11,0.526
3,7.29,1,22,0.404
4,2.71,1,7,0.01
0,16.0,0,16,4.128
1,28.45,0,17,2.011
0,26.57,1,15,7.076
2,1.88,0,2,0.049
0,27.35,1,17,4.958
3,2.52,0,8,0.114
1,23.12,1,22,2.504
2,15.95,1,0,0.38
2,10.42,0,0,0.419
4,28.13,1,9,0.021
1,27.94,0,18,3.478
2,26.88,1,1,1.075
4,3.54,0,2,0.01
4,18.21,1,15,0.031
0,21.69,0,1,3.954
1,3.84,0,15,0.347
3,4.99,0,4,0.311
1,16.38,0,9,1.696
4,19.67,1,10,0.014
4,5.47,0,20,0.01
4,17.38,0,19,0.032
2,19.76,1,10,0.78
1,24.9,1,19,2.343
0,29.62,0,8,7.791
1,7.31,0,12,0.618
4,14.38,0,8,0.023
3,17.72,1,7,0.839
3,13.46,0,11,0.777
1,9.99,1,3,0.834
1,10.31,1,23,1.046
0,26.14,1,11,4.422
2,26.74,1,16,0.884
3,4.25,1,12,0.31
2,14.1,0,9,0.596
0,14.22,0,8,2.156
1,11.92,1,4,1.211
1,15.74,0,6,0.956
3,17.59,1,1,1.34
3,20.17,1,7,1.023
3,16.2,0,2,1.063
4,16.69,1,9,0.014
3,10.42,1,17,0.7
2,20.72,0,9,0.859
2,8.35,0,4,0.257
4,18.49,0,6,0.036
2,14.33,0,18,0.641
1,8.46,0,2,0.608
3,27.87,1,18,1.618
0,7.32,0,3,1.425
3,24.56,1,3,1.901
0,11.0,1,16,1.68
1,20.56,0,11,1.511
4,25.07,1,16,0.015
0,1.17,0,9,0.28
2,28.48,0,22,0.608
1,19.17,0,19,1.443
3,19.2,0,15,1.393
3,26.59,1,8,1.541
0,4.54,1,20,1.333
0,17.59,1,19,3.883
2,6.07,0,4,0.142
2,23.08,1,13,0.651
4,8.27,0,10,0.013
1,1.78,1,1,0.198
1,14.87,0,8,1.59
1,26.98,0,11,1.998
0,28.69,0,16,6.337
1,25.4,1,7,1.87
0,16.17,1,16,3.303
2,17.77,0,7,0.68
1,9.16,0,10,1.056
0,10.07,1,2,2.447
0,10.5,0,15,2.233
0,8.64,0,22,1.87
1,20.33,0,15,1.311
0,7.72,1,20,1.851
1,22.54,0,20,2.507
1,3.1,1,6,0.287
2,10.67,0,8,0.296
1,10.28,0,17,1.084
2,15.72,0,19,0.651
0,17.44,1,23,2.459
4,26.73,1,6,0.043
1,5.64,1,1,0.587
3,10.91,1,16,0.71
3,26.73,1,11,1.702
4,24.9,1,1,0.032
2,19.01,0,0,0.409
1,3.75,1,2,0.337
0,16.66,1,11,4.266
1,24.44,0,11,2.482
2,5.38,0,4,0.256
3,21.87,1,5,0.721
1,23.61,1,3,2.137
3,21.73,1,11,1.314
1,21.08,0,8,1.949
2,12.66,0,18,0.471
4,23.48,1,17,0.022
4,9.99,0,20,0.01
3,7.88,0,12,0.251
4,25.24,0,16,0.038
3,12.97,1,20,0.979
3,6.61,0,8,0.407
3,4.8,1,16,0.17
2,10.92,1,7,0.392
4,26.22,1,23,0.043
4,26.84,0,6,0.037
1,17.61,1,3,1.395
2,4.2,0,19,0.165
3,10.96,1,13,0.39
2,6.4,0,7,0.166
2,26.65,0,13,1.435
3,11.99,1,6,0.634
4,11.96,1,1,0.011
1,10.26,1,5,0.93
0,20.77,1,12,5.945
2,24.39,1,2,0.586
0,7.42,1,7,1.635
2,21.36,1,3,0.596
4,6.68,0,6,0.01
4,24.36,1,6,0.022
1,16.78,1,0,1.124
2,27.82,0,22,0.837
2,18.09,0,18,0.882
0,29.04,0,22,4.728
3,23.85,1,2,1.644
1,3.52,1,3,0.249
3,2.63,1,10,0.091
2,9.85,1,21,0.574
0,17.14,0,3,2.725
4,17.34,1,9,0.019
2,24.31,1,12,1.066
1,11.81,0,5,0.827
3,25.88,0,20,0.874
1,29.8,1,12,2.253
2,12.48,0,4,0.617
3,26.07,0,8,1.522
1,8.58,0,13,0.572
1,27.94,1,4,2.994
4,13.63,0,7,0.017
0,18.23,1,14,3.225
2,25.66,0,12,0.911
3,25.98,1,22,0.997
3,1.85,1,11,0.133
1,14.41,0,21,1.071
2,6.75,1,4,0.364
1,15.05,0,1,0.862
1,20.3,1,7,2.021
0,23.27,0,0,5.64
1,9.98,1,15,1.019
0,14.98,1,5,2.471
0,13.91,0,17,3.003
4,24.84,1,14,0.056
0,7.39,0,16,1.414
3,2.19,0,17,0.078
3,12.32,1,11,0.957
0,12.03,0,4,1.944
3,22.86,1,9,1.34
2,28.67,0,16,1.166
0,13.23,0,8,2.15
4,9.47,0,22,0.017
1,28.82,1,9,2.819
2,4.57,0,21,0.133
2,0.67,1,17,0.034
0,26.18,0,23,4.104
3,25.69,1,20,1.024
0,2.06,0,2,0.485
1,28.93,1,20,2.348
1,21.36,0,19,2.283
3,12.9,0,13,0.677
0,10.04,0,15,2.075
4,17.76,0,9,0.024
0,27.3,1,7,4.11
3,22.56,0,18,1.06
0,16.46,0,20,4.087
1,14.5,0,6,1.309
0,28.1,0,21,6.109
2,21.52,0,18,1.001
0,25.28,0,12,6.373
0,6.77,0,23,1.213
3,23.68,1,20,1.866
2,16.52,0,10,0.577
1,29.16,1,19,3.403
2,5.26,0,1,0.253
3,27.46,1,21,1.605
2,26.97,1,19,0.569
3,22.8,0,10,1.476
2,16.38,1,8,0.834
1,29.4,0,15,2.266
2,3.73,0,8,0.152
3,2.8,1,13,0.129
4,25.27,1,0,0.021
1,24.56,0,8,2.043
3,14.9,1,0,0.859
0,4.36,1,18,1.024
4,27.75,0,20,0.051
2,4.63,1,21,0.198
0,15.05,1,2,2.713
3,6.72,0,12,0.503
2,3.44,1,16,0.083
3,23.35,0,20,1.139
2,6.28,1,18,0.338
3,26.22,1,5,1.221
1,16.75,0,7,1.364
2,15.61,1,23,0.394
3,20.56,1,14,0.738
0,3.9,1,15,0.547
3,9.52,0,16,0.379
4,17.32,1,9,0.022
1,9.99,0,0,0.617
4,25.92,0,7,0.035
4,0.96,1,11,0.01
0,12.55,0,23,2.059
2,13.39,0,2,0.332
4,25.03,1,10,0.017
3,5.54,1,5,0.439
1,1.48,0,13,0.087
0,19.65,0,11,5.363
4,17.26,0,5,0.012
1,6.91,1,4,0.794
0,24.83,0,22,3.844
3,25.27,0,4,1.867
0,7.6,0,23,1.818
3,24.51,0,0,1.176
2,15.28,1,13,0.708
4,12.65,0,2,0.01
0,18.19,0,4,2.994
3,2.6,0,19,0.144
2,28.34,1,5,1.007
2,12.9,0,14,0.374
1,4.25,0,22,0.44
0,18.37,1,7,2.989
3,16.73,1,12,1.221
1,20.41,1,12,2.174
2,25.54,0,23,0.812
3,5.55,0,18,0.246
4,6.05,1,5,0.011
2,28.81,0,15,1.455
3,1.96,0,11,0.123
0,9.36,0,7,1.645
3,15.14,0,15,0.455
4,13.05,0,8,0.022
3,0.99,0,13,0.065
1,25.32,0,15,2.344
2,10.43,1,7,0.391
1,23.89,1,7,2.14
2,20.97,1,12,1.11
1,14.52,0,8,1.531
4,20.18,0,21,0.023
3,24.47,1,7,1.317
1,9.66,1,2,0.677
2,5.18,0,15,0.105
2,11.04,0,7,0.479
1,16.0,0,15,1.672
2,24.68,0,20,1.229
1,8.47,0,7,0.656
1,17.01,0,4,1.256
0,8.99,0,22,1.946
4,10.95,0,7,0.019
2,8.72,1,5,0.413
0,12.02,0,1,2.995
1,2.11,0,12,0.181
1,12.15,0,0,1.051
0,9.1,0,4,1.491
4,11.46,1,2,0.025
0,28.92,0,11,5.498
4,5.84,0,4,0.01
4,28.48,1,17,0.036
1,30.0,0,0,2.815
3,19.35,0,11,0.798
2,27.89,0,20,1.179
0,24.17,0,11,4.03
1,23.92,1,6,1.766
3,2.15,1,4,0.08
1,27.29,1,14,2.625
4,9.41,1,3,0.016
0,21.83,0,1,4.421
1,23.62,0,20,2.569
0,22.75,1,15,6.348
4,16.2,0,16,0.025
1,8.69,0,0,0.876
4,16.36,0,22,0.013
0,25.67,0,5,4.047
0,14.54,0,17,2.89
0,19.26,0,14,3.684
0,24.06,0,15,5.432
4,19.51,0,22,0.026
3,27.44,0,11,0.92
0,6.26,0,23,0.82
0,4.97,0,14,0.872
0,20.58,1,5,3.737
3,21.8,0,13,1.555
0,11.48,0,10,2.902
1,23.85,1,13,2.21
3,0.61,1,11,0.028
3,9.35,0,6,0.46
2,13.55,1,10,0.494
4,27.77,1,20,0.048
3,5.0,1,17,0.266
3,19.52,1,2,0.986
3,27.13,1,6,1.509
4,2.32,1,20,0.01
2,25.36,1,22,0.732
0,1.86,1,16,0.409
4,21.97,0,8,0.015
2,28.08,0,23,0.823
4,8.57,0,6,0.015
3,19.25,0,21,1.067
0,12.83,1,15,3.186
4,23.07,0,9,0.02
2,14.5,0,4,0.662
0,19.78,1,20,3.865
3,4.22,0,22,0.183
0,10.83,0,6,1.716
4,29.53,1,16,0.042
2,9.06,1,15,0.425
3,21.78,0,17,0.942
3,20.88,1,16,0.811
0,19.43,0,8,3.699
0,7.78,1,4,1.85
0,19.9,1,0,3.133
3,12.18,0,4,0.599
4,16.77,0,6,0.027
4,24.59,0,1,0.025
1,3.96,0,9,0.36
3,23.86,0,13,1.087
2,29.85,0,21,1.34
4,23.08,0,11,0.027
4,20.49,0,23,0.024
4,20.84,0,20,0.023
4,17.16,0,17,0.018
2,8.16,0,4,0.211
1,11.11,0,2,0.986
3,18.08,1,5,0.713
1,16.08,1,17,1.976
1,4.48,1,10,0.415
3,29.04,0,5,1.561
0,11.5,0,5,1.555
0,17.63,0,18,4.67
1,26.62,0,21,2.072
3,6.81,0,2,0.245
2,26.46,1,1,1.014
4,15.54,0,16,0.015
2,6.84,1,21,0.175
4,3.17,1,14,0.01
4,21.52,0,21,0.042
1,8.88,0,14,0.819
2,5.69,1,22,0.317
3,22.13,0,10,0.928
1,29.16,1,16,2.746
1,11.5,1,23,1.27
3,3.92,0,1,0.21
2,15.21,0,8,0.434
3,10.38,0,3,0.527
2,8.13,1,13,0.326
1,28.11,0,22,2.475
0,2.72,1,9,0.781
4,15.24,0,0,0.01
2,24.72,1,16,1.103
4,17.69,1,18,0.01
0,25.8,1,10,7.875
0,0.77,1,7,0.119
2,17.21,1,3,0.421
1,26.56,0,21,2.152
2,26.52,0,18,0.747
3,16.81,1,3,1.063
0,21.65,1,2,4.574
1,24.37,1,5,2.585
4,1.83,1,0,0.01
1,1.03,0,7,0.078
4,7.41,0,14,0.01
3,7.22,0,17,0.497
3,17.35,1,16,0.693
2,12.65,1,3,0.298
4,21.94,1,19,0.044
3,6.9,0,2,0.286
3,1.26,1,21,0.09
1,15.9,0,15,1.34
1,17.78,1,14,1.403
1,6.11,0,22,0.498
2,7.48,0,23,0.222
0,7.57,1,13,1.812
3,3.64,0,16,0.192
2,12.19,1,17,0.282
4,11.83,1,13,0.02
1,6.46,1,0,0.554
4,3.53,1,13,0.01
1,9.91,1,22,0.904
1,21.56,1,23,2.164
1,28.28,0,4,2.142
1,3.4,1,21,0.301
4,7.13,1,7,0.012
0,29.59,0,13,6.319
2,26.87,1,11,0.928
0,29.7,1,11,8.059
2,12.5,1,13,0.342
3,7.57,0,12,0.327
1,1.12,1,18,0.098
0,12.2,0,12,2.399
2,6.8,0,21,0.262
1,7.69,0,5,0.566
4,14.93,0,17,0.027
3,13.59,0,8,0.473
3,20.08,0,13,1.337
3,20.52,0,17,0.833
2,15.29,1,15,0.449
1,5.17,0,1,0.369
3,8.57,1,9,0.474
0,15.16,1,12,4.274
1,29.16,1,6,2.294
4,11.06,1,12,0.016
2,21.13,1,22,0.605
0,28.58,0,22,3.779
1,26.27,0,5,2.402
3,2.07,1,1,0.14
3,28.76,0,7,0.966
1,21.49,1,4,1.744
4,9.49,0,11,0.013
0,14.86,1,13,2.328
0,3.12,1,18,0.479
1,9.43,1,10,1.053
2,8.67,1,4,0.465
1,20.26,1,0,1.962
4,18.84,0,11,0.023
0,13.12,0,7,2.538
2,8.25,1,13,0.385
4,29.89,0,10,0.059
0,2.05,0,13,0.28
4,20.2,0,10,0.011
1,2.96,0,15,0.212
4,12.2,1,7,0.023
4,26.89,1,9,0.02
1,6.61,1,23,0.727
0,0.52,1,7,0.093
2,2.98,0,12,0.123
1,7.6,1,17,0.731
3,17.85,0,8,0.584
1,11.18,0,7,0.672
0,27.58,0,10,4.443
2,29.26,1,20,1.018
2,27.99,0,15,0.606
2,13.62,0,20,0.289
3,15.91,1,1,1.045
1,15.21,0,17,1.451
2,29.37,1,8,1.243
2,20.28,1,1,1.062
3,10.28,0,16,0.602
3,15.51,1,22,1.204
4,13.76,1,23,0.022
4,3.31,1,23,0.01
1,16.42,1,7,1.913
2,16.13,0,8,0.526
3,1.48,1,9,0.071
3,24.11,0,5,1.131
3,8.57,1,22,0.514
1,2.37,1,2,0.18
2,16.95,1,0,0.882
0,17.45,0,22,2.25
4,18.77,1,10,0.037
1,24.61,1,22,2.409
3,27.5,1,12,1.734
4,14.94,0,11,0.015
1,19.07,0,0,1.424
4,26.68,1,23,0.059
3,14.74,0,12,0.922
4,29.02,0,13,0.052
4,25.75,1,16,0.031
3,27.55,1,5,1.896
1,27.99,1,13,2.496
4,18.21,1,17,0.017
0,16.05,1,21,3.127
3,0.92,0,13,0.064
3,12.79,1,23,0.882
3,2.56,1,6,0.169
0,23.36,0,22,4.967
0,29.47,0,20,8.018
0,19.77,0,21,4.27
1,22.08,0,6,1.438
3,8.47,0,5,0.322
4,10.64,0,7,0.014
3,17.49,1,21,1.054
4,25.82,0,19,0.034
1,17.48,1,19,2.123
1,4.77,1,9,0.544
3,15.07,0,5,0.759
2,1.45,1,1,0.035
1,17.95,0,9,1.426
1,25.4,1,22,2.59
1,16.78,1,21,1.679
3,12.49,1,9,0.448
0,11.59,1,11,2.939
2,12.97,0,18,0.447
3,24.04,0,17,1.574
1,4.13,0,6,0.386
1,12.55,1,22,1.182
0,2.0,0,1,0.317
3,26.21,1,11,0.978
3,6.01,1,3,0.262
2,12.86,1,11,0.491
1,15.05,0,4,1.384
0,28.18,0,22,6.669
3,26.92,1,7,1.81
1,11.34,0,19,1.289
0,10.41,0,16,1.565
2,0.76,0,21,0.031
2,7.95,1,23,0.427
1,0.56,0,12,0.053
3,23.34,1,8,1.345
3,18.84,1,19,1.26
1,1.74,1,2,0.118
4,29.63,1,13,0.024
1,5.86,1,5,0.581
1,5.92,1,11,0.617
0,21.12,0,15,3.474
4,5.43,0,7,0.01
3,4.02,0,23,0.239
2,22.0,1,22,0.493
3,21.88,0,18,0.843
0,20.04,0,19,4.804
3,25.01,0,9,1.398
1,21.85,0,22,1.5
2,16.24,1,10,0.816
2,6.35,0,12,0.129
4,15.77,0,8,0.012
3,12.29,0,18,0.619
1,17.1,1,21,1.709
3,14.93,0,1,0.481
3,23.09,1,22,1.777
1,25.06,0,3,2.381
1,17.51,0,11,1.479
0,24.95,0,12,3.67
4,10.95,1,0,0.022
2,2.18,0,6,0.105
2,23.47,0,1,1.238
0,17.02,1,9,3.22
1,14.16,0,13,1.339
1,7.3,0,22,0.565
1,29.11,0,19,2.147
4,6.95,1,22,0.01
3,21.1,1,13,1.573
1,25.7,1,17,2.982
1,28.16,0,3,2.602
2,3.92,1,1,0.192
2,3.84,1,17,0.099
4,16.63,1,11,0.027
1,7.16,1,4,0.485
0,20.2,0,14,3.523
4,28.16,1,2,0.03
1,5.98,0,7,0.588
2,26.17,0,12,0.82
3,10.54,1,10,0.804
2,14.51,1,7,0.569
3,10.59,0,7,0.495
4,11.79,1,15,0.019
0,16.54,1,19,4.132
3,0.51,0,13,0.03
1,27.14,0,21,2.035
0,29.31,1,12,5.115
4,17.96,0,13,0.031
1,7.96,0,0,0.585
0,10.56,1,4,2.735
0,14.19,1,2,2.227
4,6.15,0,20,0.01
1,12.89,1,22,1.197
0,9.33,1,23,1.45
0,17.32,0,20,5.32
1,21.68,1,14,2.072
1,28.04,1,9,3.614
1,25.42,0,12,1.98
2,19.7,1,9,0.577
2,29.06,1,23,0.844
4,7.64,1,23,0.01
2,27.62,0,8,0.985
4,24.09,0,20,0.05
4,21.47,0,14,0.03
1,17.83,0,22,1.184
4,22.05,0,11,0.038
3,23.31,1,7,1.684
1,15.6,1,17,1.582
4,12.12,1,13,0.023
3,22.31,0,15,1.117
0,23.83,1,20,4.126
1,26.42,0,10,2.909
0,10.53,0,4,1.549
1,16.3,0,5,1.013
0,7.43,1,19,1.862
1,9.92,1,1,0.667
0,26.75,0,6,5.265
0,17.91,0,2,3.775
4,13.54,0,10,0.026
2,24.77,0,9,0.925
1,17.27,1,19,1.725
0,14.7,1,19,2.867
4,10.77,1,20,0.01
4,19.04,1,2,0.021
2,1.92,1,6,0.103
4,0.97,1,21,0.01
3,3.33,0,8,0.2
3,23.65,1,3,1.851
4,22.69,0,15,0.037
0,28.51,0,12,5.562
2,27.31,1,21,0.856
1,7.31,0,0,0.589
0,0.6,0,5,0.097
1,21.6,0,11,2.501
0,16.53,1,12,4.168
1,13.55,1,6,1.339
2,11.7,0,14,0.508
4,19.91,0,2,0.025
4,5.12,1,11,0.01
0,9.98,1,1,1.908
2,9.9,1,22,0.498
2,20.97,1,22,1.058
1,24.43,0,12,2.475
3,1.56,0,0,0.107
2,7.06,0,3,0.183
3,21.87,1,7,1.197
4,9.74,1,19,0.01
2,24.31,1,16,1.004
2,16.91,1,5,0.895
3,12.72,1,6,0.845
0,2.97,1,16,0.797
0,10.81,0,5,2.037
1,14.27,1,15,1.214
0,28.0,0,13,4.038
0,12.05,1,1,2.904
1,10.63,1,12,0.954
1,23.91,0,2,2.285
0,5.69,1,9,0.848
2,23.76,1,19,0.86
3,8.0,0,22,0.413
1,3.52,0,9,0.34
1,14.71,1,17,1.598
4,22.26,0,11,0.016
3,15.84,1,2,1.08
1,9.51,0,5,0.687
1,27.04,0,6,1.815
3,14.93,0,9,0.523
4,10.06,1,14,0.01
3,26.99,1,11,1.723
4,19.54,0,2,0.023
4,3.11,1,5,0.01
4,16.94,1,2,0.016
3,7.69,0,9,0.358
0,25.39,0,1,3.533
2,14.1,1,22,0.787
2,5.88,0,19,0.223
2,27.08,1,2,1.2
4,25.58,1,8,0.051
0,27.11,0,19,7.406
2,14.18,1,4,0.695
1,27.37,0,15,2.432
0,26.1,0,21,6.009
0,27.65,1,17,5.655
3,19.28,1,2,0.952
2,25.68,1,17,0.713
2,16.19,1,10,0.543
2,7.6,1,0,0.372
2,29.23,1,5,1.383
1,28.85,1,13,1.983
3,9.94,0,0,0.405
3,23.56,1,5,1.327
4,29.84,0,4,0.037
1,3.12,0,3,0.241
0,29.52,1,10,8.013
1,14.37,0,13,1.205
0,15.53,0,8,4.174
2,20.94,1,15,1.04
4,26.1,0,11,0.048
0,27.59,1,18,8.216
3,15.29,0,2,0.907
3,21.08,1,19,0.776
0,2.27,1,5,0.47
1,15.25,1,11,1.919
2,18.33,0,12,0.706
3,29.68,1,0,1.23
4,6.99,1,21,0.01
0,5.26,0,19,1.636
0,20.87,0,20,5.111
2,6.1,0,5,0.188
4,16.41,1,1,0.031
0,22.36,1,1,4.399
0,26.31,1,16,5.384
0,19.34,0,1,2.852
1,26.92,0,23,2.464
3,9.56,1,7,0.503
2,0.66,0,17,0.017
2,17.42,1,12,0.686
2,0.91,1,3,0.03
1,17.97,0,14,1.373
4,19.07,0,10,0.013
2,1.11,1,19,0.027
0,29.45,0,5,4.949
3,17.9,1,13,1.225
3,5.98,1,19,0.351
4,14.07,1,0,0.028
3,3.21,0,15,0.125
2,14.35,1,11,0.799
1,8.98,1,22,0.794
2,10.43,1,12,0.516
3,21.61,0,5,0.995
2,15.82,0,11,0.436
1,25.28,1,3,2.369
0,13.16,0,4,3.316
0,18.44,0,10,4.081
3,21.8,0,1,1.262
1,4.59,1,7,0.543
3,13.63,1,13,0.535
3,26.75,0,5,0.951
1,4.11,0,7,0.294
2,13.81,0,4,0.292
0,9.54,1,6,2.226
1,25.99,1,23,2.27
3,1.37,1,18,0.101
2,23.56,1,5,1.225
1,2.34,0,17,0.18
1,2.43,0,10,0.281
3,22.59,1,11,0.745
2,13.09,0,10,0.444
0,29.42,1,18,6.427
4,5.51,0,2,0.01
1,24.82,0,16,2.061
2,8.57,0,4,0.372
0,5.51,1,15,1.197
4,17.44,0,21,0.033
0,22.89,1,1,3.896
3,7.48,1,20,0.51
0,26.58,0,10,6.077
3,17.23,1,19,0.833
2,3.31,1,8,0.126
0,9.62,0,16,2.14
2,6.7,1,18,0.318
3,8.34,1,9,0.476
3,26.87,0,9,1.723
2,14.69,1,11,0.721
1,5.22,0,4,0.494
0,25.23,0,6,5.929
4,24.85,0,12,0.025
4,7.49,1,0,0.016
0,27.46,1,22,4.666
3,8.31,0,14,0.434
3,9.31,1,22,0.512
3,7.26,1,21,0.438
2,3.19,1,21,0.104
4,11.03,1,20,0.019
3,4.5,1,19,0.273
1,4.04,0,5,0.347
1,20.12,1,15,2.094
0,13.28,1,20,3.006
1,27.68,0,1,2.554
2,29.08,0,17,1.086
3,18.95,0,4,0.69
0,7.47,0,0,1.669
1,19.15,1,8,2.209
2,5.61,1,8,0.179
0,4.25,1,19,1.057
2,1.94,1,5,0.055
4,4.46,0,21,0.01
1,8.78,0,15,0.721
0,15.76,1,17,3.192
1,9.15,1,15,0.974
3,4.24,0,22,0.193
4,17.31,1,3,0.02
1,27.44,1,20,3.332
3,29.54,0,9,2.064
2,17.57,1,17,0.587
1,17.13,0,19,1.422
2,8.59,1,13,0.388
3,13.0,0,1,0.929
3,3.83,1,0,0.195
4,26.74,1,19,0.057
4,10.24,1,21,0.018
0,12.13,1,7,3.66
2,12.42,0,18,0.455
3,28.38,0,17,1.162
1,28.67,0,3,2.149
1,11.17,0,22,0.75
3,26.78,0,5,1.435
4,17.19,0,12,0.035
3,6.4,0,3,0.25
4,24.53,1,10,0.016
2,8.38,1,15,0.448
2,25.26,0,1,1.018
0,27.83,1,22,7.135
2,19.87,1,5,0.473
0,1.4,1,20,0.408
2,23.02,1,9,0.74
1,23.97,0,19,2.044
1,26.51,0,5,2.148
0,22.26,1,17,5.84
3,21.27,0,11,1.201
3,16.41,0,21,0.755
1,24.18,0,22,1.873
1,29.88,0,0,1.819
3,3.97,0,21,0.254
2,8.82,1,16,0.31
2,21.12,0,14,0.731
2,19.62,0,19,0.418
3,13.4,1,11,0.874
3,10.61,1,2,0.426
2,24.01,1,1,0.934
1,5.56,1,12,0.526
2,19.66,1,21,0.754
0,4.3,1,5,0.849
4,14.22,0,19,0.02
2,17.82,0,1,0.49
0,15.61,1,0,2.584
3,25.63,1,23,1.467
0,19.34,1,3,3.603
4,27.52,1,16,0.061
2,7.29,0,23,0.255
3,16.32,0,17,1.05
0,20.65,0,22,4.649
2,13.66,0,10,0.663
1,9.17,0,23,0.905
3,15.89,1,3,1.075
2,11.2,0,13,0.397
2,15.18,0,16,0.584
0,1.73,0,1,0.368
1,1.4,1,2,0.119
3,15.08,1,19,1.114
0,3.11,1,6,0.755
3,27.59,1,15,1.429
2,18.52,1,0,0.897
4,9.1,0,15,0.01
0,11.18,1,2,1.939
3,27.63,0,4,1.938
3,11.82,0,9,0.833
3,5.06,1,17,0.288
3,19.81,0,3,0.609
3,18.22,0,8,0.755
3,13.01,1,12,0.5
0,2.47,1,7,0.632
4,13.58,0,22,0.027
3,4.99,0,7,0.25
3,10.65,0,0,0.513
2,29.25,1,3,1.378
1,11.78,1,11,1.047
1,8.8,1,18,1.144
3,29.87,1,23,1.905
4,26.37,1,12,0.061
4,2.48,1,9,0.01
1,22.6,1,17,3.021
2,10.93,0,10,0.463
1,26.5,1,13,2.554
4,16.61,1,3,0.025
4,3.72,0,7,0.01
2,11.95,1,3,0.391
3,24.4,0,11,1.269
4,15.91,0,6,0.028
1,4.37,1,18,0.549
2,29.29,1,15,0.711
2,19.91,1,18,0.696
0,25.64,0,21,7.614
4,5.84,0,9,0.011
4,24.96,1,18,0.038
3,6.68,0,12,0.234
0,26.73,0,23,4.35
1,16.73,0,17,1.651
4,10.04,0,17,0.012
4,25.49,0,6,0.04
2,17.36,1,13,0.558
3,4.28,1,23,0.268
1,3.05,0,23,0.198
4,7.87,1,8,0.01
3,12.87,0,8,0.73
2,22.12,1,7,0.856
1,16.58,1,15,1.658
1,5.64,1,23,0.558
4,1.76,1,14,0.01
3,1.94,1,2,0.136
3,21.7,1,2,1.545
2,22.82,1,5,1.002
4,14.47,0,8,0.022
3,10.42,0,22,0.414
1,2.12,1,5,0.189
0,6.98,0,10,1.223
4,17.02,1,15,0.021
2,2.08,1,14,0.079
4,16.46,1,20,0.023
1,24.97,1,11,2.97
3,21.61,1,17,1.382
1,2.25,0,9,0.162
2,14.09,1,20,0.629
4,19.5,0,7,0.012
3,9.35,0,4,0.308
3,9.84,0,8,0.334
0,25.64,1,10,8.089
1,8.15,1,13,0.729
1,28.68,1,23,1.985
1,15.61,1,1,1.527
3,22.1,1,18,1.204
3,19.24,1,5,1.09
3,29.07,1,13,1.764
2,16.66,0,21,0.637
3,24.69,1,13,1.418
1,21.36,1,6,1.55
2,25.86,1,1,1.023
2,17.72,0,6,0.401
0,18.59,0,19,2.886
1,21.81,0,23,2.243
0,25.29,0,9,4.435
1,15.3,1,17,1.739
1,18.84,0,21,1.45
4,22.88,0,21,0.025
4,22.49,1,11,0.049
4,4.25,0,5,0.01
0,9.94,1,12,2.415
0,23.76,1,2,4.56
4,28.27,1,15,0.021
4,9.61,1,10,0.015
1,28.13,1,14,3.026
3,13.13,1,18,0.778
4,14.4,1,9,0.014
2,4.99,1,3,0.119
2,19.68,1,3,0.983
3,15.93,0,5,0.657
0,27.7,1,0,4.936
1,6.88,0,21,0.781
1,25.09,0,14,2.434
2,16.92,1,21,0.662
2,12.36,0,18,0.504
0,25.38,0,1,4.97
4,19.08,1,4,0.012
2,21.27,1,11,0.911
0,27.09,1,13,7.556
3,9.23,0,2,0.502
3,22.76,0,10,0.777
4,26.67,1,13,0.017
2,10.88,1,21,0.509
4,10.97,1,3,0.01
1,27.6,1,7,2.361
4,21.92,1,20,0.017
3,15.49,0,8,0.546
3,11.02,1,11,0.436
2,22.63,0,20,0.995
1,18.68,1,13,1.631
3,13.93,1,22,0.543
3,11.09,0,2,0.747
2,26.01,0,22,1.14
0,14.72,0,23,3.575
1,28.69,0,15,2.861
2,0.99,1,13,0.044
2,14.02,1,18,0.39
2,23.49,1,8,1.242
1,15.15,0,20,1.083
2,18.74,1,3,0.885
1,20.35,0,5,1.656
4,26.21,1,17,0.015
4,6.4,1,18,0.01
1,5.12,0,8,0.366
4,29.49,0,2,0.033
1,5.29,1,9,0.697
1,14.73,0,11,1.441
2,18.97,0,14,0.582
3,8.3,1,15,0.305
3,25.17,0,18,1.415
2,7.08,0,11,0.272
4,29.05,1,1,0.03
1,8.66,0,16,0.732
1,11.08,0,8,1.281
3,1.17,1,10,0.051
1,24.14,0,4,2.362
2,22.28,0,6,0.483
4,24.12,0,2,0.044
1,21.19,0,4,1.812
3,27.8,0,12,1.796
3,20.18,1,22,1.464
3,13.7,0,8,0.722
2,8.26,1,12,0.219
1,5.34,1,3,0.606
2,7.59,0,12,0.244
2,19.06,1,8,0.772
0,17.53,1,4,3.833
0,11.22,1,5,1.798
2,14.78,0,21,0.522
1,14.62,0,2,1.191
4,21.39,1,12,0.036
3,0.79,1,19,0.036
2,26.85,1,3,0.778
2,3.04,0,23,0.066
3,7.4,0,18,0.365
0,21.24,0,23,4.783
0,21.58,0,16,5.253
0,9.4,1,14,1.637
1,3.58,0,14,0.263
2,23.6,0,17,0.623
0,13.05,1,0,2.386
2,2.4,1,3,0.117
2,5.0,1,20,0.148
1,22.02,0,7,2.07
0,17.83,0,18,3.482
0,26.35,0,8,6.205
4,9.69,0,12,0.018
3,27.07,0,0,0.974
3,19.55,1,0,1.236
3,19.78,1,20,1.366
3,12.54,0,9,0.574
4,3.63,1,1,0.01
0,6.65,1,1,1.489
1,2.07,1,0,0.148
1,1.59,0,4,0.116
2,7.57,0,7,0.319
0,4.36,1,20,1.239
0,15.78,1,5,4.226
3,11.79,0,20,0.428
2,21.42,1,15,1.177
2,2.58,0,20,0.084
4,15.67,0,23,0.024
1,27.46,0,6,1.989
1,11.14,0,6,0.889
2,13.38,0,14,0.331
3,15.22,1,22,1.095
3,21.76,1,19,0.995
3,5.13,1,22,0.246
4,10.22,0,5,0.01
4,23.43,1,23,0.024
1,29.76,0,10,2.111
3,17.33,1,6,1.258
3,8.21,0,20,0.577
2,8.32,1,16,0.309
4,6.25,1,12,0.01
1,9.06,1,22,0.969
4,20.42,1,18,0.016
1,26.99,1,23,2.286
0,27.62,0,0,3.642
4,9.47,0,2,0.01
1,25.75,0,18,2.388
0,7.65,0,20,2.009
2,5.54,1,9,0.2
2,25.11,0,19,0.972
0,17.08,1,7,4.263
0,11.11,1,2,2.832
1,17.91,0,20,1.473
3,20.04,0,13,0.783
3,19.9,1,21,1.267
4,21.03,1,8,0.033
2,4.19,1,4,0.227
4,2.51,0,11,0.01
1,28.51,0,11,2.964
4,2.45,0,0,0.01
0,0.71,1,1,0.129
2,25.8,1,5,0.892
3,12.08,0,23,0.597
0,6.9,0,17,1.732
0,21.43,1,6,3.016
3,28.28,0,23,1.504
3,9.07,1,10,0.358
0,29.18,0,5,5.1
0,23.98,1,5,3.1
1,21.35,1,22,1.999
0,23.79,1,19,5.067
0,21.64,0,13,4.666
4,22.46,0,10,0.016
3,8.29,1,3,0.612
4,17.97,0,10,0.017
2,19.45,1,22,0.857
1,1.34,1,18,0.126
3,24.08,1,20,1.19
4,15.32,0,2,0.022
4,27.15,1,0,0.016
3,19.0,0,5,1.083
3,15.31,1,6,1.054
3,3.73,0,2,0.257
4,28.79,1,23,0.062
1,28.95,0,20,3.653
2,6.26,1,16,0.218
4,15.41,0,2,0.03
2,9.32,1,4,0.356
2,20.05,0,22,0.941
3,7.26,1,1,0.393
1,4.11,1,13,0.443
0,27.46,0,0,6.786
0,17.27,0,17,5.352
1,7.12,0,3,0.7
1,26.72,1,3,2.572
3,14.85,1,23,0.78
0,2.32,0,9,0.477
0,29.37,0,9,5.201
0,22.5,1,10,5.393
1,16.92,1,23,1.841
3,5.05,1,17,0.31
0,14.25,1,6,3.619
2,9.29,1,20,0.421
1,19.44,0,19,2.241
4,9.64,1,8,0.017
0,19.55,0,20,4.655
4,13.29,1,8,0.014
1,9.27,1,14,0.681
0,17.17,0,2,3.436
1,14.43,1,12,1.262
3,9.43,0,8,0.392
0,14.19,1,13,3.339
1,11.72,1,19,0.873
0,12.86,1,3,3.22
0,15.58,0,9,3.974
2,12.44,0,10,0.432
1,19.85,1,21,2.341
1,29.66,0,7,2.388
0,14.99,1,13,3.574
3,10.27,0,11,0.69
3,10.62,0,7,0.536
4,16.74,1,5,0.019
2,4.55,1,1,0.169
3,3.92,1,19,0.134
2,22.94,1,14,1.187
0,0.6,0,8,0.095
0,3.13,0,22,0.497
3,26.14,0,7,1.015
0,16.51,1,23,2.769
2,18.4,0,13,0.652
0,27.81,1,16,6.016
1,24.95,1,4,2.35
0,0.97,1,5,0.156
4,12.52,0,4,0.021
3,4.25,0,16,0.275
4,26.68,0,2,0.045
1,24.99,0,16,2.369
4,12.06,0,2,0.011
3,6.39,1,3,0.398
3,13.28,1,2,0.654
0,28.39,1,4,6.753
1,3.06,1,13,0.284
2,12.6,1,22,0.64
0,22.53,0,2,4.608
4,16.18,1,12,0.027
2,4.77,0,18,0.232
3,12.8,0,9,0.783
4,3.64,1,5,0.01
0,23.46,0,19,6.589
4,8.29,0,2,0.014
3,5.66,0,4,0.408
2,28.35,0,11,1.068
1,9.12,0,3,0.553
3,5.15,1,21,0.329
2,24.09,1,3,0.974
0,13.28,0,13,2.185
3,22.57,0,20,0.718
2,25.05,0,10,1.062
4,17.0,0,2,0.014
0,10.31,0,5,1.863
4,6.79,0,6,0.011
1,16.86,1,13,1.45
1,17.07,1,9,1.945
2,11.86,0,16,0.44
1,3.38,1,21,0.36
4,26.71,0,9,0.016
2,6.43,1,16,0.229
2,29.91,0,0,0.834
2,6.75,0,4,0.243
1,13.12,0,8,1.025
2,21.07,0,2,1.061
1,24.74,0,9,2.177
3,9.22,1,19,0.429
1,3.89,0,22,0.351
0,19.04,1,12,4.135
0,27.35,1,13,6.63
1,22.56,1,17,2.498
3,11.42,1,15,0.525
3,29.44,0,0,1.246
2,6.03,1,13,0.175
2,24.92,1,11,0.588
3,12.88,0,8,0.458
0,5.62,0,4,1.298
2,21.57,0,14,0.758
1,13.42,0,5,1.415
2,13.62,0,13,0.409
1,21.89,1,1,2.377
1,23.49,1,19,2.409
0,1.28,1,23,0.289
0,6.01,0,9,1.043
4,18.55,1,17,0.03
2,12.91,0,22,0.305
4,7.36,0,15,0.01
2,24.27,0,4,0.559
0,22.03,0,18,6.292
4,19.37,1,11,0.033
2,14.26,0,12,0.703
0,25.05,1,23,4.155
4,25.0,1,5,0.028
0,24.08,0,5,4.599
2,1.02,1,9,0.034
2,29.51,0,21,0.899
0,12.06,0,2,1.547
1,24.71,1,2,2.269
0,12.58,1,18,3.952
1,15.28,0,10,1.094
2,27.73,1,22,0.707
4,22.25,0,3,0.017
3,7.16,0,12,0.437
2,8.6,0,11,0.423
3,20.13,1,0,1.311
3,5.82,1,7,0.235
3,24.74,1,4,1.284
3,20.4,1,4,1.589
3,23.36,0,8,1.61
4,27.2,0,22,0.026
2,14.52,0,15,0.477
2,12.05,0,2,0.482
1,25.45,0,21,2.665
3,6.41,0,14,0.343
0,24.75,1,6,4.43
2,1.67,1,23,0.056
2,27.5,0,3,0.781
0,6.13,1,12,0.921
4,5.82,0,8,0.01
3,23.04,0,4,1.501
1,22.05,1,10,2.334
4,1.5,0,3,0.01
3,18.91,1,4,1.191
0,21.88,0,13,4.43
4,1.35,1,15,0.01
1,28.42,1,8,2.631
4,10.59,0,21,0.021
2,4.35,0,7,0.094
2,17.17,1,4,0.872
2,21.99,0,7,0.595
1,23.08,0,4,1.922
0,23.79,1,7,6.129
0,6.45,0,10,1.339
2,27.77,1,18,0.861
3,8.22,1,9,0.366
4,20.76,0,19,0.014
2,25.21,0,9,0.973
2,8.9,1,16,0.35
0,12.6,1,17,2.376
0,28.92,0,23,4.835
1,22.76,1,0,2.232
1,13.87,1,22,1.232
0,5.78,1,4,0.887
0,13.87,0,19,2.157
1,17.72,0,21,1.932
3,21.22,1,6,1.086
4,1.34,0,2,0.01
0,1.46,0,15,0.215
1,7.54,1,10,0.673
3,7.35,0,8,0.489
3,9.71,0,10,0.351
1,11.92,0,4,1.172
2,0.79,1,1,0.029
0,13.27,1,6,3.347
1,0.54,0,18,0.043
2,19.56,0,7,0.933
2,29.29,0,20,1.33
3,20.34,1,0,0.753
3,22.29,1,23,1.134
2,6.19,1,7,0.333
3,1.21,0,17,0.08
1,8.23,1,10,0.79
0,12.9,0,5,2.976
0,2.76,0,18,0.554
0,1.18,0,23,0.185
0,25.87,0,6,6.897
3,25.37,0,7,1.1
0,6.66,1,12,1.011
4,25.07,0,11,0.039
1,14.87,0,1,1.355
3,4.88,1,10,0.368
4,14.2,1,10,0.027
4,12.69,0,1,0.017
1,26.47,1,1,2.415
1,15.99,1,16,1.843
4,10.56,1,19,0.02
1,0.81,1,9,0.1
0,23.14,0,2,3.571
0,19.26,0,7,4.182
4,20.93,0,16,0.037
4,2.09,1,11,0.01
2,11.66,1,19,0.652
1,11.7,0,6,1.186
1,14.56,0,20,1.59
2,5.56,1,8,0.135
0,26.77,1,18,8.427
2,29.51,0,2,0.654
3,10.49,0,9,0.65
1,14.16,1,15,1.43
0,26.9,1,4,6.711
1,10.92,0,19,1.25
3,26.52,0,1,1.495
0,15.23,1,3,3.278
1,7.96,1,6,0.621
0,27.45,0,2,4.457
4,14.93,0,2,0.02
2,22.12,0,22,0.878
1,26.2,0,14,2.681
1,11.2,1,13,1.263
2,13.75,0,17,0.601
3,25.18,1,4,0.913
1,25.32,0,3,2.2
1,17.4,1,21,1.916
0,13.15,1,11,4.065
1,26.6,0,8,3.035
1,18.72,1,10,1.864
1,20.21,1,8,1.744
1,10.96,0,13,0.869
4,28.07,1,21,0.057
3,4.97,0,3,0.345
2,13.42,0,18,0.308
1,3.47,0,1,0.344
3,18.12,1,2,1.29
0,7.9,0,22,1.887
0,3.48,0,3,0.663
3,12.04,0,6,0.536
2,1.2,0,4,0.063
2,20.71,0,7,0.895
3,17.6,0,11,0.646
0,15.55,0,2,2.325
3,0.53,0,17,0.027
2,28.81,1,1,1.349
0,29.61,0,15,4.024
0,7.38,0,19,1.736
2,21.03,1,9,0.624
2,16.21,1,5,0.537
4,27.54,1,9,0.034
0,3.33,0,0,0.456
1,29.58,0,10,2.508
1,7.53,0,7,0.525
0,26.24,0,16,6.759
3,8.89,0,11,0.348
4,16.74,1,16,0.014
3,22.29,0,5,0.76
1,20.2,0,16,1.429
0,19.0,1,17,3.475
0,5.25,0,21,1.296
3,17.79,1,1,0.944
0,19.84,0,2,2.741
3,4.16,0,11,0.17
3,13.52,0,22,0.805
0,7.61,0,3,1.434
0,9.23,1,13,2.074
4,4.36,1,14,0.01
1,12.25,0,19,0.957
4,11.21,0,6,0.022
2,13.64,0,16,0.517
1,13.13,0,13,0.947
4,23.49,0,18,0.043
2,10.01,0,21,0.266
1,22.34,0,2,1.692
3,27.78,1,1,1.393
4,6.16,0,19,0.01
2,20.27,1,18,0.764
4,22.67,0,17,0.032
1,10.63,0,0,0.8
0,10.2,0,16,1.609
1,1.72,0,22,0.173
1,7.51,0,10,0.662
4,12.45,1,5,0.026
1,18.77,1,1,1.875
3,10.32,1,2,0.435
2,7.46,0,15,0.211
1,17.0,0,23,1.262
1,29.57,1,8,2.645
0,20.92,1,17,3.173
2,29.93,1,16,0.826
0,12.77,0,1,2.387
2,22.43,1,16,1.253
4,14.95,1,21,0.01
3,15.7,0,1,0.636
1,28.29,0,9,2.212
0,12.34,1,15,2.144
1,26.82,0,21,2.539
4,24.41,1,3,0.039
2,22.72,0,3,0.821
3,10.7,0,3,0.552
4,12.28,1,12,0.019
0,2.44,0,19,0.643
1,12.1,0,7,1.062
4,10.75,1,23,0.02
3,10.69,1,11,0.826
4,7.33,0,12,0.01
3,11.03,1,11,0.513
3,29.69,0,23,2.013
0,9.79,0,23,1.474
2,8.79,0,19,0.366
1,25.28,1,10,2.224
0,9.74,1,1,2.083
3,27.2,0,19,1.012
0,18.95,1,20,5.659
1,6.63,1,3,0.663
0,3.62,0,5,0.778
2,7.63,1,14,0.291
1,25.27,1,14,2.644
1,23.17,0,6,2.079
2,24.43,1,23,0.99
1,7.24,0,17,0.783
3,25.13,1,2,1.261
3,6.7,1,5,0.25
1,3.61,0,8,0.371
1,23.08,1,1,2.355
3,12.68,0,7,0.387
2,10.75,0,12,0.395
1,25.37,1,18,3.432
3,12.3,1,11,0.563
2,23.65,0,11,1.142
3,19.62,0,11,1.429
4,29.6,0,6,0.048
1,0.97,0,14,0.087
0,7.35,0,22,1.429
3,5.64,1,20,0.262
2,18.11,1,1,0.899
2,3.3,0,12,0.151
4,16.84,0,1,0.021
2,29.74,1,8,1.131
0,20.88,1,7,4.155
4,13.38,0,14,0.014
3,13.87,0,20,0.626
2,5.78,1,0,0.224
3,20.5,1,13,1.161
2,1.12,0,11,0.035
0,1.59,1,9,0.295
1,22.99,0,3,1.714
4,9.2,0,20,0.01
4,4.04,1,15,0.01
1,18.12,0,7,1.393
4,13.64,1,13,0.014
4,25.74,0,3,0.019
3,20.91,1,1,1.184
2,1.2,0,5,0.058
0,8.03,1,5,1.972
4,26.8,0,18,0.048
1,22.83,0,6,1.625
1,11.15,1,8,0.963
3,3.52,0,10,0.178
3,17.14,1,11,0.64
4,19.31,1,22,0.042
0,29.79,0,0,5.314
3,19.85,0,19,0.802
4,20.36,0,12,0.041
0,22.73,0,21,5.978
4,15.57,0,19,0.01
2,10.75,0,4,0.242
3,11.27,0,22,0.623
0,18.53,1,6,3.899
2,29.83,0,1,0.894
1,29.27,0,21,2.778
2,6.67,1,12,0.17
3,29.41,0,6,1.593
4,24.72,1,21,0.04
4,11.27,0,11,0.015
2,9.12,0,8,0.406
0,26.33,1,17,6.854
0,29.73,1,2,7.612
3,25.39,0,1,1.384
0,8.34,0,4,1.005
0,11.61,0,7,1.642
3,12.26,1,19,0.582
4,4.09,0,16,0.01
1,25.91,1,22,2.68
3,11.78,1,15,0.456
0,25.76,0,0,3.44
1,6.15,0,1,0.486
4,12.36,0,14,0.013
4,5.17,0,10,0.01
1,3.33,0,23,0.218
1,12.91,0,18,0.993
4,13.52,1,18,0.01
0,12.17,1,5,1.603
4,3.19,0,12,0.01
4,3.87,1,14,0.01
0,22.65,1,12,3.648
0,5.03,0,1,1.064
4,18.72,0,3,0.023
1,17.84,0,13,1.66
0,3.95,1,20,0.781
0,29.8,0,17,8.626
1,18.94,0,5,1.831
3,26.06,0,20,1.319
3,19.54,1,5,1.055
0,26.53,0,22,5.514
1,21.32,0,3,1.617
4,26.24,0,12,0.016
1,27.93,1,10,3.061
0,1.67,0,3,0.365
2,1.94,1,2,0.044
1,23.53,1,2,1.813
2,6.89,0,19,0.282
3,24.33,1,13,0.924
4,4.28,1,6,0.01
1,7.41,1,20,0.839
1,6.61,0,6,0.592
3,7.0,0,4,0.282
2,3.53,1,6,0.18
1,14.98,1,18,1.157
3,21.43,0,23,1.332
4,22.89,1,12,0.015
0,3.67,1,2,1.055
1,10.08,1,6,0.942
2,13.51,0,22,0.262
3,6.15,1,4,0.322
3,26.21,1,14,1.378
4,20.11,1,14,0.02
4,2.33,1,4,0.01
3,18.81,0,8,0.688
3,3.34,1,15,0.254
0,24.95,0,4,5.155
2,17.72,1,5,0.69
4,6.81,1,20,0.01
1,26.02,1,20,3.033
0,11.84,1,13,2.498
2,12.89,0,22,0.553
4,0.91,0,9,0.01
3,21.24,1,13,1.39
0,9.48,0,17,2.15
0,19.84,0,1,2.595
1,28.41,0,7,2.764
0,6.86,1,3,1.49
4,13.39,1,11,0.02
4,28.16,0,4,0.015
0,15.84,0,3,2.11
0,14.64,0,15,2.587
2,1.62,0,5,0.055
1,21.42,0,16,1.668
4,16.81,0,22,0.017
3,3.03,1,2,0.118
2,4.55,1,23,0.143
1,13.12,1,1,1.075
2,26.51,1,8,1.291
3,28.85,0,0,0.939
3,22.09,1,17,0.939
4,14.66,0,13,0.013
3,29.52,0,10,1.992
2,26.68,0,23,0.592
3,3.6,1,3,0.216
0,24.49,0,7,6.396
1,9.82,1,8,1.208
0,23.33,0,16,3.331
4,1.48,0,3,0.01
4,28.14,0,23,0.022
2,18.35,0,9,0.485
1,5.35,1,10,0.391
0,5.99,1,3,1.346
2,26.51,1,22,1.568
1,18.3,0,8,1.875
1,18.02,1,8,1.595
1,18.48,0,10,1.641
3,21.8,0,0,1.047
1,9.23,0,20,0.693
3,4.11,0,17,0.23
4,23.91,0,21,0.014
1,12.93,0,4,0.986
2,7.37,1,1,0.194
1,27.47,1,16,2.294
0,28.32,0,18,6.579
0,18.54,1,18,2.892
2,6.03,0,14,0.183
1,25.47,0,16,1.668
3,27.39,0,21,1.338
1,2.97,0,5,0.192
0,19.07,0,23,2.677
3,26.66,0,1,1.745
0,3.75,1,19,0.629
4,22.48,0,18,0.019
3,25.35,1,6,1.144
2,10.45,1,1,0.299
3,24.54,1,6,1.293
0,24.51,1,20,4.348
3,14.89,0,18,0.934
2,27.8,1,1,1.025
2,2.97,0,6,0.057
0,19.63,0,16,4.736
4,14.75,1,23,0.027
2,24.66,0,11,1.26
1,13.17,0,1,1.129
4,20.63,0,14,0.021
2,4.08,0,11,0.113
1,11.6,0,22,0.912
3,26.62,0,6,1.256
3,22.4,1,11,0.977
2,23.24,1,17,0.666
2,1.76,1,4,0.05
1,5.33,0,10,0.456
1,26.77,1,22,2.696
2,8.08,1,16,0.341
3,11.98,1,8,0.556
0,12.42,1,9,1.912
2,25.89,1,21,1.265
0,11.49,1,10,3.024
3,20.07,0,21,1.197
3,22.74,1,20,1.233
0,13.56,0,4,2.425
2,3.4,0,3,0.112
1,9.69,0,13,0.722
1,29.17,0,9,3.196
0,12.53,1,17,3.715
1,6.24,1,13,0.576
4,10.57,0,5,0.01
2,29.81,1,7,0.802
0,5.4,1,23,0.997
3,10.44,1,7,0.538
3,11.77,1,19,0.842
0,18.31,1,0,4.008
2,19.09,0,14,0.874
0,8.94,0,4,1.476
4,28.5,0,0,0.029
1,2.96,0,12,0.219
3,27.83,1,1,1.996
2,22.76,0,11,0.968
4,23.23,1,1,0.015
3,18.89,0,4,1.266
2,14.93,0,11,0.355
3,3.62,0,13,0.128
4,9.56,1,16,0.012
3,5.11,0,8,0.33
3,19.76,1,4,1.465
2,26.59,0,7,0.881
1,9.06,1,14,0.75
3,1.75,0,2,0.121
3,13.06,1,23,0.989
3,10.27,0,8,0.475
0,22.87,0,15,3.524
0,18.28,0,3,3.202
2,16.45,1,23,0.493
0,17.62,0,7,2.91
2,6.99,0,7,0.325
1,22.8,1,11,2.598
1,27.78,0,5,2.141
4,16.58,1,15,0.032
1,5.13,1,22,0.422
4,10.15,0,8,0.018
0,0.99,0,5,0.235
2,4.22,1,10,0.137
1,24.48,1,8,2.927
0,15.6,1,9,3.808
0,12.85,0,8,2.889
0,25.0,0,12,6.118
1,29.03,0,15,2.878
4,2.24,1,1,0.01
2,6.77,1,15,0.281
3,27.44,0,1,1.385
2,17.66,0,14,0.782
1,24.31,0,21,2.292
4,2.51,1,19,0.01
1,3.55,1,7,0.256
0,27.21,1,13,5.241
1,25.09,0,9,2.4
4,15.32,0,13,0.03
2,18.85,0,17,0.509
4,14.54,1,21,0.013
2,23.92,0,2,1.006
2,20.22,1,11,0.859
3,28.29,1,21,1.337
1,18.55,0,4,1.698
1,1.18,1,8,0.096
1,10.84,0,15,0.636
1,5.07,0,19,0.403
1,12.37,1,7,0.901
2,2.89,1,10,0.123
1,10.67,0,14,0.827
0,13.14,1,12,2.226
0,24.24,1,8,7.188
0,28.02,1,14,4.817
3,3.84,0,18,0.266
0,9.3,0,8,2.186
4,13.96,0,6,0.019
2,0.77,1,5,0.041
4,5.76,0,5,0.01
4,26.13,1,14,0.026
2,17.5,0,20,0.634
0,18.85,1,11,5.168
0,26.41,0,2,4.652
0,10.36,1,8,2.26
1,23.2,0,9,1.625
2,23.7,0,9,1.037
4,12.48,1,2,0.015
3,3.74,0,12,0.142
1,10.68,0,4,1.06
2,19.44,1,4,0.829
3,16.17,1,14,0.909
2,28.13,0,0,0.781
4,7.31,0,5,0.015
0,6.4,0,13,1.027
2,17.41,1,21,0.958
1,8.07,0,17,0.864
2,8.97,0,1,0.442
4,4.49,0,15,0.01
1,18.56,0,13,1.385
4,24.27,1,19,0.052
4,23.55,1,15,0.046
1,1.62,1,21,0.177
1,18.27,0,10,1.523
2,11.86,1,8,0.35
1,27.69,0,17,2.672
3,21.54,1,2,1.186
2,22.11,0,20,0.938
2,28.32,0,1,1.252
3,13.9,1,18,0.496
2,8.05,0,9,0.26
3,4.98,0,15,0.272
4,10.84,1,18,0.019
1,3.07,0,10,0.352
4,2.56,0,9,0.01
2,29.94,1,18,1.416
0,22.15,0,4,3.518
4,0.98,1,0,0.01
1,11.94,1,0,1.293
1,1.21,0,21,0.126
1,4.18,1,16,0.363
0,1.32,0,0,0.321
2,11.29,0,7,0.43
4,4.66,0,1,0.01
4,6.3,1,17,0.01
1,15.07,1,2,1.445
3,15.79,0,4,0.584
1,27.2,1,2,2.805
3,28.67,1,20,1.882
1,18.85,1,16,1.557
2,19.4,1,12,0.717
2,8.23,1,13,0.26
4,11.85,0,16,0.01
4,12.75,0,10,0.019
1,22.62,0,16,2.143
4,27.23,1,21,0.062
2,19.74,0,9,0.41
3,26.92,0,7,1.308
0,28.58,0,4,5.66
2,27.46,1,0,1.055
1,24.3,1,2,2.024
2,5.11,1,19,0.2
3,6.64,0,0,0.367
4,19.27,1,10,0.021
3,29.42,0,22,1.701
2,22.11,0,19,0.654
2,12.33,1,22,0.604
0,2.11,1,0,0.443
0,28.49,1,10,5.752
1,8.86,1,5,0.575
1,20.81,0,7,1.455
4,8.32,0,12,0.015
2,11.85,0,0,0.58
0,15.5,1,3,3.863
0,16.24,1,0,4.479
2,3.91,1,9,0.225
2,5.26,0,2,0.208
0,11.33,1,21,2.779
4,7.64,0,21,0.011
2,0.67,1,22,0.027
0,10.9,1,5,2.77
1,9.01,1,3,0.706
3,15.52,0,1,0.716
0,6.16,0,23,1.18
3,19.68,1,14,1.016
1,12.91,0,22,1.368
2,16.15,0,11,0.51
3,25.82,0,1,1.556
4,1.57,0,6,0.01
0,15.26,0,11,4.424
2,14.68,1,5,0.752
0,16.27,0,20,3.275
3,18.22,1,22,0.596
1,17.43,1,10,2.003
2,29.69,0,12,0.915
2,29.94,1,23,1.081
2,28.88,0,10,0.853
0,24.51,1,5,4.265
1,8.92,1,7,0.888
0,14.6,0,7,1.769
4,5.33,0,21,0.01
1,4.5,1,11,0.391
0,15.22,1,22,3.141
1,23.95,1,18,1.964
4,4.46,0,20,0.01
1,2.95,0,17,0.304
0,0.84,0,0,0.171
0,10.81,0,23,2.667
3,5.32,0,8,0.303
3,23.67,1,21,1.662
3,1.46,0,0,0.06
4,3.68,1,23,0.01
2,17.93,1,21,0.842
3,16.58,1,9,0.632
4,14.92,0,20,0.01
4,26.95,0,2,0.047
3,9.89,0,9,0.527
3,28.47,1,10,1.826
2,4.91,0,8,0.223
2,6.61,1,2,0.247
0,26.9,1,19,6.163
0,22.33,1,6,4.528
0,10.35,1,20,2.582
4,8.65,0,3,0.01
4,6.19,1,23,0.01
1,8.69,1,2,0.621
3,8.18,0,0,0.428
4,20.51,1,4,0.018
0,27.47,1,22,6.23
2,27.5,1,5,1.044
3,27.52,0,11,1.262
2,11.41,1,5,0.332
4,28.85,0,15,0.042
2,9.09,1,2,0.325
0,28.08,1,4,5.893
0,29.06,0,0,3.599
0,21.66,0,17,3.637
0,2.25,1,13,0.364
3,9.87,0,4,0.423
1,26.32,1,3,3.003
4,10.06,0,17,0.01
2,27.96,1,8,1.182
4,24.33,0,17,0.022
1,19.22,0,11,1.704
2,12.28,0,4,0.325
2,28.03,0,6,1.432
0,14.02,1,1,3.824
3,27.38,1,9,1.311
3,18.12,0,2,1.107
3,21.57,0,13,1.535
1,18.9,0,5,1.665
2,28.56,1,18,1.215
0,21.25,1,1,5.253
2,19.15,1,1,0.938
1,29.09,1,16,2.11
4,9.41,1,14,0.01
4,27.34,0,16,0.031
4,3.14,0,20,0.01
2,18.62,0,19,0.683
2,20.02,0,4,0.856
4,26.05,0,13,0.034
0,5.97,1,16,1.728
1,4.97,0,19,0.569
0,16.36,0,12,2.647
0,20.53,0,1,4.514
3,25.35,1,13,0.972
1,22.94,1,2,1.748
2,15.38,1,20,0.66
3,7.24,0,21,0.526
1,22.48,1,1,1.627
3,25.75,0,22,1.006
3,17.01,0,20,0.582
4,27.73,0,0,0.027
0,2.61,1,20,0.715
4,19.62,1,9,0.023
2,17.03,1,16,0.762
3,11.27,1,15,0.893
2,18.56,1,21,0.917
0,15.64,1,22,3.31
0,15.94,1,1,3.244
4,16.13,1,7,0.022
2,5.91,0,15,0.186
4,20.06,0,12,0.018
4,16.22,1,23,0.023
0,23.54,1,0,3.496
3,9.65,1,15,0.644
1,18.93,1,4,2.143
3,8.44,0,22,0.508
0,19.8,1,2,5.117
1,10.57,1,2,0.934
1,12.43,1,7,1.134
1,8.04,0,6,0.76
2,11.87,1,7,0.55
0,13.9,0,1,2.219
0,7.46,0,10,1.891
2,22.61,0,20,0.753
1,20.33,0,5,1.891
0,25.27,1,22,5.745
1,14.47,1,19,1.222
1,22.49,1,9,2.653
4,26.48,1,4,0.021
4,28.71,1,8,0.065
2,20.75,1,12,0.689
4,11.86,0,20,0.022
0,25.63,1,8,6.244
4,12.24,1,1,0.01
2,4.69,1,7,0.201
4,14.78,1,2,0.015
1,7.64,0,20,0.81
0,1.9,0,17,0.425
1,14.01,1,6,1.005
1,28.31,0,7,1.897
0,22.13,1,6,3.077
0,5.79,1,23,1.529
4,25.35,0,6,0.017
1,12.63,0,9,1.359
4,10.2,0,15,0.019
4,8.51,1,21,0.012
0,0.75,1,5,0.138
3,26.95,0,6,1.702
1,26.36,0,7,2.028
2,27.73,1,14,1.508
2,25.39,1,18,1.258
2,1.53,0,4,0.073
0,22.34,1,20,4.085
1,13.65,0,16,1.158
0,9.65,1,16,2.037
1,7.72,1,3,0.57
1,13.93,0,0,0.94
0,0.63,1,6,0.148
0,16.98,1,1,2.564
1,4.3,1,20,0.57
1,1.07,1,19,0.135
3,29.36,0,15,1.083
1,25.28,1,14,2.65
4,8.19,1,22,0.012
3,18.5,1,0,0.858
3,4.95,1,11,0.252
4,16.74,0,13,0.024
4,28.51,0,19,0.04
3,7.55,1,21,0.364
3,17.16,1,1,1.096
1,8.69,0,2,0.552
0,9.59,0,22,1.949
0,14.77,0,21,2.526
2,24.55,1,18,0.566
4,16.42,1,23,0.01
3,15.17,1,10,0.814
3,14.35,1,11,0.651
0,17.34,0,23,3.815
3,23.49,0,6,1.462
0,23.38,0,9,3.465
0,9.22,0,23,1.597
0,7.64,1,8,1.681
2,19.17,0,6,0.556
0,20.75,1,8,4.592
0,18.17,1,19,4.466
3,20.59,1,12,1.015
0,27.44,0,15,4.451
4,17.8,0,18,0.023
3,3.29,0,12,0.195
2,13.41,0,17,0.328
0,10.94,1,3,1.551
3,24.23,0,14,1.312
3,27.16,0,22,1.178
2,12.43,1,17,0.445
0,26.84,0,13,7.054
3,20.61,0,7,0.869
3,23.8,0,11,0.797
0,3.13,0,18,0.883
1,17.71,0,11,1.786
3,17.38,0,17,0.592
3,22.84,0,1,0.863
1,5.29,0,18,0.634
4,20.51,1,0,0.022
4,17.06,0,9,0.01
2,24.03,1,6,1.255
1,25.46,0,20,2.419
4,25.42,0,11,0.019
3,8.92,1,13,0.609
4,21.43,0,10,0.025
3,3.2,1,17,0.122
2,5.08,1,20,0.259
4,23.6,1,9,0.034
2,0.97,0,8,0.019
2,6.52,0,13,0.264
4,4.63,1,10,0.01
1,7.22,0,15,0.702
1,27.61,1,3,2.505
1,23.21,1,10,2.67
3,3.97,0,16,0.192
1,22.59,1,21,2.609
3,11.57,1,3,0.641
0,14.75,0,14,3.514
1,13.79,0,6,1.394
4,9.02,0,5,0.011
2,12.3,0,6,0.372
1,21.16,0,17,1.853
1,8.06,1,9,0.95
1,13.54,1,11,1.098
4,16.74,0,5,0.025
0,11.21,1,2,2.43
0,18.15,0,16,4.149
0,19.31,1,17,5.094
3,3.66,0,22,0.165
4,28.06,0,8,0.039
1,13.74,0,6,0.995
0,10.14,0,1,1.499
1,25.51,1,23,2.009
2,25.33,0,17,0.767
0,8.88,1,23,1.86
0,27.23,0,20,7.285
4,12.91,1,18,0.02
4,25.88,1,4,0.043
2,26.52,1,3,0.585
1,24.66,1,2,2.319
4,1.74,0,2,0.01
0,29.36,0,5,5.841
2,11.47,1,8,0.254
3,24.78,0,2,0.86
0,24.8,1,13,5.114
0,6.18,1,14,1.657
0,6.17,1,23,1.47
4,11.14,0,20,0.02
0,23.01,0,23,2.805
4,12.16,0,17,0.018
0,1.34,0,11,0.236
3,29.81,1,6,2.048
1,10.64,0,7,0.949
3,22.35,1,4,1.438
4,10.34,1,3,0.012
3,16.14,1,13,1.086
3,7.78,0,21,0.321
1,6.11,0,22,0.571
1,7.13,1,5,0.517
1,29.7,1,23,3.1
0,24.76,1,2,4.016
0,29.97,0,22,6.797
2,21.53,1,5,0.948
4,22.57,0,8,0.036
2,22.28,1,8,0.874
3,5.35,1,7,0.281
0,17.55,1,20,4.65
2,13.38,1,21,0.298
4,17.44,1,4,0.021
4,4.25,1,20,0.01
4,12.34,1,16,0.024
3,5.23,1,15,0.257
1,11.25,1,14,1.288
2,18.37,0,23,0.973
4,15.28,0,17,0.012
3,11.07,1,15,0.649
3,26.55,0,6,1.191
1,14.96,0,7,1.148
4,8.27,0,14,0.01
3,13.35,0,15,0.436
1,15.55,0,19,1.673
2,29.62,0,1,1.251
0,28.78,0,11,6.272
1,2.22,1,20,0.242
2,16.72,0,5,0.79
4,18.58,1,8,0.019
1,10.0,0,11,0.936
3,1.97,1,7,0.09
4,26.56,1,5,0.046
2,21.68,1,8,0.979
2,25.16,0,16,1.161
4,10.27,0,16,0.021
3,18.07,1,0,0.624
2,4.31,1,10,0.143
2,11.63,1,10,0.347
2,0.51,1,14,0.025
2,23.88,0,18,0.87
4,18.71,1,14,0.031
1,25.17,0,7,2.384
2,5.18,1,6,0.13
3,27.05,1,20,2.141
2,19.02,0,22,1.0
1,7.71,0,3,0.455
4,6.15,0,1,0.01
0,9.02,1,18,1.958
0,23.4,1,4,6.424
0,11.33,1,12,2.92
0,10.11,0,18,2.293
3,6.17,0,14,0.371
1,18.02,1,15,1.97
0,26.12,0,8,4.463
2,18.81,0,12,0.564
3,17.25,0,10,0.85
0,1.01,0,21,0.208
1,23.78,0,12,2.36
2,16.88,0,22,0.471
1,23.61,0,22,1.801
4,27.99,0,6,0.045
3,14.65,0,23,0.939
4,9.36,0,17,0.018
1,16.94,1,14,1.265
1,5.91,0,10,0.554
3,13.69,0,14,0.625
1,6.28,0,1,0.579
2,25.65,0,21,1.081
0,29.47,1,17,8.921
1,12.61,0,20,1.109
0,19.51,0,8,3.184
1,27.51,0,11,2.303
4,17.04,0,18,0.027
0,10.06,0,9,1.862
0,5.4,0,21,1.159
1,22.37,0,8,1.753
2,8.62,1,8,0.252
0,4.03,1,22,0.914
3,27.18,0,14,1.825
0,5.73,0,9,1.145
0,10.56,1,23,1.828
0,29.09,1,19,7.433
2,2.76,0,16,0.134
1,16.22,0,23,1.304
1,13.6,0,1,1.038
2,3.11,0,17,0.13
1,0.6,0,2,0.044
1,10.2,1,0,0.669
2,18.29,0,12,0.876
1,22.65,0,12,1.441
2,12.89,1,11,0.423
3,9.26,1,14,0.592
3,28.58,0,5,1.534
1,17.83,0,1,1.339
0,26.3,0,10,3.913
0,29.15,0,22,5.839
2,16.65,1,7,0.414
4,0.85,1,16,0.01
4,4.79,0,21,0.01
4,22.19,1,7,0.024
4,11.18,0,6,0.01
0,11.44,0,1,1.687
4,20.21,1,11,0.013
2,29.98,0,9,0.722
1,21.66,1,2,1.995
4,15.27,1,14,0.029
4,17.95,1,20,0.03
3,15.45,0,10,0.699
1,21.91,1,10,2.383
4,25.54,1,9,0.061
4,9.66,0,4,0.016
2,2.22,1,22,0.109
4,12.08,1,18,0.014
1,27.2,1,2,3.034
1,4.94,1,5,0.481
0,16.68,1,19,2.749
1,8.93,1,16,0.756
3,27.05,0,10,1.398
3,12.89,1,18,0.445
3,14.61,0,6,0.508
2,17.42,0,6,0.362
1,13.61,1,22,1.265
2,18.41,1,14,0.459
4,9.19,0,16,0.014
2,25.17,1,9,0.886
4,7.68,1,15,0.01
0,22.32,1,21,6.182
1,27.78,0,17,3.248
0,17.7,0,8,3.934
1,20.42,0,19,1.685
3,26.99,1,8,1.466
4,7.27,0,17,0.01
0,23.38,1,18,5.445
4,10.41,0,14,0.022
2,21.94,0,5,0.51
4,16.16,1,14,0.033
1,13.0,0,17,1.228
2,23.35,0,16,0.836
0,23.75,1,22,5.352
4,23.82,0,10,0.043
3,25.85,1,3,1.66
3,1.26,0,17,0.044
3,20.45,1,11,0.925
4,3.06,1,8,0.01
4,24.2,1,12,0.017
3,27.04,1,22,1.332
3,13.14,0,13,0.637
1,28.03,1,10,2.691
2,9.08,0,17,0.349
1,21.38,0,17,1.705
3,25.25,1,19,1.659
1,12.43,0,16,1.321
1,5.21,0,1,0.493
0,4.62,0,8,0.998
0,18.46,1,15,4.503
4,13.9,1,8,0.021
3,6.64,1,15,0.534
4,29.41,1,16,0.059
1,9.93,1,2,1.108
3,13.51,0,9,0.642
2,17.46,1,18,0.618
4,16.98,1,15,0.023
2,20.6,0,1,0.817
0,3.53,1,7,0.597
4,22.35,1,23,0.022
2,19.05,0,20,0.813
2,8.07,0,6,0.349
2,18.31,0,4,0.795
0,22.18,0,14,2.792
1,16.35,1,10,1.322
2,16.49,1,6,0.5
3,6.98,0,23,0.319
0,18.43,1,15,4.932
2,18.13,0,22,0.464
4,17.83,0,14,0.02
4,19.55,0,1,0.024
0,26.49,1,8,7.172
3,2.03,1,23,0.145
1,17.33,1,13,1.873
4,14.47,0,13,0.018
4,15.86,0,9,0.016
3,5.02,0,12,0.323
3,4.63,0,7,0.188
2,28.17,0,16,1.344
0,20.58,1,11,5.023
3,27.5,0,23,1.72
2,3.98,1,21,0.14
0,1.19,0,6,0.283
0,9.22,1,8,1.751
0,5.03,1,6,0.877
1,20.85,1,17,1.694
2,18.36,0,10,0.735
4,0.83,0,2,0.01
4,27.04,1,6,0.037
0,8.28,0,4,0.974
4,23.64,1,0,0.024
1,18.86,1,14,1.436
3,23.64,0,11,1.489
2,27.79,1,9,0.657
0,4.69,1,13,0.838
3,17.36,1,6,1.435
3,6.27,1,19,0.363
1,2.53,0,15,0.186
3,6.05,1,15,0.273
1,4.37,0,17,0.407
0,2.76,0,21,0.709
2,27.16,0,23,1.346
2,6.1,0,0,0.261
4,14.92,1,19,0.029
2,4.12,0,13,0.169
3,14.24,0,23,0.848
3,26.52,1,13,1.37
3,13.13,1,21,0.697
2,29.45,0,1,1.109
4,2.51,1,11,0.01
0,11.26,0,5,2.239
3,19.44,0,9,1.189
1,17.55,1,15,1.919
1,20.43,0,11,1.888
2,18.46,0,5,0.741
4,20.8,1,0,0.021
1,18.37,1,23,1.93
0,24.05,0,14,5.934
4,2.36,1,20,0.01
1,26.91,0,18,2.429
3,9.7,0,1,0.511
4,2.95,1,15,0.01
3,23.02,0,12,1.183
4,10.33,1,4,0.022
4,20.02,0,0,0.033
3,26.7,1,23,1.312
1,24.93,1,12,1.936
3,19.38,0,17,1.152
3,2.41,1,20,0.095
1,17.54,1,13,1.762
2,16.54,1,17,0.471
3,7.49,0,23,0.434
1,23.74,1,16,2.174
0,16.83,1,19,5.608
2,14.7,1,22,0.335
2,7.68,1,8,0.255
3,25.73,0,4,0.844
0,9.33,1,12,1.293
3,1.44,1,22,0.106
0,17.72,1,3,3.838
0,19.04,0,0,3.554
1,19.13,0,6,1.698
2,13.0,0,22,0.378
2,29.27,0,1,0.609
0,4.63,1,5,1.196
2,13.7,0,12,0.642
1,28.4,1,3,2.127
3,19.45,1,0,1.194
1,12.78,1,22,1.45
4,17.4,0,12,0.02
3,7.56,1,23,0.431
3,15.94,0,11,1.215
1,21.1,0,3,1.43
3,21.21,0,16,0.698
3,1.48,0,5,0.066
0,18.0,1,12,5.019
4,0.98,0,2,0.01
3,26.38,0,20,0.919
2,21.19,1,5,0.817
2,11.04,0,5,0.355
0,26.87,1,13,6.913
3,3.07,1,19,0.13
2,23.48,0,7,0.675
4,16.32,1,3,0.011
0,19.85,0,4,4.176
1,11.31,0,15,0.923
2,9.42,0,12,0.303
4,11.84,1,15,0.02
2,3.52,1,4,0.085
0,1.75,0,1,0.404
1,26.0,1,14,2.562
2,1.81,1,4,0.094
3,14.35,1,8,0.906
4,27.56,0,14,0.052
4,6.5,1,3,0.011
1,23.11,0,3,1.463
3,24.65,0,5,0.876
4,15.08,0,0,0.025
0,8.25,0,15,1.607
0,4.34,1,7,0.905
3,3.83,0,7,0.293
1,27.37,1,14,2.497
0,10.51,0,18,2.629
4,11.84,0,23,0.023
4,11.96,0,18,0.014
0,9.83,0,16,2.55
3,11.84,0,17,0.404
2,16.88,0,7,0.807
3,28.47,0,6,1.03
0,3.74,1,18,0.749
4,22.63,0,19,0.024
1,1.73,1,20,0.146
0,21.29,0,9,4.439
4,23.39,1,11,0.044
0,20.13,0,9,4.601
1,15.66,0,9,1.602
3,28.82,1,3,1.803
1,12.67,1,0,1.14
0,3.58,1,8,0.717
3,28.94,1,0,1.388
4,29.06,1,2,0.029
1,8.41,1,1,0.613
3,19.51,0,12,0.589
4,5.51,1,10,0.011
4,25.46,0,6,0.051
4,6.23,0,10,0.01
0,29.71,1,1,8.255
1,10.24,0,1,1.018
0,18.16,1,12,2.936
3,14.5,1,16,1.035
1,26.53,0,20,2.054
4,5.11,0,11,0.01
2,22.93,0,16,0.485
4,24.68,1,20,0.025
4,27.16,1,6,0.03
0,10.54,0,17,2.724
4,10.14,1,20,0.019
2,27.5,0,8,0.822
0,14.61,0,5,3.496
0,25.07,0,1,5.749
4,15.48,1,21,0.021
3,23.84,1,16,1.561
2,11.98,1,7,0.569
3,26.27,0,11,1.159
2,5.94,0,23,0.252
1,16.85,0,0,1.655
4,11.77,1,10,0.01
0,9.42,1,7,1.369
0,12.49,0,11,2.736
0,29.98,1,0,6.107
3,24.9,0,16,1.083
0,17.64,0,8,4.324
0,23.88,0,7,4.36
3,25.67,1,16,1.517
3,23.87,0,3,1.053
2,11.04,1,9,0.263
1,2.47,1,4,0.222
2,2.64,0,12,0.104
2,24.81,0,6,1.228
0,6.43,0,2,1.194
1,20.26,1,23,1.701
0,16.14,0,19,3.009
3,6.75,1,11,0.482
4,8.18,0,11,0.01
1,15.03,1,17,1.27
3,1.02,1,3,0.073
1,21.62,1,13,1.688
3,12.17,0,6,0.614
1,5.42,0,0,0.54
0,25.19,1,12,6.231
3,3.79,0,11,0.173
3,24.9,1,8,1.741
2,7.71,1,8,0.402
3,1.53,1,9,0.064
3,23.33,1,6,1.677
1,4.6,1,9,0.566
1,29.98,0,9,2.853
3,2.49,1,12,0.117
3,28.35,0,5,1.61
1,11.27,0,3,0.716
1,18.94,1,4,1.234
3,5.13,1,12,0.377
1,26.65,0,14,2.288
3,11.91,1,11,0.724
4,26.11,1,22,0.037
2,1.95,1,10,0.055
1,3.75,1,13,0.33
2,17.61,0,2,0.386
2,18.58,1,6,0.944
0,17.86,1,3,2.475
0,8.56,1,11,2.471
0,0.73,0,2,0.143
1,3.6,1,16,0.334
2,3.34,1,22,0.166
3,3.24,1,12,0.241
4,6.13,0,4,0.013
1,17.51,0,17,1.967
2,7.93,1,8,0.24
3,2.9,1,2,0.168
2,16.2,0,13,0.82
1,1.76,0,2,0.113
2,28.07,1,2,0.883
3,23.8,0,21,0.863
1,2.28,0,13,0.228
3,21.41,0,22,1.257
2,16.12,0,8,0.651
2,6.02,1,8,0.216
3,20.53,1,7,0.779
3,12.05,1,10,0.555
3,14.48,0,6,1.015
1,27.42,0,15,1.635
2,6.76,1,21,0.215
4,11.47,0,20,0.01
0,23.63,0,1,3.638
4,11.62,1,6,0.01
4,17.32,0,16,0.027
4,21.63,0,22,0.045
0,4.26,0,4,0.625
4,26.35,1,11,0.021
2,19.62,1,21,0.622
0,7.34,1,1,1.25
2,25.23,1,2,0.953
4,29.0,0,12,0.025
1,25.21,0,7,1.633
3,11.66,1,11,0.588
4,16.38,1,18,0.03
2,12.96,0,9,0.511
2,19.65,1,2,0.739
4,1.75,1,6,0.01
2,3.48,0,3,0.158
4,9.44,1,18,0.018
3,13.3,1,18,0.636
0,27.41,1,5,6.443
0,3.33,0,23,0.583
2,17.08,0,21,0.599
4,10.29,0,14,0.01
0,6.6,1,16,1.163
3,19.64,0,6,1.031
3,2.19,0,15,0.122
3,7.88,1,14,0.491
1,26.76,0,5,2.683
1,3.03,0,3,0.221
1,14.97,1,17,1.299
3,3.12,0,23,0.151
4,16.82,1,15,0.017
2,7.62,0,18,0.293
0,29.28,1,18,5.161
3,8.82,1,3,0.415
0,11.96,0,14,2.876
2,29.26,0,0,1.356
1,4.0,0,10,0.324
3,29.03,1,21,1.766
2,5.05,0,14,0.216
4,26.31,0,16,0.049
3,26.57,0,4,1.258
4,17.13,1,22,0.032
1,12.75,1,19,1.19
2,5.47,1,15,0.278
1,25.09,1,3,2.023
1,15.28,0,2,1.127
4,25.75,0,1,0.036
2,13.87,0,0,0.5
0,17.81,0,5,2.215
1,5.34,1,7,0.577
1,1.74,1,10,0.182
0,3.39,1,11,0.529
4,28.37,1,18,0.03
1,16.5,0,23,1.084
2,15.27,1,9,0.78
1,17.57,1,8,1.491
2,9.8,1,13,0.509
3,17.31,1,13,1.128
1,12.13,0,4,0.88
3,11.57,0,18,0.402
1,8.3,1,8,0.915
3,24.65,0,15,1.678
3,22.01,1,14,0.943
4,14.78,1,12,0.032
0,23.55,0,23,5.341
0,7.21,0,8,1.916
3,9.49,1,3,0.333
3,16.19,1,9,0.755
3,19.31,1,15,1.537
2,29.72,1,17,0.877
1,1.23,0,13,0.129
1,8.39,0,3,0.878
2,1.07,0,17,0.04
3,14.22,0,3,0.698
3,16.36,0,21,0.668
3,21.86,1,23,1.196
1,25.87,1,12,1.93
4,22.12,0,7,0.026
3,24.35,0,3,1.061
0,21.25,1,14,3.093
4,10.42,0,6,0.01
2,16.11,0,11,0.667
0,15.26,1,12,3.941
0,8.57,1,10,1.524
1,2.46,1,21,0.314
0,5.57,1,1,1.036
4,29.39,1,10,0.024
4,2.04,1,9,0.01
1,4.84,0,12,0.459
1,2.89,1,3,0.199
3,2.3,0,11,0.117
0,12.29,0,1,1.765
4,19.28,1,13,0.013
3,16.27,0,10,1.096
4,9.59,0,22,0.011
4,20.77,0,0,0.02
2,3.27,0,19,0.156
2,8.89,1,8,0.491
0,24.02,0,18,5.077
2,6.22,0,11,0.277
3,22.77,0,15,1.258
4,2.6,1,0,0.01
3,2.97,1,4,0.157
4,7.51,0,1,0.014
1,16.08,0,3,1.528
2,4.83,1,17,0.16
2,7.04,1,9,0.211
2,18.33,1,5,0.712
1,2.0,0,4,0.146
1,23.07,0,12,1.663
0,25.9,0,23,6.024
4,15.36,1,4,0.02
3,12.3,1,4,0.774
1,21.76,1,9,2.564
2,26.59,0,22,0.788
0,24.4,0,12,5.956
4,17.9,0,20,0.015
0,29.48,1,8,4.614
4,10.09,0,8,0.01
0,12.54,1,13,2.846
1,17.27,1,17,2.028
1,18.88,0,20,1.639
4,6.71,0,4,0.013
4,21.44,0,11,0.021
0,6.73,1,21,1.365
3,18.05,0,6,0.625
3,8.42,0,12,0.55
2,29.07,0,2,0.972
2,24.61,1,21,1.267
0,13.42,0,9,2.931
4,11.14,0,17,0.015
4,19.98,0,11,0.017
0,18.02,1,0,3.852
2,11.3,1,20,0.36
3,21.28,1,17,1.042
1,3.94,0,10,0.355
4,17.48,1,19,0.023
1,9.67,1,9,1.03
3,5.02,1,1,0.401
4,21.91,0,20,0.027
4,29.74,1,19,0.048
1,28.37,0,18,2.761
1,2.8,1,16,0.21
2,19.5,0,12,0.624
4,24.53,1,23,0.04
3,17.77,0,13,1.073
1,25.13,0,2,2.309
3,8.12,0,23,0.536
2,1.5,1,13,0.033
2,29.17,0,22,0.847
4,12.94,1,12,0.029
1,17.58,1,19,1.511
3,14.17,0,17,0.507
4,17.22,0,6,0.023
3,5.58,1,18,0.437
3,13.84,1,18,0.732
2,29.81,0,0,1.288
4,18.15,0,0,0.028
2,10.3,0,16,0.285
4,20.19,1,1,0.031
4,8.54,1,1,0.01
0,18.23,0,11,4.903
1,22.12,0,10,1.858
1,14.46,1,19,1.996
3,15.27,1,12,0.551
0,13.34,0,22,3.084
1,23.68,1,16,2.6
3,19.67,1,10,1.104
2,14.15,0,19,0.499
0,23.19,1,23,4.843
2,10.19,0,0,0.264
1,20.58,0,17,2.449
4,7.04,1,10,0.013
2,18.63,1,8,1.03
2,2.98,0,17,0.068
0,3.08,0,5,0.487
1,13.88,1,21,1.277
0,6.17,1,14,1.218
2,0.67,0,15,0.031
0,20.21,1,2,4.456
4,3.59,0,15,0.01
3,10.83,0,3,0.605
0,27.47,1,22,4.41
0,15.83,1,6,2.915
2,3.18,1,0,0.18
0,18.55,1,19,3.802
4,24.6,0,23,0.046
4,28.32,0,18,0.014
3,26.7,0,11,1.72
2,7.56,1,22,0.353
1,3.04,1,2,0.341
4,18.69,0,21,0.027
2,22.7,1,19,0.619
1,24.68,0,13,2.205
1,3.72,1,8,0.283
2,17.53,0,6,0.429
1,21.54,1,12,1.979
3,20.1,1,19,1.043
4,29.29,1,13,0.057
2,23.32,0,4,1.197
1,22.36,0,9,2.312
0,27.5,1,17,6.91
2,7.47,1,10,0.187
1,26.33,1,7,2.842
2,26.26,0,0,0.618
1,15.54,0,23,1.567
0,29.67,1,0,7.623
4,13.55,0,6,0.01
3,7.08,1,17,0.502
1,4.33,1,22,0.356
1,19.79,0,18,1.871
1,8.65,1,8,1.001
2,21.67,0,3,1.014
3,6.99,0,20,0.341
2,25.97,1,13,1.3
2,20.41,0,10,0.774
0,8.37,0,23,1.409
4,26.35,0,17,0.04
3,24.2,0,15,0.837
4,29.81,1,3,0.028
0,3.4,1,14,0.899
2,4.59,0,12,0.092
3,26.45,1,1,2.026
3,13.21,1,19,0.874
3,25.67,1,1,1.255
1,26.52,0,9,2.837
0,13.6,1,0,3.391
3,22.37,0,0,1.132
3,9.42,0,15,0.56
0,29.05,0,7,6.733
3,19.39,0,20,1.285
0,8.93,0,17,2.148
1,9.91,0,4,0.715
0,22.41,1,16,4.208
3,13.85,0,18,0.79
0,24.6,1,9,4.45
4,9.56,0,23,0.017
2,13.82,1,4,0.743
3,8.24,1,0,0.313
0,14.73,0,12,2.648
3,6.6,1,18,0.429
2,22.04,0,9,0.581
4,12.77,1,16,0.014
0,28.38,1,0,5.717
4,13.6,1,1,0.013
1,2.07,0,16,0.187
4,8.74,1,17,0.019
2,15.22,0,17,0.335
3,19.27,0,7,1.268
1,17.98,0,2,1.512
1,11.41,0,9,1.044
0,21.02,0,4,2.703
0,18.26,1,14,3.857
4,16.15,0,10,0.015
3,12.02,1,1,0.415
1,17.32,1,1,1.38
1,5.85,0,10,0.623
2,26.3,0,1,0.737
1,16.96,0,11,1.737
3,15.65,0,6,1.081
3,11.84,1,18,0.662
4,13.02,0,13,0.021
0,23.8,0,19,6.482
1,8.66,1,14,0.857
2,5.54,0,13,0.256
0,29.88,0,13,6.873
2,18.29,0,7,0.8
0,26.49,0,5,6.582
1,8.94,0,3,0.674
2,18.13,1,10,0.557
1,20.45,0,0,1.799
3,13.95,1,2,0.583
3,2.0,1,13,0.109
2,29.29,1,4,1.375
0,0.97,1,8,0.194
3,1.92,0,2,0.138
1,2.06,1,11,0.237
0,20.51,0,8,3.806
1,16.49,1,6,1.19
3,8.72,1,9,0.59
1,23.48,0,18,2.443
2,23.96,0,18,0.773
1,28.74,0,9,2.156
3,9.65,1,12,0.459
4,5.33,0,18,0.01
0,19.93,0,2,5.152
3,9.62,1,22,0.589
0,22.21,0,14,4.184
2,9.16,1,2,0.456
0,11.47,1,11,3.747
3,19.06,0,19,1.258
0,3.83,0,17,0.859
3,27.15,1,12,1.223
0,28.43,1,18,8.707
1,2.37,0,6,0.232
0,13.58,0,23,2.314
2,9.44,0,12,0.387
0,11.81,0,1,2.239
0,22.69,1,7,5.574
4,5.97,1,9,0.01
0,28.84,1,17,7.682
2,16.04,0,12,0.446
2,17.07,1,4,0.671
4,28.3,0,23,0.057
2,28.79,1,9,1.067
2,25.66,1,16,1.148
2,17.7,1,14,0.904
3,7.78,0,4,0.313
3,27.02,0,7,1.632
4,11.28,0,13,0.013
1,14.32,1,1,1.061
3,16.89,0,15,0.705
3,9.72,0,6,0.302
0,24.96,0,3,5.408
3,24.54,0,3,0.777
2,10.54,0,10,0.318
2,5.79,1,1,0.153
0,13.85,0,5,3.771
2,4.16,0,21,0.132
3,6.93,0,12,0.324
0,18.46,1,11,4.06
2,8.05,1,20,0.407
4,11.44,0,17,0.016
2,5.53,0,20,0.243
4,25.1,1,9,0.053
4,13.61,0,4,0.021
4,11.64,1,4,0.01
1,0.89,1,10,0.07
4,28.41,1,2,0.017
2,21.11,1,1,1.101
0,22.69,0,2,4.884
2,25.68,0,0,0.829
3,18.16,1,9,0.722
4,25.64,1,10,0.058
1,24.4,0,9,2.078
0,11.38,0,17,2.435
1,20.43,0,7,1.74
1,1.84,0,19,0.156
2,20.19,1,5,0.765
1,3.95,0,1,0.248
4,27.41,0,17,0.025
1,4.88,1,10,0.447
2,6.16,1,20,0.272
1,10.96,0,19,1.052
1,18.0,0,9,1.396
2,14.16,0,14,0.322
2,20.29,1,16,1.135
3,20.47,0,22,0.902
4,1.95,1,14,0.01
0,25.29,0,12,3.229
4,23.2,1,16,0.016
0,25.37,1,23,6.754
0,26.09,1,8,7.102
2,21.52,0,9,0.772
2,14.85,0,8,0.417
1,17.27,1,17,1.329
4,26.8,0,17,0.03
4,27.59,1,19,0.049
0,16.55,0,21,4.509
2,12.89,1,21,0.496
1,16.2,1,17,2.089
3,20.37,0,5,1.242
3,25.65,0,9,1.382
3,22.98,1,6,1.213
4,7.28,1,9,0.01
2,25.86,1,3,1.256
0,14.97,1,6,2.959
2,8.48,1,11,0.47
3,7.48,0,5,0.45
3,20.49,1,12,1.659
3,4.13,0,7,0.175
3,26.25,1,8,1.523
4,21.1,0,21,0.037
2,24.18,0,16,1.016
2,19.12,0,5,0.47
4,14.32,1,10,0.025
3,13.63,0,14,0.505
3,8.96,0,10,0.606
2,29.55,0,19,1.519
0,6.86,1,9,1.153
3,13.06,0,17,0.436
0,17.66,0,18,4.156
2,20.4,1,19,0.596
3,3.14,0,23,0.203
1,25.56,1,8,2.414
4,28.56,0,10,0.035
3,21.24,1,0,1.064
4,3.14,1,23,0.01
4,25.81,1,19,0.019
3,16.8,1,13,0.615
0,16.42,1,4,2.379
1,28.21,0,14,2.92
4,18.67,1,19,0.032
3,12.58,1,16,0.738
2,1.13,0,5,0.055
3,10.27,0,7,0.356
4,4.74,1,0,0.01
0,18.35,0,1,2.683
4,28.16,1,0,0.053
4,3.05,0,20,0.01
2,23.4,1,11,0.516
3,21.25,1,0,1.139
0,29.85,1,6,6.805
4,22.08,1,7,0.016
1,28.21,0,22,1.877
1,29.96,0,5,2.9
1,24.73,1,16,2.422
0,25.31,1,7,4.283
3,6.38,0,9,0.305
2,10.85,1,23,0.389
3,9.4,1,12,0.612
1,9.76,0,6,0.664
3,14.33,1,10,1.129
1,26.11,1,10,3.219
1,6.28,0,3,0.504
3,26.72,1,0,1.425
4,4.81,0,23,0.01
1,4.57,0,11,0.392
4,6.4,0,9,0.01
4,12.6,0,21,0.023
0,21.75,0,19,3.317
2,23.9,1,11,1.217
4,27.05,1,0,0.028
3,6.87,0,15,0.226
4,11.76,1,7,0.018
4,25.56,1,8,0.049
1,6.99,1,18,0.75
2,21.51,0,4,0.758
2,13.92,0,14,0.402
4,5.74,1,11,0.01
3,24.96,0,6,1.54
0,17.73,0,17,3.706
4,28.23,1,8,0.039
1,7.77,1,15,0.812
3,6.02,1,8,0.393
3,4.78,0,13,0.247
0,10.5,0,5,2.272
1,8.1,1,19,0.955
3,18.56,1,4,0.838
2,4.15,0,18,0.093
0,3.78,1,22,0.927
2,4.05,0,8,0.131
1,8.56,1,17,0.991
4,23.23,1,17,0.019
2,23.73,0,19,0.966
0,15.94,0,18,2.291
2,28.17,1,17,1.301
4,17.7,0,12,0.024
3,13.81,1,6,0.829
3,28.57,1,0,1.595
4,5.86,0,19,0.01
3,27.44,0,7,1.528
0,28.7,0,1,6.827
1,6.1,0,17,0.66
4,23.73,1,10,0.029
3,2.25,1,12,0.175
3,20.35,0,11,0.76
0,2.13,1,3,0.46
2,11.09,1,11,0.306
4,3.06,1,2,0.01
1,16.51,0,9,1.306
2,29.3,1,13,0.923
0,24.81,1,20,4.297
2,13.91,0,16,0.646
3,7.75,0,17,0.269
0,7.5,0,11,2.217
4,26.02,1,0,0.017
2,26.94,0,22,0.952
3,11.55,0,13,0.549
0,4.24,1,2,1.103
0,28.38,1,11,4.493
4,15.77,0,21,0.012
3,4.92,0,11,0.356
1,16.75,0,5,1.108
1,26.94,1,6,2.802
2,7.97,1,6,0.425
4,17.04,1,14,0.01
1,23.43,0,1,1.632
1,14.88,0,15,1.569
4,21.98,0,7,0.032
1,1.28,0,9,0.147
4,5.06,1,6,0.01
0,8.2,1,13,1.706
1,2.72,0,6,0.239
3,13.05,0,11,0.828
1,10.66,1,3,1.122
2,0.98,0,11,0.04
3,29.26,1,0,1.718
2,26.89,1,6,1.064
0,19.31,0,13,3.731
2,2.85,1,17,0.082
1,17.81,1,11,1.826
2,14.9,1,15,0.694
1,17.5,0,2,1.471
0,27.88,1,21,7.67
2,24.77,1,10,1.136
0,7.85,0,20,1.257
1,10.9,0,0,1.057
3,14.85,0,20,0.839
2,5.72,0,18,0.226
3,18.56,0,20,0.915
2,29.87,0,19,1.07
3,25.04,0,1,1.676
1,4.73,0,3,0.401
0,19.21,1,10,5.567
4,1.5,0,15,0.01
0,28.63,0,9,5.171
1,20.2,0,8,2.119
0,16.22,0,2,2.399
0,29.9,0,6,7.765
2,13.55,1,7,0.598
3,27.82,0,7,1.888
2,21.37,1,22,0.495
0,8.97,1,8,2.106
1,5.13,1,16,0.403
4,4.64,1,6,0.01
1,10.88,1,21,1.345
1,3.24,0,7,0.303
3,15.4,0,2,0.831
1,12.6,0,16,0.972
1,4.27,1,11,0.385
1,7.21,0,20,0.86
1,26.74,1,1,2.705
4,1.38,0,22,0.01
0,11.37,1,21,2.669
2,6.25,0,11,0.168
0,23.66,0,6,5.117
0,29.71,0,11,7.041
3,3.26,1,1,0.161
1,5.68,0,13,0.538
1,23.87,1,13,2.761
2,3.06,0,14,0.128
3,15.7,0,17,0.587
2,19.36,1,4,1.004
2,3.32,1,8,0.155
4,5.42,1,6,0.01
1,25.71,0,7,1.932
3,3.18,1,4,0.134
2,23.55,0,4,0.501
2,7.13,0,10,0.326
4,25.15,1,1,0.041
1,15.1,1,4,1.633
4,14.01,1,15,0.031
1,12.43,0,22,1.133
2,12.34,0,16,0.638
4,24.3,1,12,0.051
4,17.39,1,19,0.01
1,4.39,0,21,0.388
0,20.33,1,19,3.846
3,24.83,1,6,0.901
3,21.2,1,14,1.538
3,9.0,1,18,0.594
1,17.79,0,19,2.023
2,19.83,1,0,0.871
0,9.89,1,18,2.32
4,24.75,1,6,0.018
3,26.17,1,11,1.264
4,9.22,1,23,0.01
2,20.57,1,7,1.104
1,25.2,1,11,2.876
4,29.11,0,14,0.053
4,24.57,1,2,0.048
1,11.16,0,19,1.184
2,18.05,0,20,0.801
1,24.04,1,6,1.579
1,28.2,1,3,2.41
0,10.93,1,18,2.724
1,13.56,1,9,1.869
2,12.67,0,16,0.513
4,12.57,1,19,0.012
3,4.12,1,18,0.246
0,17.58,1,10,5.42
4,23.84,0,22,0.015
2,22.25,0,10,0.73
0,19.24,1,17,5.459
2,3.84,0,13,0.169
2,1.46,0,18,0.049
0,0.98,1,4,0.161
0,29.69,0,19,5.266
0,19.27,0,0,3.897
1,12.45,1,14,0.878
0,16.08,1,8,5.336
1,15.35,1,17,1.961
2,14.33,1,12,0.534
1,2.07,0,7,0.143
0,22.14,1,17,6.546
2,27.43,0,1,0.869
0,2.29,1,14,0.372
0,15.61,0,10,3.744
2,14.85,1,20,0.581
0,8.47,0,22,1.105
2,20.42,0,11,0.772
0,21.53,1,20,3.839
0,23.45,1,23,6.058
4,22.43,0,11,0.019
2,29.93,0,6,0.918
0,23.94,0,3,3.907
3,6.25,0,5,0.33
4,18.8,1,14,0.035
4,12.22,1,8,0.023
3,13.71,0,13,0.681
4,10.49,1,21,0.02
0,12.89,1,9,2.391
0,2.4,1,10,0.5
0,7.03,1,13,1.843
4,4.85,1,3,0.01
1,2.13,0,10,0.229
4,8.41,1,15,0.01
0,9.1,1,23,2.669
4,28.89,1,17,0.053
0,27.41,1,4,7.165
3,23.91,1,15,1.283
1,11.88,1,21,1.263
2,2.6,1,0,0.102
3,2.83,1,5,0.175
1,11.9,1,23,0.965
4,18.11,1,20,0.031
0,2.99,0,7,0.49
3,24.28,1,22,0.947
2,9.91,1,16,0.467
3,29.99,0,15,1.314
3,12.39,0,13,0.815
3,14.17,0,23,0.727
2,25.94,0,19,1.014
2,21.55,0,0,0.952
0,9.45,1,11,1.792
1,23.98,0,3,1.635
1,19.27,0,3,1.299
0,9.57,1,14,2.334
1,24.5,0,16,2.599
2,5.66,0,20,0.271
1,21.19,1,11,1.744
1,16.22,1,18,1.391
4,10.75,0,4,0.016
2,25.55,0,15,0.797
1,8.68,1,16,0.65
3,12.86,1,20,0.626
2,14.88,1,5,0.494
3,5.17,1,10,0.195
2,5.39,1,16,0.135
0,1.18,0,23,0.23
1,20.55,0,12,1.843
1,21.05,0,10,1.967
2,17.08,0,12,0.848
2,14.93,1,23,0.813
1,5.47,1,4,0.436
0,4.8,0,16,0.689
0,18.58,0,5,2.827
4,22.96,0,21,0.028
3,26.81,0,10,1.222
4,6.06,1,10,0.01
2,29.69,0,14,1.218
4,6.32,0,7,0.011
4,27.84,1,23,0.043
0,6.34,1,23,1.156
4,23.95,0,15,0.026
4,12.72,0,14,0.01
0,22.55,0,18,6.909
3,2.45,0,13,0.108
3,3.43,0,0,0.15
1,2.19,0,4,0.135
1,10.43,1,15,0.926
0,27.5,0,7,5.873
2,29.63,0,22,0.907
2,4.5,0,19,0.137
2,22.37,0,14,1.179
2,19.56,0,3,0.853
1,28.45,0,21,2.106
4,7.48,1,10,0.014
2,26.06,0,0,0.892
0,27.26,0,5,4.065
3,20.06,1,18,1.593
4,11.57,0,8,0.01
1,5.19,1,13,0.547
3,10.73,0,11,0.514
3,11.31,1,13,0.429
0,28.39,1,4,7.783
2,6.8,1,1,0.303
0,20.66,1,18,3.511
3,29.41,0,6,1.188
0,20.87,1,17,4.054
4,22.16,0,7,0.014
0,6.3,0,10,1.296
0,7.59,1,3,1.625
3,15.68,0,4,0.873
3,12.69,0,18,0.492
0,13.89,0,12,1.952
4,1.44,1,12,0.01
3,22.91,1,9,0.941
0,19.99,1,8,6.051
1,8.91,0,16,0.645
1,21.11,0,20,2.17
4,5.74,1,17,0.01
1,10.67,0,6,1.115
4,18.68,0,21,0.016
4,16.77,1,9,0.034
3,11.52,1,7,0.665
3,1.41,1,17,0.048
1,24.16,0,4,1.795
3,26.96,0,10,1.018
1,7.76,0,22,0.514
2,15.82,0,9,0.466
0,20.96,0,4,3.448
4,0.84,0,2,0.01
3,6.33,0,21,0.366
1,16.53,1,5,1.533
1,15.4,1,16,1.632
2,2.15,1,2,0.084
4,18.36,0,15,0.017
3,24.62,1,21,1.216
3,14.81,1,21,0.707
1,28.13,0,6,2.723
3,2.96,1,19,0.17
4,13.23,1,18,0.012
0,7.88,1,14,2.128
0,19.08,1,2,3.534
2,0.61,0,2,0.03
4,20.7,0,20,0.02
3,7.3,1,10,0.35
2,9.06,1,13,0.422
2,11.2,1,6,0.499
3,12.43,1,5,0.597
1,2.97,1,5,0.276
1,18.26,1,13,1.639
4,4.21,1,0,0.01
1,26.56,1,22,2.719
3,12.11,0,13,0.73
4,1.82,1,3,0.01
3,9.86,1,13,0.412
1,17.01,0,1,1.544
4,10.44,1,5,0.018
3,1.1,0,2,0.075
3,29.96,0,8,1.248
1,6.68,1,1,0.447
1,22.99,1,22,1.577
2,11.14,1,0,0.371
3,5.0,0,7,0.192
3,20.54,1,20,1.286
0,26.43,1,3,4.469
0,12.49,0,4,2.449
1,1.5,1,6,0.132
3,5.59,1,12,0.393
2,12.99,1,23,0.433
2,6.19,0,22,0.2
1,20.98,1,14,1.784
3,21.55,1,18,1.493
4,16.91,0,18,0.021
4,4.3,1,23,0.01
2,19.88,1,19,0.711
2,24.63,1,15,0.657
4,10.56,0,4,0.01
0,6.2,1,0,1.395
3,18.5,1,17,1.396
1,27.65,0,8,1.921
3,10.7,1,22,0.701
1,11.7,0,0,0.903
2,20.6,1,1,0.599
2,6.81,0,21,0.234
2,12.44,0,5,0.63
4,16.18,1,6,0.013
0,25.06,1,13,3.748
0,3.56,1,5,0.73
4,16.56,0,8,0.027
4,14.64,0,15,0.013
0,7.03,0,13,1.308
0,18.86,1,0,4.277
1,2.95,0,7,0.216
3,7.3,0,16,0.435
2,25.29,0,10,1.156
0,10.99,0,2,2.474
3,10.13,0,21,0.454
4,26.64,1,18,0.04
0,25.49,1,21,4.295
4,28.03,1,2,0.046
1,20.77,1,1,1.978
3,5.0,0,21,0.361
0,26.08,0,22,5.792
2,16.9,0,11,0.516
1,6.82,1,8,0.789
1,24.15,1,10,2.683
3,16.24,1,16,0.966
4,27.42,1,4,0.039
1,0.71,1,7,0.066
4,12.83,1,6,0.012
0,14.3,1,5,3.407
4,12.93,0,22,0.016
2,4.04,0,16,0.119
1,2.81,0,11,0.249
2,2.64,1,15,0.155
4,18.55,1,15,0.03
3,13.06,0,17,0.46
0,11.64,0,17,2.465
3,7.56,0,6,0.275
2,18.27,0,20,0.719
0,9.82,1,9,1.538
4,0.61,1,21,0.01
2,21.05,1,4,1.088
1,18.32,0,7,1.636
3,18.18,0,19,0.961
3,1.62,1,0,0.102
0,20.76,0,14,2.757
2,16.17,1,10,0.795
4,19.39,1,5,0.035
1,13.87,0,22,0.963
1,21.08,0,13,1.68
3,7.43,1,20,0.458
0,11.63,0,8,2.711
1,2.76,1,15,0.283
4,16.07,1,20,0.021
0,15.4,0,15,3.197
1,27.7,1,5,2.418
1,2.97,1,14,0.329
1,15.05,1,12,1.614
1,18.95,1,21,2.325
0,6.11,0,6,1.166
4,22.84,1,22,0.04
3,5.84,1,10,0.343
1,10.54,0,2,0.689
4,18.64,1,14,0.037
3,22.83,0,20,0.855
0,14.51,1,19,3.134
0,17.41,1,9,5.086
3,17.63,0,2,0.543
1,18.26,1,10,1.922
2,4.27,1,2,0.209
0,0.88,0,12,0.178
4,29.02,1,13,0.038
2,25.36,0,6,1.135
3,20.14,0,14,0.693
0,28.55,1,5,7.23
3,13.64,1,13,0.931
0,14.84,1,14,4.005
1,3.77,1,21,0.326
1,2.53,1,17,0.315
2,16.34,0,0,0.451
0,27.48,0,17,6.146
3,3.68,1,19,0.215
0,21.19,1,1,2.859
4,21.38,0,22,0.021
3,29.4,0,23,1.707
4,24.49,0,7,0.029
2,20.06,1,4,0.865
4,3.72,0,14,0.01
4,29.38,0,15,0.019
1,13.44,0,16,1.095
3,17.5,1,22,1.398
2,2.85,0,8,0.096
1,28.35,1,18,2.67
0,15.7,0,13,3.842
1,29.03,1,5,2.215
3,29.64,0,5,1.424
4,21.81,0,21,0.02
4,25.21,0,11,0.026
4,0.71,0,9,0.01
4,23.71,1,4,0.048
0,3.08,1,21,0.777
0,29.8,1,20,6.659
0,6.7,0,16,1.069
2,15.46,0,21,0.435
0,28.18,0,10,7.442
1,5.82,0,13,0.495
3,29.35,0,20,1.159
4,15.85,1,22,0.016
3,6.0,1,2,0.447
2,25.08,1,12,1.355
4,25.44,0,15,0.034
3,27.16,0,3,0.979
1,15.9,0,3,1.42
1,10.73,1,3,0.916
4,3.06,0,21,0.01
1,6.47,0,9,0.604
2,18.25,1,3,0.771
2,6.41,1,12,0.293
2,8.06,1,23,0.375
2,21.45,1,4,0.753
4,23.57,1,13,0.015
2,27.99,1,2,1.455
2,22.05,0,0,1.039
4,12.02,0,5,0.01
0,17.93,0,19,5.408
2,21.65,0,4,0.604
1,26.9,1,16,2.593
0,2.79,0,8,0.759
2,29.33,0,21,1.256
1,16.31,0,1,1.353
4,7.03,0,1,0.013
2,8.81,1,12,0.298
3,10.89,0,4,0.748
3,6.04,0,18,0.411
3,22.13,1,4,1.103
4,2.23,0,8,0.01
2,3.84,1,15,0.227
1,12.41,0,19,1.482
2,3.49,0,15,0.157
3,8.42,1,14,0.62
2,8.29,1,10,0.247
2,19.56,0,8,0.763
2,2.07,1,15,0.076
3,4.64,1,5,0.328
2,7.62,1,7,0.185
4,4.39,1,11,0.01
4,22.38,1,11,0.029
4,9.79,0,19,0.01
4,27.13,0,1,0.051
2,9.23,0,11,0.318
0,28.2,0,0,6.5
3,9.1,0,4,0.561
3,24.8,1,0,1.082
0,25.17,0,22,6.016
1,19.97,0,10,1.512
0,19.41,0,13,3.694
1,2.62,1,10,0.236
2,16.1,1,5,0.807
1,11.96,0,6,1.019
2,19.66,0,5,0.977
2,6.55,1,7,0.347
3,3.98,0,22,0.175
4,10.53,0,7,0.013
4,14.56,0,9,0.013
0,9.57,1,1,2.242
4,9.17,0,10,0.017
3,1.02,1,22,0.035
2,7.07,0,16,0.337
3,24.36,0,8,1.048
1,9.16,0,20,0.831
4,1.52,1,10,0.01
4,27.32,1,18,0.063
1,29.98,1,5,3.129
0,19.86,0,14,3.816
0,20.47,1,0,3.325
0,10.74,0,19,2.613
0,27.06,1,3,3.772
0,18.51,0,0,3.154
0,9.29,1,3,1.884
2,17.3,1,17,0.938
1,29.51,1,6,2.363
2,26.47,0,9,1.157
4,0.79,1,22,0.01
2,5.11,0,17,0.134
0,18.25,0,19,3.239
4,25.3,1,19,0.035
1,9.46,0,19,1.039
3,29.3,1,10,1.825
4,19.6,1,14,0.018
4,26.1,0,19,0.039
1,24.14,0,16,1.969
4,18.54,1,8,0.017
1,16.78,1,23,1.683
3,20.69,1,7,1.084
4,2.32,0,15,0.01
4,6.7,0,20,0.012
0,4.69,0,17,1.278
1,28.24,1,12,2.764
4,2.73,0,11,0.01
2,21.77,1,20,0.645
2,8.29,0,0,0.191
0,19.61,0,11,5.608
0,27.52,1,9,6.566
1,18.66,0,4,1.451
4,5.78,1,3,0.013
4,22.51,1,10,0.033
4,17.12,0,21,0.024
2,26.89,0,4,1.182
2,4.49,0,23,0.132
1,16.45,0,10,2.055
4,21.27,0,9,0.028
2,9.83,1,12,0.25
2,28.09,0,10,0.78
0,11.0,1,16,2.019
1,8.73,0,1,0.585
3,16.39,1,21,0.647
3,11.54,1,0,0.398
2,6.14,0,13,0.291
0,27.29,1,20,5.854
4,3.84,0,8,0.01
4,17.91,1,12,0.026
2,10.2,0,19,0.271
0,25.26,1,7,6.384
3,21.73,0,16,0.978
4,12.85,0,1,0.027
2,16.96,0,18,0.843
1,9.67,1,1,0.654
0,4.6,1,15,1.217
4,24.11,0,5,0.051
4,26.38,1,20,0.054
2,13.11,1,13,0.493
3,3.12,0,3,0.095
0,6.39,1,14,0.974
3,13.98,0,2,0.528
3,4.93,0,7,0.147
4,15.56,0,6,0.014
1,13.42,0,15,0.891
1,28.14,1,5,2.674
1,11.46,0,11,1.201
4,20.26,1,4,0.014
1,26.4,0,23,1.789
2,9.04,1,6,0.281
2,26.04,0,12,1.036
3,3.19,1,8,0.155
1,18.15,1,3,1.392
2,13.2,1,16,0.404
2,21.96,0,0,1.041
3,29.05,0,16,1.884
4,0.6,0,1,0.01
2,16.67,0,2,0.397
0,10.3,0,14,1.278
0,23.4,1,2,5.776
2,3.8,1,17,0.098
2,8.0,1,1,0.43
0,8.1,1,19,1.43
3,5.86,0,19,0.207
3,12.58,1,1,0.582
1,18.91,0,20,1.499
2,21.76,1,12,0.64
4,5.95,0,5,0.011
1,20.28,1,1,1.858
3,16.8,0,0,0.532
3,29.68,1,23,1.943
2,28.47,1,6,1.417
1,24.02,0,16,2.117
4,22.71,1,15,0.047
0,27.49,0,7,4.841
0,7.22,1,19,1.672
2,19.45,1,1,0.837
4,13.69,1,3,0.01
0,5.56,1,10,0.961
2,23.41,0,16,0.621
0,17.42,0,20,3.043
3,19.69,1,21,0.786
1,21.18,0,18,2.128
3,20.27,0,5,1.177
1,17.57,1,1,1.465
0,16.94,0,9,2.719
4,28.78,1,5,0.049
0,12.82,1,2,2.205
4,22.17,1,17,0.025
4,28.35,1,19,0.031
3,6.4,0,15,0.362
2,18.94,1,15,0.583
1,7.85,1,15,0.867
0,24.82,1,0,3.564
4,14.51,0,9,0.011
3,20.43,1,18,1.473
2,14.33,1,23,0.533
0,19.1,1,21,6.353
3,17.03,1,3,0.855
1,17.03,0,21,1.523
0,1.99,0,17,0.463
0,26.14,1,8,6.293
0,20.93,1,22,5.924
1,21.72,1,1,1.897
2,22.87,0,19,1.155
4,3.15,0,13,0.01
3,17.37,1,14,1.166
2,27.8,0,15,0.941
3,15.99,1,7,1.084
3,7.9,1,4,0.296
1,8.02,0,18,0.918
3,6.92,0,1,0.246
2,28.75,1,11,0.861
3,1.66,1,19,0.058
2,19.58,0,20,0.952
4,14.19,1,7,0.023
0,24.48,0,23,4.364
3,5.83,1,11,0.363
4,22.06,1,7,0.028
3,27.05,1,13,1.356
4,27.66,1,19,0.056
4,28.06,1,14,0.035
2,29.85,1,0,1.262
1,11.5,0,11,1.282
0,6.75,1,16,1.506
3,27.18,0,8,1.467
1,23.82,0,17,1.98
3,11.13,0,1,0.502
0,2.66,0,22,0.641
3,13.07,1,4,0.698
0,8.85,0,17,1.591
0,5.11,1,8,0.836
3,20.4,1,23,0.701
2,5.32,1,18,0.289
1,24.25,0,18,1.655
0,12.8,1,14,2.201
2,4.25,0,19,0.189
3,9.15,0,9,0.509
4,19.58,0,10,0.025
0,12.39,0,18,2.377
3,8.04,1,13,0.419
4,7.11,0,23,0.01
0,9.46,1,8,2.198
0,21.54,0,5,4.422
2,25.83,1,10,0.635
1,3.25,1,16,0.272
4,25.3,0,0,0.049
2,13.29,0,22,0.611
1,10.93,0,7,1.107
1,15.28,0,10,1.583
0,17.18,0,15,2.229
4,13.0,0,13,0.01
1,7.88,1,21,0.926
4,16.57,1,17,0.028
3,24.49,1,5,1.771
4,16.94,0,14,0.02
3,7.54,1,1,0.523
1,27.76,1,17,2.504
2,4.89,1,15,0.145
0,14.62,1,19,4.488
0,3.86,0,17,1.004
0,18.32,0,4,3.727
0,6.61,1,8,1.678
3,5.6,0,14,0.178
4,5.75,1,8,0.01
1,20.87,0,9,2.083
4,17.61,1,6,0.03
3,25.85,1,10,1.433
3,22.67,1,4,0.933
1,3.85,0,16,0.369
2,11.9,0,22,0.309
1,24.63,0,20,2.311
0,20.87,1,16,4.507
3,27.43,0,12,1.512
0,4.74,0,8,1.227
0,8.37,0,19,1.641
3,11.1,1,17,0.839
3,5.7,1,8,0.281
4,5.28,0,23,0.01
4,11.22,0,5,0.018
2,28.11,1,23,0.739
4,8.3,1,20,0.01
1,16.19,0,11,1.721
3,0.58,1,2,0.026
1,19.86,0,22,1.401
0,0.65,1,1,0.14
4,12.03,0,17,0.012
4,15.39,1,12,0.012
2,10.03,1,17,0.375
4,8.27,1,0,0.017
1,5.33,1,0,0.386
1,24.22,0,3,1.677
4,18.87,1,1,0.037
1,27.14,0,7,1.887
2,29.25,0,10,1.058
2,18.45,1,18,0.585
4,20.82,0,7,0.019
4,19.48,0,18,0.031
0,6.24,0,0,1.211
3,9.83,0,2,0.472
1,25.92,0,16,2.342
4,16.76,0,11,0.022
4,14.18,1,8,0.027
4,9.55,1,15,0.019
2,22.01,1,22,0.601
0,22.01,0,14,4.677
4,4.92,0,13,0.01
4,1.54,1,18,0.01
0,9.08,0,2,1.358
0,2.92,1,13,0.569
0,14.09,0,7,2.244
4,19.23,0,6,0.012
1,4.08,0,9,0.4
4,26.57,0,3,0.051
2,22.55,0,17,0.944
0,2.86,0,15,0.425
4,4.22,0,19,0.01
0,15.49,0,7,2.979
3,9.13,0,1,0.331
1,29.33,0,7,2.515
4,10.63,0,8,0.01
3,10.68,1,8,0.478
1,0.8,0,16,0.059
3,3.65,0,5,0.213
3,29.36,1,3,1.318
1,23.27,1,3,1.805
0,1.66,1,17,0.447
1,6.72,1,1,0.556
0,23.47,0,10,5.75
4,7.93,0,15,0.014
1,11.61,0,4,1.121
0,7.6,0,13,1.352
1,17.89,1,22,1.886
0,3.89,1,19,1.233
0,7.6,0,3,1.747
4,23.58,1,11,0.045
1,15.93,0,1,1.424
2,22.35,0,13,0.512
3,18.39,0,17,0.817
3,29.18,0,1,1.658
2,23.73,1,12,1.27
0,6.47,1,20,1.745
1,20.94,0,3,1.905
0,24.8,1,22,4.229
2,6.08,0,0,0.199
3,27.82,1,0,2.307
1,19.57,1,4,1.259
0,1.66,0,23,0.32
1,29.81,1,17,2.651
4,8.29,1,4,0.01
1,11.4,0,22,0.939
2,6.3,0,0,0.183
0,3.88,1,1,0.864
1,15.22,0,16,0.964
4,28.67,1,5,0.018
3,11.05,1,11,0.482
3,8.25,0,18,0.3
1,25.51,1,22,2.839
4,22.21,1,3,0.017
3,6.39,1,13,0.254
0,20.53,0,23,4.965
4,25.75,1,21,0.046
0,14.38,1,8,2.364
2,13.5,0,11,0.465
2,20.64,1,10,0.619
1,16.02,1,6,1.893
3,16.04,0,6,0.895
2,7.8,0,4,0.198
4,14.52,1,14,0.03
3,29.75,0,23,2.103
0,22.16,0,22,3.479
3,13.76,1,4,0.641
3,2.29,1,11,0.113
0,11.56,0,21,2.554
1,16.22,1,20,1.424
3,0.96,0,3,0.061
0,1.1,0,23,0.216
4,6.97,1,3,0.013
4,15.34,1,0,0.015
4,10.0,0,13,0.01
0,5.57,0,7,1.322
1,13.78,0,9,1.406
0,9.02,0,18,2.729
0,25.46,1,3,3.552
3,4.42,1,22,0.328
4,14.23,0,15,0.021
4,9.04,1,15,0.015
3,8.88,0,2,0.484
1,22.32,0,11,1.989
3,0.54,0,0,0.029
1,25.45,1,8,2.994
2,13.44,0,8,0.361
3,4.47,1,1,0.368
2,10.99,0,9,0.379
2,16.49,0,18,0.382
3,2.6,1,22,0.102
2,8.81,1,17,0.294
4,9.19,1,17,0.016
0,6.81,1,12,1.143
0,16.24,1,4,3.982
3,22.29,1,13,0.755
3,6.96,0,10,0.395
1,21.02,0,19,2.001
3,28.17,1,14,1.163
4,24.53,1,3,0.032
3,12.11,0,9,0.644
0,7.24,0,10,2.048
3,2.93,1,22,0.212
2,7.69,0,8,0.222
2,27.02,1,12,1.203
1,27.65,1,5,2.076
0,24.81,0,15,4.841
0,29.23,0,12,6.123
1,11.17,1,23,0.88
2,13.85,1,0,0.766
2,5.67,0,19,0.156
4,20.75,0,23,0.025
1,22.49,1,5,2.03
2,3.83,0,13,0.112
4,3.19,0,18,0.01
2,2.85,1,6,0.154
3,8.29,1,13,0.521
3,22.67,1,12,1.309
2,7.1,0,8,0.325
1,22.2,0,14,1.757
4,2.84,0,21,0.01
4,5.21,1,16,0.01
3,22.27,0,20,1.36
1,1.54,1,1,0.111
4,20.77,0,20,0.015
2,17.37,1,21,1.001
2,3.19,1,19,0.103
3,21.21,1,18,1.302
0,16.7,1,6,4.761
0,19.42,1,16,3.772
3,29.18,1,21,1.796
1,27.44,0,21,3.042
0,19.15,0,15,3.716
0,17.12,1,19,5.008
3,17.02,1,5,1.334
1,0.52,1,0,0.055
1,5.6,1,9,0.623
2,22.13,0,2,0.684
4,21.04,1,1,0.016
2,16.93,1,2,0.389
1,4.85,1,20,0.452
1,12.79,1,5,1.258
1,28.2,0,7,2.68
3,9.74,0,1,0.327
0,4.85,0,16,1.237
4,7.59,1,12,0.01
0,10.1,1,3,2.245
2,8.98,1,11,0.425
4,25.76,1,2,0.023
3,22.45,0,9,0.8
0,8.29,0,3,1.437
3,11.64,1,14,0.732
3,20.71,0,13,0.821
1,13.05,1,5,1.006
4,17.67,0,4,0.019
0,12.79,0,2,2.444
4,19.86,1,22,0.038
0,21.25,1,1,3.835
1,18.97,0,10,1.862
2,23.89,0,10,0.966
3,19.81,1,7,0.978
0,9.31,1,17,2.559
3,11.48,1,13,0.481
3,9.14,1,13,0.526
2,19.57,0,13,0.96
2,11.95,0,10,0.404
0,16.26,0,9,3.588
1,28.58,0,10,2.662
4,29.5,0,18,0.041
1,3.27,0,2,0.329
2,7.3,0,22,0.162
2,27.11,0,12,0.772
2,11.19,1,13,0.281
2,14.01,0,11,0.595
1,12.03,0,13,1.051
0,20.57,0,16,5.162
1,1.67,1,13,0.194
0,29.96,1,3,7.762
0,19.73,0,15,2.447
0,8.21,0,4,2.11
0,10.88,1,4,2.914
1,18.57,0,23,1.533
0,17.15,1,8,2.744
3,12.47,0,0,0.559
1,21.27,1,15,2.18
2,2.52,0,11,0.083
1,17.24,0,8,2.083
1,28.32,0,3,2.32
1,18.38,1,4,1.7
1,28.34,1,18,2.868
1,0.84,1,4,0.092
3,9.11,0,14,0.527
2,12.68,1,9,0.686
0,26.18,0,10,5.561
0,25.79,0,8,3.496
3,7.26,0,12,0.294
4,12.21,0,1,0.025
1,20.27,1,10,1.671
2,1.18,1,5,0.053
4,6.52,1,16,0.01
3,15.37,1,9,0.912
0,21.86,0,3,5.235
0,1.43,1,6,0.213
0,10.61,1,16,2.012
2,3.03,0,7,0.062
4,23.41,0,7,0.022
0,1.68,0,10,0.336
0,18.64,0,22,3.189
3,15.52,1,17,0.909
2,29.8,0,5,1.572
0,18.17,0,16,2.493
3,23.57,1,18,1.182
1,11.7,0,3,0.803
2,12.56,0,3,0.404
4,24.31,0,16,0.033
4,16.12,0,10,0.025
2,15.81,0,9,0.613
3,1.12,0,9,0.037
1,22.41,0,4,1.476
0,18.37,0,13,4.298
1,27.88,0,0,2.599
3,22.29,1,18,1.096
2,27.02,1,10,0.924
1,16.53,0,21,1.25
1,22.79,1,9,2.459
0,6.39,1,16,0.971
3,2.8,1,6,0.116
2,7.36,0,9,0.216
2,15.83,0,0,0.416
3,22.77,1,10,1.65
4,5.11,0,20,0.01
3,1.29,0,10,0.051
4,7.09,0,23,0.011
3,29.3,0,13,1.605
4,12.98,0,3,0.016
3,10.56,0,6,0.702
4,0.77,0,12,0.01
0,20.12,0,15,3.577
0,5.14,0,23,1.039
2,2.18,0,22,0.069
2,12.82,1,9,0.655
0,5.17,0,9,1.222
2,12.49,1,0,0.566
0,13.83,0,10,2.873
3,10.36,1,14,0.747
0,20.39,1,15,5.499
1,23.87,0,1,1.499
1,7.75,1,9,0.736
3,26.38,0,18,1.779
0,25.09,0,15,5.45
1,5.36,1,18,0.625
0,19.48,1,19,3.56
4,26.83,1,15,0.057
2,7.51,1,1,0.389
3,17.45,0,14,0.779
4,28.66,1,5,0.039
0,25.39,1,5,7.074
0,4.76,0,2,0.588
2,25.48,0,6,1.062
2,2.75,1,11,0.067
1,29.07,1,2,2.446
4,22.57,0,22,0.031
1,27.18,0,15,1.761
0,3.88,0,8,0.591
2,27.01,1,0,0.801
0,1.6,0,1,0.324
2,28.08,1,23,0.729
4,15.93,0,18,0.025
2,6.45,1,5,0.306
3,12.9,0,20,0.581
3,28.17,0,18,1.239
2,27.65,1,10,0.932
2,25.73,0,17,0.639
2,15.15,0,15,0.454
2,14.06,0,22,0.698
0,12.18,1,19,3.029
4,18.54,1,15,0.024
0,19.87,1,6,3.259
4,13.31,1,12,0.01
2,4.0,1,3,0.117
2,28.49,0,18,1.197
1,6.19,0,10,0.747
0,5.86,0,9,1.066
2,27.21,1,4,1.468
0,10.22,1,14,2.277
0,0.5,1,5,0.09
1,11.12,0,11,1.15
0,1.5,0,21,0.404
4,21.99,0,11,0.03
0,5.81,1,0,1.288
3,18.53,0,7,0.899
2,25.47,0,20,1.117
4,24.51,0,1,0.04
1,0.58,0,21,0.051
1,26.61,1,9,2.832
0,12.64,0,3,1.616
2,0.91,1,1,0.047
4,20.99,0,12,0.01
0,16.71,0,3,3.88
1,11.65,1,1,1.14
0,25.81,0,7,5.241
4,20.67,0,6,0.029
3,19.34,0,15,1.251
1,18.62,0,12,1.787
2,28.88,0,8,1.138
1,14.59,1,19,1.635
0,4.18,1,6,1.036
2,3.58,1,14,0.088
2,7.04,0,15,0.371
3,0.82,0,16,0.03
3,19.2,0,2,0.961
4,28.8,1,12,0.047
1,13.78,1,9,1.612
0,25.88,1,0,5.366
0,18.33,1,15,3.156
3,10.44,1,15,0.555
0,4.28,0,19,0.979
4,26.28,0,17,0.013
1,6.82,0,9,0.705
1,12.19,1,21,1.572
2,13.29,0,17,0.279
0,29.23,0,20,5.199
3,6.2,1,10,0.373
4,22.39,0,7,0.014
1,13.39,1,3,1.368
1,15.28,1,18,1.668
3,22.08,0,4,1.312
4,18.03,0,0,0.023
1,29.74,1,12,2.674
3,28.4,0,7,1.945
0,7.49,0,9,1.983
4,29.51,0,10,0.046
2,9.67,1,18,0.304
3,23.88,0,2,1.513
2,29.12,0,15,0.997
1,26.92,1,2,2.481
3,20.38,0,9,0.617
1,15.05,1,17,1.398
1,25.32,1,19,2.887
4,9.38,1,18,0.012
2,11.39,0,22,0.276
0,21.14,1,2,4.133
2,21.83,0,23,0.606
2,2.65,1,14,0.087
1,9.09,0,20,0.853
3,12.48,0,10,0.514
0,3.69,0,5,0.613
0,15.05,1,20,4.53
4,4.05,0,0,0.01
4,26.83,0,11,0.028
1,11.96,1,12,1.16
2,16.87,1,1,0.524
3,10.77,0,18,0.433
0,14.42,1,15,3.786
4,1.47,1,19,0.01
3,7.94,1,12,0.484
3,18.17,0,4,1.043
3,2.24,1,8,0.151
3,22.81,1,19,1.465
2,20.28,0,17,0.645
4,7.7,0,19,0.01
3,27.01,0,1,0.809
1,2.36,0,17,0.269
1,8.12,1,1,0.772
1,29.13,1,15,3.271
0,26.51,1,16,5.811
4,14.49,1,10,0.023
0,24.93,1,0,3.846
0,7.26,1,15,1.759
2,23.4,1,6,0.906
2,25.25,0,13,1.179
0,0.58,1,14,0.122
4,4.74,1,6,0.01
4,28.43,0,2,0.026
1,4.42,0,13,0.417
3,9.56,1,10,0.359
0,19.77,1,9,4.885
3,1.9,0,16,0.078
0,15.19,1,5,2.355
3,29.67,1,15,1.22
4,18.69,0,0,0.016
2,21.55,1,18,1.179
2,16.44,1,9,0.51
4,6.43,1,15,0.01
3,14.41,0,1,0.979
1,22.05,0,20,2.008
1,6.95,1,10,0.865
4,0.68,1,15,0.01
3,20.06,0,1,0.923
2,16.66,0,16,0.419
2,25.74,1,5,1.146
3,9.29,1,8,0.565
0,19.76,0,9,4.665
1,8.82,0,12,0.73
1,25.49,1,19,2.211
4,1.86,1,6,0.01
0,15.04,0,22,2.553
0,7.1,1,15,2.075
0,8.42,0,17,1.537
0,12.03,0,20,2.952
4,17.87,0,12,0.026
0,27.65,0,20,7.256
4,7.66,0,21,0.01
1,27.91,1,17,2.861
3,7.42,0,20,0.322
3,17.2,1,4,0.995
1,21.37,0,22,1.773
1,8.56,1,0,0.62
4,22.39,1,23,0.049
1,24.62,0,11,2.355
0,2.28,0,17,0.448
0,22.12,1,16,2.97
4,6.82,1,5,0.01
1,19.75,1,22,1.577
2,5.19,0,7,0.203
4,17.24,0,4,0.018
1,9.07,1,9,1.069
1,29.21,0,15,2.57
0,2.29,1,7,0.418
0,9.57,1,2,2.094
3,4.27,1,6,0.18
2,14.8,1,5,0.583
1,27.2,0,3,2.197
0,23.34,1,7,4.964
1,14.7,0,23,1.54
2,25.68,1,23,0.668
0,22.11,1,11,4.662
0,28.65,0,6,6.107
4,24.4,1,23,0.019
4,18.07,1,9,0.034
1,22.26,0,11,2.14
3,10.15,1,12,0.807
1,6.92,1,23,0.771
3,12.7,0,22,0.501
2,5.47,1,1,0.29
1,19.93,1,15,2.097
3,28.65,1,12,2.031
3,17.39,1,0,0.816
1,26.61,0,13,2.262
0,20.61,1,23,5.25
2,23.88,1,8,1.219
4,0.72,1,12,0.01
1,1.92,0,8,0.21
4,17.92,0,2,0.024
1,22.32,0,17,2.588
4,3.9,0,5,0.01
3,4.53,1,16,0.271
0,12.85,1,19,2.644
4,12.52,0,15,0.013
3,8.7,1,18,0.397
1,11.85,0,0,0.829
0,11.28,1,2,2.146
3,14.95,1,8,1.143
0,7.89,1,3,1.12
1,2.26,0,22,0.181
1,25.69,0,6,2.657
0,15.68,1,11,4.353
2,29.43,0,18,1.456
2,3.87,0,9,0.09
4,4.99,1,22,0.01
3,27.57,1,2,2.126
3,3.58,0,1,0.181
4,16.46,1,4,0.025
4,9.68,1,15,0.02
1,11.26,1,14,0.859
4,3.11,0,9,0.01
2,7.58,1,10,0.373
2,10.44,1,2,0.277
3,20.42,0,13,0.862
4,25.32,0,15,0.013
0,28.13,0,18,6.026
3,19.92,0,20,0.674
1,2.95,1,19,0.351
3,8.36,1,8,0.648
2,5.86,0,20,0.19
3,23.48,0,10,1.134
2,5.7,0,10,0.258
2,5.15,1,1,0.247
2,15.47,1,16,0.684
1,29.4,0,21,2.835
3,4.28,0,22,0.24
3,10.53,1,7,0.734
1,21.01,1,1,1.889
0,5.55,0,6,1.315
4,1.95,1,2,0.01
1,15.5,1,3,1.406
1,8.93,0,21,0.903
0,12.45,0,17,3.094
1,24.09,0,22,2.054
4,19.66,1,2,0.031
3,23.31,1,15,1.597
4,24.56,1,2,0.018
1,11.4,1,17,1.21
1,24.98,0,6,1.473
1,5.05,0,3,0.405
0,4.58,0,15,1.244
1,15.19,0,18,1.218
2,27.06,1,7,0.765
4,6.75,0,16,0.01
4,4.93,1,0,0.01
0,22.89,1,7,4.944
3,28.71,1,12,1.813
3,0.9,1,6,0.058
0,26.91,1,14,5.367
0,13.81,1,15,1.989
1,18.13,1,23,1.362
0,21.02,1,1,3.455
4,4.94,1,0,0.01
2,16.3,1,20,0.477
0,26.68,0,11,6.38
1,12.82,1,15,0.981
4,11.99,0,13,0.012
2,25.63,1,0,0.802
0,14.05,0,17,2.103
3,16.51,0,9,1.05
4,26.85,1,16,0.06
0,23.41,0,23,3.859
1,9.78,0,19,1.075
0,14.46,0,14,3.409
4,4.07,1,4,0.01
4,10.33,0,7,0.014
3,14.11,0,21,0.513
4,1.05,0,5,0.01
1,25.95,1,7,2.947
0,24.8,0,14,3.901
2,3.51,1,20,0.192
2,23.61,1,22,0.574
0,18.27,0,13,4.215
0,28.35,0,1,5.723
1,4.67,1,2,0.392
4,16.56,0,22,0.032
4,18.3,0,5,0.017
0,28.62,1,23,3.914
3,10.71,0,6,0.411
3,4.25,0,4,0.172
4,1.59,1,4,0.01
0,13.86,1,9,2.792
3,4.97,0,2,0.337
0,11.45,0,1,1.878
2,14.15,0,22,0.611
0,1.55,1,4,0.273
1,12.68,0,11,1.048
1,12.33,0,5,0.791
1,23.97,0,0,1.892
4,3.17,0,17,0.01
1,17.08,1,13,1.188
0,18.77,1,10,4.753
1,4.99,0,19,0.399
3,11.27,0,18,0.511
2,9.7,0,20,0.44
1,24.34,1,1,2.215
0,6.3,1,6,1.033
0,5.69,0,22,1.376
3,25.35,0,7,0.947
0,17.98,1,3,4.398
1,6.06,1,9,0.628
1,26.0,0,11,2.177
3,3.43,0,16,0.158
4,10.85,0,4,0.01
1,14.05,1,3,1.433
4,23.03,0,1,0.014
1,10.04,0,15,0.724
2,10.33,0,16,0.458
3,19.36,1,10,0.675
2,25.79,1,4,1.032
1,8.38,0,10,0.725
3,5.03,1,2,0.31
2,26.71,0,16,1.191
3,22.01,1,12,1.165
2,15.35,1,6,0.587
1,17.56,1,20,2.206
4,9.6,0,4,0.01
1,18.72,0,2,1.55
3,3.3,0,19,0.135
4,24.14,0,21,0.028
4,25.62,1,17,0.054
0,27.35,0,15,5.463
1,9.57,0,8,1.095
3,22.06,0,0,1.452
0,1.62,0,21,0.334
2,16.49,0,0,0.689
3,18.0,0,19,1.074
1,7.55,0,6,0.528
4,16.1,0,4,0.02
1,29.85,1,2,2.764
1,7.38,1,23,0.616
1,11.5,0,4,1.022
3,27.13,0,20,1.237
4,19.89,0,17,0.033
0,25.95,1,7,5.752
4,26.11,1,7,0.021
3,28.02,0,14,1.114
2,5.04,0,2,0.222
4,19.2,1,19,0.018
4,22.7,0,23,0.013
2,20.87,0,10,0.654
0,29.73,0,10,7.082
1,29.11,1,13,2.842
0,26.56,1,4,6.116
0,7.37,1,20,2.322
4,29.56,1,14,0.027
0,17.01,0,10,2.793
4,0.57,0,19,0.01
3,8.56,0,14,0.364
3,14.49,0,17,0.426
3,29.05,1,21,1.501
2,7.82,1,6,0.263
4,14.68,1,18,0.011
1,17.45,0,11,1.32
4,14.25,1,2,0.028
0,10.04,1,6,1.409
3,17.73,1,5,1.298
0,22.97,0,15,3.006
1,8.96,1,17,0.994
3,8.3,1,6,0.413
3,21.29,0,14,1.07
1,19.31,0,4,1.76
1,2.03,1,4,0.158
4,15.88,0,13,0.023
0,22.34,1,21,5.99
1,18.51,0,11,1.843
0,13.42,0,17,3.505
3,8.58,0,7,0.553
1,26.67,0,10,2.451
3,16.17,0,17,0.557
3,3.36,0,17,0.222
4,26.83,1,4,0.03
2,0.83,1,23,0.034
0,14.38,0,13,3.46
4,23.23,0,17,0.031
4,2.91,0,0,0.01
2,9.9,1,3,0.491
0,13.3,1,19,3.556
0,11.5,1,5,2.751
1,1.57,0,13,0.144
2,16.62,0,22,0.477
4,27.68,0,14,0.019
3,18.37,0,8,0.796
3,29.6,0,21,0.969
0,9.42,1,7,2.009
0,22.34,0,4,2.721
2,6.29,0,21,0.203
1,7.3,1,13,0.567
1,17.63,0,17,1.689
0,15.92,0,19,3.712
3,11.29,0,11,0.597
2,2.06,1,22,0.084
0,13.77,0,7,2.91
2,11.01,0,18,0.315
2,7.91,0,13,0.326
4,17.08,1,11,0.015
2,27.9,1,0,0.898
4,4.44,1,16,0.01
4,13.23,1,5,0.01
2,17.44,0,21,0.841
0,14.87,1,5,3.26
4,6.13,1,0,0.012
2,22.39,0,4,1.011
2,17.97,1,4,0.713
1,18.24,0,7,1.267
2,3.46,1,1,0.116
4,5.41,0,15,0.01
0,24.56,0,8,6.161
0,14.37,0,19,3.149
1,12.2,1,2,0.957
1,7.26,1,21,0.758
0,12.27,1,23,2.222
3,27.97,1,4,1.757
4,24.41,0,22,0.029
3,13.54,0,18,0.473
4,9.66,1,18,0.012
2,28.3,1,3,0.838
4,26.18,0,14,0.016
1,17.16,1,11,2.186
1,4.85,1,11,0.396
1,2.5,1,20,0.198
0,8.39,0,8,1.458
1,18.49,0,5,1.485
4,0.8,1,13,0.01
1,28.57,0,20,2.712
4,2.41,1,2,0.01
4,3.39,0,21,0.01
4,16.26,1,7,0.015
0,4.84,1,3,1.139
4,10.63,1,2,0.011
2,0.94,0,6,0.025
4,28.62,1,23,0.048
2,12.18,0,13,0.255
4,17.44,1,17,0.016
2,20.53,0,0,0.487
2,3.57,0,18,0.105
0,7.48,1,0,1.969
4,10.55,1,5,0.012
0,29.4,0,20,6.151
0,14.45,0,12,2.399
0,25.31,0,22,4.154
0,1.19,1,8,0.363
3,23.17,0,8,1.563
3,22.81,1,20,1.46
4,5.63,0,9,0.01
2,21.14,0,12,1.077
2,28.37,1,8,0.729
1,16.43,0,6,1.223
4,2.61,0,23,0.01
0,8.22,1,18,1.478
3,14.88,0,0,0.495
4,21.75,0,10,0.034
2,20.49,0,4,0.546
1,7.73,0,7,0.659
4,0.73,0,7,0.01
1,12.14,0,9,1.206
2,15.11,0,4,0.566
4,25.05,1,0,0.042
4,9.41,1,12,0.01
4,17.73,1,2,0.02
2,11.12,0,9,0.384
2,22.49,0,7,0.792
0,23.01,0,16,4.797
1,9.96,1,1,0.866
0,29.14,1,10,8.815
3,20.1,0,3,0.603
2,20.14,0,19,0.837
2,25.31,0,9,1.038
2,28.5,0,16,1.489
0,23.54,1,11,4.191
0,10.98,1,23,1.762
4,9.23,1,20,0.01
1,29.31,1,17,2.392
4,20.92,0,1,0.021
2,9.94,0,9,0.294
2,22.09,1,12,0.988
3,1.88,1,18,0.097
3,23.27,0,3,1.306
1,22.95,0,21,2.58
3,13.13,0,13,0.941
4,5.67,0,11,0.01
0,24.32,1,16,3.874
2,2.47,0,7,0.092
1,20.99,1,0,2.045
4,4.66,0,0,0.01
1,26.61,0,21,2.408
2,19.75,0,12,0.564
0,4.87,1,23,0.686
2,24.49,0,8,0.767
3,20.0,1,17,1.443
1,26.31,1,2,2.495
0,2.83,0,5,0.452
1,17.61,1,23,1.17
3,5.07,1,11,0.326
2,10.58,0,10,0.357
3,3.71,1,16,0.236
2,8.84,0,10,0.419
4,14.18,1,17,0.021
4,9.45,0,17,0.012
3,17.3,1,4,1.021
0,18.72,0,8,5.55
0,24.4,0,16,3.917
3,25.96,1,11,1.348
3,4.67,0,14,0.229
1,1.76,1,14,0.179
4,27.23,0,23,0.048
3,20.79,0,5,0.855
4,9.34,1,2,0.01
3,19.9,1,16,0.83
1,2.17,1,17,0.19
2,17.27,1,22,0.897
1,14.42,1,3,1.452
0,7.63,1,3,2.053
2,26.12,1,4,0.648
1,18.95,1,8,2.261
1,4.98,0,9,0.348
2,1.23,1,0,0.068
2,2.96,0,20,0.083
0,4.29,0,5,0.997
4,27.39,1,19,0.053
2,10.92,1,9,0.445
4,12.15,1,21,0.019
2,5.58,1,9,0.213
1,26.11,1,4,1.721
4,12.58,1,15,0.029
0,18.61,0,12,3.29
0,13.59,1,18,3.803
3,8.6,1,2,0.517
0,5.38,0,10,0.943
1,20.18,1,5,2.085
2,12.22,0,6,0.248
3,22.83,1,11,1.004
0,13.98,0,20,2.633
3,4.16,1,13,0.194
2,3.15,1,23,0.079
2,4.82,1,15,0.176
3,1.47,1,10,0.084
2,14.01,1,2,0.347
3,7.44,1,17,0.412
0,16.27,0,7,3.684
3,9.31,0,5,0.644
3,21.22,1,23,1.383
3,8.28,0,8,0.408
3,9.08,0,21,0.408
2,13.06,1,5,0.694
4,13.42,1,4,0.01
0,23.45,1,4,3.44
1,20.33,1,19,2.25
0,19.71,1,7,4.897
1,7.36,0,1,0.437
1,14.73,1,4,1.691
2,23.41,0,3,0.691
4,19.94,0,2,0.018
4,19.18,0,13,0.018
2,13.48,1,8,0.571
2,6.68,0,12,0.225
3,0.54,1,4,0.024
4,1.49,1,15,0.01
1,24.56,1,21,2.604
4,29.34,1,5,0.042
0,14.85,1,3,4.351
4,15.68,0,19,0.03
1,26.2,1,11,2.516
0,29.4,0,20,6.123
2,24.91,1,17,1.24
2,18.51,0,20,0.867
2,14.84,0,7,0.391
4,19.66,0,23,0.032
3,16.37,1,7,0.696
2,14.87,0,13,0.697
3,9.02,1,21,0.524
3,25.91,1,9,1.195
4,7.63,0,0,0.015
3,1.63,0,17,0.073
2,12.92,1,9,0.529
3,27.17,1,18,1.439
1,7.79,0,8,0.69
4,24.93,1,7,0.037
0,21.03,1,15,5.025
0,8.68,1,13,2.434
1,20.92,0,23,1.752
3,9.59,1,1,0.357
3,18.91,1,7,1.383
1,5.89,1,19,0.645
3,21.42,1,1,1.543
1,24.73,0,3,2.126
1,7.43,0,7,0.486
0,21.88,0,13,2.741
3,17.26,0,6,1.053
4,17.93,1,7,0.028
1,24.05,0,15,1.758
2,18.24,0,2,0.741
1,24.4,0,19,3.029
1,12.69,0,8,1.122
2,0.69,0,16,0.021
0,4.1,1,22,1.175
2,9.99,1,22,0.337
4,28.01,1,12,0.038
3,26.55,1,17,1.385
4,21.34,0,11,0.016
1,5.38,0,0,0.358
4,2.85,1,17,0.01
0,21.76,1,14,5.648
4,9.09,0,21,0.011
0,28.39,0,18,5.72
0,21.23,0,8,3.641
0,19.17,0,17,3.317
2,15.64,1,1,0.736
0,20.41,0,11,5.236
2,5.73,1,5,0.278
0,12.48,0,18,3.498
1,4.36,0,5,0.41
0,11.62,0,21,2.292
2,2.19,1,17,0.111
0,24.86,1,6,5.911
1,3.19,0,4,0.266
4,24.35,0,8,0.019
3,19.68,0,20,1.233
2,3.81,1,15,0.182
2,13.78,0,21,0.365
0,18.02,0,10,4.684
4,19.33,0,9,0.02
1,27.67,1,4,2.038
0,19.75,1,3,4.572
3,2.87,0,8,0.119
1,9.55,0,15,0.857
4,29.16,0,7,0.023
1,28.65,1,5,2.676
2,20.61,0,23,0.997
3,27.99,1,20,1.189
1,9.54,1,11,0.751
4,3.95,0,16,0.01
3,13.17,1,10,0.959
0,16.95,0,15,2.285
1,24.67,1,9,2.572
3,28.67,0,18,1.393
2,26.13,0,20,0.716
3,6.5,1,17,0.41
1,29.71,1,1,3.392
1,15.38,0,14,0.934
2,23.35,1,13,0.979
0,24.86,1,2,3.855
3,1.25,0,7,0.092
3,21.2,1,1,1.234
4,22.27,1,8,0.024
4,29.45,1,1,0.04
1,16.28,1,18,2.034
3,15.03,1,15,0.955
0,17.43,0,9,4.327
2,18.81,0,2,0.6
2,0.95,1,0,0.045
4,16.02,0,22,0.012
4,4.72,0,14,0.01
0,29.44,1,12,5.781
3,19.53,0,7,1.211
3,15.48,0,7,0.836
0,13.32,0,21,3.583
4,11.19,1,21,0.023
1,18.48,1,4,1.888
4,16.3,0,10,0.012
1,2.21,1,4,0.173
2,14.35,1,9,0.464
0,24.28,1,0,3.732
3,4.15,1,16,0.147
3,8.54,0,13,0.321
2,8.51,1,2,0.193
0,24.96,0,18,5.172
3,7.41,1,0,0.511
2,11.52,1,20,0.586
2,3.67,1,7,0.148
3,22.81,0,0,0.961
0,11.37,0,5,2.517
4,23.44,0,18,0.012
1,6.43,0,11,0.709
0,19.16,0,9,3.724
1,4.43,1,19,0.433
3,9.04,1,9,0.418
0,26.39,1,2,6.934
2,8.84,0,5,0.395
2,20.48,1,1,0.712
4,5.46,1,1,0.012
4,3.91,0,12,0.01
2,29.21,0,7,1.058
0,10.81,0,19,1.64
2,21.02,1,10,0.937
4,26.3,1,8,0.039
0,8.78,1,21,2.086
2,15.23,0,18,0.592
0,18.33,0,19,3.85
2,10.49,1,20,0.405
4,23.4,1,19,0.02
1,26.06,1,13,1.761
3,13.49,1,3,0.887
1,17.05,1,18,1.831
3,4.99,1,21,0.379
4,24.26,1,3,0.035
4,4.81,1,4,0.01
3,26.41,0,10,0.83
3,5.19,1,1,0.323
3,25.55,1,5,0.993
3,21.61,1,10,1.536
0,27.17,1,13,7.116
3,15.84,1,12,0.903
0,26.43,1,10,4.638
0,12.9,1,15,2.376
2,10.77,1,21,0.436
3,18.03,1,23,1.019
3,27.47,1,10,1.647
1,0.54,0,20,0.048
4,29.33,0,18,0.04
3,19.04,0,12,0.971
2,5.98,1,23,0.257
2,15.7,0,20,0.667
2,14.27,1,5,0.792
1,9.28,0,6,0.669
3,7.57,0,15,0.317
2,7.28,0,21,0.323
2,21.46,1,10,0.881
2,21.38,0,11,0.599
4,7.6,1,11,0.015
2,2.92,0,9,0.087
4,21.68,1,14,0.028
0,29.23,1,2,4.741
4,11.91,1,18,0.011
1,3.75,0,22,0.284
2,25.86,0,22,0.95
1,3.99,1,5,0.261
3,21.79,1,3,1.017
3,23.96,1,8,1.561
1,2.5,1,7,0.262
4,6.14,0,19,0.01
4,16.8,1,23,0.022
3,27.67,1,13,1.733
0,6.37,1,12,1.222
4,25.76,1,2,0.039
0,24.18,0,3,4.719
4,17.16,1,22,0.038
2,29.33,0,23,1.059
3,29.87,0,9,1.063
1,4.48,0,5,0.382
2,16.02,0,18,0.507
2,1.34,0,9,0.038
2,4.35,1,18,0.178
2,18.38,0,3,0.726
4,17.55,0,22,0.019
1,0.56,1,12,0.058
0,6.35,0,17,1.169
3,5.92,0,16,0.216
3,18.43,1,18,0.69
2,2.55,1,4,0.114
3,12.27,0,2,0.501
1,16.64,0,16,1.457
3,14.43,0,22,1.02
0,20.68,1,23,3.531
0,11.17,0,14,1.647
2,7.18,0,19,0.178
0,12.13,1,10,3.764
0,10.9,0,6,1.496
4,12.72,0,5,0.01
0,7.59,1,0,2.233
4,9.04,1,0,0.01
3,8.97,0,10,0.547
1,8.71,1,21,0.911
0,2.82,0,13,0.508
1,10.6,1,6,1.159
3,3.64,1,23,0.196
4,4.03,0,3,0.01
2,1.37,1,20,0.062
0,20.28,1,17,5.539
2,3.32,1,18,0.137
4,13.78,0,20,0.025
4,23.42,1,14,0.018
4,4.85,0,1,0.01
0,28.35,0,23,5.079
3,24.04,0,14,1.173
3,22.21,0,2,1.169
1,7.05,0,20,0.59
2,13.21,0,19,0.568
1,28.44,1,2,2.933
2,3.7,1,4,0.114
2,9.22,0,6,0.377
0,15.63,0,21,4.021
2,10.21,1,1,0.311
3,7.67,1,12,0.347
2,13.74,0,16,0.314
4,6.4,1,10,0.01
1,7.24,0,11,0.569
0,17.61,1,0,4.711
0,13.67,0,0,2.687
2,15.22,1,10,0.829
3,18.02,1,0,1.185
4,1.24,0,22,0.01
4,28.34,0,0,0.029
0,28.34,0,8,8.228
1,13.68,0,18,1.385
3,5.25,1,17,0.294
0,11.28,0,23,2.702
0,14.93,1,9,2.684
1,21.16,1,21,2.426
2,17.88,0,20,0.579
3,16.66,1,6,1.016
3,4.21,1,7,0.26
2,18.5,0,19,0.423
0,18.48,0,20,4.987
0,8.12,1,18,2.215
3,21.96,1,11,1.288
0,21.56,0,8,6.061
1,12.23,1,1,1.02
4,9.11,1,6,0.013
1,5.55,1,17,0.458
4,22.9,0,19,0.031
3,18.97,0,13,0.72
3,15.59,1,18,1.122
0,25.08,0,6,5.251
4,28.9,1,3,0.028
2,29.54,1,12,0.85
2,26.83,0,13,0.881
4,3.69,1,2,0.01
3,25.12,0,9,1.578
3,24.62,1,0,1.43
4,5.81,1,13,0.01
4,6.4,0,10,0.01
4,27.93,1,12,0.05
3,19.27,1,1,1.088
4,25.47,0,1,0.033
1,27.72,0,10,3.269
0,1.71,0,16,0.23
4,21.29,1,12,0.028
1,1.29,0,9,0.118
1,1.42,0,15,0.085
0,19.37,0,10,3.591
0,8.94,0,22,2.18
0,1.94,1,7,0.507
4,8.37,0,16,0.016
1,13.47,1,3,1.316
1,5.63,1,18,0.472
0,24.11,1,13,3.88
0,5.07,0,2,1.209
1,27.65,1,14,2.145
2,2.2,0,4,0.089
2,20.49,0,4,0.437
1,0.92,0,12,0.08
0,3.37,0,16,0.848
1,6.13,1,5,0.7
2,29.68,0,7,1.167
1,19.82,0,3,1.818
1,29.82,1,4,2.565
1,1.7,0,13,0.11
1,8.06,0,7,0.781
2,2.02,0,3,0.055
0,17.33,1,13,4.159
0,29.62,0,15,5.705
4,29.12,1,8,0.037
1,3.63,1,12,0.341
2,21.92,1,4,1.065
0,4.92,1,11,1.151
2,0.7,0,19,0.025
2,12.85,0,17,0.586
4,12.33,1,10,0.019
4,11.08,0,15,0.018
0,10.37,1,18,2.454
2,14.48,0,22,0.629
0,10.47,0,4,2.395
1,15.87,1,1,1.043
3,16.03,0,6,0.939
4,7.79,0,5,0.012
3,24.44,1,20,1.026
0,3.54,0,23,0.656
4,15.95,1,3,0.017
0,22.27,1,11,3.67
0,6.53,0,22,1.495
4,23.05,0,10,0.023
3,2.94,1,18,0.195
1,15.24,0,1,1.068
2,19.87,0,12,0.834
1,3.69,0,0,0.331
3,13.41,0,16,0.64
0,26.94,0,4,5.724
2,3.75,0,8,0.177
3,27.97,1,18,1.746
0,6.83,1,4,1.708
0,5.56,0,0,1.184
1,10.79,1,4,0.833
1,12.1,1,5,1.266
1,26.82,0,21,3.299
3,11.32,0,11,0.723
0,14.93,1,7,3.18
3,16.42,0,6,0.522
3,9.25,1,12,0.64
3,2.06,0,9,0.128
0,22.28,1,21,4.103
0,18.42,0,23,3.682
4,25.47,1,21,0.045
2,4.53,1,6,0.194
0,12.37,1,4,2.435
2,28.23,0,5,1.111
1,2.68,1,7,0.202
3,9.64,1,17,0.392
0,20.75,0,19,4.512
1,18.28,1,13,1.429
2,23.82,1,0,0.642
4,1.58,0,18,0.01
4,1.28,1,0,0.01
1,10.61,1,7,0.777
2,3.6,0,5,0.086
0,21.72,0,13,4.226
3,12.91,0,4,0.651
1,16.7,0,15,1.364
3,27.83,1,19,2.102
3,6.72,0,0,0.23
4,20.7,0,17,0.042
4,13.98,0,18,0.027
1,8.4,1,18,0.888
2,17.21,0,22,0.89
2,10.24,1,0,0.246
4,4.37,1,10,0.01
4,15.34,1,0,0.019
4,7.85,0,6,0.015
3,14.32,1,20,1.06
2,14.39,1,6,0.795
1,14.64,0,22,1.346
1,2.52,1,21,0.237
3,12.24,1,15,0.705
1,4.84,0,13,0.407
3,13.47,0,3,0.812
3,11.76,1,18,0.475
4,3.79,1,18,0.01
3,8.98,1,4,0.609
0,24.53,1,6,3.829
4,13.42,1,19,0.016
4,24.41,0,2,0.019
4,27.13,1,20,0.024
2,19.18,0,10,0.476
3,24.35,0,0,1.405
4,2.02,1,17,0.01
0,22.36,1,4,3.496
3,7.88,1,19,0.567
3,1.08,0,5,0.034
4,15.63,1,21,0.022
4,15.1,0,14,0.028
0,12.75,1,11,2.649
3,19.44,0,2,1.129
0,24.35,1,21,4.504
1,14.06,0,23,1.414
3,3.41,0,5,0.181
0,6.21,0,0,0.865
4,11.72,0,16,0.01
2,0.72,0,6,0.026
3,15.16,0,20,1.092
2,5.84,0,1,0.141
3,8.56,1,10,0.536
0,23.06,0,3,5.807
3,4.81,0,8,0.173
2,9.2,1,1,0.417
1,25.15,1,19,2.436
4,11.68,0,2,0.022
1,25.16,0,10,2.983
4,26.8,1,0,0.039
0,1.02,1,14,0.223
1,26.07,1,14,2.048
1,29.3,1,15,3.081
4,5.7,0,15,0.01
3,1.88,0,3,0.117
3,5.83,0,6,0.315
1,22.03,1,10,2.428
4,21.09,1,10,0.028
1,1.09,0,21,0.081
0,27.02,0,0,3.539
3,3.98,0,0,0.227
0,8.2,0,13,0.994
3,7.88,1,9,0.459
3,25.89,1,7,1.709
3,20.82,1,11,1.272
4,22.23,1,23,0.038
3,28.44,0,14,1.364
2,25.69,0,16,0.889
3,11.56,0,11,0.408
3,4.79,0,2,0.144
3,13.42,0,3,0.984
2,25.24,0,5,1.115
1,18.43,1,8,1.884
4,27.51,0,22,0.035
4,2.86,0,19,0.01
4,9.24,1,21,0.01
4,8.08,1,7,0.017
2,14.13,0,11,0.556
1,17.44,0,2,1.453
3,8.53,0,9,0.361
4,20.84,1,1,0.013
4,29.17,1,7,0.053
0,2.97,1,10,0.565
2,24.2,0,4,0.906
4,1.82,1,2,0.01
0,15.69,1,19,3.529
1,17.8,0,14,1.43
1,1.38,0,5,0.12
3,23.55,0,7,1.609
3,5.79,0,0,0.424
1,3.67,0,17,0.286
1,23.48,0,14,1.734
4,17.74,0,20,0.029
2,17.42,0,1,0.677
2,24.44,1,2,0.938
3,8.18,0,14,0.573
3,23.14,1,15,1.618
3,0.97,1,3,0.04
3,18.81,1,5,1.423
3,1.07,0,16,0.076
1,28.11,0,19,2.727
3,8.45,1,16,0.646
4,12.99,0,22,0.01
1,17.1,0,5,1.466
1,3.3,0,7,0.233
2,11.95,1,8,0.588
0,0.67,0,8,0.147
3,0.8,1,19,0.046
4,19.65,0,14,0.023
2,24.12,1,21,0.676
2,7.49,1,23,0.342
3,13.69,1,22,0.833
3,14.7,0,13,0.961
4,0.81,1,16,0.01
3,25.14,1,15,1.323
2,13.49,1,16,0.769
3,15.38,1,4,1.059
4,10.63,0,10,0.012
0,11.43,0,21,3.193
1,17.43,1,16,1.588
4,17.31,0,10,0.011
1,27.21,0,16,1.821
1,20.59,1,7,1.472
4,2.42,0,13,0.01
2,14.06,0,22,0.646
2,26.51,0,2,0.731
1,19.33,1,4,1.452
2,11.12,0,12,0.274
4,17.17,0,5,0.029
3,8.97,1,17,0.58
4,18.1,1,13,0.014
2,9.87,1,18,0.447
3,29.98,0,5,1.116
2,22.06,0,20,0.979
4,16.35,0,15,0.018
4,0.89,1,8,0.01
0,24.91,0,23,4.082
2,28.93,1,1,1.589
1,26.04,0,12,2.427
3,6.82,0,0,0.334
2,13.93,0,21,0.46
4,4.49,0,16,0.01
3,16.14,0,17,1.028
2,17.65,1,6,0.841
4,6.85,0,3,0.01
3,6.79,1,22,0.304
2,22.61,0,4,0.674
3,1.92,1,6,0.131
3,6.01,0,13,0.393
0,4.44,1,13,1.138
0,22.01,1,6,3.28
2,10.21,1,12,0.52
1,8.87,0,8,0.948
1,18.67,1,17,1.834
4,22.26,1,1,0.018
0,22.97,1,1,4.49
0,29.77,1,9,8.322
3,21.43,1,0,0.933
1,6.46,1,17,0.798
0,0.63,0,2,0.115
2,8.09,0,9,0.314
2,26.81,1,22,1.454
2,3.58,1,5,0.088
4,3.62,0,5,0.01
4,25.24,1,21,0.045
0,18.93,1,9,3.394
4,10.01,0,17,0.01
2,14.3,1,9,0.35
2,24.33,0,8,0.699
3,28.84,0,3,1.846
1,20.99,0,6,1.646
1,18.1,1,8,1.574
2,9.97,1,6,0.532
1,17.53,0,16,1.207
2,26.46,1,18,1.124
0,4.79,0,17,0.725
0,7.71,1,17,2.062
3,20.25,0,1,1.04
1,4.43,0,0,0.275
3,10.38,1,18,0.664
2,21.36,0,1,1.145
3,18.71,1,10,0.687
2,26.01,0,14,1.183
1,0.88,1,18,0.101
4,28.69,1,4,0.056
2,2.98,0,14,0.148
3,23.76,0,16,1.342
1,10.82,1,7,0.725
3,8.88,0,23,0.417
3,27.87,1,15,1.711
2,12.5,0,12,0.532
4,22.85,0,2,0.021
0,28.01,1,16,5.251
0,10.65,0,2,2.039
1,16.83,0,2,1.614
4,27.36,1,9,0.016
3,21.91,0,3,1.018
4,12.4,0,6,0.01
3,13.2,1,16,0.686
0,7.79,0,7,1.564
1,4.15,1,1,0.36
0,25.14,1,7,6.172
2,29.24,1,2,0.694
2,5.46,1,23,0.246
3,8.19,0,10,0.416
0,1.63,0,3,0.285
4,18.55,1,9,0.011
0,17.71,1,6,4.231
4,27.0,0,0,0.047
1,4.8,1,15,0.41
0,11.0,1,12,2.764
4,4.38,1,12,0.01
0,13.39,1,10,2.58
4,14.42,1,9,0.033
2,1.21,1,1,0.037
0,21.92,1,16,4.814
4,4.58,1,12,0.01
3,15.36,1,16,1.132
4,0.95,1,5,0.01
4,4.2,1,8,0.01
0,20.92,0,14,3.975
2,19.6,1,17,0.579
2,8.0,0,0,0.302
1,13.93,0,5,1.052
2,17.68,1,1,0.475
1,6.24,0,17,0.723
1,6.13,0,9,0.597
4,25.16,0,14,0.042
2,6.65,1,7,0.271
1,15.82,1,9,1.329
4,4.55,0,19,0.01
3,8.52,1,12,0.604
1,1.92,1,19,0.237
3,25.53,1,10,0.917
0,7.69,0,2,1.371
1,16.41,0,1,1.457
3,3.63,0,23,0.257
4,12.42,0,9,0.021
1,16.69,1,0,1.243
2,12.73,0,15,0.338
0,15.84,1,12,3.085
3,25.22,1,19,1.195
3,7.57,0,6,0.444
2,3.06,1,15,0.127
3,27.44,1,15,1.638
4,14.39,1,0,0.02
4,2.11,0,6,0.01
2,13.14,1,14,0.713
4,29.69,1,1,0.042
1,24.53,0,18,2.849
0,18.48,1,11,5.769
4,9.73,1,2,0.01
0,5.93,1,7,1.672
0,2.83,0,20,0.696
2,19.86,1,11,1.175
0,26.08,0,17,3.835
1,16.88,0,12,1.428
4,13.74,1,5,0.023
4,13.5,1,12,0.012
0,5.47,1,4,1.051
2,23.9,1,19,1.302
2,11.29,0,22,0.259
2,27.05,0,15,0.686
4,19.11,1,5,0.029
3,22.94,1,6,1.586
0,1.33,0,22,0.237
0,15.93,0,9,3.209
4,13.35,1,0,0.013
0,4.61,0,3,0.739
1,23.71,1,20,1.869
1,8.74,0,21,0.717
4,17.8,1,7,0.021
1,4.63,1,18,0.515
4,14.01,0,0,0.02
0,15.58,0,17,2.361
1,24.39,1,11,2.1
3,23.22,0,11,0.972
1,25.14,1,16,2.63
4,22.87,0,16,0.039
0,21.95,1,21,6.469
0,19.78,1,2,3.837
1,19.11,1,23,1.482
1,5.16,0,10,0.387
4,27.72,0,1,0.037
0,11.53,1,22,3.373
0,24.18,1,6,5.036
2,14.99,1,20,0.792
2,15.55,0,23,0.794
0,22.42,1,23,5.104
2,27.19,1,3,0.747
4,20.34,0,18,0.024
2,10.23,1,22,0.371
1,27.81,1,12,2.745
0,26.13,1,19,5.046
3,27.14,1,13,1.299
1,27.33,1,7,2.427
3,18.1,1,5,0.836
1,12.87,1,9,1.186
2,20.22,1,3,0.703
1,29.53,1,6,1.983
4,4.47,0,18,0.01
4,7.45,0,13,0.016
2,10.16,1,5,0.254
3,3.95,1,17,0.275
2,13.01,1,0,0.63
1,25.56,1,22,2.087
2,6.75,0,9,0.337
2,9.03,0,8,0.336
2,2.67,1,4,0.066
0,22.03,0,5,3.631
3,2.15,1,5,0.156
2,27.5,1,19,1.157
2,23.5,0,22,1.138
3,24.34,1,16,1.197
2,15.25,0,3,0.586
3,17.69,1,22,0.695
4,12.2,0,7,0.01
2,7.72,1,22,0.321
2,29.03,1,14,0.976
0,2.53,1,16,0.602
2,20.94,1,3,0.85
3,3.91,0,17,0.22
4,12.72,0,2,0.025
4,17.83,0,22,0.027
2,8.44,0,4,0.395
3,9.28,1,9,0.485
3,26.38,0,4,1.99
1,8.06,0,9,0.763
1,24.71,0,10,1.86
1,4.17,0,10,0.407
2,11.59,0,16,0.38
2,7.25,1,15,0.385
2,25.71,0,4,0.931
2,4.03,1,1,0.154
4,10.84,0,3,0.01
2,15.81,0,13,0.642
2,19.52,1,4,1.025
0,29.28,1,2,7.556
4,5.88,0,13,0.01
4,27.82,0,1,0.031
1,3.12,0,3,0.231
3,26.05,0,15,1.778
2,28.79,0,20,0.896
2,13.37,0,14,0.427
1,2.73,0,9,0.336
2,20.81,0,10,0.598
2,2.75,0,21,0.08
3,9.49,1,8,0.527
4,26.3,0,8,0.029
2,20.61,1,10,0.831
4,26.57,1,15,0.016
2,14.5,0,20,0.394
3,18.33,1,17,1.104
1,23.73,0,17,2.591
0,13.64,1,9,2.876
4,24.83,1,21,0.033
3,21.73,0,5,1.222
1,19.47,0,16,1.591
0,29.23,0,23,7.799
0,19.95,0,9,3.966
3,25.7,1,18,1.24
1,3.21,1,1,0.351
4,18.61,0,14,0.018
0,12.15,1,2,1.968
0,20.62,0,23,4.231
0,22.36,0,5,4.642
4,10.83,1,11,0.013
2,11.18,0,18,0.322
0,26.76,0,16,3.977
3,14.72,0,22,1.067
4,18.61,1,12,0.026
2,18.63,1,21,0.64
4,10.48,0,3,0.012
4,19.91,0,9,0.024
4,15.25,0,8,0.028
4,9.13,0,19,0.01
2,14.41,0,16,0.598
1,13.87,0,14,1.027
2,7.92,1,19,0.274
0,9.47,0,13,1.707
3,7.39,1,15,0.268
1,11.87,1,8,1.489
1,18.7,0,13,1.441
2,20.69,0,2,0.893
0,13.39,1,6,2.066
2,26.15,0,9,0.901
1,23.66,1,3,2.015
1,22.12,1,0,2.271
4,26.78,1,20,0.023
3,23.48,1,16,1.389
1,11.15,1,10,0.909
3,16.07,0,9,0.59
4,16.85,0,13,0.024
1,7.83,0,9,0.788
0,7.08,0,4,1.552
3,21.35,1,15,1.286
0,10.68,1,6,2.289
1,14.11,1,20,1.301
1,11.06,0,1,1.0
3,28.95,0,21,1.54
2,15.73,1,19,0.934
4,11.35,1,4,0.018
1,8.68,1,18,0.971
4,2.95,1,6,0.01
1,19.27,0,23,1.386
0,27.5,0,12,3.493
1,19.37,1,0,2.218
2,25.61,1,11,1.047
4,5.08,1,7,0.01
2,2.29,1,17,0.104
4,4.31,0,6,0.01
1,13.67,0,20,1.18
0,8.12,1,1,1.181
0,7.73,0,4,1.349
2,12.75,1,16,0.675
0,26.27,1,12,7.407
0,9.15,0,3,1.373
2,21.09,0,14,0.597
3,13.23,0,18,0.626
4,21.2,1,14,0.046
2,5.78,1,16,0.236
3,15.45,1,1,0.518
3,9.97,0,20,0.351
4,22.55,0,2,0.044
1,28.87,1,7,2.939
0,15.61,0,18,2.521
4,24.47,0,13,0.031
4,27.1,0,1,0.037
4,2.79,0,7,0.01
3,6.68,1,20,0.458
0,0.77,0,9,0.204
4,20.2,1,10,0.024
2,4.4,1,0,0.16
2,23.43,0,15,1.054
3,2.03,0,15,0.116
4,10.53,0,21,0.01
1,5.3,0,22,0.442
2,9.48,0,16,0.256
0,3.97,1,1,0.999
4,29.77,1,18,0.021
4,21.36,1,2,0.029
3,9.39,1,15,0.6
4,12.65,1,8,0.011
4,20.6,0,14,0.025
2,2.14,0,7,0.105
3,6.7,1,3,0.45
3,3.87,0,3,0.177
3,19.3,1,11,1.002
0,26.43,0,17,7.538
4,27.51,1,23,0.026
4,14.36,0,12,0.017
3,1.7,1,6,0.134
3,29.01,0,16,1.241
4,11.68,1,11,0.01
0,29.02,1,21,4.56
1,14.0,0,22,1.341
1,20.9,1,6,1.807
2,13.36,1,2,0.449
1,26.7,1,17,2.091
0,4.38,1,1,1.045
1,7.25,1,20,0.827
2,28.59,1,4,1.172
2,2.44,1,13,0.07
1,8.4,1,20,1.018
0,3.56,1,14,0.792
0,17.57,1,7,4.616
4,5.56,0,5,0.01
2,8.59,1,10,0.269
3,25.52,1,14,0.858
1,25.49,0,21,1.95
1,26.08,0,10,2.137
2,8.49,1,2,0.495
0,0.92,0,0,0.22
3,16.96,0,14,0.828
3,11.27,1,2,0.504
0,8.64,0,20,1.83
3,2.61,0,3,0.097
4,6.49,1,13,0.01
4,5.11,1,4,0.01
0,24.05,0,9,5.686
4,23.33,1,2,0.04
3,8.19,1,0,0.577
1,7.33,0,23,0.694
3,21.14,0,16,0.711
4,5.41,1,8,0.01
2,7.64,0,2,0.188
2,24.28,0,2,0.536
2,24.81,1,21,0.909
0,18.84,1,13,4.362
3,10.49,1,9,0.49
4,26.24,0,13,0.022
0,16.74,0,3,3.545
2,13.1,0,3,0.657
2,16.18,0,20,0.33
2,12.9,1,15,0.552
3,19.87,0,6,0.782
2,26.81,1,3,0.816
4,2.94,0,19,0.01
3,19.19,0,9,1.359
2,25.88,1,18,0.831
3,28.83,1,23,1.198
0,6.34,0,6,1.537
2,13.58,0,9,0.379
2,26.67,1,17,0.682
0,13.58,1,0,1.994
1,7.57,1,9,0.825
1,10.29,0,18,0.878
4,18.54,1,11,0.043
2,10.25,1,1,0.333
4,1.24,1,7,0.01
3,12.83,1,1,0.635
4,21.58,1,15,0.029
2,5.44,1,8,0.298
3,26.52,1,8,1.818
1,2.71,0,1,0.227
0,24.64,0,14,3.527
0,4.28,1,3,0.698
1,11.63,0,14,0.874
0,27.02,1,5,7.08
2,10.77,0,9,0.217
0,21.09,1,6,3.675
0,23.23,1,2,5.653
2,17.36,0,3,0.489
0,27.73,0,5,6.524
2,13.47,1,17,0.352
3,11.28,1,18,0.514
3,27.6,1,8,2.088
3,13.95,0,7,0.953
3,18.57,0,10,1.09
3,8.62,1,4,0.707
0,11.32,1,9,2.849
3,15.84,1,7,0.699
3,15.94,1,9,0.815
4,4.75,0,10,0.01
3,15.05,1,6,0.583
2,13.47,1,5,0.317
3,25.37,0,20,1.548
2,20.58,0,23,0.576
1,17.06,0,3,1.578
2,29.27,1,20,1.214
2,21.53,0,5,0.592
2,12.77,1,5,0.682
2,11.29,0,3,0.528
0,7.51,0,7,0.987
3,5.45,1,9,0.278
0,14.35,1,7,2.608
2,16.88,1,20,0.687
0,12.28,0,12,2.359
1,12.74,0,9,1.182
3,10.87,1,21,0.532
1,3.5,0,15,0.337
2,26.51,1,13,0.735
4,16.33,0,13,0.01
0,13.95,1,3,2.185
1,21.57,0,7,2.269
0,11.66,1,14,1.534
4,24.01,1,3,0.037
4,1.19,1,17,0.01
4,23.47,0,17,0.013
4,7.52,0,7,0.01
1,24.42,1,23,2.602
0,2.13,1,20,0.394
2,27.13,0,20,0.983
1,29.53,1,19,3.13
1,16.24,0,5,1.305
3,5.29,0,23,0.369
0,3.63,1,22,0.606
1,1.66,1,21,0.182
4,15.25,1,14,0.026
4,20.45,1,0,0.04
4,29.4,1,5,0.064
2,7.25,0,11,0.274
4,24.55,0,21,0.038
0,10.05,0,3,1.945
1,3.84,1,6,0.293
0,25.21,0,19,5.73
0,12.28,0,15,3.153
3,2.59,1,23,0.183
1,27.19,0,21,2.677
2,27.87,0,13,0.844
1,17.71,1,12,1.43
3,14.76,1,17,0.943
1,13.41,1,11,1.381
4,19.66,0,16,0.039
4,17.62,1,1,0.039
3,11.08,1,12,0.812
0,1.37,0,5,0.246
3,22.79,1,2,1.396
2,8.85,1,10,0.367
0,13.54,1,9,2.497
0,21.38,0,9,4.159
0,3.29,1,12,0.81
0,24.73,0,21,6.16
4,14.56,0,3,0.028
0,25.45,1,3,4.995
3,28.87,1,9,1.832
1,24.68,0,15,2.395
0,13.35,0,6,2.933
1,8.67,1,3,0.701
0,18.75,0,3,4.478
0,24.37,1,1,6.827
2,17.31,1,23,0.686
1,17.34,0,1,1.779
0,29.0,1,3,7.428
4,14.81,0,4,0.021
0,6.65,0,23,1.346
4,6.48,0,2,0.01
0,17.37,1,13,3.297
4,28.54,0,8,0.043
4,4.64,1,9,0.01
1,2.98,0,10,0.259
0,1.92,0,5,0.353
4,2.74,0,8,0.01
4,4.25,0,23,0.01
3,0.67,1,19,0.029
3,0.99,0,14,0.057
2,2.8,1,5,0.073
1,2.1,1,7,0.16
4,4.33,0,6,0.01
1,12.36,1,0,0.957
0,10.84,1,1,2.693
3,9.13,1,2,0.695
3,17.84,0,2,0.787
4,21.51,1,11,0.045
4,20.63,0,8,0.013
2,21.85,1,21,0.509
2,22.43,0,16,0.938
0,1.32,0,2,0.301
4,16.19,0,2,0.017
0,11.57,1,0,3.064
4,27.98,1,10,0.047
1,26.08,1,2,3.089
3,28.31,1,6,1.264
1,29.61,1,21,3.307
1,23.81,0,7,1.412
2,10.76,0,16,0.488
2,1.14,1,0,0.054
2,26.67,0,3,0.869
0,19.93,0,21,5.305
4,11.06,1,19,0.019
2,2.73,1,23,0.16
0,16.04,1,8,3.766
2,20.15,0,20,1.059
2,29.03,0,5,1.246
3,20.92,1,23,1.458
2,21.81,0,20,0.642
2,17.14,1,3,0.71
2,29.73,0,7,0.96
4,11.51,0,9,0.011
2,15.94,0,21,0.43
2,3.85,0,15,0.143
4,10.44,0,5,0.014
2,8.51,1,5,0.476
4,22.42,1,21,0.027
3,2.62,0,4,0.126
0,15.66,0,16,3.158
2,26.6,1,23,0.965
2,20.22,1,18,0.439
0,2.11,0,16,0.278
3,27.44,1,15,1.356
3,8.21,0,8,0.351
4,0.69,0,16,0.01
0,15.33,0,19,3.45
1,20.87,0,5,1.222
2,6.7,1,20,0.326
0,28.48,1,23,6.579
4,3.3,1,5,0.01
4,9.8,0,4,0.01
0,24.88,1,18,5.662
2,1.56,0,10,0.054
3,24.58,1,9,1.3
2,7.93,0,2,0.18
3,13.41,1,10,0.538
1,25.87,1,0,2.644
3,6.85,1,2,0.504
0,25.59,0,16,6.227
3,17.39,1,5,0.637
0,3.43,0,2,0.647
3,3.56,0,14,0.174
4,10.4,1,14,0.013
0,5.69,0,9,1.034
3,27.22,1,21,1.752
1,19.25,1,2,1.376
1,2.3,1,13,0.19
1,22.31,0,8,2.547
3,23.06,1,17,1.356
4,13.67,1,20,0.02
0,11.26,1,0,2.052
3,23.62,1,14,1.496
4,17.04,0,22,0.025
1,29.51,1,18,3.216
3,2.25,1,17,0.092
2,21.23,1,14,0.781
3,8.44,0,3,0.3
4,22.25,1,2,0.016
2,6.75,0,2,0.256
0,10.39,0,16,1.983
0,7.43,0,14,1.367
4,5.51,1,15,0.01
2,4.96,1,21,0.271
4,24.57,0,1,0.025
4,10.19,1,20,0.01
3,17.97,0,7,0.867
2,14.09,1,21,0.466
3,19.79,1,21,1.254
3,7.88,1,18,0.607
0,16.84,0,21,3.926
1,10.55,0,3,1.068
1,10.92,0,1,1.066
4,12.96,0,5,0.012
1,19.54,0,4,1.595
2,4.88,0,11,0.211
3,29.34,1,18,1.219
3,28.64,0,9,1.288
4,0.77,0,16,0.01
1,27.31,1,5,2.729
0,13.15,1,14,2.83
0,9.58,1,10,2.412
3,27.9,1,2,1.925
3,11.44,0,20,0.653
0,7.25,1,19,2.031
3,4.14,0,20,0.273
2,16.32,0,23,0.419
0,7.86,0,16,1.744
0,28.69,1,17,5.004
4,23.63,0,20,0.027
1,23.52,0,1,2.248
3,22.53,0,9,0.998
2,16.7,1,21,0.542
0,21.11,1,8,5.892
0,5.99,0,7,0.833
3,1.55,0,20,0.103
2,4.9,1,23,0.219
4,15.99,0,8,0.01
3,2.38,0,0,0.091
0,8.79,1,2,1.887
3,26.62,0,4,1.634
3,28.44,0,5,0.876
4,15.98,0,21,0.011
4,0.72,1,5,0.01
3,6.72,1,7,0.27
4,15.83,1,1,0.028
1,11.81,0,3,0.761
2,13.58,1,7,0.464
4,18.58,0,6,0.01
4,11.39,0,15,0.017
2,10.29,1,10,0.253
3,21.29,1,4,1.466
3,11.98,1,9,0.721
3,15.67,0,23,1.029
4,24.67,1,19,0.041
1,16.53,1,12,1.489
0,21.43,0,1,3.834
4,24.14,1,6,0.038
4,24.68,0,2,0.028
0,7.4,1,20,1.549
2,19.67,0,18,0.537
3,19.73,1,12,1.419
4,16.53,1,11,0.025
2,19.63,0,14,0.673
2,15.19,0,16,0.541
2,23.14,0,9,0.896
0,23.07,0,18,5.717
0,13.26,1,22,2.343
2,25.07,0,15,1.008
2,18.52,1,23,0.527
0,5.35,1,6,1.545
1,26.49,0,20,2.791
3,19.04,0,6,0.954
3,19.62,1,7,0.908
3,8.68,1,5,0.511
2,16.01,1,2,0.811
3,15.51,0,14,1.085
0,23.66,1,14,4.528
3,29.22,1,1,1.878
2,10.02,0,12,0.307
0,23.44,1,13,4.14
3,6.8,0,0,0.242
1,19.97,1,12,1.462
4,11.3,0,22,0.012
4,10.81,0,2,0.019
2,13.32,1,23,0.632
2,2.65,1,9,0.094
1,2.28,0,15,0.139
0,24.58,1,3,5.089
4,19.71,1,8,0.018
4,14.34,1,12,0.025
3,2.73,1,10,0.178
1,26.84,1,13,2.699
3,0.97,1,6,0.06
2,9.98,1,15,0.379
4,18.65,0,6,0.014
1,19.28,1,6,1.554
0,3.7,1,22,0.938
1,20.23,1,1,1.839
2,22.09,0,14,1.087
4,14.37,1,16,0.022
0,8.93,1,13,2.017
1,0.84,0,0,0.057
4,20.77,1,12,0.02
1,22.05,0,2,1.816
4,14.73,0,18,0.011
3,14.68,1,20,1.096
2,5.74,1,19,0.314
4,10.77,1,19,0.02
1,28.67,0,23,1.762
3,4.36,0,5,0.227
3,21.74,1,11,1.239
0,2.89,0,23,0.435
2,9.78,1,17,0.525
1,0.83,1,0,0.063
4,26.86,0,16,0.034
1,12.94,0,7,1.038
2,21.03,1,16,0.743
3,18.17,0,19,0.828
2,12.5,0,6,0.529
2,25.95,1,3,1.206
0,27.27,1,23,7.73
3,20.22,0,21,1.245
3,1.5,0,16,0.052
4,26.47,1,17,0.016
3,28.05,1,22,1.941
1,2.56,0,11,0.267
1,9.41,0,0,0.768
3,28.12,0,14,1.364
3,18.96,0,12,1.218
1,22.27,1,22,1.793
1,20.24,1,17,2.491
0,19.87,0,4,2.939
0,16.27,1,8,3.875
3,28.38,0,23,1.99
1,1.38,1,3,0.106
4,17.0,1,14,0.027
4,3.8,0,22,0.01
0,22.86,1,10,6.124
1,3.85,0,20,0.44
1,9.73,1,18,1.024
1,29.54,0,9,3.131
0,5.88,0,18,1.17
4,12.89,1,7,0.021
3,5.33,1,19,0.241
3,4.51,1,21,0.265
3,10.16,0,20,0.51
1,1.66,1,13,0.119